Analysis & Synthesis report for processador_mips
Wed Jul 09 14:45:17 2025
Quartus II 64-Bit Version 13.1.0 Build 162 10/23/2013 SJ Web Edition


---------------------
; Table of Contents ;
---------------------
  1. Legal Notice
  2. Analysis & Synthesis Summary
  3. Analysis & Synthesis Settings
  4. Parallel Compilation
  5. Analysis & Synthesis Source Files Read
  6. Analysis & Synthesis Resource Usage Summary
  7. Analysis & Synthesis Resource Utilization by Entity
  8. Registers Removed During Synthesis
  9. Removed Registers Triggering Further Register Optimizations
 10. General Register Statistics
 11. Multiplexer Restructuring Statistics (Restructuring Performed)
 12. Elapsed Time Per Partition
 13. Analysis & Synthesis Messages



----------------
; Legal Notice ;
----------------
Copyright (C) 1991-2013 Altera Corporation
Your use of Altera Corporation's design tools, logic functions 
and other software and tools, and its AMPP partner logic 
functions, and any output files from any of the foregoing 
(including device programming or simulation files), and any 
associated documentation or information are expressly subject 
to the terms and conditions of the Altera Program License 
Subscription Agreement, Altera MegaCore Function License 
Agreement, or other applicable license agreement, including, 
without limitation, that your use is for the sole purpose of 
programming logic devices manufactured by Altera and sold by 
Altera or its authorized distributors.  Please refer to the 
applicable agreement for further details.



+---------------------------------------------------------------------------------+
; Analysis & Synthesis Summary                                                    ;
+------------------------------------+--------------------------------------------+
; Analysis & Synthesis Status        ; Successful - Wed Jul 09 14:45:17 2025      ;
; Quartus II 64-Bit Version          ; 13.1.0 Build 162 10/23/2013 SJ Web Edition ;
; Revision Name                      ; processador_mips                           ;
; Top-level Entity Name              ; processador_mips                           ;
; Family                             ; Cyclone IV E                               ;
; Total logic elements               ; 4,670                                      ;
;     Total combinational functions  ; 2,302                                      ;
;     Dedicated logic registers      ; 2,438                                      ;
; Total registers                    ; 2438                                       ;
; Total pins                         ; 162                                        ;
; Total virtual pins                 ; 0                                          ;
; Total memory bits                  ; 0                                          ;
; Embedded Multiplier 9-bit elements ; 0                                          ;
; Total PLLs                         ; 0                                          ;
+------------------------------------+--------------------------------------------+


+----------------------------------------------------------------------------------------------------------------------+
; Analysis & Synthesis Settings                                                                                        ;
+----------------------------------------------------------------------------+--------------------+--------------------+
; Option                                                                     ; Setting            ; Default Value      ;
+----------------------------------------------------------------------------+--------------------+--------------------+
; Device                                                                     ; EP4CE115F29C7      ;                    ;
; Top-level entity name                                                      ; processador_mips   ; processador_mips   ;
; Family name                                                                ; Cyclone IV E       ; Cyclone IV GX      ;
; VHDL Show LMF Mapping Messages                                             ; Off                ;                    ;
; VHDL Version                                                               ; VHDL_2008          ; VHDL_1993          ;
; Use smart compilation                                                      ; Off                ; Off                ;
; Enable parallel Assembler and TimeQuest Timing Analyzer during compilation ; On                 ; On                 ;
; Enable compact report table                                                ; Off                ; Off                ;
; Restructure Multiplexers                                                   ; Auto               ; Auto               ;
; Create Debugging Nodes for IP Cores                                        ; Off                ; Off                ;
; Preserve fewer node names                                                  ; On                 ; On                 ;
; Disable OpenCore Plus hardware evaluation                                  ; Off                ; Off                ;
; Verilog Version                                                            ; Verilog_2001       ; Verilog_2001       ;
; State Machine Processing                                                   ; Auto               ; Auto               ;
; Safe State Machine                                                         ; Off                ; Off                ;
; Extract Verilog State Machines                                             ; On                 ; On                 ;
; Extract VHDL State Machines                                                ; On                 ; On                 ;
; Ignore Verilog initial constructs                                          ; Off                ; Off                ;
; Iteration limit for constant Verilog loops                                 ; 5000               ; 5000               ;
; Iteration limit for non-constant Verilog loops                             ; 250                ; 250                ;
; Add Pass-Through Logic to Inferred RAMs                                    ; On                 ; On                 ;
; Infer RAMs from Raw Logic                                                  ; On                 ; On                 ;
; Parallel Synthesis                                                         ; On                 ; On                 ;
; DSP Block Balancing                                                        ; Auto               ; Auto               ;
; NOT Gate Push-Back                                                         ; On                 ; On                 ;
; Power-Up Don't Care                                                        ; On                 ; On                 ;
; Remove Redundant Logic Cells                                               ; Off                ; Off                ;
; Remove Duplicate Registers                                                 ; On                 ; On                 ;
; Ignore CARRY Buffers                                                       ; Off                ; Off                ;
; Ignore CASCADE Buffers                                                     ; Off                ; Off                ;
; Ignore GLOBAL Buffers                                                      ; Off                ; Off                ;
; Ignore ROW GLOBAL Buffers                                                  ; Off                ; Off                ;
; Ignore LCELL Buffers                                                       ; Off                ; Off                ;
; Ignore SOFT Buffers                                                        ; On                 ; On                 ;
; Limit AHDL Integers to 32 Bits                                             ; Off                ; Off                ;
; Optimization Technique                                                     ; Balanced           ; Balanced           ;
; Carry Chain Length                                                         ; 70                 ; 70                 ;
; Auto Carry Chains                                                          ; On                 ; On                 ;
; Auto Open-Drain Pins                                                       ; On                 ; On                 ;
; Perform WYSIWYG Primitive Resynthesis                                      ; Off                ; Off                ;
; Auto ROM Replacement                                                       ; On                 ; On                 ;
; Auto RAM Replacement                                                       ; On                 ; On                 ;
; Auto DSP Block Replacement                                                 ; On                 ; On                 ;
; Auto Shift Register Replacement                                            ; Auto               ; Auto               ;
; Allow Shift Register Merging across Hierarchies                            ; Auto               ; Auto               ;
; Auto Clock Enable Replacement                                              ; On                 ; On                 ;
; Strict RAM Replacement                                                     ; Off                ; Off                ;
; Allow Synchronous Control Signals                                          ; On                 ; On                 ;
; Force Use of Synchronous Clear Signals                                     ; Off                ; Off                ;
; Auto RAM Block Balancing                                                   ; On                 ; On                 ;
; Auto RAM to Logic Cell Conversion                                          ; Off                ; Off                ;
; Auto Resource Sharing                                                      ; Off                ; Off                ;
; Allow Any RAM Size For Recognition                                         ; Off                ; Off                ;
; Allow Any ROM Size For Recognition                                         ; Off                ; Off                ;
; Allow Any Shift Register Size For Recognition                              ; Off                ; Off                ;
; Use LogicLock Constraints during Resource Balancing                        ; On                 ; On                 ;
; Ignore translate_off and synthesis_off directives                          ; Off                ; Off                ;
; Timing-Driven Synthesis                                                    ; On                 ; On                 ;
; Report Parameter Settings                                                  ; On                 ; On                 ;
; Report Source Assignments                                                  ; On                 ; On                 ;
; Report Connectivity Checks                                                 ; On                 ; On                 ;
; Ignore Maximum Fan-Out Assignments                                         ; Off                ; Off                ;
; Synchronization Register Chain Length                                      ; 2                  ; 2                  ;
; PowerPlay Power Optimization                                               ; Normal compilation ; Normal compilation ;
; HDL message level                                                          ; Level2             ; Level2             ;
; Suppress Register Optimization Related Messages                            ; Off                ; Off                ;
; Number of Removed Registers Reported in Synthesis Report                   ; 5000               ; 5000               ;
; Number of Swept Nodes Reported in Synthesis Report                         ; 5000               ; 5000               ;
; Number of Inverted Registers Reported in Synthesis Report                  ; 100                ; 100                ;
; Clock MUX Protection                                                       ; On                 ; On                 ;
; Auto Gated Clock Conversion                                                ; Off                ; Off                ;
; Block Design Naming                                                        ; Auto               ; Auto               ;
; SDC constraint protection                                                  ; Off                ; Off                ;
; Synthesis Effort                                                           ; Auto               ; Auto               ;
; Shift Register Replacement - Allow Asynchronous Clear Signal               ; On                 ; On                 ;
; Pre-Mapping Resynthesis Optimization                                       ; Off                ; Off                ;
; Analysis & Synthesis Message Level                                         ; Medium             ; Medium             ;
; Disable Register Merging Across Hierarchies                                ; Auto               ; Auto               ;
; Resource Aware Inference For Block RAM                                     ; On                 ; On                 ;
; Synthesis Seed                                                             ; 1                  ; 1                  ;
+----------------------------------------------------------------------------+--------------------+--------------------+


Parallel compilation was disabled, but you have multiple processors available. Enable parallel compilation to reduce compilation time.
+-------------------------------------+
; Parallel Compilation                ;
+----------------------------+--------+
; Processors                 ; Number ;
+----------------------------+--------+
; Number detected on machine ; 6      ;
; Maximum allowed            ; 1      ;
+----------------------------+--------+


+----------------------------------------------------------------------------------------------------------------------------------------------------------------------------------------------------------------------------------------------------------------+
; Analysis & Synthesis Source Files Read                                                                                                                                                                                                                         ;
+----------------------------------------+-----------------+------------------------------------+------------------------------------------------------------------------------------------------------------------------------------------------------+---------+
; File Name with User-Entered Path       ; Used in Netlist ; File Type                          ; File Name with Absolute Path                                                                                                                         ; Library ;
+----------------------------------------+-----------------+------------------------------------+------------------------------------------------------------------------------------------------------------------------------------------------------+---------+
; src/BANCO_DE_REGISTRADORES.vhd         ; yes             ; User VHDL File                     ; C:/Users/gabri/backupSSD/AreaDeTrabalhoAntiga/Unesp/5semestre/LaboratorioCircuitosDigitais/Projeto/ProjetoGit/src/BANCO_DE_REGISTRADORES.vhd         ;         ;
; src/CONTADOR_DE_PROGRAMA_COM_RESET.vhd ; yes             ; User VHDL File                     ; C:/Users/gabri/backupSSD/AreaDeTrabalhoAntiga/Unesp/5semestre/LaboratorioCircuitosDigitais/Projeto/ProjetoGit/src/CONTADOR_DE_PROGRAMA_COM_RESET.vhd ;         ;
; src/EXTENSOR_DE_SINAL.vhd              ; yes             ; User VHDL File                     ; C:/Users/gabri/backupSSD/AreaDeTrabalhoAntiga/Unesp/5semestre/LaboratorioCircuitosDigitais/Projeto/ProjetoGit/src/EXTENSOR_DE_SINAL.vhd              ;         ;
; src/SOMADOR.vhd                        ; yes             ; User VHDL File                     ; C:/Users/gabri/backupSSD/AreaDeTrabalhoAntiga/Unesp/5semestre/LaboratorioCircuitosDigitais/Projeto/ProjetoGit/src/SOMADOR.vhd                        ;         ;
; src/processador_mips.bdf               ; yes             ; User Block Diagram/Schematic File  ; C:/Users/gabri/backupSSD/AreaDeTrabalhoAntiga/Unesp/5semestre/LaboratorioCircuitosDigitais/Projeto/ProjetoGit/src/processador_mips.bdf               ;         ;
; src/SOMADOR_MAIS_QUATRO.vhd            ; yes             ; User VHDL File                     ; C:/Users/gabri/backupSSD/AreaDeTrabalhoAntiga/Unesp/5semestre/LaboratorioCircuitosDigitais/Projeto/ProjetoGit/src/SOMADOR_MAIS_QUATRO.vhd            ;         ;
; src/MULTIPLEXADOR_DOIS.vhd             ; yes             ; User VHDL File                     ; C:/Users/gabri/backupSSD/AreaDeTrabalhoAntiga/Unesp/5semestre/LaboratorioCircuitosDigitais/Projeto/ProjetoGit/src/MULTIPLEXADOR_DOIS.vhd             ;         ;
; src/MULTIPLEXADOR_CINCO.vhd            ; yes             ; User VHDL File                     ; C:/Users/gabri/backupSSD/AreaDeTrabalhoAntiga/Unesp/5semestre/LaboratorioCircuitosDigitais/Projeto/ProjetoGit/src/MULTIPLEXADOR_CINCO.vhd            ;         ;
; src/ULA_DECODIFICADOR.vhd              ; yes             ; User VHDL File                     ; C:/Users/gabri/backupSSD/AreaDeTrabalhoAntiga/Unesp/5semestre/LaboratorioCircuitosDigitais/Projeto/ProjetoGit/src/ULA_DECODIFICADOR.vhd              ;         ;
; src/CONCATENAR_ENTRADAS.vhd            ; yes             ; User VHDL File                     ; C:/Users/gabri/backupSSD/AreaDeTrabalhoAntiga/Unesp/5semestre/LaboratorioCircuitosDigitais/Projeto/ProjetoGit/src/CONCATENAR_ENTRADAS.vhd            ;         ;
; src/MEMORIA_DE_DADOS.vhd               ; yes             ; User VHDL File                     ; C:/Users/gabri/backupSSD/AreaDeTrabalhoAntiga/Unesp/5semestre/LaboratorioCircuitosDigitais/Projeto/ProjetoGit/src/MEMORIA_DE_DADOS.vhd               ;         ;
; src/DISPLAY_SETE_SEGMENTOS.vhd         ; yes             ; User VHDL File                     ; C:/Users/gabri/backupSSD/AreaDeTrabalhoAntiga/Unesp/5semestre/LaboratorioCircuitosDigitais/Projeto/ProjetoGit/src/DISPLAY_SETE_SEGMENTOS.vhd         ;         ;
; src/MEMORIA_DE_INSTRUCOES.vhd          ; yes             ; User VHDL File                     ; C:/Users/gabri/backupSSD/AreaDeTrabalhoAntiga/Unesp/5semestre/LaboratorioCircuitosDigitais/Projeto/ProjetoGit/src/MEMORIA_DE_INSTRUCOES.vhd          ;         ;
; src/DECODIFICADOR_PRINCIPAL.vhd        ; yes             ; User VHDL File                     ; C:/Users/gabri/backupSSD/AreaDeTrabalhoAntiga/Unesp/5semestre/LaboratorioCircuitosDigitais/Projeto/ProjetoGit/src/DECODIFICADOR_PRINCIPAL.vhd        ;         ;
; src/SHIFT_ESQUERDA.vhd                 ; yes             ; User VHDL File                     ; C:/Users/gabri/backupSSD/AreaDeTrabalhoAntiga/Unesp/5semestre/LaboratorioCircuitosDigitais/Projeto/ProjetoGit/src/SHIFT_ESQUERDA.vhd                 ;         ;
; src/ULA.vhd                            ; yes             ; User VHDL File                     ; C:/Users/gabri/backupSSD/AreaDeTrabalhoAntiga/Unesp/5semestre/LaboratorioCircuitosDigitais/Projeto/ProjetoGit/src/ULA.vhd                            ;         ;
; src/SHIFT_ESQUERDA32.vhd               ; yes             ; User VHDL File                     ; C:/Users/gabri/backupSSD/AreaDeTrabalhoAntiga/Unesp/5semestre/LaboratorioCircuitosDigitais/Projeto/ProjetoGit/src/SHIFT_ESQUERDA32.vhd               ;         ;
; UNIDADE_DE_CONTROLE.bdf                ; yes             ; User Block Diagram/Schematic File  ; C:/Users/gabri/backupSSD/AreaDeTrabalhoAntiga/Unesp/5semestre/LaboratorioCircuitosDigitais/Projeto/ProjetoGit/UNIDADE_DE_CONTROLE.bdf                ;         ;
+----------------------------------------+-----------------+------------------------------------+------------------------------------------------------------------------------------------------------------------------------------------------------+---------+


+----------------------------------------------------------------+
; Analysis & Synthesis Resource Usage Summary                    ;
+---------------------------------------------+------------------+
; Resource                                    ; Usage            ;
+---------------------------------------------+------------------+
; Estimated Total logic elements              ; 4,670            ;
;                                             ;                  ;
; Total combinational functions               ; 2302             ;
; Logic element usage by number of LUT inputs ;                  ;
;     -- 4 input functions                    ; 2013             ;
;     -- 3 input functions                    ; 267              ;
;     -- <=2 input functions                  ; 22               ;
;                                             ;                  ;
; Logic elements by mode                      ;                  ;
;     -- normal mode                          ; 2199             ;
;     -- arithmetic mode                      ; 103              ;
;                                             ;                  ;
; Total registers                             ; 2438             ;
;     -- Dedicated logic registers            ; 2438             ;
;     -- I/O registers                        ; 0                ;
;                                             ;                  ;
; I/O pins                                    ; 162              ;
; Embedded Multiplier 9-bit elements          ; 0                ;
; Maximum fan-out node                        ; CLK_MANUAL~input ;
; Maximum fan-out                             ; 2438             ;
; Total fan-out                               ; 16529            ;
; Average fan-out                             ; 3.26             ;
+---------------------------------------------+------------------+


+---------------------------------------------------------------------------------------------------------------------------------------------------------------------------------------------------------------------------------------------------+
; Analysis & Synthesis Resource Utilization by Entity                                                                                                                                                                                               ;
+--------------------------------------------+-------------------+--------------+-------------+--------------+---------+-----------+------+--------------+---------------------------------------------------------------------------+--------------+
; Compilation Hierarchy Node                 ; LC Combinationals ; LC Registers ; Memory Bits ; DSP Elements ; DSP 9x9 ; DSP 18x18 ; Pins ; Virtual Pins ; Full Hierarchy Name                                                       ; Library Name ;
+--------------------------------------------+-------------------+--------------+-------------+--------------+---------+-----------+------+--------------+---------------------------------------------------------------------------+--------------+
; |processador_mips                          ; 2302 (15)         ; 2438 (0)     ; 0           ; 0            ; 0       ; 0         ; 162  ; 0            ; |processador_mips                                                         ; work         ;
;    |BANCO_DE_REGISTRADORES:inst3|          ; 480 (480)         ; 384 (384)    ; 0           ; 0            ; 0       ; 0         ; 0    ; 0            ; |processador_mips|BANCO_DE_REGISTRADORES:inst3                            ; work         ;
;    |CONTADOR_DE_PROGRAMA_COM_RESET:inst21| ; 13 (13)           ; 6 (6)        ; 0           ; 0            ; 0       ; 0         ; 0    ; 0            ; |processador_mips|CONTADOR_DE_PROGRAMA_COM_RESET:inst21                   ; work         ;
;    |DISPLAY_SETE_SEGMENTOS:inst26|         ; 7 (7)             ; 0 (0)        ; 0           ; 0            ; 0       ; 0         ; 0    ; 0            ; |processador_mips|DISPLAY_SETE_SEGMENTOS:inst26                           ; work         ;
;    |DISPLAY_SETE_SEGMENTOS:inst27|         ; 7 (7)             ; 0 (0)        ; 0           ; 0            ; 0       ; 0         ; 0    ; 0            ; |processador_mips|DISPLAY_SETE_SEGMENTOS:inst27                           ; work         ;
;    |DISPLAY_SETE_SEGMENTOS:inst28|         ; 3 (3)             ; 0 (0)        ; 0           ; 0            ; 0       ; 0         ; 0    ; 0            ; |processador_mips|DISPLAY_SETE_SEGMENTOS:inst28                           ; work         ;
;    |DISPLAY_SETE_SEGMENTOS:inst29|         ; 7 (7)             ; 0 (0)        ; 0           ; 0            ; 0       ; 0         ; 0    ; 0            ; |processador_mips|DISPLAY_SETE_SEGMENTOS:inst29                           ; work         ;
;    |DISPLAY_SETE_SEGMENTOS:inst31|         ; 7 (7)             ; 0 (0)        ; 0           ; 0            ; 0       ; 0         ; 0    ; 0            ; |processador_mips|DISPLAY_SETE_SEGMENTOS:inst31                           ; work         ;
;    |DISPLAY_SETE_SEGMENTOS:inst32|         ; 7 (7)             ; 0 (0)        ; 0           ; 0            ; 0       ; 0         ; 0    ; 0            ; |processador_mips|DISPLAY_SETE_SEGMENTOS:inst32                           ; work         ;
;    |DISPLAY_SETE_SEGMENTOS:inst33|         ; 4 (4)             ; 0 (0)        ; 0           ; 0            ; 0       ; 0         ; 0    ; 0            ; |processador_mips|DISPLAY_SETE_SEGMENTOS:inst33                           ; work         ;
;    |DISPLAY_SETE_SEGMENTOS:inst34|         ; 7 (7)             ; 0 (0)        ; 0           ; 0            ; 0       ; 0         ; 0    ; 0            ; |processador_mips|DISPLAY_SETE_SEGMENTOS:inst34                           ; work         ;
;    |MEMORIA_DE_DADOS:inst11|               ; 116 (116)         ; 2048 (2048)  ; 0           ; 0            ; 0       ; 0         ; 0    ; 0            ; |processador_mips|MEMORIA_DE_DADOS:inst11                                 ; work         ;
;    |MEMORIA_DE_INSTRUCAO_BYTE:inst99|      ; 28 (28)           ; 0 (0)        ; 0           ; 0            ; 0       ; 0         ; 0    ; 0            ; |processador_mips|MEMORIA_DE_INSTRUCAO_BYTE:inst99                        ; work         ;
;    |MULTIPLEXADOR_CINCO:inst4|             ; 3 (3)             ; 0 (0)        ; 0           ; 0            ; 0       ; 0         ; 0    ; 0            ; |processador_mips|MULTIPLEXADOR_CINCO:inst4                               ; work         ;
;    |MULTIPLEXADOR_DOIS:inst12|             ; 1349 (1349)       ; 0 (0)        ; 0           ; 0            ; 0       ; 0         ; 0    ; 0            ; |processador_mips|MULTIPLEXADOR_DOIS:inst12                               ; work         ;
;    |MULTIPLEXADOR_DOIS:inst9|              ; 33 (33)           ; 0 (0)        ; 0           ; 0            ; 0       ; 0         ; 0    ; 0            ; |processador_mips|MULTIPLEXADOR_DOIS:inst9                                ; work         ;
;    |SOMADOR:inst6|                         ; 6 (6)             ; 0 (0)        ; 0           ; 0            ; 0       ; 0         ; 0    ; 0            ; |processador_mips|SOMADOR:inst6                                           ; work         ;
;    |SOMADOR_MAIS_QUATRO:inst23|            ; 6 (6)             ; 0 (0)        ; 0           ; 0            ; 0       ; 0         ; 0    ; 0            ; |processador_mips|SOMADOR_MAIS_QUATRO:inst23                              ; work         ;
;    |ULA:inst10|                            ; 194 (194)         ; 0 (0)        ; 0           ; 0            ; 0       ; 0         ; 0    ; 0            ; |processador_mips|ULA:inst10                                              ; work         ;
;    |UNIDADE_DE_CONTROLE:inst13|            ; 10 (0)            ; 0 (0)        ; 0           ; 0            ; 0       ; 0         ; 0    ; 0            ; |processador_mips|UNIDADE_DE_CONTROLE:inst13                              ; work         ;
;       |DECODIFICADOR_PRINCIPAL:inst|       ; 7 (7)             ; 0 (0)        ; 0           ; 0            ; 0       ; 0         ; 0    ; 0            ; |processador_mips|UNIDADE_DE_CONTROLE:inst13|DECODIFICADOR_PRINCIPAL:inst ; work         ;
;       |ULA_DECODIFICADOR:inst1|            ; 3 (3)             ; 0 (0)        ; 0           ; 0            ; 0       ; 0         ; 0    ; 0            ; |processador_mips|UNIDADE_DE_CONTROLE:inst13|ULA_DECODIFICADOR:inst1      ; work         ;
+--------------------------------------------+-------------------+--------------+-------------+--------------+---------+-----------+------+--------------+---------------------------------------------------------------------------+--------------+
Note: For table entries with two numbers listed, the numbers in parentheses indicate the number of resources of the given type used by the specific entity alone. The numbers listed outside of parentheses indicate the total resources of the given type used by the specific entity and all of its sub-entities in the hierarchy.


+-----------------------------------------------------------------------------------------------------------------------------------+
; Registers Removed During Synthesis                                                                                                ;
+-------------------------------------------------------------+---------------------------------------------------------------------+
; Register name                                               ; Reason for Removal                                                  ;
+-------------------------------------------------------------+---------------------------------------------------------------------+
; CONTADOR_DE_PROGRAMA_COM_RESET:inst21|ENDERECO_SAIDA[1]     ; Merged with CONTADOR_DE_PROGRAMA_COM_RESET:inst21|ENDERECO_SAIDA[0] ;
; CONTADOR_DE_PROGRAMA_COM_RESET:inst21|ENDERECO_SAIDA[0]     ; Stuck at GND due to stuck port data_in                              ;
; BANCO_DE_REGISTRADORES:inst3|REGISTRADORES[31][0]           ; Stuck at GND due to stuck port data_in                              ;
; BANCO_DE_REGISTRADORES:inst3|REGISTRADORES[31][1]           ; Stuck at GND due to stuck port data_in                              ;
; BANCO_DE_REGISTRADORES:inst3|REGISTRADORES[31][2]           ; Stuck at GND due to stuck port data_in                              ;
; BANCO_DE_REGISTRADORES:inst3|REGISTRADORES[31][3]           ; Stuck at GND due to stuck port data_in                              ;
; BANCO_DE_REGISTRADORES:inst3|REGISTRADORES[31][4]           ; Stuck at GND due to stuck port data_in                              ;
; BANCO_DE_REGISTRADORES:inst3|REGISTRADORES[31][5]           ; Stuck at GND due to stuck port data_in                              ;
; BANCO_DE_REGISTRADORES:inst3|REGISTRADORES[31][6]           ; Stuck at GND due to stuck port data_in                              ;
; BANCO_DE_REGISTRADORES:inst3|REGISTRADORES[31][7]           ; Stuck at GND due to stuck port data_in                              ;
; BANCO_DE_REGISTRADORES:inst3|REGISTRADORES[31][8]           ; Stuck at GND due to stuck port data_in                              ;
; BANCO_DE_REGISTRADORES:inst3|REGISTRADORES[31][9]           ; Stuck at GND due to stuck port data_in                              ;
; BANCO_DE_REGISTRADORES:inst3|REGISTRADORES[31][10]          ; Stuck at GND due to stuck port data_in                              ;
; BANCO_DE_REGISTRADORES:inst3|REGISTRADORES[31][11]          ; Stuck at GND due to stuck port data_in                              ;
; BANCO_DE_REGISTRADORES:inst3|REGISTRADORES[31][12]          ; Stuck at GND due to stuck port data_in                              ;
; BANCO_DE_REGISTRADORES:inst3|REGISTRADORES[31][13]          ; Stuck at GND due to stuck port data_in                              ;
; BANCO_DE_REGISTRADORES:inst3|REGISTRADORES[31][14]          ; Stuck at GND due to stuck port data_in                              ;
; BANCO_DE_REGISTRADORES:inst3|REGISTRADORES[31][15]          ; Stuck at GND due to stuck port data_in                              ;
; BANCO_DE_REGISTRADORES:inst3|REGISTRADORES[31][16]          ; Stuck at GND due to stuck port data_in                              ;
; BANCO_DE_REGISTRADORES:inst3|REGISTRADORES[31][17]          ; Stuck at GND due to stuck port data_in                              ;
; BANCO_DE_REGISTRADORES:inst3|REGISTRADORES[31][18]          ; Stuck at GND due to stuck port data_in                              ;
; BANCO_DE_REGISTRADORES:inst3|REGISTRADORES[31][19]          ; Stuck at GND due to stuck port data_in                              ;
; BANCO_DE_REGISTRADORES:inst3|REGISTRADORES[31][20]          ; Stuck at GND due to stuck port data_in                              ;
; BANCO_DE_REGISTRADORES:inst3|REGISTRADORES[31][21]          ; Stuck at GND due to stuck port data_in                              ;
; BANCO_DE_REGISTRADORES:inst3|REGISTRADORES[31][22]          ; Stuck at GND due to stuck port data_in                              ;
; BANCO_DE_REGISTRADORES:inst3|REGISTRADORES[31][23]          ; Stuck at GND due to stuck port data_in                              ;
; BANCO_DE_REGISTRADORES:inst3|REGISTRADORES[31][24]          ; Stuck at GND due to stuck port data_in                              ;
; BANCO_DE_REGISTRADORES:inst3|REGISTRADORES[31][25]          ; Stuck at GND due to stuck port data_in                              ;
; BANCO_DE_REGISTRADORES:inst3|REGISTRADORES[31][26]          ; Stuck at GND due to stuck port data_in                              ;
; BANCO_DE_REGISTRADORES:inst3|REGISTRADORES[31][27]          ; Stuck at GND due to stuck port data_in                              ;
; BANCO_DE_REGISTRADORES:inst3|REGISTRADORES[31][28]          ; Stuck at GND due to stuck port data_in                              ;
; BANCO_DE_REGISTRADORES:inst3|REGISTRADORES[31][29]          ; Stuck at GND due to stuck port data_in                              ;
; BANCO_DE_REGISTRADORES:inst3|REGISTRADORES[31][30]          ; Stuck at GND due to stuck port data_in                              ;
; BANCO_DE_REGISTRADORES:inst3|REGISTRADORES[31][31]          ; Stuck at GND due to stuck port data_in                              ;
; BANCO_DE_REGISTRADORES:inst3|REGISTRADORES[30][0]           ; Stuck at GND due to stuck port data_in                              ;
; BANCO_DE_REGISTRADORES:inst3|REGISTRADORES[30][1]           ; Stuck at GND due to stuck port data_in                              ;
; BANCO_DE_REGISTRADORES:inst3|REGISTRADORES[30][2]           ; Stuck at GND due to stuck port data_in                              ;
; BANCO_DE_REGISTRADORES:inst3|REGISTRADORES[30][3]           ; Stuck at GND due to stuck port data_in                              ;
; BANCO_DE_REGISTRADORES:inst3|REGISTRADORES[30][4]           ; Stuck at GND due to stuck port data_in                              ;
; BANCO_DE_REGISTRADORES:inst3|REGISTRADORES[30][5]           ; Stuck at GND due to stuck port data_in                              ;
; BANCO_DE_REGISTRADORES:inst3|REGISTRADORES[30][6]           ; Stuck at GND due to stuck port data_in                              ;
; BANCO_DE_REGISTRADORES:inst3|REGISTRADORES[30][7]           ; Stuck at GND due to stuck port data_in                              ;
; BANCO_DE_REGISTRADORES:inst3|REGISTRADORES[30][8]           ; Stuck at GND due to stuck port data_in                              ;
; BANCO_DE_REGISTRADORES:inst3|REGISTRADORES[30][9]           ; Stuck at GND due to stuck port data_in                              ;
; BANCO_DE_REGISTRADORES:inst3|REGISTRADORES[30][10]          ; Stuck at GND due to stuck port data_in                              ;
; BANCO_DE_REGISTRADORES:inst3|REGISTRADORES[30][11]          ; Stuck at GND due to stuck port data_in                              ;
; BANCO_DE_REGISTRADORES:inst3|REGISTRADORES[30][12]          ; Stuck at GND due to stuck port data_in                              ;
; BANCO_DE_REGISTRADORES:inst3|REGISTRADORES[30][13]          ; Stuck at GND due to stuck port data_in                              ;
; BANCO_DE_REGISTRADORES:inst3|REGISTRADORES[30][14]          ; Stuck at GND due to stuck port data_in                              ;
; BANCO_DE_REGISTRADORES:inst3|REGISTRADORES[30][15]          ; Stuck at GND due to stuck port data_in                              ;
; BANCO_DE_REGISTRADORES:inst3|REGISTRADORES[30][16]          ; Stuck at GND due to stuck port data_in                              ;
; BANCO_DE_REGISTRADORES:inst3|REGISTRADORES[30][17]          ; Stuck at GND due to stuck port data_in                              ;
; BANCO_DE_REGISTRADORES:inst3|REGISTRADORES[30][18]          ; Stuck at GND due to stuck port data_in                              ;
; BANCO_DE_REGISTRADORES:inst3|REGISTRADORES[30][19]          ; Stuck at GND due to stuck port data_in                              ;
; BANCO_DE_REGISTRADORES:inst3|REGISTRADORES[30][20]          ; Stuck at GND due to stuck port data_in                              ;
; BANCO_DE_REGISTRADORES:inst3|REGISTRADORES[30][21]          ; Stuck at GND due to stuck port data_in                              ;
; BANCO_DE_REGISTRADORES:inst3|REGISTRADORES[30][22]          ; Stuck at GND due to stuck port data_in                              ;
; BANCO_DE_REGISTRADORES:inst3|REGISTRADORES[30][23]          ; Stuck at GND due to stuck port data_in                              ;
; BANCO_DE_REGISTRADORES:inst3|REGISTRADORES[30][24]          ; Stuck at GND due to stuck port data_in                              ;
; BANCO_DE_REGISTRADORES:inst3|REGISTRADORES[30][25]          ; Stuck at GND due to stuck port data_in                              ;
; BANCO_DE_REGISTRADORES:inst3|REGISTRADORES[30][26]          ; Stuck at GND due to stuck port data_in                              ;
; BANCO_DE_REGISTRADORES:inst3|REGISTRADORES[30][27]          ; Stuck at GND due to stuck port data_in                              ;
; BANCO_DE_REGISTRADORES:inst3|REGISTRADORES[30][28]          ; Stuck at GND due to stuck port data_in                              ;
; BANCO_DE_REGISTRADORES:inst3|REGISTRADORES[30][29]          ; Stuck at GND due to stuck port data_in                              ;
; BANCO_DE_REGISTRADORES:inst3|REGISTRADORES[30][30]          ; Stuck at GND due to stuck port data_in                              ;
; BANCO_DE_REGISTRADORES:inst3|REGISTRADORES[30][31]          ; Stuck at GND due to stuck port data_in                              ;
; BANCO_DE_REGISTRADORES:inst3|REGISTRADORES[29][0]           ; Stuck at GND due to stuck port data_in                              ;
; BANCO_DE_REGISTRADORES:inst3|REGISTRADORES[29][1]           ; Stuck at GND due to stuck port data_in                              ;
; BANCO_DE_REGISTRADORES:inst3|REGISTRADORES[29][2]           ; Stuck at GND due to stuck port data_in                              ;
; BANCO_DE_REGISTRADORES:inst3|REGISTRADORES[29][3]           ; Stuck at GND due to stuck port data_in                              ;
; BANCO_DE_REGISTRADORES:inst3|REGISTRADORES[29][4]           ; Stuck at GND due to stuck port data_in                              ;
; BANCO_DE_REGISTRADORES:inst3|REGISTRADORES[29][5]           ; Stuck at GND due to stuck port data_in                              ;
; BANCO_DE_REGISTRADORES:inst3|REGISTRADORES[29][6]           ; Stuck at GND due to stuck port data_in                              ;
; BANCO_DE_REGISTRADORES:inst3|REGISTRADORES[29][7]           ; Stuck at GND due to stuck port data_in                              ;
; BANCO_DE_REGISTRADORES:inst3|REGISTRADORES[29][8]           ; Stuck at GND due to stuck port data_in                              ;
; BANCO_DE_REGISTRADORES:inst3|REGISTRADORES[29][9]           ; Stuck at GND due to stuck port data_in                              ;
; BANCO_DE_REGISTRADORES:inst3|REGISTRADORES[29][10]          ; Stuck at GND due to stuck port data_in                              ;
; BANCO_DE_REGISTRADORES:inst3|REGISTRADORES[29][11]          ; Stuck at GND due to stuck port data_in                              ;
; BANCO_DE_REGISTRADORES:inst3|REGISTRADORES[29][12]          ; Stuck at GND due to stuck port data_in                              ;
; BANCO_DE_REGISTRADORES:inst3|REGISTRADORES[29][13]          ; Stuck at GND due to stuck port data_in                              ;
; BANCO_DE_REGISTRADORES:inst3|REGISTRADORES[29][14]          ; Stuck at GND due to stuck port data_in                              ;
; BANCO_DE_REGISTRADORES:inst3|REGISTRADORES[29][15]          ; Stuck at GND due to stuck port data_in                              ;
; BANCO_DE_REGISTRADORES:inst3|REGISTRADORES[29][16]          ; Stuck at GND due to stuck port data_in                              ;
; BANCO_DE_REGISTRADORES:inst3|REGISTRADORES[29][17]          ; Stuck at GND due to stuck port data_in                              ;
; BANCO_DE_REGISTRADORES:inst3|REGISTRADORES[29][18]          ; Stuck at GND due to stuck port data_in                              ;
; BANCO_DE_REGISTRADORES:inst3|REGISTRADORES[29][19]          ; Stuck at GND due to stuck port data_in                              ;
; BANCO_DE_REGISTRADORES:inst3|REGISTRADORES[29][20]          ; Stuck at GND due to stuck port data_in                              ;
; BANCO_DE_REGISTRADORES:inst3|REGISTRADORES[29][21]          ; Stuck at GND due to stuck port data_in                              ;
; BANCO_DE_REGISTRADORES:inst3|REGISTRADORES[29][22]          ; Stuck at GND due to stuck port data_in                              ;
; BANCO_DE_REGISTRADORES:inst3|REGISTRADORES[29][23]          ; Stuck at GND due to stuck port data_in                              ;
; BANCO_DE_REGISTRADORES:inst3|REGISTRADORES[29][24]          ; Stuck at GND due to stuck port data_in                              ;
; BANCO_DE_REGISTRADORES:inst3|REGISTRADORES[29][25]          ; Stuck at GND due to stuck port data_in                              ;
; BANCO_DE_REGISTRADORES:inst3|REGISTRADORES[29][26]          ; Stuck at GND due to stuck port data_in                              ;
; BANCO_DE_REGISTRADORES:inst3|REGISTRADORES[29][27]          ; Stuck at GND due to stuck port data_in                              ;
; BANCO_DE_REGISTRADORES:inst3|REGISTRADORES[29][28]          ; Stuck at GND due to stuck port data_in                              ;
; BANCO_DE_REGISTRADORES:inst3|REGISTRADORES[29][29]          ; Stuck at GND due to stuck port data_in                              ;
; BANCO_DE_REGISTRADORES:inst3|REGISTRADORES[29][30]          ; Stuck at GND due to stuck port data_in                              ;
; BANCO_DE_REGISTRADORES:inst3|REGISTRADORES[29][31]          ; Stuck at GND due to stuck port data_in                              ;
; BANCO_DE_REGISTRADORES:inst3|REGISTRADORES[28][0]           ; Stuck at GND due to stuck port data_in                              ;
; BANCO_DE_REGISTRADORES:inst3|REGISTRADORES[28][1]           ; Stuck at GND due to stuck port data_in                              ;
; BANCO_DE_REGISTRADORES:inst3|REGISTRADORES[28][2]           ; Stuck at GND due to stuck port data_in                              ;
; BANCO_DE_REGISTRADORES:inst3|REGISTRADORES[28][3]           ; Stuck at GND due to stuck port data_in                              ;
; BANCO_DE_REGISTRADORES:inst3|REGISTRADORES[28][4]           ; Stuck at GND due to stuck port data_in                              ;
; BANCO_DE_REGISTRADORES:inst3|REGISTRADORES[28][5]           ; Stuck at GND due to stuck port data_in                              ;
; BANCO_DE_REGISTRADORES:inst3|REGISTRADORES[28][6]           ; Stuck at GND due to stuck port data_in                              ;
; BANCO_DE_REGISTRADORES:inst3|REGISTRADORES[28][7]           ; Stuck at GND due to stuck port data_in                              ;
; BANCO_DE_REGISTRADORES:inst3|REGISTRADORES[28][8]           ; Stuck at GND due to stuck port data_in                              ;
; BANCO_DE_REGISTRADORES:inst3|REGISTRADORES[28][9]           ; Stuck at GND due to stuck port data_in                              ;
; BANCO_DE_REGISTRADORES:inst3|REGISTRADORES[28][10]          ; Stuck at GND due to stuck port data_in                              ;
; BANCO_DE_REGISTRADORES:inst3|REGISTRADORES[28][11]          ; Stuck at GND due to stuck port data_in                              ;
; BANCO_DE_REGISTRADORES:inst3|REGISTRADORES[28][12]          ; Stuck at GND due to stuck port data_in                              ;
; BANCO_DE_REGISTRADORES:inst3|REGISTRADORES[28][13]          ; Stuck at GND due to stuck port data_in                              ;
; BANCO_DE_REGISTRADORES:inst3|REGISTRADORES[28][14]          ; Stuck at GND due to stuck port data_in                              ;
; BANCO_DE_REGISTRADORES:inst3|REGISTRADORES[28][15]          ; Stuck at GND due to stuck port data_in                              ;
; BANCO_DE_REGISTRADORES:inst3|REGISTRADORES[28][16]          ; Stuck at GND due to stuck port data_in                              ;
; BANCO_DE_REGISTRADORES:inst3|REGISTRADORES[28][17]          ; Stuck at GND due to stuck port data_in                              ;
; BANCO_DE_REGISTRADORES:inst3|REGISTRADORES[28][18]          ; Stuck at GND due to stuck port data_in                              ;
; BANCO_DE_REGISTRADORES:inst3|REGISTRADORES[28][19]          ; Stuck at GND due to stuck port data_in                              ;
; BANCO_DE_REGISTRADORES:inst3|REGISTRADORES[28][20]          ; Stuck at GND due to stuck port data_in                              ;
; BANCO_DE_REGISTRADORES:inst3|REGISTRADORES[28][21]          ; Stuck at GND due to stuck port data_in                              ;
; BANCO_DE_REGISTRADORES:inst3|REGISTRADORES[28][22]          ; Stuck at GND due to stuck port data_in                              ;
; BANCO_DE_REGISTRADORES:inst3|REGISTRADORES[28][23]          ; Stuck at GND due to stuck port data_in                              ;
; BANCO_DE_REGISTRADORES:inst3|REGISTRADORES[28][24]          ; Stuck at GND due to stuck port data_in                              ;
; BANCO_DE_REGISTRADORES:inst3|REGISTRADORES[28][25]          ; Stuck at GND due to stuck port data_in                              ;
; BANCO_DE_REGISTRADORES:inst3|REGISTRADORES[28][26]          ; Stuck at GND due to stuck port data_in                              ;
; BANCO_DE_REGISTRADORES:inst3|REGISTRADORES[28][27]          ; Stuck at GND due to stuck port data_in                              ;
; BANCO_DE_REGISTRADORES:inst3|REGISTRADORES[28][28]          ; Stuck at GND due to stuck port data_in                              ;
; BANCO_DE_REGISTRADORES:inst3|REGISTRADORES[28][29]          ; Stuck at GND due to stuck port data_in                              ;
; BANCO_DE_REGISTRADORES:inst3|REGISTRADORES[28][30]          ; Stuck at GND due to stuck port data_in                              ;
; BANCO_DE_REGISTRADORES:inst3|REGISTRADORES[28][31]          ; Stuck at GND due to stuck port data_in                              ;
; BANCO_DE_REGISTRADORES:inst3|REGISTRADORES[23][0]           ; Stuck at GND due to stuck port data_in                              ;
; BANCO_DE_REGISTRADORES:inst3|REGISTRADORES[23][1]           ; Stuck at GND due to stuck port data_in                              ;
; BANCO_DE_REGISTRADORES:inst3|REGISTRADORES[23][2]           ; Stuck at GND due to stuck port data_in                              ;
; BANCO_DE_REGISTRADORES:inst3|REGISTRADORES[23][3]           ; Stuck at GND due to stuck port data_in                              ;
; BANCO_DE_REGISTRADORES:inst3|REGISTRADORES[23][4]           ; Stuck at GND due to stuck port data_in                              ;
; BANCO_DE_REGISTRADORES:inst3|REGISTRADORES[23][5]           ; Stuck at GND due to stuck port data_in                              ;
; BANCO_DE_REGISTRADORES:inst3|REGISTRADORES[23][6]           ; Stuck at GND due to stuck port data_in                              ;
; BANCO_DE_REGISTRADORES:inst3|REGISTRADORES[23][7]           ; Stuck at GND due to stuck port data_in                              ;
; BANCO_DE_REGISTRADORES:inst3|REGISTRADORES[23][8]           ; Stuck at GND due to stuck port data_in                              ;
; BANCO_DE_REGISTRADORES:inst3|REGISTRADORES[23][9]           ; Stuck at GND due to stuck port data_in                              ;
; BANCO_DE_REGISTRADORES:inst3|REGISTRADORES[23][10]          ; Stuck at GND due to stuck port data_in                              ;
; BANCO_DE_REGISTRADORES:inst3|REGISTRADORES[23][11]          ; Stuck at GND due to stuck port data_in                              ;
; BANCO_DE_REGISTRADORES:inst3|REGISTRADORES[23][12]          ; Stuck at GND due to stuck port data_in                              ;
; BANCO_DE_REGISTRADORES:inst3|REGISTRADORES[23][13]          ; Stuck at GND due to stuck port data_in                              ;
; BANCO_DE_REGISTRADORES:inst3|REGISTRADORES[23][14]          ; Stuck at GND due to stuck port data_in                              ;
; BANCO_DE_REGISTRADORES:inst3|REGISTRADORES[23][15]          ; Stuck at GND due to stuck port data_in                              ;
; BANCO_DE_REGISTRADORES:inst3|REGISTRADORES[23][16]          ; Stuck at GND due to stuck port data_in                              ;
; BANCO_DE_REGISTRADORES:inst3|REGISTRADORES[23][17]          ; Stuck at GND due to stuck port data_in                              ;
; BANCO_DE_REGISTRADORES:inst3|REGISTRADORES[23][18]          ; Stuck at GND due to stuck port data_in                              ;
; BANCO_DE_REGISTRADORES:inst3|REGISTRADORES[23][19]          ; Stuck at GND due to stuck port data_in                              ;
; BANCO_DE_REGISTRADORES:inst3|REGISTRADORES[23][20]          ; Stuck at GND due to stuck port data_in                              ;
; BANCO_DE_REGISTRADORES:inst3|REGISTRADORES[23][21]          ; Stuck at GND due to stuck port data_in                              ;
; BANCO_DE_REGISTRADORES:inst3|REGISTRADORES[23][22]          ; Stuck at GND due to stuck port data_in                              ;
; BANCO_DE_REGISTRADORES:inst3|REGISTRADORES[23][23]          ; Stuck at GND due to stuck port data_in                              ;
; BANCO_DE_REGISTRADORES:inst3|REGISTRADORES[23][24]          ; Stuck at GND due to stuck port data_in                              ;
; BANCO_DE_REGISTRADORES:inst3|REGISTRADORES[23][25]          ; Stuck at GND due to stuck port data_in                              ;
; BANCO_DE_REGISTRADORES:inst3|REGISTRADORES[23][26]          ; Stuck at GND due to stuck port data_in                              ;
; BANCO_DE_REGISTRADORES:inst3|REGISTRADORES[23][27]          ; Stuck at GND due to stuck port data_in                              ;
; BANCO_DE_REGISTRADORES:inst3|REGISTRADORES[23][28]          ; Stuck at GND due to stuck port data_in                              ;
; BANCO_DE_REGISTRADORES:inst3|REGISTRADORES[23][29]          ; Stuck at GND due to stuck port data_in                              ;
; BANCO_DE_REGISTRADORES:inst3|REGISTRADORES[23][30]          ; Stuck at GND due to stuck port data_in                              ;
; BANCO_DE_REGISTRADORES:inst3|REGISTRADORES[23][31]          ; Stuck at GND due to stuck port data_in                              ;
; BANCO_DE_REGISTRADORES:inst3|REGISTRADORES[22][0]           ; Stuck at GND due to stuck port data_in                              ;
; BANCO_DE_REGISTRADORES:inst3|REGISTRADORES[22][1]           ; Stuck at GND due to stuck port data_in                              ;
; BANCO_DE_REGISTRADORES:inst3|REGISTRADORES[22][2]           ; Stuck at GND due to stuck port data_in                              ;
; BANCO_DE_REGISTRADORES:inst3|REGISTRADORES[22][3]           ; Stuck at GND due to stuck port data_in                              ;
; BANCO_DE_REGISTRADORES:inst3|REGISTRADORES[22][4]           ; Stuck at GND due to stuck port data_in                              ;
; BANCO_DE_REGISTRADORES:inst3|REGISTRADORES[22][5]           ; Stuck at GND due to stuck port data_in                              ;
; BANCO_DE_REGISTRADORES:inst3|REGISTRADORES[22][6]           ; Stuck at GND due to stuck port data_in                              ;
; BANCO_DE_REGISTRADORES:inst3|REGISTRADORES[22][7]           ; Stuck at GND due to stuck port data_in                              ;
; BANCO_DE_REGISTRADORES:inst3|REGISTRADORES[22][8]           ; Stuck at GND due to stuck port data_in                              ;
; BANCO_DE_REGISTRADORES:inst3|REGISTRADORES[22][9]           ; Stuck at GND due to stuck port data_in                              ;
; BANCO_DE_REGISTRADORES:inst3|REGISTRADORES[22][10]          ; Stuck at GND due to stuck port data_in                              ;
; BANCO_DE_REGISTRADORES:inst3|REGISTRADORES[22][11]          ; Stuck at GND due to stuck port data_in                              ;
; BANCO_DE_REGISTRADORES:inst3|REGISTRADORES[22][12]          ; Stuck at GND due to stuck port data_in                              ;
; BANCO_DE_REGISTRADORES:inst3|REGISTRADORES[22][13]          ; Stuck at GND due to stuck port data_in                              ;
; BANCO_DE_REGISTRADORES:inst3|REGISTRADORES[22][14]          ; Stuck at GND due to stuck port data_in                              ;
; BANCO_DE_REGISTRADORES:inst3|REGISTRADORES[22][15]          ; Stuck at GND due to stuck port data_in                              ;
; BANCO_DE_REGISTRADORES:inst3|REGISTRADORES[22][16]          ; Stuck at GND due to stuck port data_in                              ;
; BANCO_DE_REGISTRADORES:inst3|REGISTRADORES[22][17]          ; Stuck at GND due to stuck port data_in                              ;
; BANCO_DE_REGISTRADORES:inst3|REGISTRADORES[22][18]          ; Stuck at GND due to stuck port data_in                              ;
; BANCO_DE_REGISTRADORES:inst3|REGISTRADORES[22][19]          ; Stuck at GND due to stuck port data_in                              ;
; BANCO_DE_REGISTRADORES:inst3|REGISTRADORES[22][20]          ; Stuck at GND due to stuck port data_in                              ;
; BANCO_DE_REGISTRADORES:inst3|REGISTRADORES[22][21]          ; Stuck at GND due to stuck port data_in                              ;
; BANCO_DE_REGISTRADORES:inst3|REGISTRADORES[22][22]          ; Stuck at GND due to stuck port data_in                              ;
; BANCO_DE_REGISTRADORES:inst3|REGISTRADORES[22][23]          ; Stuck at GND due to stuck port data_in                              ;
; BANCO_DE_REGISTRADORES:inst3|REGISTRADORES[22][24]          ; Stuck at GND due to stuck port data_in                              ;
; BANCO_DE_REGISTRADORES:inst3|REGISTRADORES[22][25]          ; Stuck at GND due to stuck port data_in                              ;
; BANCO_DE_REGISTRADORES:inst3|REGISTRADORES[22][26]          ; Stuck at GND due to stuck port data_in                              ;
; BANCO_DE_REGISTRADORES:inst3|REGISTRADORES[22][27]          ; Stuck at GND due to stuck port data_in                              ;
; BANCO_DE_REGISTRADORES:inst3|REGISTRADORES[22][28]          ; Stuck at GND due to stuck port data_in                              ;
; BANCO_DE_REGISTRADORES:inst3|REGISTRADORES[22][29]          ; Stuck at GND due to stuck port data_in                              ;
; BANCO_DE_REGISTRADORES:inst3|REGISTRADORES[22][30]          ; Stuck at GND due to stuck port data_in                              ;
; BANCO_DE_REGISTRADORES:inst3|REGISTRADORES[22][31]          ; Stuck at GND due to stuck port data_in                              ;
; BANCO_DE_REGISTRADORES:inst3|REGISTRADORES[21][0]           ; Stuck at GND due to stuck port data_in                              ;
; BANCO_DE_REGISTRADORES:inst3|REGISTRADORES[21][1]           ; Stuck at GND due to stuck port data_in                              ;
; BANCO_DE_REGISTRADORES:inst3|REGISTRADORES[21][2]           ; Stuck at GND due to stuck port data_in                              ;
; BANCO_DE_REGISTRADORES:inst3|REGISTRADORES[21][3]           ; Stuck at GND due to stuck port data_in                              ;
; BANCO_DE_REGISTRADORES:inst3|REGISTRADORES[21][4]           ; Stuck at GND due to stuck port data_in                              ;
; BANCO_DE_REGISTRADORES:inst3|REGISTRADORES[21][5]           ; Stuck at GND due to stuck port data_in                              ;
; BANCO_DE_REGISTRADORES:inst3|REGISTRADORES[21][6]           ; Stuck at GND due to stuck port data_in                              ;
; BANCO_DE_REGISTRADORES:inst3|REGISTRADORES[21][7]           ; Stuck at GND due to stuck port data_in                              ;
; BANCO_DE_REGISTRADORES:inst3|REGISTRADORES[21][8]           ; Stuck at GND due to stuck port data_in                              ;
; BANCO_DE_REGISTRADORES:inst3|REGISTRADORES[21][9]           ; Stuck at GND due to stuck port data_in                              ;
; BANCO_DE_REGISTRADORES:inst3|REGISTRADORES[21][10]          ; Stuck at GND due to stuck port data_in                              ;
; BANCO_DE_REGISTRADORES:inst3|REGISTRADORES[21][11]          ; Stuck at GND due to stuck port data_in                              ;
; BANCO_DE_REGISTRADORES:inst3|REGISTRADORES[21][12]          ; Stuck at GND due to stuck port data_in                              ;
; BANCO_DE_REGISTRADORES:inst3|REGISTRADORES[21][13]          ; Stuck at GND due to stuck port data_in                              ;
; BANCO_DE_REGISTRADORES:inst3|REGISTRADORES[21][14]          ; Stuck at GND due to stuck port data_in                              ;
; BANCO_DE_REGISTRADORES:inst3|REGISTRADORES[21][15]          ; Stuck at GND due to stuck port data_in                              ;
; BANCO_DE_REGISTRADORES:inst3|REGISTRADORES[21][16]          ; Stuck at GND due to stuck port data_in                              ;
; BANCO_DE_REGISTRADORES:inst3|REGISTRADORES[21][17]          ; Stuck at GND due to stuck port data_in                              ;
; BANCO_DE_REGISTRADORES:inst3|REGISTRADORES[21][18]          ; Stuck at GND due to stuck port data_in                              ;
; BANCO_DE_REGISTRADORES:inst3|REGISTRADORES[21][19]          ; Stuck at GND due to stuck port data_in                              ;
; BANCO_DE_REGISTRADORES:inst3|REGISTRADORES[21][20]          ; Stuck at GND due to stuck port data_in                              ;
; BANCO_DE_REGISTRADORES:inst3|REGISTRADORES[21][21]          ; Stuck at GND due to stuck port data_in                              ;
; BANCO_DE_REGISTRADORES:inst3|REGISTRADORES[21][22]          ; Stuck at GND due to stuck port data_in                              ;
; BANCO_DE_REGISTRADORES:inst3|REGISTRADORES[21][23]          ; Stuck at GND due to stuck port data_in                              ;
; BANCO_DE_REGISTRADORES:inst3|REGISTRADORES[21][24]          ; Stuck at GND due to stuck port data_in                              ;
; BANCO_DE_REGISTRADORES:inst3|REGISTRADORES[21][25]          ; Stuck at GND due to stuck port data_in                              ;
; BANCO_DE_REGISTRADORES:inst3|REGISTRADORES[21][26]          ; Stuck at GND due to stuck port data_in                              ;
; BANCO_DE_REGISTRADORES:inst3|REGISTRADORES[21][27]          ; Stuck at GND due to stuck port data_in                              ;
; BANCO_DE_REGISTRADORES:inst3|REGISTRADORES[21][28]          ; Stuck at GND due to stuck port data_in                              ;
; BANCO_DE_REGISTRADORES:inst3|REGISTRADORES[21][29]          ; Stuck at GND due to stuck port data_in                              ;
; BANCO_DE_REGISTRADORES:inst3|REGISTRADORES[21][30]          ; Stuck at GND due to stuck port data_in                              ;
; BANCO_DE_REGISTRADORES:inst3|REGISTRADORES[21][31]          ; Stuck at GND due to stuck port data_in                              ;
; BANCO_DE_REGISTRADORES:inst3|REGISTRADORES[20][0]           ; Stuck at GND due to stuck port data_in                              ;
; BANCO_DE_REGISTRADORES:inst3|REGISTRADORES[20][1]           ; Stuck at GND due to stuck port data_in                              ;
; BANCO_DE_REGISTRADORES:inst3|REGISTRADORES[20][2]           ; Stuck at GND due to stuck port data_in                              ;
; BANCO_DE_REGISTRADORES:inst3|REGISTRADORES[20][3]           ; Stuck at GND due to stuck port data_in                              ;
; BANCO_DE_REGISTRADORES:inst3|REGISTRADORES[20][4]           ; Stuck at GND due to stuck port data_in                              ;
; BANCO_DE_REGISTRADORES:inst3|REGISTRADORES[20][5]           ; Stuck at GND due to stuck port data_in                              ;
; BANCO_DE_REGISTRADORES:inst3|REGISTRADORES[20][6]           ; Stuck at GND due to stuck port data_in                              ;
; BANCO_DE_REGISTRADORES:inst3|REGISTRADORES[20][7]           ; Stuck at GND due to stuck port data_in                              ;
; BANCO_DE_REGISTRADORES:inst3|REGISTRADORES[20][8]           ; Stuck at GND due to stuck port data_in                              ;
; BANCO_DE_REGISTRADORES:inst3|REGISTRADORES[20][9]           ; Stuck at GND due to stuck port data_in                              ;
; BANCO_DE_REGISTRADORES:inst3|REGISTRADORES[20][10]          ; Stuck at GND due to stuck port data_in                              ;
; BANCO_DE_REGISTRADORES:inst3|REGISTRADORES[20][11]          ; Stuck at GND due to stuck port data_in                              ;
; BANCO_DE_REGISTRADORES:inst3|REGISTRADORES[20][12]          ; Stuck at GND due to stuck port data_in                              ;
; BANCO_DE_REGISTRADORES:inst3|REGISTRADORES[20][13]          ; Stuck at GND due to stuck port data_in                              ;
; BANCO_DE_REGISTRADORES:inst3|REGISTRADORES[20][14]          ; Stuck at GND due to stuck port data_in                              ;
; BANCO_DE_REGISTRADORES:inst3|REGISTRADORES[20][15]          ; Stuck at GND due to stuck port data_in                              ;
; BANCO_DE_REGISTRADORES:inst3|REGISTRADORES[20][16]          ; Stuck at GND due to stuck port data_in                              ;
; BANCO_DE_REGISTRADORES:inst3|REGISTRADORES[20][17]          ; Stuck at GND due to stuck port data_in                              ;
; BANCO_DE_REGISTRADORES:inst3|REGISTRADORES[20][18]          ; Stuck at GND due to stuck port data_in                              ;
; BANCO_DE_REGISTRADORES:inst3|REGISTRADORES[20][19]          ; Stuck at GND due to stuck port data_in                              ;
; BANCO_DE_REGISTRADORES:inst3|REGISTRADORES[20][20]          ; Stuck at GND due to stuck port data_in                              ;
; BANCO_DE_REGISTRADORES:inst3|REGISTRADORES[20][21]          ; Stuck at GND due to stuck port data_in                              ;
; BANCO_DE_REGISTRADORES:inst3|REGISTRADORES[20][22]          ; Stuck at GND due to stuck port data_in                              ;
; BANCO_DE_REGISTRADORES:inst3|REGISTRADORES[20][23]          ; Stuck at GND due to stuck port data_in                              ;
; BANCO_DE_REGISTRADORES:inst3|REGISTRADORES[20][24]          ; Stuck at GND due to stuck port data_in                              ;
; BANCO_DE_REGISTRADORES:inst3|REGISTRADORES[20][25]          ; Stuck at GND due to stuck port data_in                              ;
; BANCO_DE_REGISTRADORES:inst3|REGISTRADORES[20][26]          ; Stuck at GND due to stuck port data_in                              ;
; BANCO_DE_REGISTRADORES:inst3|REGISTRADORES[20][27]          ; Stuck at GND due to stuck port data_in                              ;
; BANCO_DE_REGISTRADORES:inst3|REGISTRADORES[20][28]          ; Stuck at GND due to stuck port data_in                              ;
; BANCO_DE_REGISTRADORES:inst3|REGISTRADORES[20][29]          ; Stuck at GND due to stuck port data_in                              ;
; BANCO_DE_REGISTRADORES:inst3|REGISTRADORES[20][30]          ; Stuck at GND due to stuck port data_in                              ;
; BANCO_DE_REGISTRADORES:inst3|REGISTRADORES[20][31]          ; Stuck at GND due to stuck port data_in                              ;
; BANCO_DE_REGISTRADORES:inst3|REGISTRADORES[15][0]           ; Stuck at GND due to stuck port data_in                              ;
; BANCO_DE_REGISTRADORES:inst3|REGISTRADORES[15][1]           ; Stuck at GND due to stuck port data_in                              ;
; BANCO_DE_REGISTRADORES:inst3|REGISTRADORES[15][2]           ; Stuck at GND due to stuck port data_in                              ;
; BANCO_DE_REGISTRADORES:inst3|REGISTRADORES[15][3]           ; Stuck at GND due to stuck port data_in                              ;
; BANCO_DE_REGISTRADORES:inst3|REGISTRADORES[15][4]           ; Stuck at GND due to stuck port data_in                              ;
; BANCO_DE_REGISTRADORES:inst3|REGISTRADORES[15][5]           ; Stuck at GND due to stuck port data_in                              ;
; BANCO_DE_REGISTRADORES:inst3|REGISTRADORES[15][6]           ; Stuck at GND due to stuck port data_in                              ;
; BANCO_DE_REGISTRADORES:inst3|REGISTRADORES[15][7]           ; Stuck at GND due to stuck port data_in                              ;
; BANCO_DE_REGISTRADORES:inst3|REGISTRADORES[15][8]           ; Stuck at GND due to stuck port data_in                              ;
; BANCO_DE_REGISTRADORES:inst3|REGISTRADORES[15][9]           ; Stuck at GND due to stuck port data_in                              ;
; BANCO_DE_REGISTRADORES:inst3|REGISTRADORES[15][10]          ; Stuck at GND due to stuck port data_in                              ;
; BANCO_DE_REGISTRADORES:inst3|REGISTRADORES[15][11]          ; Stuck at GND due to stuck port data_in                              ;
; BANCO_DE_REGISTRADORES:inst3|REGISTRADORES[15][12]          ; Stuck at GND due to stuck port data_in                              ;
; BANCO_DE_REGISTRADORES:inst3|REGISTRADORES[15][13]          ; Stuck at GND due to stuck port data_in                              ;
; BANCO_DE_REGISTRADORES:inst3|REGISTRADORES[15][14]          ; Stuck at GND due to stuck port data_in                              ;
; BANCO_DE_REGISTRADORES:inst3|REGISTRADORES[15][15]          ; Stuck at GND due to stuck port data_in                              ;
; BANCO_DE_REGISTRADORES:inst3|REGISTRADORES[15][16]          ; Stuck at GND due to stuck port data_in                              ;
; BANCO_DE_REGISTRADORES:inst3|REGISTRADORES[15][17]          ; Stuck at GND due to stuck port data_in                              ;
; BANCO_DE_REGISTRADORES:inst3|REGISTRADORES[15][18]          ; Stuck at GND due to stuck port data_in                              ;
; BANCO_DE_REGISTRADORES:inst3|REGISTRADORES[15][19]          ; Stuck at GND due to stuck port data_in                              ;
; BANCO_DE_REGISTRADORES:inst3|REGISTRADORES[15][20]          ; Stuck at GND due to stuck port data_in                              ;
; BANCO_DE_REGISTRADORES:inst3|REGISTRADORES[15][21]          ; Stuck at GND due to stuck port data_in                              ;
; BANCO_DE_REGISTRADORES:inst3|REGISTRADORES[15][22]          ; Stuck at GND due to stuck port data_in                              ;
; BANCO_DE_REGISTRADORES:inst3|REGISTRADORES[15][23]          ; Stuck at GND due to stuck port data_in                              ;
; BANCO_DE_REGISTRADORES:inst3|REGISTRADORES[15][24]          ; Stuck at GND due to stuck port data_in                              ;
; BANCO_DE_REGISTRADORES:inst3|REGISTRADORES[15][25]          ; Stuck at GND due to stuck port data_in                              ;
; BANCO_DE_REGISTRADORES:inst3|REGISTRADORES[15][26]          ; Stuck at GND due to stuck port data_in                              ;
; BANCO_DE_REGISTRADORES:inst3|REGISTRADORES[15][27]          ; Stuck at GND due to stuck port data_in                              ;
; BANCO_DE_REGISTRADORES:inst3|REGISTRADORES[15][28]          ; Stuck at GND due to stuck port data_in                              ;
; BANCO_DE_REGISTRADORES:inst3|REGISTRADORES[15][29]          ; Stuck at GND due to stuck port data_in                              ;
; BANCO_DE_REGISTRADORES:inst3|REGISTRADORES[15][30]          ; Stuck at GND due to stuck port data_in                              ;
; BANCO_DE_REGISTRADORES:inst3|REGISTRADORES[15][31]          ; Stuck at GND due to stuck port data_in                              ;
; BANCO_DE_REGISTRADORES:inst3|REGISTRADORES[14][0]           ; Stuck at GND due to stuck port data_in                              ;
; BANCO_DE_REGISTRADORES:inst3|REGISTRADORES[14][1]           ; Stuck at GND due to stuck port data_in                              ;
; BANCO_DE_REGISTRADORES:inst3|REGISTRADORES[14][2]           ; Stuck at GND due to stuck port data_in                              ;
; BANCO_DE_REGISTRADORES:inst3|REGISTRADORES[14][3]           ; Stuck at GND due to stuck port data_in                              ;
; BANCO_DE_REGISTRADORES:inst3|REGISTRADORES[14][4]           ; Stuck at GND due to stuck port data_in                              ;
; BANCO_DE_REGISTRADORES:inst3|REGISTRADORES[14][5]           ; Stuck at GND due to stuck port data_in                              ;
; BANCO_DE_REGISTRADORES:inst3|REGISTRADORES[14][6]           ; Stuck at GND due to stuck port data_in                              ;
; BANCO_DE_REGISTRADORES:inst3|REGISTRADORES[14][7]           ; Stuck at GND due to stuck port data_in                              ;
; BANCO_DE_REGISTRADORES:inst3|REGISTRADORES[14][8]           ; Stuck at GND due to stuck port data_in                              ;
; BANCO_DE_REGISTRADORES:inst3|REGISTRADORES[14][9]           ; Stuck at GND due to stuck port data_in                              ;
; BANCO_DE_REGISTRADORES:inst3|REGISTRADORES[14][10]          ; Stuck at GND due to stuck port data_in                              ;
; BANCO_DE_REGISTRADORES:inst3|REGISTRADORES[14][11]          ; Stuck at GND due to stuck port data_in                              ;
; BANCO_DE_REGISTRADORES:inst3|REGISTRADORES[14][12]          ; Stuck at GND due to stuck port data_in                              ;
; BANCO_DE_REGISTRADORES:inst3|REGISTRADORES[14][13]          ; Stuck at GND due to stuck port data_in                              ;
; BANCO_DE_REGISTRADORES:inst3|REGISTRADORES[14][14]          ; Stuck at GND due to stuck port data_in                              ;
; BANCO_DE_REGISTRADORES:inst3|REGISTRADORES[14][15]          ; Stuck at GND due to stuck port data_in                              ;
; BANCO_DE_REGISTRADORES:inst3|REGISTRADORES[14][16]          ; Stuck at GND due to stuck port data_in                              ;
; BANCO_DE_REGISTRADORES:inst3|REGISTRADORES[14][17]          ; Stuck at GND due to stuck port data_in                              ;
; BANCO_DE_REGISTRADORES:inst3|REGISTRADORES[14][18]          ; Stuck at GND due to stuck port data_in                              ;
; BANCO_DE_REGISTRADORES:inst3|REGISTRADORES[14][19]          ; Stuck at GND due to stuck port data_in                              ;
; BANCO_DE_REGISTRADORES:inst3|REGISTRADORES[14][20]          ; Stuck at GND due to stuck port data_in                              ;
; BANCO_DE_REGISTRADORES:inst3|REGISTRADORES[14][21]          ; Stuck at GND due to stuck port data_in                              ;
; BANCO_DE_REGISTRADORES:inst3|REGISTRADORES[14][22]          ; Stuck at GND due to stuck port data_in                              ;
; BANCO_DE_REGISTRADORES:inst3|REGISTRADORES[14][23]          ; Stuck at GND due to stuck port data_in                              ;
; BANCO_DE_REGISTRADORES:inst3|REGISTRADORES[14][24]          ; Stuck at GND due to stuck port data_in                              ;
; BANCO_DE_REGISTRADORES:inst3|REGISTRADORES[14][25]          ; Stuck at GND due to stuck port data_in                              ;
; BANCO_DE_REGISTRADORES:inst3|REGISTRADORES[14][26]          ; Stuck at GND due to stuck port data_in                              ;
; BANCO_DE_REGISTRADORES:inst3|REGISTRADORES[14][27]          ; Stuck at GND due to stuck port data_in                              ;
; BANCO_DE_REGISTRADORES:inst3|REGISTRADORES[14][28]          ; Stuck at GND due to stuck port data_in                              ;
; BANCO_DE_REGISTRADORES:inst3|REGISTRADORES[14][29]          ; Stuck at GND due to stuck port data_in                              ;
; BANCO_DE_REGISTRADORES:inst3|REGISTRADORES[14][30]          ; Stuck at GND due to stuck port data_in                              ;
; BANCO_DE_REGISTRADORES:inst3|REGISTRADORES[14][31]          ; Stuck at GND due to stuck port data_in                              ;
; BANCO_DE_REGISTRADORES:inst3|REGISTRADORES[13][0]           ; Stuck at GND due to stuck port data_in                              ;
; BANCO_DE_REGISTRADORES:inst3|REGISTRADORES[13][1]           ; Stuck at GND due to stuck port data_in                              ;
; BANCO_DE_REGISTRADORES:inst3|REGISTRADORES[13][2]           ; Stuck at GND due to stuck port data_in                              ;
; BANCO_DE_REGISTRADORES:inst3|REGISTRADORES[13][3]           ; Stuck at GND due to stuck port data_in                              ;
; BANCO_DE_REGISTRADORES:inst3|REGISTRADORES[13][4]           ; Stuck at GND due to stuck port data_in                              ;
; BANCO_DE_REGISTRADORES:inst3|REGISTRADORES[13][5]           ; Stuck at GND due to stuck port data_in                              ;
; BANCO_DE_REGISTRADORES:inst3|REGISTRADORES[13][6]           ; Stuck at GND due to stuck port data_in                              ;
; BANCO_DE_REGISTRADORES:inst3|REGISTRADORES[13][7]           ; Stuck at GND due to stuck port data_in                              ;
; BANCO_DE_REGISTRADORES:inst3|REGISTRADORES[13][8]           ; Stuck at GND due to stuck port data_in                              ;
; BANCO_DE_REGISTRADORES:inst3|REGISTRADORES[13][9]           ; Stuck at GND due to stuck port data_in                              ;
; BANCO_DE_REGISTRADORES:inst3|REGISTRADORES[13][10]          ; Stuck at GND due to stuck port data_in                              ;
; BANCO_DE_REGISTRADORES:inst3|REGISTRADORES[13][11]          ; Stuck at GND due to stuck port data_in                              ;
; BANCO_DE_REGISTRADORES:inst3|REGISTRADORES[13][12]          ; Stuck at GND due to stuck port data_in                              ;
; BANCO_DE_REGISTRADORES:inst3|REGISTRADORES[13][13]          ; Stuck at GND due to stuck port data_in                              ;
; BANCO_DE_REGISTRADORES:inst3|REGISTRADORES[13][14]          ; Stuck at GND due to stuck port data_in                              ;
; BANCO_DE_REGISTRADORES:inst3|REGISTRADORES[13][15]          ; Stuck at GND due to stuck port data_in                              ;
; BANCO_DE_REGISTRADORES:inst3|REGISTRADORES[13][16]          ; Stuck at GND due to stuck port data_in                              ;
; BANCO_DE_REGISTRADORES:inst3|REGISTRADORES[13][17]          ; Stuck at GND due to stuck port data_in                              ;
; BANCO_DE_REGISTRADORES:inst3|REGISTRADORES[13][18]          ; Stuck at GND due to stuck port data_in                              ;
; BANCO_DE_REGISTRADORES:inst3|REGISTRADORES[13][19]          ; Stuck at GND due to stuck port data_in                              ;
; BANCO_DE_REGISTRADORES:inst3|REGISTRADORES[13][20]          ; Stuck at GND due to stuck port data_in                              ;
; BANCO_DE_REGISTRADORES:inst3|REGISTRADORES[13][21]          ; Stuck at GND due to stuck port data_in                              ;
; BANCO_DE_REGISTRADORES:inst3|REGISTRADORES[13][22]          ; Stuck at GND due to stuck port data_in                              ;
; BANCO_DE_REGISTRADORES:inst3|REGISTRADORES[13][23]          ; Stuck at GND due to stuck port data_in                              ;
; BANCO_DE_REGISTRADORES:inst3|REGISTRADORES[13][24]          ; Stuck at GND due to stuck port data_in                              ;
; BANCO_DE_REGISTRADORES:inst3|REGISTRADORES[13][25]          ; Stuck at GND due to stuck port data_in                              ;
; BANCO_DE_REGISTRADORES:inst3|REGISTRADORES[13][26]          ; Stuck at GND due to stuck port data_in                              ;
; BANCO_DE_REGISTRADORES:inst3|REGISTRADORES[13][27]          ; Stuck at GND due to stuck port data_in                              ;
; BANCO_DE_REGISTRADORES:inst3|REGISTRADORES[13][28]          ; Stuck at GND due to stuck port data_in                              ;
; BANCO_DE_REGISTRADORES:inst3|REGISTRADORES[13][29]          ; Stuck at GND due to stuck port data_in                              ;
; BANCO_DE_REGISTRADORES:inst3|REGISTRADORES[13][30]          ; Stuck at GND due to stuck port data_in                              ;
; BANCO_DE_REGISTRADORES:inst3|REGISTRADORES[13][31]          ; Stuck at GND due to stuck port data_in                              ;
; BANCO_DE_REGISTRADORES:inst3|REGISTRADORES[12][0]           ; Stuck at GND due to stuck port data_in                              ;
; BANCO_DE_REGISTRADORES:inst3|REGISTRADORES[12][1]           ; Stuck at GND due to stuck port data_in                              ;
; BANCO_DE_REGISTRADORES:inst3|REGISTRADORES[12][2]           ; Stuck at GND due to stuck port data_in                              ;
; BANCO_DE_REGISTRADORES:inst3|REGISTRADORES[12][3]           ; Stuck at GND due to stuck port data_in                              ;
; BANCO_DE_REGISTRADORES:inst3|REGISTRADORES[12][4]           ; Stuck at GND due to stuck port data_in                              ;
; BANCO_DE_REGISTRADORES:inst3|REGISTRADORES[12][5]           ; Stuck at GND due to stuck port data_in                              ;
; BANCO_DE_REGISTRADORES:inst3|REGISTRADORES[12][6]           ; Stuck at GND due to stuck port data_in                              ;
; BANCO_DE_REGISTRADORES:inst3|REGISTRADORES[12][7]           ; Stuck at GND due to stuck port data_in                              ;
; BANCO_DE_REGISTRADORES:inst3|REGISTRADORES[12][8]           ; Stuck at GND due to stuck port data_in                              ;
; BANCO_DE_REGISTRADORES:inst3|REGISTRADORES[12][9]           ; Stuck at GND due to stuck port data_in                              ;
; BANCO_DE_REGISTRADORES:inst3|REGISTRADORES[12][10]          ; Stuck at GND due to stuck port data_in                              ;
; BANCO_DE_REGISTRADORES:inst3|REGISTRADORES[12][11]          ; Stuck at GND due to stuck port data_in                              ;
; BANCO_DE_REGISTRADORES:inst3|REGISTRADORES[12][12]          ; Stuck at GND due to stuck port data_in                              ;
; BANCO_DE_REGISTRADORES:inst3|REGISTRADORES[12][13]          ; Stuck at GND due to stuck port data_in                              ;
; BANCO_DE_REGISTRADORES:inst3|REGISTRADORES[12][14]          ; Stuck at GND due to stuck port data_in                              ;
; BANCO_DE_REGISTRADORES:inst3|REGISTRADORES[12][15]          ; Stuck at GND due to stuck port data_in                              ;
; BANCO_DE_REGISTRADORES:inst3|REGISTRADORES[12][16]          ; Stuck at GND due to stuck port data_in                              ;
; BANCO_DE_REGISTRADORES:inst3|REGISTRADORES[12][17]          ; Stuck at GND due to stuck port data_in                              ;
; BANCO_DE_REGISTRADORES:inst3|REGISTRADORES[12][18]          ; Stuck at GND due to stuck port data_in                              ;
; BANCO_DE_REGISTRADORES:inst3|REGISTRADORES[12][19]          ; Stuck at GND due to stuck port data_in                              ;
; BANCO_DE_REGISTRADORES:inst3|REGISTRADORES[12][20]          ; Stuck at GND due to stuck port data_in                              ;
; BANCO_DE_REGISTRADORES:inst3|REGISTRADORES[12][21]          ; Stuck at GND due to stuck port data_in                              ;
; BANCO_DE_REGISTRADORES:inst3|REGISTRADORES[12][22]          ; Stuck at GND due to stuck port data_in                              ;
; BANCO_DE_REGISTRADORES:inst3|REGISTRADORES[12][23]          ; Stuck at GND due to stuck port data_in                              ;
; BANCO_DE_REGISTRADORES:inst3|REGISTRADORES[12][24]          ; Stuck at GND due to stuck port data_in                              ;
; BANCO_DE_REGISTRADORES:inst3|REGISTRADORES[12][25]          ; Stuck at GND due to stuck port data_in                              ;
; BANCO_DE_REGISTRADORES:inst3|REGISTRADORES[12][26]          ; Stuck at GND due to stuck port data_in                              ;
; BANCO_DE_REGISTRADORES:inst3|REGISTRADORES[12][27]          ; Stuck at GND due to stuck port data_in                              ;
; BANCO_DE_REGISTRADORES:inst3|REGISTRADORES[12][28]          ; Stuck at GND due to stuck port data_in                              ;
; BANCO_DE_REGISTRADORES:inst3|REGISTRADORES[12][29]          ; Stuck at GND due to stuck port data_in                              ;
; BANCO_DE_REGISTRADORES:inst3|REGISTRADORES[12][30]          ; Stuck at GND due to stuck port data_in                              ;
; BANCO_DE_REGISTRADORES:inst3|REGISTRADORES[12][31]          ; Stuck at GND due to stuck port data_in                              ;
; BANCO_DE_REGISTRADORES:inst3|REGISTRADORES[7][0]            ; Stuck at GND due to stuck port data_in                              ;
; BANCO_DE_REGISTRADORES:inst3|REGISTRADORES[7][1]            ; Stuck at GND due to stuck port data_in                              ;
; BANCO_DE_REGISTRADORES:inst3|REGISTRADORES[7][2]            ; Stuck at GND due to stuck port data_in                              ;
; BANCO_DE_REGISTRADORES:inst3|REGISTRADORES[7][3]            ; Stuck at GND due to stuck port data_in                              ;
; BANCO_DE_REGISTRADORES:inst3|REGISTRADORES[7][4]            ; Stuck at GND due to stuck port data_in                              ;
; BANCO_DE_REGISTRADORES:inst3|REGISTRADORES[7][5]            ; Stuck at GND due to stuck port data_in                              ;
; BANCO_DE_REGISTRADORES:inst3|REGISTRADORES[7][6]            ; Stuck at GND due to stuck port data_in                              ;
; BANCO_DE_REGISTRADORES:inst3|REGISTRADORES[7][7]            ; Stuck at GND due to stuck port data_in                              ;
; BANCO_DE_REGISTRADORES:inst3|REGISTRADORES[7][8]            ; Stuck at GND due to stuck port data_in                              ;
; BANCO_DE_REGISTRADORES:inst3|REGISTRADORES[7][9]            ; Stuck at GND due to stuck port data_in                              ;
; BANCO_DE_REGISTRADORES:inst3|REGISTRADORES[7][10]           ; Stuck at GND due to stuck port data_in                              ;
; BANCO_DE_REGISTRADORES:inst3|REGISTRADORES[7][11]           ; Stuck at GND due to stuck port data_in                              ;
; BANCO_DE_REGISTRADORES:inst3|REGISTRADORES[7][12]           ; Stuck at GND due to stuck port data_in                              ;
; BANCO_DE_REGISTRADORES:inst3|REGISTRADORES[7][13]           ; Stuck at GND due to stuck port data_in                              ;
; BANCO_DE_REGISTRADORES:inst3|REGISTRADORES[7][14]           ; Stuck at GND due to stuck port data_in                              ;
; BANCO_DE_REGISTRADORES:inst3|REGISTRADORES[7][15]           ; Stuck at GND due to stuck port data_in                              ;
; BANCO_DE_REGISTRADORES:inst3|REGISTRADORES[7][16]           ; Stuck at GND due to stuck port data_in                              ;
; BANCO_DE_REGISTRADORES:inst3|REGISTRADORES[7][17]           ; Stuck at GND due to stuck port data_in                              ;
; BANCO_DE_REGISTRADORES:inst3|REGISTRADORES[7][18]           ; Stuck at GND due to stuck port data_in                              ;
; BANCO_DE_REGISTRADORES:inst3|REGISTRADORES[7][19]           ; Stuck at GND due to stuck port data_in                              ;
; BANCO_DE_REGISTRADORES:inst3|REGISTRADORES[7][20]           ; Stuck at GND due to stuck port data_in                              ;
; BANCO_DE_REGISTRADORES:inst3|REGISTRADORES[7][21]           ; Stuck at GND due to stuck port data_in                              ;
; BANCO_DE_REGISTRADORES:inst3|REGISTRADORES[7][22]           ; Stuck at GND due to stuck port data_in                              ;
; BANCO_DE_REGISTRADORES:inst3|REGISTRADORES[7][23]           ; Stuck at GND due to stuck port data_in                              ;
; BANCO_DE_REGISTRADORES:inst3|REGISTRADORES[7][24]           ; Stuck at GND due to stuck port data_in                              ;
; BANCO_DE_REGISTRADORES:inst3|REGISTRADORES[7][25]           ; Stuck at GND due to stuck port data_in                              ;
; BANCO_DE_REGISTRADORES:inst3|REGISTRADORES[7][26]           ; Stuck at GND due to stuck port data_in                              ;
; BANCO_DE_REGISTRADORES:inst3|REGISTRADORES[7][27]           ; Stuck at GND due to stuck port data_in                              ;
; BANCO_DE_REGISTRADORES:inst3|REGISTRADORES[7][28]           ; Stuck at GND due to stuck port data_in                              ;
; BANCO_DE_REGISTRADORES:inst3|REGISTRADORES[7][29]           ; Stuck at GND due to stuck port data_in                              ;
; BANCO_DE_REGISTRADORES:inst3|REGISTRADORES[7][30]           ; Stuck at GND due to stuck port data_in                              ;
; BANCO_DE_REGISTRADORES:inst3|REGISTRADORES[7][31]           ; Stuck at GND due to stuck port data_in                              ;
; BANCO_DE_REGISTRADORES:inst3|REGISTRADORES[6][0]            ; Stuck at GND due to stuck port data_in                              ;
; BANCO_DE_REGISTRADORES:inst3|REGISTRADORES[6][1]            ; Stuck at GND due to stuck port data_in                              ;
; BANCO_DE_REGISTRADORES:inst3|REGISTRADORES[6][2]            ; Stuck at GND due to stuck port data_in                              ;
; BANCO_DE_REGISTRADORES:inst3|REGISTRADORES[6][3]            ; Stuck at GND due to stuck port data_in                              ;
; BANCO_DE_REGISTRADORES:inst3|REGISTRADORES[6][4]            ; Stuck at GND due to stuck port data_in                              ;
; BANCO_DE_REGISTRADORES:inst3|REGISTRADORES[6][5]            ; Stuck at GND due to stuck port data_in                              ;
; BANCO_DE_REGISTRADORES:inst3|REGISTRADORES[6][6]            ; Stuck at GND due to stuck port data_in                              ;
; BANCO_DE_REGISTRADORES:inst3|REGISTRADORES[6][7]            ; Stuck at GND due to stuck port data_in                              ;
; BANCO_DE_REGISTRADORES:inst3|REGISTRADORES[6][8]            ; Stuck at GND due to stuck port data_in                              ;
; BANCO_DE_REGISTRADORES:inst3|REGISTRADORES[6][9]            ; Stuck at GND due to stuck port data_in                              ;
; BANCO_DE_REGISTRADORES:inst3|REGISTRADORES[6][10]           ; Stuck at GND due to stuck port data_in                              ;
; BANCO_DE_REGISTRADORES:inst3|REGISTRADORES[6][11]           ; Stuck at GND due to stuck port data_in                              ;
; BANCO_DE_REGISTRADORES:inst3|REGISTRADORES[6][12]           ; Stuck at GND due to stuck port data_in                              ;
; BANCO_DE_REGISTRADORES:inst3|REGISTRADORES[6][13]           ; Stuck at GND due to stuck port data_in                              ;
; BANCO_DE_REGISTRADORES:inst3|REGISTRADORES[6][14]           ; Stuck at GND due to stuck port data_in                              ;
; BANCO_DE_REGISTRADORES:inst3|REGISTRADORES[6][15]           ; Stuck at GND due to stuck port data_in                              ;
; BANCO_DE_REGISTRADORES:inst3|REGISTRADORES[6][16]           ; Stuck at GND due to stuck port data_in                              ;
; BANCO_DE_REGISTRADORES:inst3|REGISTRADORES[6][17]           ; Stuck at GND due to stuck port data_in                              ;
; BANCO_DE_REGISTRADORES:inst3|REGISTRADORES[6][18]           ; Stuck at GND due to stuck port data_in                              ;
; BANCO_DE_REGISTRADORES:inst3|REGISTRADORES[6][19]           ; Stuck at GND due to stuck port data_in                              ;
; BANCO_DE_REGISTRADORES:inst3|REGISTRADORES[6][20]           ; Stuck at GND due to stuck port data_in                              ;
; BANCO_DE_REGISTRADORES:inst3|REGISTRADORES[6][21]           ; Stuck at GND due to stuck port data_in                              ;
; BANCO_DE_REGISTRADORES:inst3|REGISTRADORES[6][22]           ; Stuck at GND due to stuck port data_in                              ;
; BANCO_DE_REGISTRADORES:inst3|REGISTRADORES[6][23]           ; Stuck at GND due to stuck port data_in                              ;
; BANCO_DE_REGISTRADORES:inst3|REGISTRADORES[6][24]           ; Stuck at GND due to stuck port data_in                              ;
; BANCO_DE_REGISTRADORES:inst3|REGISTRADORES[6][25]           ; Stuck at GND due to stuck port data_in                              ;
; BANCO_DE_REGISTRADORES:inst3|REGISTRADORES[6][26]           ; Stuck at GND due to stuck port data_in                              ;
; BANCO_DE_REGISTRADORES:inst3|REGISTRADORES[6][27]           ; Stuck at GND due to stuck port data_in                              ;
; BANCO_DE_REGISTRADORES:inst3|REGISTRADORES[6][28]           ; Stuck at GND due to stuck port data_in                              ;
; BANCO_DE_REGISTRADORES:inst3|REGISTRADORES[6][29]           ; Stuck at GND due to stuck port data_in                              ;
; BANCO_DE_REGISTRADORES:inst3|REGISTRADORES[6][30]           ; Stuck at GND due to stuck port data_in                              ;
; BANCO_DE_REGISTRADORES:inst3|REGISTRADORES[6][31]           ; Stuck at GND due to stuck port data_in                              ;
; BANCO_DE_REGISTRADORES:inst3|REGISTRADORES[5][0]            ; Stuck at GND due to stuck port data_in                              ;
; BANCO_DE_REGISTRADORES:inst3|REGISTRADORES[5][1]            ; Stuck at GND due to stuck port data_in                              ;
; BANCO_DE_REGISTRADORES:inst3|REGISTRADORES[5][2]            ; Stuck at GND due to stuck port data_in                              ;
; BANCO_DE_REGISTRADORES:inst3|REGISTRADORES[5][3]            ; Stuck at GND due to stuck port data_in                              ;
; BANCO_DE_REGISTRADORES:inst3|REGISTRADORES[5][4]            ; Stuck at GND due to stuck port data_in                              ;
; BANCO_DE_REGISTRADORES:inst3|REGISTRADORES[5][5]            ; Stuck at GND due to stuck port data_in                              ;
; BANCO_DE_REGISTRADORES:inst3|REGISTRADORES[5][6]            ; Stuck at GND due to stuck port data_in                              ;
; BANCO_DE_REGISTRADORES:inst3|REGISTRADORES[5][7]            ; Stuck at GND due to stuck port data_in                              ;
; BANCO_DE_REGISTRADORES:inst3|REGISTRADORES[5][8]            ; Stuck at GND due to stuck port data_in                              ;
; BANCO_DE_REGISTRADORES:inst3|REGISTRADORES[5][9]            ; Stuck at GND due to stuck port data_in                              ;
; BANCO_DE_REGISTRADORES:inst3|REGISTRADORES[5][10]           ; Stuck at GND due to stuck port data_in                              ;
; BANCO_DE_REGISTRADORES:inst3|REGISTRADORES[5][11]           ; Stuck at GND due to stuck port data_in                              ;
; BANCO_DE_REGISTRADORES:inst3|REGISTRADORES[5][12]           ; Stuck at GND due to stuck port data_in                              ;
; BANCO_DE_REGISTRADORES:inst3|REGISTRADORES[5][13]           ; Stuck at GND due to stuck port data_in                              ;
; BANCO_DE_REGISTRADORES:inst3|REGISTRADORES[5][14]           ; Stuck at GND due to stuck port data_in                              ;
; BANCO_DE_REGISTRADORES:inst3|REGISTRADORES[5][15]           ; Stuck at GND due to stuck port data_in                              ;
; BANCO_DE_REGISTRADORES:inst3|REGISTRADORES[5][16]           ; Stuck at GND due to stuck port data_in                              ;
; BANCO_DE_REGISTRADORES:inst3|REGISTRADORES[5][17]           ; Stuck at GND due to stuck port data_in                              ;
; BANCO_DE_REGISTRADORES:inst3|REGISTRADORES[5][18]           ; Stuck at GND due to stuck port data_in                              ;
; BANCO_DE_REGISTRADORES:inst3|REGISTRADORES[5][19]           ; Stuck at GND due to stuck port data_in                              ;
; BANCO_DE_REGISTRADORES:inst3|REGISTRADORES[5][20]           ; Stuck at GND due to stuck port data_in                              ;
; BANCO_DE_REGISTRADORES:inst3|REGISTRADORES[5][21]           ; Stuck at GND due to stuck port data_in                              ;
; BANCO_DE_REGISTRADORES:inst3|REGISTRADORES[5][22]           ; Stuck at GND due to stuck port data_in                              ;
; BANCO_DE_REGISTRADORES:inst3|REGISTRADORES[5][23]           ; Stuck at GND due to stuck port data_in                              ;
; BANCO_DE_REGISTRADORES:inst3|REGISTRADORES[5][24]           ; Stuck at GND due to stuck port data_in                              ;
; BANCO_DE_REGISTRADORES:inst3|REGISTRADORES[5][25]           ; Stuck at GND due to stuck port data_in                              ;
; BANCO_DE_REGISTRADORES:inst3|REGISTRADORES[5][26]           ; Stuck at GND due to stuck port data_in                              ;
; BANCO_DE_REGISTRADORES:inst3|REGISTRADORES[5][27]           ; Stuck at GND due to stuck port data_in                              ;
; BANCO_DE_REGISTRADORES:inst3|REGISTRADORES[5][28]           ; Stuck at GND due to stuck port data_in                              ;
; BANCO_DE_REGISTRADORES:inst3|REGISTRADORES[5][29]           ; Stuck at GND due to stuck port data_in                              ;
; BANCO_DE_REGISTRADORES:inst3|REGISTRADORES[5][30]           ; Stuck at GND due to stuck port data_in                              ;
; BANCO_DE_REGISTRADORES:inst3|REGISTRADORES[5][31]           ; Stuck at GND due to stuck port data_in                              ;
; BANCO_DE_REGISTRADORES:inst3|REGISTRADORES[4][0]            ; Stuck at GND due to stuck port data_in                              ;
; BANCO_DE_REGISTRADORES:inst3|REGISTRADORES[4][1]            ; Stuck at GND due to stuck port data_in                              ;
; BANCO_DE_REGISTRADORES:inst3|REGISTRADORES[4][2]            ; Stuck at GND due to stuck port data_in                              ;
; BANCO_DE_REGISTRADORES:inst3|REGISTRADORES[4][3]            ; Stuck at GND due to stuck port data_in                              ;
; BANCO_DE_REGISTRADORES:inst3|REGISTRADORES[4][4]            ; Stuck at GND due to stuck port data_in                              ;
; BANCO_DE_REGISTRADORES:inst3|REGISTRADORES[4][5]            ; Stuck at GND due to stuck port data_in                              ;
; BANCO_DE_REGISTRADORES:inst3|REGISTRADORES[4][6]            ; Stuck at GND due to stuck port data_in                              ;
; BANCO_DE_REGISTRADORES:inst3|REGISTRADORES[4][7]            ; Stuck at GND due to stuck port data_in                              ;
; BANCO_DE_REGISTRADORES:inst3|REGISTRADORES[4][8]            ; Stuck at GND due to stuck port data_in                              ;
; BANCO_DE_REGISTRADORES:inst3|REGISTRADORES[4][9]            ; Stuck at GND due to stuck port data_in                              ;
; BANCO_DE_REGISTRADORES:inst3|REGISTRADORES[4][10]           ; Stuck at GND due to stuck port data_in                              ;
; BANCO_DE_REGISTRADORES:inst3|REGISTRADORES[4][11]           ; Stuck at GND due to stuck port data_in                              ;
; BANCO_DE_REGISTRADORES:inst3|REGISTRADORES[4][12]           ; Stuck at GND due to stuck port data_in                              ;
; BANCO_DE_REGISTRADORES:inst3|REGISTRADORES[4][13]           ; Stuck at GND due to stuck port data_in                              ;
; BANCO_DE_REGISTRADORES:inst3|REGISTRADORES[4][14]           ; Stuck at GND due to stuck port data_in                              ;
; BANCO_DE_REGISTRADORES:inst3|REGISTRADORES[4][15]           ; Stuck at GND due to stuck port data_in                              ;
; BANCO_DE_REGISTRADORES:inst3|REGISTRADORES[4][16]           ; Stuck at GND due to stuck port data_in                              ;
; BANCO_DE_REGISTRADORES:inst3|REGISTRADORES[4][17]           ; Stuck at GND due to stuck port data_in                              ;
; BANCO_DE_REGISTRADORES:inst3|REGISTRADORES[4][18]           ; Stuck at GND due to stuck port data_in                              ;
; BANCO_DE_REGISTRADORES:inst3|REGISTRADORES[4][19]           ; Stuck at GND due to stuck port data_in                              ;
; BANCO_DE_REGISTRADORES:inst3|REGISTRADORES[4][20]           ; Stuck at GND due to stuck port data_in                              ;
; BANCO_DE_REGISTRADORES:inst3|REGISTRADORES[4][21]           ; Stuck at GND due to stuck port data_in                              ;
; BANCO_DE_REGISTRADORES:inst3|REGISTRADORES[4][22]           ; Stuck at GND due to stuck port data_in                              ;
; BANCO_DE_REGISTRADORES:inst3|REGISTRADORES[4][23]           ; Stuck at GND due to stuck port data_in                              ;
; BANCO_DE_REGISTRADORES:inst3|REGISTRADORES[4][24]           ; Stuck at GND due to stuck port data_in                              ;
; BANCO_DE_REGISTRADORES:inst3|REGISTRADORES[4][25]           ; Stuck at GND due to stuck port data_in                              ;
; BANCO_DE_REGISTRADORES:inst3|REGISTRADORES[4][26]           ; Stuck at GND due to stuck port data_in                              ;
; BANCO_DE_REGISTRADORES:inst3|REGISTRADORES[4][27]           ; Stuck at GND due to stuck port data_in                              ;
; BANCO_DE_REGISTRADORES:inst3|REGISTRADORES[4][28]           ; Stuck at GND due to stuck port data_in                              ;
; BANCO_DE_REGISTRADORES:inst3|REGISTRADORES[4][29]           ; Stuck at GND due to stuck port data_in                              ;
; BANCO_DE_REGISTRADORES:inst3|REGISTRADORES[4][30]           ; Stuck at GND due to stuck port data_in                              ;
; BANCO_DE_REGISTRADORES:inst3|REGISTRADORES[4][31]           ; Stuck at GND due to stuck port data_in                              ;
; BANCO_DE_REGISTRADORES:inst3|REGISTRADORES[10][0]           ; Lost fanout                                                         ;
; BANCO_DE_REGISTRADORES:inst3|REGISTRADORES[26][0]           ; Lost fanout                                                         ;
; BANCO_DE_REGISTRADORES:inst3|REGISTRADORES[11][0]           ; Lost fanout                                                         ;
; BANCO_DE_REGISTRADORES:inst3|REGISTRADORES[27][0]           ; Lost fanout                                                         ;
; BANCO_DE_REGISTRADORES:inst3|REGISTRADORES[10][31]          ; Lost fanout                                                         ;
; BANCO_DE_REGISTRADORES:inst3|REGISTRADORES[26][31]          ; Lost fanout                                                         ;
; BANCO_DE_REGISTRADORES:inst3|REGISTRADORES[11][31]          ; Lost fanout                                                         ;
; BANCO_DE_REGISTRADORES:inst3|REGISTRADORES[27][31]          ; Lost fanout                                                         ;
; BANCO_DE_REGISTRADORES:inst3|REGISTRADORES[10][30]          ; Lost fanout                                                         ;
; BANCO_DE_REGISTRADORES:inst3|REGISTRADORES[26][30]          ; Lost fanout                                                         ;
; BANCO_DE_REGISTRADORES:inst3|REGISTRADORES[11][30]          ; Lost fanout                                                         ;
; BANCO_DE_REGISTRADORES:inst3|REGISTRADORES[27][30]          ; Lost fanout                                                         ;
; BANCO_DE_REGISTRADORES:inst3|REGISTRADORES[10][29]          ; Lost fanout                                                         ;
; BANCO_DE_REGISTRADORES:inst3|REGISTRADORES[26][29]          ; Lost fanout                                                         ;
; BANCO_DE_REGISTRADORES:inst3|REGISTRADORES[11][29]          ; Lost fanout                                                         ;
; BANCO_DE_REGISTRADORES:inst3|REGISTRADORES[27][29]          ; Lost fanout                                                         ;
; BANCO_DE_REGISTRADORES:inst3|REGISTRADORES[10][28]          ; Lost fanout                                                         ;
; BANCO_DE_REGISTRADORES:inst3|REGISTRADORES[26][28]          ; Lost fanout                                                         ;
; BANCO_DE_REGISTRADORES:inst3|REGISTRADORES[11][28]          ; Lost fanout                                                         ;
; BANCO_DE_REGISTRADORES:inst3|REGISTRADORES[27][28]          ; Lost fanout                                                         ;
; BANCO_DE_REGISTRADORES:inst3|REGISTRADORES[10][27]          ; Lost fanout                                                         ;
; BANCO_DE_REGISTRADORES:inst3|REGISTRADORES[26][27]          ; Lost fanout                                                         ;
; BANCO_DE_REGISTRADORES:inst3|REGISTRADORES[11][27]          ; Lost fanout                                                         ;
; BANCO_DE_REGISTRADORES:inst3|REGISTRADORES[27][27]          ; Lost fanout                                                         ;
; BANCO_DE_REGISTRADORES:inst3|REGISTRADORES[10][26]          ; Lost fanout                                                         ;
; BANCO_DE_REGISTRADORES:inst3|REGISTRADORES[26][26]          ; Lost fanout                                                         ;
; BANCO_DE_REGISTRADORES:inst3|REGISTRADORES[11][26]          ; Lost fanout                                                         ;
; BANCO_DE_REGISTRADORES:inst3|REGISTRADORES[27][26]          ; Lost fanout                                                         ;
; BANCO_DE_REGISTRADORES:inst3|REGISTRADORES[10][25]          ; Lost fanout                                                         ;
; BANCO_DE_REGISTRADORES:inst3|REGISTRADORES[26][25]          ; Lost fanout                                                         ;
; BANCO_DE_REGISTRADORES:inst3|REGISTRADORES[11][25]          ; Lost fanout                                                         ;
; BANCO_DE_REGISTRADORES:inst3|REGISTRADORES[27][25]          ; Lost fanout                                                         ;
; BANCO_DE_REGISTRADORES:inst3|REGISTRADORES[10][24]          ; Lost fanout                                                         ;
; BANCO_DE_REGISTRADORES:inst3|REGISTRADORES[26][24]          ; Lost fanout                                                         ;
; BANCO_DE_REGISTRADORES:inst3|REGISTRADORES[11][24]          ; Lost fanout                                                         ;
; BANCO_DE_REGISTRADORES:inst3|REGISTRADORES[27][24]          ; Lost fanout                                                         ;
; BANCO_DE_REGISTRADORES:inst3|REGISTRADORES[10][23]          ; Lost fanout                                                         ;
; BANCO_DE_REGISTRADORES:inst3|REGISTRADORES[26][23]          ; Lost fanout                                                         ;
; BANCO_DE_REGISTRADORES:inst3|REGISTRADORES[11][23]          ; Lost fanout                                                         ;
; BANCO_DE_REGISTRADORES:inst3|REGISTRADORES[27][23]          ; Lost fanout                                                         ;
; BANCO_DE_REGISTRADORES:inst3|REGISTRADORES[10][22]          ; Lost fanout                                                         ;
; BANCO_DE_REGISTRADORES:inst3|REGISTRADORES[26][22]          ; Lost fanout                                                         ;
; BANCO_DE_REGISTRADORES:inst3|REGISTRADORES[11][22]          ; Lost fanout                                                         ;
; BANCO_DE_REGISTRADORES:inst3|REGISTRADORES[27][22]          ; Lost fanout                                                         ;
; BANCO_DE_REGISTRADORES:inst3|REGISTRADORES[10][21]          ; Lost fanout                                                         ;
; BANCO_DE_REGISTRADORES:inst3|REGISTRADORES[26][21]          ; Lost fanout                                                         ;
; BANCO_DE_REGISTRADORES:inst3|REGISTRADORES[11][21]          ; Lost fanout                                                         ;
; BANCO_DE_REGISTRADORES:inst3|REGISTRADORES[27][21]          ; Lost fanout                                                         ;
; BANCO_DE_REGISTRADORES:inst3|REGISTRADORES[10][20]          ; Lost fanout                                                         ;
; BANCO_DE_REGISTRADORES:inst3|REGISTRADORES[26][20]          ; Lost fanout                                                         ;
; BANCO_DE_REGISTRADORES:inst3|REGISTRADORES[11][20]          ; Lost fanout                                                         ;
; BANCO_DE_REGISTRADORES:inst3|REGISTRADORES[27][20]          ; Lost fanout                                                         ;
; BANCO_DE_REGISTRADORES:inst3|REGISTRADORES[10][19]          ; Lost fanout                                                         ;
; BANCO_DE_REGISTRADORES:inst3|REGISTRADORES[26][19]          ; Lost fanout                                                         ;
; BANCO_DE_REGISTRADORES:inst3|REGISTRADORES[11][19]          ; Lost fanout                                                         ;
; BANCO_DE_REGISTRADORES:inst3|REGISTRADORES[27][19]          ; Lost fanout                                                         ;
; BANCO_DE_REGISTRADORES:inst3|REGISTRADORES[10][18]          ; Lost fanout                                                         ;
; BANCO_DE_REGISTRADORES:inst3|REGISTRADORES[26][18]          ; Lost fanout                                                         ;
; BANCO_DE_REGISTRADORES:inst3|REGISTRADORES[11][18]          ; Lost fanout                                                         ;
; BANCO_DE_REGISTRADORES:inst3|REGISTRADORES[27][18]          ; Lost fanout                                                         ;
; BANCO_DE_REGISTRADORES:inst3|REGISTRADORES[10][17]          ; Lost fanout                                                         ;
; BANCO_DE_REGISTRADORES:inst3|REGISTRADORES[26][17]          ; Lost fanout                                                         ;
; BANCO_DE_REGISTRADORES:inst3|REGISTRADORES[11][17]          ; Lost fanout                                                         ;
; BANCO_DE_REGISTRADORES:inst3|REGISTRADORES[27][17]          ; Lost fanout                                                         ;
; BANCO_DE_REGISTRADORES:inst3|REGISTRADORES[10][16]          ; Lost fanout                                                         ;
; BANCO_DE_REGISTRADORES:inst3|REGISTRADORES[26][16]          ; Lost fanout                                                         ;
; BANCO_DE_REGISTRADORES:inst3|REGISTRADORES[11][16]          ; Lost fanout                                                         ;
; BANCO_DE_REGISTRADORES:inst3|REGISTRADORES[27][16]          ; Lost fanout                                                         ;
; BANCO_DE_REGISTRADORES:inst3|REGISTRADORES[10][15]          ; Lost fanout                                                         ;
; BANCO_DE_REGISTRADORES:inst3|REGISTRADORES[26][15]          ; Lost fanout                                                         ;
; BANCO_DE_REGISTRADORES:inst3|REGISTRADORES[11][15]          ; Lost fanout                                                         ;
; BANCO_DE_REGISTRADORES:inst3|REGISTRADORES[27][15]          ; Lost fanout                                                         ;
; BANCO_DE_REGISTRADORES:inst3|REGISTRADORES[10][14]          ; Lost fanout                                                         ;
; BANCO_DE_REGISTRADORES:inst3|REGISTRADORES[26][14]          ; Lost fanout                                                         ;
; BANCO_DE_REGISTRADORES:inst3|REGISTRADORES[11][14]          ; Lost fanout                                                         ;
; BANCO_DE_REGISTRADORES:inst3|REGISTRADORES[27][14]          ; Lost fanout                                                         ;
; BANCO_DE_REGISTRADORES:inst3|REGISTRADORES[10][13]          ; Lost fanout                                                         ;
; BANCO_DE_REGISTRADORES:inst3|REGISTRADORES[26][13]          ; Lost fanout                                                         ;
; BANCO_DE_REGISTRADORES:inst3|REGISTRADORES[11][13]          ; Lost fanout                                                         ;
; BANCO_DE_REGISTRADORES:inst3|REGISTRADORES[27][13]          ; Lost fanout                                                         ;
; BANCO_DE_REGISTRADORES:inst3|REGISTRADORES[10][12]          ; Lost fanout                                                         ;
; BANCO_DE_REGISTRADORES:inst3|REGISTRADORES[26][12]          ; Lost fanout                                                         ;
; BANCO_DE_REGISTRADORES:inst3|REGISTRADORES[11][12]          ; Lost fanout                                                         ;
; BANCO_DE_REGISTRADORES:inst3|REGISTRADORES[27][12]          ; Lost fanout                                                         ;
; BANCO_DE_REGISTRADORES:inst3|REGISTRADORES[10][11]          ; Lost fanout                                                         ;
; BANCO_DE_REGISTRADORES:inst3|REGISTRADORES[26][11]          ; Lost fanout                                                         ;
; BANCO_DE_REGISTRADORES:inst3|REGISTRADORES[11][11]          ; Lost fanout                                                         ;
; BANCO_DE_REGISTRADORES:inst3|REGISTRADORES[27][11]          ; Lost fanout                                                         ;
; BANCO_DE_REGISTRADORES:inst3|REGISTRADORES[10][10]          ; Lost fanout                                                         ;
; BANCO_DE_REGISTRADORES:inst3|REGISTRADORES[26][10]          ; Lost fanout                                                         ;
; BANCO_DE_REGISTRADORES:inst3|REGISTRADORES[11][10]          ; Lost fanout                                                         ;
; BANCO_DE_REGISTRADORES:inst3|REGISTRADORES[27][10]          ; Lost fanout                                                         ;
; BANCO_DE_REGISTRADORES:inst3|REGISTRADORES[10][9]           ; Lost fanout                                                         ;
; BANCO_DE_REGISTRADORES:inst3|REGISTRADORES[26][9]           ; Lost fanout                                                         ;
; BANCO_DE_REGISTRADORES:inst3|REGISTRADORES[11][9]           ; Lost fanout                                                         ;
; BANCO_DE_REGISTRADORES:inst3|REGISTRADORES[27][9]           ; Lost fanout                                                         ;
; BANCO_DE_REGISTRADORES:inst3|REGISTRADORES[10][8]           ; Lost fanout                                                         ;
; BANCO_DE_REGISTRADORES:inst3|REGISTRADORES[26][8]           ; Lost fanout                                                         ;
; BANCO_DE_REGISTRADORES:inst3|REGISTRADORES[11][8]           ; Lost fanout                                                         ;
; BANCO_DE_REGISTRADORES:inst3|REGISTRADORES[27][8]           ; Lost fanout                                                         ;
; BANCO_DE_REGISTRADORES:inst3|REGISTRADORES[10][7]           ; Lost fanout                                                         ;
; BANCO_DE_REGISTRADORES:inst3|REGISTRADORES[26][7]           ; Lost fanout                                                         ;
; BANCO_DE_REGISTRADORES:inst3|REGISTRADORES[11][7]           ; Lost fanout                                                         ;
; BANCO_DE_REGISTRADORES:inst3|REGISTRADORES[27][7]           ; Lost fanout                                                         ;
; BANCO_DE_REGISTRADORES:inst3|REGISTRADORES[10][6]           ; Lost fanout                                                         ;
; BANCO_DE_REGISTRADORES:inst3|REGISTRADORES[26][6]           ; Lost fanout                                                         ;
; BANCO_DE_REGISTRADORES:inst3|REGISTRADORES[11][6]           ; Lost fanout                                                         ;
; BANCO_DE_REGISTRADORES:inst3|REGISTRADORES[27][6]           ; Lost fanout                                                         ;
; BANCO_DE_REGISTRADORES:inst3|REGISTRADORES[10][5]           ; Lost fanout                                                         ;
; BANCO_DE_REGISTRADORES:inst3|REGISTRADORES[26][5]           ; Lost fanout                                                         ;
; BANCO_DE_REGISTRADORES:inst3|REGISTRADORES[11][5]           ; Lost fanout                                                         ;
; BANCO_DE_REGISTRADORES:inst3|REGISTRADORES[27][5]           ; Lost fanout                                                         ;
; BANCO_DE_REGISTRADORES:inst3|REGISTRADORES[10][4]           ; Lost fanout                                                         ;
; BANCO_DE_REGISTRADORES:inst3|REGISTRADORES[26][4]           ; Lost fanout                                                         ;
; BANCO_DE_REGISTRADORES:inst3|REGISTRADORES[11][4]           ; Lost fanout                                                         ;
; BANCO_DE_REGISTRADORES:inst3|REGISTRADORES[27][4]           ; Lost fanout                                                         ;
; BANCO_DE_REGISTRADORES:inst3|REGISTRADORES[10][3]           ; Lost fanout                                                         ;
; BANCO_DE_REGISTRADORES:inst3|REGISTRADORES[26][3]           ; Lost fanout                                                         ;
; BANCO_DE_REGISTRADORES:inst3|REGISTRADORES[11][3]           ; Lost fanout                                                         ;
; BANCO_DE_REGISTRADORES:inst3|REGISTRADORES[27][3]           ; Lost fanout                                                         ;
; BANCO_DE_REGISTRADORES:inst3|REGISTRADORES[10][2]           ; Lost fanout                                                         ;
; BANCO_DE_REGISTRADORES:inst3|REGISTRADORES[26][2]           ; Lost fanout                                                         ;
; BANCO_DE_REGISTRADORES:inst3|REGISTRADORES[11][2]           ; Lost fanout                                                         ;
; BANCO_DE_REGISTRADORES:inst3|REGISTRADORES[27][2]           ; Lost fanout                                                         ;
; BANCO_DE_REGISTRADORES:inst3|REGISTRADORES[10][1]           ; Lost fanout                                                         ;
; BANCO_DE_REGISTRADORES:inst3|REGISTRADORES[26][1]           ; Lost fanout                                                         ;
; BANCO_DE_REGISTRADORES:inst3|REGISTRADORES[11][1]           ; Lost fanout                                                         ;
; BANCO_DE_REGISTRADORES:inst3|REGISTRADORES[27][1]           ; Lost fanout                                                         ;
; CONTADOR_DE_PROGRAMA_COM_RESET:inst21|ENDERECO_SAIDA[8..31] ; Lost fanout                                                         ;
; Total Number of Removed Registers = 666                     ;                                                                     ;
+-------------------------------------------------------------+---------------------------------------------------------------------+


+--------------------------------------------------------------------------------------------------------------------------------------------------+
; Removed Registers Triggering Further Register Optimizations                                                                                      ;
+----------------------------------------------------------+---------------------------+-----------------------------------------------------------+
; Register name                                            ; Reason for Removal        ; Registers Removed due to This Register                    ;
+----------------------------------------------------------+---------------------------+-----------------------------------------------------------+
; CONTADOR_DE_PROGRAMA_COM_RESET:inst21|ENDERECO_SAIDA[0]  ; Stuck at GND              ; BANCO_DE_REGISTRADORES:inst3|REGISTRADORES[31][0],        ;
;                                                          ; due to stuck port data_in ; BANCO_DE_REGISTRADORES:inst3|REGISTRADORES[31][1],        ;
;                                                          ;                           ; BANCO_DE_REGISTRADORES:inst3|REGISTRADORES[31][2],        ;
;                                                          ;                           ; BANCO_DE_REGISTRADORES:inst3|REGISTRADORES[31][3],        ;
;                                                          ;                           ; BANCO_DE_REGISTRADORES:inst3|REGISTRADORES[31][4],        ;
;                                                          ;                           ; BANCO_DE_REGISTRADORES:inst3|REGISTRADORES[31][5],        ;
;                                                          ;                           ; BANCO_DE_REGISTRADORES:inst3|REGISTRADORES[31][6],        ;
;                                                          ;                           ; BANCO_DE_REGISTRADORES:inst3|REGISTRADORES[31][7],        ;
;                                                          ;                           ; BANCO_DE_REGISTRADORES:inst3|REGISTRADORES[31][8],        ;
;                                                          ;                           ; BANCO_DE_REGISTRADORES:inst3|REGISTRADORES[31][9],        ;
;                                                          ;                           ; BANCO_DE_REGISTRADORES:inst3|REGISTRADORES[31][10],       ;
;                                                          ;                           ; BANCO_DE_REGISTRADORES:inst3|REGISTRADORES[31][11],       ;
;                                                          ;                           ; BANCO_DE_REGISTRADORES:inst3|REGISTRADORES[31][12],       ;
;                                                          ;                           ; BANCO_DE_REGISTRADORES:inst3|REGISTRADORES[31][13],       ;
;                                                          ;                           ; BANCO_DE_REGISTRADORES:inst3|REGISTRADORES[31][14],       ;
;                                                          ;                           ; BANCO_DE_REGISTRADORES:inst3|REGISTRADORES[31][15],       ;
;                                                          ;                           ; BANCO_DE_REGISTRADORES:inst3|REGISTRADORES[31][16],       ;
;                                                          ;                           ; BANCO_DE_REGISTRADORES:inst3|REGISTRADORES[31][17],       ;
;                                                          ;                           ; BANCO_DE_REGISTRADORES:inst3|REGISTRADORES[31][18],       ;
;                                                          ;                           ; BANCO_DE_REGISTRADORES:inst3|REGISTRADORES[31][19],       ;
;                                                          ;                           ; BANCO_DE_REGISTRADORES:inst3|REGISTRADORES[31][20],       ;
;                                                          ;                           ; BANCO_DE_REGISTRADORES:inst3|REGISTRADORES[31][21],       ;
;                                                          ;                           ; BANCO_DE_REGISTRADORES:inst3|REGISTRADORES[31][22],       ;
;                                                          ;                           ; BANCO_DE_REGISTRADORES:inst3|REGISTRADORES[31][23],       ;
;                                                          ;                           ; BANCO_DE_REGISTRADORES:inst3|REGISTRADORES[31][24],       ;
;                                                          ;                           ; BANCO_DE_REGISTRADORES:inst3|REGISTRADORES[31][25],       ;
;                                                          ;                           ; BANCO_DE_REGISTRADORES:inst3|REGISTRADORES[31][26],       ;
;                                                          ;                           ; BANCO_DE_REGISTRADORES:inst3|REGISTRADORES[31][27],       ;
;                                                          ;                           ; BANCO_DE_REGISTRADORES:inst3|REGISTRADORES[31][28],       ;
;                                                          ;                           ; BANCO_DE_REGISTRADORES:inst3|REGISTRADORES[31][29],       ;
;                                                          ;                           ; BANCO_DE_REGISTRADORES:inst3|REGISTRADORES[31][30],       ;
;                                                          ;                           ; BANCO_DE_REGISTRADORES:inst3|REGISTRADORES[31][31],       ;
;                                                          ;                           ; BANCO_DE_REGISTRADORES:inst3|REGISTRADORES[30][0],        ;
;                                                          ;                           ; BANCO_DE_REGISTRADORES:inst3|REGISTRADORES[30][1],        ;
;                                                          ;                           ; BANCO_DE_REGISTRADORES:inst3|REGISTRADORES[30][2],        ;
;                                                          ;                           ; BANCO_DE_REGISTRADORES:inst3|REGISTRADORES[30][3],        ;
;                                                          ;                           ; BANCO_DE_REGISTRADORES:inst3|REGISTRADORES[30][4],        ;
;                                                          ;                           ; BANCO_DE_REGISTRADORES:inst3|REGISTRADORES[30][5],        ;
;                                                          ;                           ; BANCO_DE_REGISTRADORES:inst3|REGISTRADORES[30][6],        ;
;                                                          ;                           ; BANCO_DE_REGISTRADORES:inst3|REGISTRADORES[30][7],        ;
;                                                          ;                           ; BANCO_DE_REGISTRADORES:inst3|REGISTRADORES[30][8],        ;
;                                                          ;                           ; BANCO_DE_REGISTRADORES:inst3|REGISTRADORES[30][9],        ;
;                                                          ;                           ; BANCO_DE_REGISTRADORES:inst3|REGISTRADORES[30][10],       ;
;                                                          ;                           ; BANCO_DE_REGISTRADORES:inst3|REGISTRADORES[30][11],       ;
;                                                          ;                           ; BANCO_DE_REGISTRADORES:inst3|REGISTRADORES[30][12],       ;
;                                                          ;                           ; BANCO_DE_REGISTRADORES:inst3|REGISTRADORES[30][13],       ;
;                                                          ;                           ; BANCO_DE_REGISTRADORES:inst3|REGISTRADORES[30][14],       ;
;                                                          ;                           ; BANCO_DE_REGISTRADORES:inst3|REGISTRADORES[30][15],       ;
;                                                          ;                           ; BANCO_DE_REGISTRADORES:inst3|REGISTRADORES[30][16],       ;
;                                                          ;                           ; BANCO_DE_REGISTRADORES:inst3|REGISTRADORES[30][17],       ;
;                                                          ;                           ; BANCO_DE_REGISTRADORES:inst3|REGISTRADORES[30][18],       ;
;                                                          ;                           ; BANCO_DE_REGISTRADORES:inst3|REGISTRADORES[30][19],       ;
;                                                          ;                           ; BANCO_DE_REGISTRADORES:inst3|REGISTRADORES[30][20],       ;
;                                                          ;                           ; BANCO_DE_REGISTRADORES:inst3|REGISTRADORES[30][21],       ;
;                                                          ;                           ; BANCO_DE_REGISTRADORES:inst3|REGISTRADORES[30][22],       ;
;                                                          ;                           ; BANCO_DE_REGISTRADORES:inst3|REGISTRADORES[30][23],       ;
;                                                          ;                           ; BANCO_DE_REGISTRADORES:inst3|REGISTRADORES[30][24],       ;
;                                                          ;                           ; BANCO_DE_REGISTRADORES:inst3|REGISTRADORES[30][25],       ;
;                                                          ;                           ; BANCO_DE_REGISTRADORES:inst3|REGISTRADORES[30][26],       ;
;                                                          ;                           ; BANCO_DE_REGISTRADORES:inst3|REGISTRADORES[30][27],       ;
;                                                          ;                           ; BANCO_DE_REGISTRADORES:inst3|REGISTRADORES[30][28],       ;
;                                                          ;                           ; BANCO_DE_REGISTRADORES:inst3|REGISTRADORES[30][29],       ;
;                                                          ;                           ; BANCO_DE_REGISTRADORES:inst3|REGISTRADORES[30][30],       ;
;                                                          ;                           ; BANCO_DE_REGISTRADORES:inst3|REGISTRADORES[30][31],       ;
;                                                          ;                           ; BANCO_DE_REGISTRADORES:inst3|REGISTRADORES[29][0],        ;
;                                                          ;                           ; BANCO_DE_REGISTRADORES:inst3|REGISTRADORES[29][1],        ;
;                                                          ;                           ; BANCO_DE_REGISTRADORES:inst3|REGISTRADORES[29][2],        ;
;                                                          ;                           ; BANCO_DE_REGISTRADORES:inst3|REGISTRADORES[29][3],        ;
;                                                          ;                           ; BANCO_DE_REGISTRADORES:inst3|REGISTRADORES[29][4],        ;
;                                                          ;                           ; BANCO_DE_REGISTRADORES:inst3|REGISTRADORES[29][5],        ;
;                                                          ;                           ; BANCO_DE_REGISTRADORES:inst3|REGISTRADORES[29][6],        ;
;                                                          ;                           ; BANCO_DE_REGISTRADORES:inst3|REGISTRADORES[29][7],        ;
;                                                          ;                           ; BANCO_DE_REGISTRADORES:inst3|REGISTRADORES[29][8],        ;
;                                                          ;                           ; BANCO_DE_REGISTRADORES:inst3|REGISTRADORES[29][9],        ;
;                                                          ;                           ; BANCO_DE_REGISTRADORES:inst3|REGISTRADORES[29][10],       ;
;                                                          ;                           ; BANCO_DE_REGISTRADORES:inst3|REGISTRADORES[29][11],       ;
;                                                          ;                           ; BANCO_DE_REGISTRADORES:inst3|REGISTRADORES[29][12],       ;
;                                                          ;                           ; BANCO_DE_REGISTRADORES:inst3|REGISTRADORES[29][13],       ;
;                                                          ;                           ; BANCO_DE_REGISTRADORES:inst3|REGISTRADORES[29][14],       ;
;                                                          ;                           ; BANCO_DE_REGISTRADORES:inst3|REGISTRADORES[29][15],       ;
;                                                          ;                           ; BANCO_DE_REGISTRADORES:inst3|REGISTRADORES[29][16],       ;
;                                                          ;                           ; BANCO_DE_REGISTRADORES:inst3|REGISTRADORES[29][17],       ;
;                                                          ;                           ; BANCO_DE_REGISTRADORES:inst3|REGISTRADORES[29][18],       ;
;                                                          ;                           ; BANCO_DE_REGISTRADORES:inst3|REGISTRADORES[29][19],       ;
;                                                          ;                           ; BANCO_DE_REGISTRADORES:inst3|REGISTRADORES[29][20],       ;
;                                                          ;                           ; BANCO_DE_REGISTRADORES:inst3|REGISTRADORES[29][21],       ;
;                                                          ;                           ; BANCO_DE_REGISTRADORES:inst3|REGISTRADORES[29][22],       ;
;                                                          ;                           ; BANCO_DE_REGISTRADORES:inst3|REGISTRADORES[29][23],       ;
;                                                          ;                           ; BANCO_DE_REGISTRADORES:inst3|REGISTRADORES[29][24],       ;
;                                                          ;                           ; BANCO_DE_REGISTRADORES:inst3|REGISTRADORES[29][25],       ;
;                                                          ;                           ; BANCO_DE_REGISTRADORES:inst3|REGISTRADORES[29][26],       ;
;                                                          ;                           ; BANCO_DE_REGISTRADORES:inst3|REGISTRADORES[29][27],       ;
;                                                          ;                           ; BANCO_DE_REGISTRADORES:inst3|REGISTRADORES[29][28],       ;
;                                                          ;                           ; BANCO_DE_REGISTRADORES:inst3|REGISTRADORES[29][29],       ;
;                                                          ;                           ; BANCO_DE_REGISTRADORES:inst3|REGISTRADORES[29][30],       ;
;                                                          ;                           ; BANCO_DE_REGISTRADORES:inst3|REGISTRADORES[29][31],       ;
;                                                          ;                           ; BANCO_DE_REGISTRADORES:inst3|REGISTRADORES[28][0],        ;
;                                                          ;                           ; BANCO_DE_REGISTRADORES:inst3|REGISTRADORES[28][1],        ;
;                                                          ;                           ; BANCO_DE_REGISTRADORES:inst3|REGISTRADORES[28][2],        ;
;                                                          ;                           ; BANCO_DE_REGISTRADORES:inst3|REGISTRADORES[28][3],        ;
;                                                          ;                           ; BANCO_DE_REGISTRADORES:inst3|REGISTRADORES[28][4],        ;
;                                                          ;                           ; BANCO_DE_REGISTRADORES:inst3|REGISTRADORES[28][5],        ;
;                                                          ;                           ; BANCO_DE_REGISTRADORES:inst3|REGISTRADORES[28][6],        ;
;                                                          ;                           ; BANCO_DE_REGISTRADORES:inst3|REGISTRADORES[28][7],        ;
;                                                          ;                           ; BANCO_DE_REGISTRADORES:inst3|REGISTRADORES[28][8],        ;
;                                                          ;                           ; BANCO_DE_REGISTRADORES:inst3|REGISTRADORES[28][9],        ;
;                                                          ;                           ; BANCO_DE_REGISTRADORES:inst3|REGISTRADORES[28][10],       ;
;                                                          ;                           ; BANCO_DE_REGISTRADORES:inst3|REGISTRADORES[28][11],       ;
;                                                          ;                           ; BANCO_DE_REGISTRADORES:inst3|REGISTRADORES[28][12],       ;
;                                                          ;                           ; BANCO_DE_REGISTRADORES:inst3|REGISTRADORES[28][13],       ;
;                                                          ;                           ; BANCO_DE_REGISTRADORES:inst3|REGISTRADORES[28][14],       ;
;                                                          ;                           ; BANCO_DE_REGISTRADORES:inst3|REGISTRADORES[28][15],       ;
;                                                          ;                           ; BANCO_DE_REGISTRADORES:inst3|REGISTRADORES[28][16],       ;
;                                                          ;                           ; BANCO_DE_REGISTRADORES:inst3|REGISTRADORES[28][17],       ;
;                                                          ;                           ; BANCO_DE_REGISTRADORES:inst3|REGISTRADORES[28][18],       ;
;                                                          ;                           ; BANCO_DE_REGISTRADORES:inst3|REGISTRADORES[28][19],       ;
;                                                          ;                           ; BANCO_DE_REGISTRADORES:inst3|REGISTRADORES[28][20],       ;
;                                                          ;                           ; BANCO_DE_REGISTRADORES:inst3|REGISTRADORES[28][21],       ;
;                                                          ;                           ; BANCO_DE_REGISTRADORES:inst3|REGISTRADORES[28][22],       ;
;                                                          ;                           ; BANCO_DE_REGISTRADORES:inst3|REGISTRADORES[28][23],       ;
;                                                          ;                           ; BANCO_DE_REGISTRADORES:inst3|REGISTRADORES[28][24],       ;
;                                                          ;                           ; BANCO_DE_REGISTRADORES:inst3|REGISTRADORES[28][25],       ;
;                                                          ;                           ; BANCO_DE_REGISTRADORES:inst3|REGISTRADORES[28][26],       ;
;                                                          ;                           ; BANCO_DE_REGISTRADORES:inst3|REGISTRADORES[28][27],       ;
;                                                          ;                           ; BANCO_DE_REGISTRADORES:inst3|REGISTRADORES[28][28],       ;
;                                                          ;                           ; BANCO_DE_REGISTRADORES:inst3|REGISTRADORES[28][29],       ;
;                                                          ;                           ; BANCO_DE_REGISTRADORES:inst3|REGISTRADORES[28][30],       ;
;                                                          ;                           ; BANCO_DE_REGISTRADORES:inst3|REGISTRADORES[28][31],       ;
;                                                          ;                           ; BANCO_DE_REGISTRADORES:inst3|REGISTRADORES[23][0],        ;
;                                                          ;                           ; BANCO_DE_REGISTRADORES:inst3|REGISTRADORES[23][1],        ;
;                                                          ;                           ; BANCO_DE_REGISTRADORES:inst3|REGISTRADORES[23][2],        ;
;                                                          ;                           ; BANCO_DE_REGISTRADORES:inst3|REGISTRADORES[23][3],        ;
;                                                          ;                           ; BANCO_DE_REGISTRADORES:inst3|REGISTRADORES[23][4],        ;
;                                                          ;                           ; BANCO_DE_REGISTRADORES:inst3|REGISTRADORES[23][5],        ;
;                                                          ;                           ; BANCO_DE_REGISTRADORES:inst3|REGISTRADORES[23][6],        ;
;                                                          ;                           ; BANCO_DE_REGISTRADORES:inst3|REGISTRADORES[23][7],        ;
;                                                          ;                           ; BANCO_DE_REGISTRADORES:inst3|REGISTRADORES[23][8],        ;
;                                                          ;                           ; BANCO_DE_REGISTRADORES:inst3|REGISTRADORES[23][9],        ;
;                                                          ;                           ; BANCO_DE_REGISTRADORES:inst3|REGISTRADORES[23][10],       ;
;                                                          ;                           ; BANCO_DE_REGISTRADORES:inst3|REGISTRADORES[23][11],       ;
;                                                          ;                           ; BANCO_DE_REGISTRADORES:inst3|REGISTRADORES[23][12],       ;
;                                                          ;                           ; BANCO_DE_REGISTRADORES:inst3|REGISTRADORES[23][13],       ;
;                                                          ;                           ; BANCO_DE_REGISTRADORES:inst3|REGISTRADORES[23][14],       ;
;                                                          ;                           ; BANCO_DE_REGISTRADORES:inst3|REGISTRADORES[23][15],       ;
;                                                          ;                           ; BANCO_DE_REGISTRADORES:inst3|REGISTRADORES[23][16],       ;
;                                                          ;                           ; BANCO_DE_REGISTRADORES:inst3|REGISTRADORES[23][17],       ;
;                                                          ;                           ; BANCO_DE_REGISTRADORES:inst3|REGISTRADORES[23][18],       ;
;                                                          ;                           ; BANCO_DE_REGISTRADORES:inst3|REGISTRADORES[23][19],       ;
;                                                          ;                           ; BANCO_DE_REGISTRADORES:inst3|REGISTRADORES[23][20],       ;
;                                                          ;                           ; BANCO_DE_REGISTRADORES:inst3|REGISTRADORES[23][21],       ;
;                                                          ;                           ; BANCO_DE_REGISTRADORES:inst3|REGISTRADORES[23][22],       ;
;                                                          ;                           ; BANCO_DE_REGISTRADORES:inst3|REGISTRADORES[23][23],       ;
;                                                          ;                           ; BANCO_DE_REGISTRADORES:inst3|REGISTRADORES[23][24],       ;
;                                                          ;                           ; BANCO_DE_REGISTRADORES:inst3|REGISTRADORES[23][25],       ;
;                                                          ;                           ; BANCO_DE_REGISTRADORES:inst3|REGISTRADORES[23][26],       ;
;                                                          ;                           ; BANCO_DE_REGISTRADORES:inst3|REGISTRADORES[23][27],       ;
;                                                          ;                           ; BANCO_DE_REGISTRADORES:inst3|REGISTRADORES[23][28],       ;
;                                                          ;                           ; BANCO_DE_REGISTRADORES:inst3|REGISTRADORES[23][29],       ;
;                                                          ;                           ; BANCO_DE_REGISTRADORES:inst3|REGISTRADORES[23][30],       ;
;                                                          ;                           ; BANCO_DE_REGISTRADORES:inst3|REGISTRADORES[23][31],       ;
;                                                          ;                           ; BANCO_DE_REGISTRADORES:inst3|REGISTRADORES[22][0],        ;
;                                                          ;                           ; BANCO_DE_REGISTRADORES:inst3|REGISTRADORES[22][1],        ;
;                                                          ;                           ; BANCO_DE_REGISTRADORES:inst3|REGISTRADORES[22][2],        ;
;                                                          ;                           ; BANCO_DE_REGISTRADORES:inst3|REGISTRADORES[22][3],        ;
;                                                          ;                           ; BANCO_DE_REGISTRADORES:inst3|REGISTRADORES[22][4],        ;
;                                                          ;                           ; BANCO_DE_REGISTRADORES:inst3|REGISTRADORES[22][5],        ;
;                                                          ;                           ; BANCO_DE_REGISTRADORES:inst3|REGISTRADORES[22][6],        ;
;                                                          ;                           ; BANCO_DE_REGISTRADORES:inst3|REGISTRADORES[22][7],        ;
;                                                          ;                           ; BANCO_DE_REGISTRADORES:inst3|REGISTRADORES[22][8],        ;
;                                                          ;                           ; BANCO_DE_REGISTRADORES:inst3|REGISTRADORES[22][9],        ;
;                                                          ;                           ; BANCO_DE_REGISTRADORES:inst3|REGISTRADORES[22][10],       ;
;                                                          ;                           ; BANCO_DE_REGISTRADORES:inst3|REGISTRADORES[22][11],       ;
;                                                          ;                           ; BANCO_DE_REGISTRADORES:inst3|REGISTRADORES[22][12],       ;
;                                                          ;                           ; BANCO_DE_REGISTRADORES:inst3|REGISTRADORES[22][13],       ;
;                                                          ;                           ; BANCO_DE_REGISTRADORES:inst3|REGISTRADORES[22][14],       ;
;                                                          ;                           ; BANCO_DE_REGISTRADORES:inst3|REGISTRADORES[22][15],       ;
;                                                          ;                           ; BANCO_DE_REGISTRADORES:inst3|REGISTRADORES[22][16],       ;
;                                                          ;                           ; BANCO_DE_REGISTRADORES:inst3|REGISTRADORES[22][17],       ;
;                                                          ;                           ; BANCO_DE_REGISTRADORES:inst3|REGISTRADORES[22][18],       ;
;                                                          ;                           ; BANCO_DE_REGISTRADORES:inst3|REGISTRADORES[22][19],       ;
;                                                          ;                           ; BANCO_DE_REGISTRADORES:inst3|REGISTRADORES[22][20],       ;
;                                                          ;                           ; BANCO_DE_REGISTRADORES:inst3|REGISTRADORES[22][21],       ;
;                                                          ;                           ; BANCO_DE_REGISTRADORES:inst3|REGISTRADORES[22][22],       ;
;                                                          ;                           ; BANCO_DE_REGISTRADORES:inst3|REGISTRADORES[22][23],       ;
;                                                          ;                           ; BANCO_DE_REGISTRADORES:inst3|REGISTRADORES[22][24],       ;
;                                                          ;                           ; BANCO_DE_REGISTRADORES:inst3|REGISTRADORES[22][25],       ;
;                                                          ;                           ; BANCO_DE_REGISTRADORES:inst3|REGISTRADORES[22][26],       ;
;                                                          ;                           ; BANCO_DE_REGISTRADORES:inst3|REGISTRADORES[22][27],       ;
;                                                          ;                           ; BANCO_DE_REGISTRADORES:inst3|REGISTRADORES[22][28],       ;
;                                                          ;                           ; BANCO_DE_REGISTRADORES:inst3|REGISTRADORES[22][29],       ;
;                                                          ;                           ; BANCO_DE_REGISTRADORES:inst3|REGISTRADORES[22][30],       ;
;                                                          ;                           ; BANCO_DE_REGISTRADORES:inst3|REGISTRADORES[22][31],       ;
;                                                          ;                           ; BANCO_DE_REGISTRADORES:inst3|REGISTRADORES[21][0],        ;
;                                                          ;                           ; BANCO_DE_REGISTRADORES:inst3|REGISTRADORES[21][1],        ;
;                                                          ;                           ; BANCO_DE_REGISTRADORES:inst3|REGISTRADORES[21][2],        ;
;                                                          ;                           ; BANCO_DE_REGISTRADORES:inst3|REGISTRADORES[21][3],        ;
;                                                          ;                           ; BANCO_DE_REGISTRADORES:inst3|REGISTRADORES[21][4],        ;
;                                                          ;                           ; BANCO_DE_REGISTRADORES:inst3|REGISTRADORES[21][5],        ;
;                                                          ;                           ; BANCO_DE_REGISTRADORES:inst3|REGISTRADORES[21][6],        ;
;                                                          ;                           ; BANCO_DE_REGISTRADORES:inst3|REGISTRADORES[21][7],        ;
;                                                          ;                           ; BANCO_DE_REGISTRADORES:inst3|REGISTRADORES[21][8],        ;
;                                                          ;                           ; BANCO_DE_REGISTRADORES:inst3|REGISTRADORES[21][9],        ;
;                                                          ;                           ; BANCO_DE_REGISTRADORES:inst3|REGISTRADORES[21][10],       ;
;                                                          ;                           ; BANCO_DE_REGISTRADORES:inst3|REGISTRADORES[21][11],       ;
;                                                          ;                           ; BANCO_DE_REGISTRADORES:inst3|REGISTRADORES[21][12],       ;
;                                                          ;                           ; BANCO_DE_REGISTRADORES:inst3|REGISTRADORES[21][13],       ;
;                                                          ;                           ; BANCO_DE_REGISTRADORES:inst3|REGISTRADORES[21][14],       ;
;                                                          ;                           ; BANCO_DE_REGISTRADORES:inst3|REGISTRADORES[21][15],       ;
;                                                          ;                           ; BANCO_DE_REGISTRADORES:inst3|REGISTRADORES[21][16],       ;
;                                                          ;                           ; BANCO_DE_REGISTRADORES:inst3|REGISTRADORES[21][17],       ;
;                                                          ;                           ; BANCO_DE_REGISTRADORES:inst3|REGISTRADORES[21][18],       ;
;                                                          ;                           ; BANCO_DE_REGISTRADORES:inst3|REGISTRADORES[21][19],       ;
;                                                          ;                           ; BANCO_DE_REGISTRADORES:inst3|REGISTRADORES[21][20],       ;
;                                                          ;                           ; BANCO_DE_REGISTRADORES:inst3|REGISTRADORES[21][21],       ;
;                                                          ;                           ; BANCO_DE_REGISTRADORES:inst3|REGISTRADORES[21][22],       ;
;                                                          ;                           ; BANCO_DE_REGISTRADORES:inst3|REGISTRADORES[21][23],       ;
;                                                          ;                           ; BANCO_DE_REGISTRADORES:inst3|REGISTRADORES[21][24],       ;
;                                                          ;                           ; BANCO_DE_REGISTRADORES:inst3|REGISTRADORES[21][25],       ;
;                                                          ;                           ; BANCO_DE_REGISTRADORES:inst3|REGISTRADORES[21][26],       ;
;                                                          ;                           ; BANCO_DE_REGISTRADORES:inst3|REGISTRADORES[21][27],       ;
;                                                          ;                           ; BANCO_DE_REGISTRADORES:inst3|REGISTRADORES[21][28],       ;
;                                                          ;                           ; BANCO_DE_REGISTRADORES:inst3|REGISTRADORES[21][29],       ;
;                                                          ;                           ; BANCO_DE_REGISTRADORES:inst3|REGISTRADORES[21][30],       ;
;                                                          ;                           ; BANCO_DE_REGISTRADORES:inst3|REGISTRADORES[21][31],       ;
;                                                          ;                           ; BANCO_DE_REGISTRADORES:inst3|REGISTRADORES[20][0],        ;
;                                                          ;                           ; BANCO_DE_REGISTRADORES:inst3|REGISTRADORES[20][1],        ;
;                                                          ;                           ; BANCO_DE_REGISTRADORES:inst3|REGISTRADORES[20][2],        ;
;                                                          ;                           ; BANCO_DE_REGISTRADORES:inst3|REGISTRADORES[20][3],        ;
;                                                          ;                           ; BANCO_DE_REGISTRADORES:inst3|REGISTRADORES[20][4],        ;
;                                                          ;                           ; BANCO_DE_REGISTRADORES:inst3|REGISTRADORES[20][5],        ;
;                                                          ;                           ; BANCO_DE_REGISTRADORES:inst3|REGISTRADORES[20][6],        ;
;                                                          ;                           ; BANCO_DE_REGISTRADORES:inst3|REGISTRADORES[20][7],        ;
;                                                          ;                           ; BANCO_DE_REGISTRADORES:inst3|REGISTRADORES[20][8],        ;
;                                                          ;                           ; BANCO_DE_REGISTRADORES:inst3|REGISTRADORES[20][9],        ;
;                                                          ;                           ; BANCO_DE_REGISTRADORES:inst3|REGISTRADORES[20][10],       ;
;                                                          ;                           ; BANCO_DE_REGISTRADORES:inst3|REGISTRADORES[20][11],       ;
;                                                          ;                           ; BANCO_DE_REGISTRADORES:inst3|REGISTRADORES[20][12],       ;
;                                                          ;                           ; BANCO_DE_REGISTRADORES:inst3|REGISTRADORES[20][13],       ;
;                                                          ;                           ; BANCO_DE_REGISTRADORES:inst3|REGISTRADORES[20][14],       ;
;                                                          ;                           ; BANCO_DE_REGISTRADORES:inst3|REGISTRADORES[20][15],       ;
;                                                          ;                           ; BANCO_DE_REGISTRADORES:inst3|REGISTRADORES[20][16],       ;
;                                                          ;                           ; BANCO_DE_REGISTRADORES:inst3|REGISTRADORES[20][17],       ;
;                                                          ;                           ; BANCO_DE_REGISTRADORES:inst3|REGISTRADORES[20][18],       ;
;                                                          ;                           ; BANCO_DE_REGISTRADORES:inst3|REGISTRADORES[20][19],       ;
;                                                          ;                           ; BANCO_DE_REGISTRADORES:inst3|REGISTRADORES[20][20],       ;
;                                                          ;                           ; BANCO_DE_REGISTRADORES:inst3|REGISTRADORES[20][21],       ;
;                                                          ;                           ; BANCO_DE_REGISTRADORES:inst3|REGISTRADORES[20][22],       ;
;                                                          ;                           ; BANCO_DE_REGISTRADORES:inst3|REGISTRADORES[20][23],       ;
;                                                          ;                           ; BANCO_DE_REGISTRADORES:inst3|REGISTRADORES[20][24],       ;
;                                                          ;                           ; BANCO_DE_REGISTRADORES:inst3|REGISTRADORES[20][25],       ;
;                                                          ;                           ; BANCO_DE_REGISTRADORES:inst3|REGISTRADORES[20][26],       ;
;                                                          ;                           ; BANCO_DE_REGISTRADORES:inst3|REGISTRADORES[20][27],       ;
;                                                          ;                           ; BANCO_DE_REGISTRADORES:inst3|REGISTRADORES[20][28],       ;
;                                                          ;                           ; BANCO_DE_REGISTRADORES:inst3|REGISTRADORES[20][29],       ;
;                                                          ;                           ; BANCO_DE_REGISTRADORES:inst3|REGISTRADORES[20][30],       ;
;                                                          ;                           ; BANCO_DE_REGISTRADORES:inst3|REGISTRADORES[20][31],       ;
;                                                          ;                           ; BANCO_DE_REGISTRADORES:inst3|REGISTRADORES[15][0],        ;
;                                                          ;                           ; BANCO_DE_REGISTRADORES:inst3|REGISTRADORES[15][1],        ;
;                                                          ;                           ; BANCO_DE_REGISTRADORES:inst3|REGISTRADORES[15][2],        ;
;                                                          ;                           ; BANCO_DE_REGISTRADORES:inst3|REGISTRADORES[15][3],        ;
;                                                          ;                           ; BANCO_DE_REGISTRADORES:inst3|REGISTRADORES[15][4],        ;
;                                                          ;                           ; BANCO_DE_REGISTRADORES:inst3|REGISTRADORES[15][5],        ;
;                                                          ;                           ; BANCO_DE_REGISTRADORES:inst3|REGISTRADORES[15][6],        ;
;                                                          ;                           ; BANCO_DE_REGISTRADORES:inst3|REGISTRADORES[15][7],        ;
;                                                          ;                           ; BANCO_DE_REGISTRADORES:inst3|REGISTRADORES[15][8],        ;
;                                                          ;                           ; BANCO_DE_REGISTRADORES:inst3|REGISTRADORES[15][9],        ;
;                                                          ;                           ; BANCO_DE_REGISTRADORES:inst3|REGISTRADORES[15][10],       ;
;                                                          ;                           ; BANCO_DE_REGISTRADORES:inst3|REGISTRADORES[15][11],       ;
;                                                          ;                           ; BANCO_DE_REGISTRADORES:inst3|REGISTRADORES[15][12],       ;
;                                                          ;                           ; BANCO_DE_REGISTRADORES:inst3|REGISTRADORES[15][13],       ;
;                                                          ;                           ; BANCO_DE_REGISTRADORES:inst3|REGISTRADORES[15][14],       ;
;                                                          ;                           ; BANCO_DE_REGISTRADORES:inst3|REGISTRADORES[15][15],       ;
;                                                          ;                           ; BANCO_DE_REGISTRADORES:inst3|REGISTRADORES[15][16],       ;
;                                                          ;                           ; BANCO_DE_REGISTRADORES:inst3|REGISTRADORES[15][17],       ;
;                                                          ;                           ; BANCO_DE_REGISTRADORES:inst3|REGISTRADORES[15][18],       ;
;                                                          ;                           ; BANCO_DE_REGISTRADORES:inst3|REGISTRADORES[15][19],       ;
;                                                          ;                           ; BANCO_DE_REGISTRADORES:inst3|REGISTRADORES[15][20],       ;
;                                                          ;                           ; BANCO_DE_REGISTRADORES:inst3|REGISTRADORES[15][21],       ;
;                                                          ;                           ; BANCO_DE_REGISTRADORES:inst3|REGISTRADORES[15][22],       ;
;                                                          ;                           ; BANCO_DE_REGISTRADORES:inst3|REGISTRADORES[15][23],       ;
;                                                          ;                           ; BANCO_DE_REGISTRADORES:inst3|REGISTRADORES[15][24],       ;
;                                                          ;                           ; BANCO_DE_REGISTRADORES:inst3|REGISTRADORES[15][25],       ;
;                                                          ;                           ; BANCO_DE_REGISTRADORES:inst3|REGISTRADORES[15][26],       ;
;                                                          ;                           ; BANCO_DE_REGISTRADORES:inst3|REGISTRADORES[15][27],       ;
;                                                          ;                           ; BANCO_DE_REGISTRADORES:inst3|REGISTRADORES[15][28],       ;
;                                                          ;                           ; BANCO_DE_REGISTRADORES:inst3|REGISTRADORES[15][29],       ;
;                                                          ;                           ; BANCO_DE_REGISTRADORES:inst3|REGISTRADORES[15][30],       ;
;                                                          ;                           ; BANCO_DE_REGISTRADORES:inst3|REGISTRADORES[15][31],       ;
;                                                          ;                           ; BANCO_DE_REGISTRADORES:inst3|REGISTRADORES[14][0],        ;
;                                                          ;                           ; BANCO_DE_REGISTRADORES:inst3|REGISTRADORES[14][1],        ;
;                                                          ;                           ; BANCO_DE_REGISTRADORES:inst3|REGISTRADORES[14][2],        ;
;                                                          ;                           ; BANCO_DE_REGISTRADORES:inst3|REGISTRADORES[14][3],        ;
;                                                          ;                           ; BANCO_DE_REGISTRADORES:inst3|REGISTRADORES[14][4],        ;
;                                                          ;                           ; BANCO_DE_REGISTRADORES:inst3|REGISTRADORES[14][5],        ;
;                                                          ;                           ; BANCO_DE_REGISTRADORES:inst3|REGISTRADORES[14][6],        ;
;                                                          ;                           ; BANCO_DE_REGISTRADORES:inst3|REGISTRADORES[14][7],        ;
;                                                          ;                           ; BANCO_DE_REGISTRADORES:inst3|REGISTRADORES[14][8],        ;
;                                                          ;                           ; BANCO_DE_REGISTRADORES:inst3|REGISTRADORES[14][9],        ;
;                                                          ;                           ; BANCO_DE_REGISTRADORES:inst3|REGISTRADORES[14][10],       ;
;                                                          ;                           ; BANCO_DE_REGISTRADORES:inst3|REGISTRADORES[14][11],       ;
;                                                          ;                           ; BANCO_DE_REGISTRADORES:inst3|REGISTRADORES[14][12],       ;
;                                                          ;                           ; BANCO_DE_REGISTRADORES:inst3|REGISTRADORES[14][13],       ;
;                                                          ;                           ; BANCO_DE_REGISTRADORES:inst3|REGISTRADORES[14][14],       ;
;                                                          ;                           ; BANCO_DE_REGISTRADORES:inst3|REGISTRADORES[14][15],       ;
;                                                          ;                           ; BANCO_DE_REGISTRADORES:inst3|REGISTRADORES[14][16],       ;
;                                                          ;                           ; BANCO_DE_REGISTRADORES:inst3|REGISTRADORES[14][17],       ;
;                                                          ;                           ; BANCO_DE_REGISTRADORES:inst3|REGISTRADORES[14][18],       ;
;                                                          ;                           ; BANCO_DE_REGISTRADORES:inst3|REGISTRADORES[14][19],       ;
;                                                          ;                           ; BANCO_DE_REGISTRADORES:inst3|REGISTRADORES[14][20],       ;
;                                                          ;                           ; BANCO_DE_REGISTRADORES:inst3|REGISTRADORES[14][21],       ;
;                                                          ;                           ; BANCO_DE_REGISTRADORES:inst3|REGISTRADORES[14][22],       ;
;                                                          ;                           ; BANCO_DE_REGISTRADORES:inst3|REGISTRADORES[14][23],       ;
;                                                          ;                           ; BANCO_DE_REGISTRADORES:inst3|REGISTRADORES[14][24],       ;
;                                                          ;                           ; BANCO_DE_REGISTRADORES:inst3|REGISTRADORES[14][25],       ;
;                                                          ;                           ; BANCO_DE_REGISTRADORES:inst3|REGISTRADORES[14][26],       ;
;                                                          ;                           ; BANCO_DE_REGISTRADORES:inst3|REGISTRADORES[14][27],       ;
;                                                          ;                           ; BANCO_DE_REGISTRADORES:inst3|REGISTRADORES[14][28],       ;
;                                                          ;                           ; BANCO_DE_REGISTRADORES:inst3|REGISTRADORES[14][29],       ;
;                                                          ;                           ; BANCO_DE_REGISTRADORES:inst3|REGISTRADORES[14][30],       ;
;                                                          ;                           ; BANCO_DE_REGISTRADORES:inst3|REGISTRADORES[14][31],       ;
;                                                          ;                           ; BANCO_DE_REGISTRADORES:inst3|REGISTRADORES[13][0],        ;
;                                                          ;                           ; BANCO_DE_REGISTRADORES:inst3|REGISTRADORES[13][1],        ;
;                                                          ;                           ; BANCO_DE_REGISTRADORES:inst3|REGISTRADORES[13][2],        ;
;                                                          ;                           ; BANCO_DE_REGISTRADORES:inst3|REGISTRADORES[13][3],        ;
;                                                          ;                           ; BANCO_DE_REGISTRADORES:inst3|REGISTRADORES[13][4],        ;
;                                                          ;                           ; BANCO_DE_REGISTRADORES:inst3|REGISTRADORES[13][5],        ;
;                                                          ;                           ; BANCO_DE_REGISTRADORES:inst3|REGISTRADORES[13][6],        ;
;                                                          ;                           ; BANCO_DE_REGISTRADORES:inst3|REGISTRADORES[13][7],        ;
;                                                          ;                           ; BANCO_DE_REGISTRADORES:inst3|REGISTRADORES[13][8],        ;
;                                                          ;                           ; BANCO_DE_REGISTRADORES:inst3|REGISTRADORES[13][9],        ;
;                                                          ;                           ; BANCO_DE_REGISTRADORES:inst3|REGISTRADORES[13][10],       ;
;                                                          ;                           ; BANCO_DE_REGISTRADORES:inst3|REGISTRADORES[13][11],       ;
;                                                          ;                           ; BANCO_DE_REGISTRADORES:inst3|REGISTRADORES[13][12],       ;
;                                                          ;                           ; BANCO_DE_REGISTRADORES:inst3|REGISTRADORES[13][13],       ;
;                                                          ;                           ; BANCO_DE_REGISTRADORES:inst3|REGISTRADORES[13][14],       ;
;                                                          ;                           ; BANCO_DE_REGISTRADORES:inst3|REGISTRADORES[13][15],       ;
;                                                          ;                           ; BANCO_DE_REGISTRADORES:inst3|REGISTRADORES[13][16],       ;
;                                                          ;                           ; BANCO_DE_REGISTRADORES:inst3|REGISTRADORES[13][17],       ;
;                                                          ;                           ; BANCO_DE_REGISTRADORES:inst3|REGISTRADORES[13][18],       ;
;                                                          ;                           ; BANCO_DE_REGISTRADORES:inst3|REGISTRADORES[13][19],       ;
;                                                          ;                           ; BANCO_DE_REGISTRADORES:inst3|REGISTRADORES[13][20],       ;
;                                                          ;                           ; BANCO_DE_REGISTRADORES:inst3|REGISTRADORES[13][21],       ;
;                                                          ;                           ; BANCO_DE_REGISTRADORES:inst3|REGISTRADORES[13][22],       ;
;                                                          ;                           ; BANCO_DE_REGISTRADORES:inst3|REGISTRADORES[13][23],       ;
;                                                          ;                           ; BANCO_DE_REGISTRADORES:inst3|REGISTRADORES[13][24],       ;
;                                                          ;                           ; BANCO_DE_REGISTRADORES:inst3|REGISTRADORES[13][25],       ;
;                                                          ;                           ; BANCO_DE_REGISTRADORES:inst3|REGISTRADORES[13][26],       ;
;                                                          ;                           ; BANCO_DE_REGISTRADORES:inst3|REGISTRADORES[13][27],       ;
;                                                          ;                           ; BANCO_DE_REGISTRADORES:inst3|REGISTRADORES[13][28],       ;
;                                                          ;                           ; BANCO_DE_REGISTRADORES:inst3|REGISTRADORES[13][29],       ;
;                                                          ;                           ; BANCO_DE_REGISTRADORES:inst3|REGISTRADORES[13][30],       ;
;                                                          ;                           ; BANCO_DE_REGISTRADORES:inst3|REGISTRADORES[13][31],       ;
;                                                          ;                           ; BANCO_DE_REGISTRADORES:inst3|REGISTRADORES[12][0],        ;
;                                                          ;                           ; BANCO_DE_REGISTRADORES:inst3|REGISTRADORES[12][1],        ;
;                                                          ;                           ; BANCO_DE_REGISTRADORES:inst3|REGISTRADORES[12][2],        ;
;                                                          ;                           ; BANCO_DE_REGISTRADORES:inst3|REGISTRADORES[12][3],        ;
;                                                          ;                           ; BANCO_DE_REGISTRADORES:inst3|REGISTRADORES[12][4],        ;
;                                                          ;                           ; BANCO_DE_REGISTRADORES:inst3|REGISTRADORES[12][5],        ;
;                                                          ;                           ; BANCO_DE_REGISTRADORES:inst3|REGISTRADORES[12][6],        ;
;                                                          ;                           ; BANCO_DE_REGISTRADORES:inst3|REGISTRADORES[12][7],        ;
;                                                          ;                           ; BANCO_DE_REGISTRADORES:inst3|REGISTRADORES[12][8],        ;
;                                                          ;                           ; BANCO_DE_REGISTRADORES:inst3|REGISTRADORES[12][9],        ;
;                                                          ;                           ; BANCO_DE_REGISTRADORES:inst3|REGISTRADORES[12][10],       ;
;                                                          ;                           ; BANCO_DE_REGISTRADORES:inst3|REGISTRADORES[12][11],       ;
;                                                          ;                           ; BANCO_DE_REGISTRADORES:inst3|REGISTRADORES[12][12],       ;
;                                                          ;                           ; BANCO_DE_REGISTRADORES:inst3|REGISTRADORES[12][13],       ;
;                                                          ;                           ; BANCO_DE_REGISTRADORES:inst3|REGISTRADORES[12][14],       ;
;                                                          ;                           ; BANCO_DE_REGISTRADORES:inst3|REGISTRADORES[12][15],       ;
;                                                          ;                           ; BANCO_DE_REGISTRADORES:inst3|REGISTRADORES[12][16],       ;
;                                                          ;                           ; BANCO_DE_REGISTRADORES:inst3|REGISTRADORES[12][17],       ;
;                                                          ;                           ; BANCO_DE_REGISTRADORES:inst3|REGISTRADORES[12][18],       ;
;                                                          ;                           ; BANCO_DE_REGISTRADORES:inst3|REGISTRADORES[12][19],       ;
;                                                          ;                           ; BANCO_DE_REGISTRADORES:inst3|REGISTRADORES[12][20],       ;
;                                                          ;                           ; BANCO_DE_REGISTRADORES:inst3|REGISTRADORES[12][21],       ;
;                                                          ;                           ; BANCO_DE_REGISTRADORES:inst3|REGISTRADORES[12][22],       ;
;                                                          ;                           ; BANCO_DE_REGISTRADORES:inst3|REGISTRADORES[12][23],       ;
;                                                          ;                           ; BANCO_DE_REGISTRADORES:inst3|REGISTRADORES[12][24],       ;
;                                                          ;                           ; BANCO_DE_REGISTRADORES:inst3|REGISTRADORES[12][25],       ;
;                                                          ;                           ; BANCO_DE_REGISTRADORES:inst3|REGISTRADORES[12][26],       ;
;                                                          ;                           ; BANCO_DE_REGISTRADORES:inst3|REGISTRADORES[12][27],       ;
;                                                          ;                           ; BANCO_DE_REGISTRADORES:inst3|REGISTRADORES[12][28],       ;
;                                                          ;                           ; BANCO_DE_REGISTRADORES:inst3|REGISTRADORES[12][29],       ;
;                                                          ;                           ; BANCO_DE_REGISTRADORES:inst3|REGISTRADORES[12][30],       ;
;                                                          ;                           ; BANCO_DE_REGISTRADORES:inst3|REGISTRADORES[12][31],       ;
;                                                          ;                           ; BANCO_DE_REGISTRADORES:inst3|REGISTRADORES[7][0],         ;
;                                                          ;                           ; BANCO_DE_REGISTRADORES:inst3|REGISTRADORES[7][1],         ;
;                                                          ;                           ; BANCO_DE_REGISTRADORES:inst3|REGISTRADORES[7][2],         ;
;                                                          ;                           ; BANCO_DE_REGISTRADORES:inst3|REGISTRADORES[7][3],         ;
;                                                          ;                           ; BANCO_DE_REGISTRADORES:inst3|REGISTRADORES[7][4],         ;
;                                                          ;                           ; BANCO_DE_REGISTRADORES:inst3|REGISTRADORES[7][5],         ;
;                                                          ;                           ; BANCO_DE_REGISTRADORES:inst3|REGISTRADORES[7][6],         ;
;                                                          ;                           ; BANCO_DE_REGISTRADORES:inst3|REGISTRADORES[7][7],         ;
;                                                          ;                           ; BANCO_DE_REGISTRADORES:inst3|REGISTRADORES[7][8],         ;
;                                                          ;                           ; BANCO_DE_REGISTRADORES:inst3|REGISTRADORES[7][9],         ;
;                                                          ;                           ; BANCO_DE_REGISTRADORES:inst3|REGISTRADORES[7][10],        ;
;                                                          ;                           ; BANCO_DE_REGISTRADORES:inst3|REGISTRADORES[7][11],        ;
;                                                          ;                           ; BANCO_DE_REGISTRADORES:inst3|REGISTRADORES[7][12],        ;
;                                                          ;                           ; BANCO_DE_REGISTRADORES:inst3|REGISTRADORES[7][13],        ;
;                                                          ;                           ; BANCO_DE_REGISTRADORES:inst3|REGISTRADORES[7][14],        ;
;                                                          ;                           ; BANCO_DE_REGISTRADORES:inst3|REGISTRADORES[7][15],        ;
;                                                          ;                           ; BANCO_DE_REGISTRADORES:inst3|REGISTRADORES[7][16],        ;
;                                                          ;                           ; BANCO_DE_REGISTRADORES:inst3|REGISTRADORES[7][17],        ;
;                                                          ;                           ; BANCO_DE_REGISTRADORES:inst3|REGISTRADORES[7][18],        ;
;                                                          ;                           ; BANCO_DE_REGISTRADORES:inst3|REGISTRADORES[7][19],        ;
;                                                          ;                           ; BANCO_DE_REGISTRADORES:inst3|REGISTRADORES[7][20],        ;
;                                                          ;                           ; BANCO_DE_REGISTRADORES:inst3|REGISTRADORES[7][21],        ;
;                                                          ;                           ; BANCO_DE_REGISTRADORES:inst3|REGISTRADORES[7][22],        ;
;                                                          ;                           ; BANCO_DE_REGISTRADORES:inst3|REGISTRADORES[7][23],        ;
;                                                          ;                           ; BANCO_DE_REGISTRADORES:inst3|REGISTRADORES[7][24],        ;
;                                                          ;                           ; BANCO_DE_REGISTRADORES:inst3|REGISTRADORES[7][25],        ;
;                                                          ;                           ; BANCO_DE_REGISTRADORES:inst3|REGISTRADORES[7][26],        ;
;                                                          ;                           ; BANCO_DE_REGISTRADORES:inst3|REGISTRADORES[7][27],        ;
;                                                          ;                           ; BANCO_DE_REGISTRADORES:inst3|REGISTRADORES[7][28],        ;
;                                                          ;                           ; BANCO_DE_REGISTRADORES:inst3|REGISTRADORES[7][29],        ;
;                                                          ;                           ; BANCO_DE_REGISTRADORES:inst3|REGISTRADORES[7][30],        ;
;                                                          ;                           ; BANCO_DE_REGISTRADORES:inst3|REGISTRADORES[7][31],        ;
;                                                          ;                           ; BANCO_DE_REGISTRADORES:inst3|REGISTRADORES[6][0],         ;
;                                                          ;                           ; BANCO_DE_REGISTRADORES:inst3|REGISTRADORES[6][1],         ;
;                                                          ;                           ; BANCO_DE_REGISTRADORES:inst3|REGISTRADORES[6][2],         ;
;                                                          ;                           ; BANCO_DE_REGISTRADORES:inst3|REGISTRADORES[6][3],         ;
;                                                          ;                           ; BANCO_DE_REGISTRADORES:inst3|REGISTRADORES[6][4],         ;
;                                                          ;                           ; BANCO_DE_REGISTRADORES:inst3|REGISTRADORES[6][5],         ;
;                                                          ;                           ; BANCO_DE_REGISTRADORES:inst3|REGISTRADORES[6][6],         ;
;                                                          ;                           ; BANCO_DE_REGISTRADORES:inst3|REGISTRADORES[6][7],         ;
;                                                          ;                           ; BANCO_DE_REGISTRADORES:inst3|REGISTRADORES[6][8],         ;
;                                                          ;                           ; BANCO_DE_REGISTRADORES:inst3|REGISTRADORES[6][9],         ;
;                                                          ;                           ; BANCO_DE_REGISTRADORES:inst3|REGISTRADORES[6][10],        ;
;                                                          ;                           ; BANCO_DE_REGISTRADORES:inst3|REGISTRADORES[6][11],        ;
;                                                          ;                           ; BANCO_DE_REGISTRADORES:inst3|REGISTRADORES[6][12],        ;
;                                                          ;                           ; BANCO_DE_REGISTRADORES:inst3|REGISTRADORES[6][13],        ;
;                                                          ;                           ; BANCO_DE_REGISTRADORES:inst3|REGISTRADORES[6][14],        ;
;                                                          ;                           ; BANCO_DE_REGISTRADORES:inst3|REGISTRADORES[6][15],        ;
;                                                          ;                           ; BANCO_DE_REGISTRADORES:inst3|REGISTRADORES[6][16],        ;
;                                                          ;                           ; BANCO_DE_REGISTRADORES:inst3|REGISTRADORES[6][17],        ;
;                                                          ;                           ; BANCO_DE_REGISTRADORES:inst3|REGISTRADORES[6][18],        ;
;                                                          ;                           ; BANCO_DE_REGISTRADORES:inst3|REGISTRADORES[6][19],        ;
;                                                          ;                           ; BANCO_DE_REGISTRADORES:inst3|REGISTRADORES[6][20],        ;
;                                                          ;                           ; BANCO_DE_REGISTRADORES:inst3|REGISTRADORES[6][21],        ;
;                                                          ;                           ; BANCO_DE_REGISTRADORES:inst3|REGISTRADORES[6][22],        ;
;                                                          ;                           ; BANCO_DE_REGISTRADORES:inst3|REGISTRADORES[6][23],        ;
;                                                          ;                           ; BANCO_DE_REGISTRADORES:inst3|REGISTRADORES[6][24],        ;
;                                                          ;                           ; BANCO_DE_REGISTRADORES:inst3|REGISTRADORES[6][25],        ;
;                                                          ;                           ; BANCO_DE_REGISTRADORES:inst3|REGISTRADORES[6][26],        ;
;                                                          ;                           ; BANCO_DE_REGISTRADORES:inst3|REGISTRADORES[6][27],        ;
;                                                          ;                           ; BANCO_DE_REGISTRADORES:inst3|REGISTRADORES[6][28],        ;
;                                                          ;                           ; BANCO_DE_REGISTRADORES:inst3|REGISTRADORES[6][29],        ;
;                                                          ;                           ; BANCO_DE_REGISTRADORES:inst3|REGISTRADORES[6][30],        ;
;                                                          ;                           ; BANCO_DE_REGISTRADORES:inst3|REGISTRADORES[6][31],        ;
;                                                          ;                           ; BANCO_DE_REGISTRADORES:inst3|REGISTRADORES[5][0],         ;
;                                                          ;                           ; BANCO_DE_REGISTRADORES:inst3|REGISTRADORES[5][1],         ;
;                                                          ;                           ; BANCO_DE_REGISTRADORES:inst3|REGISTRADORES[5][2],         ;
;                                                          ;                           ; BANCO_DE_REGISTRADORES:inst3|REGISTRADORES[5][3],         ;
;                                                          ;                           ; BANCO_DE_REGISTRADORES:inst3|REGISTRADORES[5][4],         ;
;                                                          ;                           ; BANCO_DE_REGISTRADORES:inst3|REGISTRADORES[5][5],         ;
;                                                          ;                           ; BANCO_DE_REGISTRADORES:inst3|REGISTRADORES[5][6],         ;
;                                                          ;                           ; BANCO_DE_REGISTRADORES:inst3|REGISTRADORES[5][7],         ;
;                                                          ;                           ; BANCO_DE_REGISTRADORES:inst3|REGISTRADORES[5][8],         ;
;                                                          ;                           ; BANCO_DE_REGISTRADORES:inst3|REGISTRADORES[5][9],         ;
;                                                          ;                           ; BANCO_DE_REGISTRADORES:inst3|REGISTRADORES[5][10],        ;
;                                                          ;                           ; BANCO_DE_REGISTRADORES:inst3|REGISTRADORES[5][11],        ;
;                                                          ;                           ; BANCO_DE_REGISTRADORES:inst3|REGISTRADORES[5][12],        ;
;                                                          ;                           ; BANCO_DE_REGISTRADORES:inst3|REGISTRADORES[5][13],        ;
;                                                          ;                           ; BANCO_DE_REGISTRADORES:inst3|REGISTRADORES[5][14],        ;
;                                                          ;                           ; BANCO_DE_REGISTRADORES:inst3|REGISTRADORES[5][15],        ;
;                                                          ;                           ; BANCO_DE_REGISTRADORES:inst3|REGISTRADORES[5][16],        ;
;                                                          ;                           ; BANCO_DE_REGISTRADORES:inst3|REGISTRADORES[5][17],        ;
;                                                          ;                           ; BANCO_DE_REGISTRADORES:inst3|REGISTRADORES[5][18],        ;
;                                                          ;                           ; BANCO_DE_REGISTRADORES:inst3|REGISTRADORES[5][19],        ;
;                                                          ;                           ; BANCO_DE_REGISTRADORES:inst3|REGISTRADORES[5][20],        ;
;                                                          ;                           ; BANCO_DE_REGISTRADORES:inst3|REGISTRADORES[5][21],        ;
;                                                          ;                           ; BANCO_DE_REGISTRADORES:inst3|REGISTRADORES[5][22],        ;
;                                                          ;                           ; BANCO_DE_REGISTRADORES:inst3|REGISTRADORES[5][23],        ;
;                                                          ;                           ; BANCO_DE_REGISTRADORES:inst3|REGISTRADORES[5][24],        ;
;                                                          ;                           ; BANCO_DE_REGISTRADORES:inst3|REGISTRADORES[5][25],        ;
;                                                          ;                           ; BANCO_DE_REGISTRADORES:inst3|REGISTRADORES[5][26],        ;
;                                                          ;                           ; BANCO_DE_REGISTRADORES:inst3|REGISTRADORES[5][27],        ;
;                                                          ;                           ; BANCO_DE_REGISTRADORES:inst3|REGISTRADORES[5][28],        ;
;                                                          ;                           ; BANCO_DE_REGISTRADORES:inst3|REGISTRADORES[5][29],        ;
;                                                          ;                           ; BANCO_DE_REGISTRADORES:inst3|REGISTRADORES[5][30],        ;
;                                                          ;                           ; BANCO_DE_REGISTRADORES:inst3|REGISTRADORES[5][31],        ;
;                                                          ;                           ; BANCO_DE_REGISTRADORES:inst3|REGISTRADORES[4][0],         ;
;                                                          ;                           ; BANCO_DE_REGISTRADORES:inst3|REGISTRADORES[4][1],         ;
;                                                          ;                           ; BANCO_DE_REGISTRADORES:inst3|REGISTRADORES[4][2],         ;
;                                                          ;                           ; BANCO_DE_REGISTRADORES:inst3|REGISTRADORES[4][3],         ;
;                                                          ;                           ; BANCO_DE_REGISTRADORES:inst3|REGISTRADORES[4][4],         ;
;                                                          ;                           ; BANCO_DE_REGISTRADORES:inst3|REGISTRADORES[4][5],         ;
;                                                          ;                           ; BANCO_DE_REGISTRADORES:inst3|REGISTRADORES[4][6],         ;
;                                                          ;                           ; BANCO_DE_REGISTRADORES:inst3|REGISTRADORES[4][7],         ;
;                                                          ;                           ; BANCO_DE_REGISTRADORES:inst3|REGISTRADORES[4][8],         ;
;                                                          ;                           ; BANCO_DE_REGISTRADORES:inst3|REGISTRADORES[4][9],         ;
;                                                          ;                           ; BANCO_DE_REGISTRADORES:inst3|REGISTRADORES[4][10],        ;
;                                                          ;                           ; BANCO_DE_REGISTRADORES:inst3|REGISTRADORES[4][11],        ;
;                                                          ;                           ; BANCO_DE_REGISTRADORES:inst3|REGISTRADORES[4][12],        ;
;                                                          ;                           ; BANCO_DE_REGISTRADORES:inst3|REGISTRADORES[4][13],        ;
;                                                          ;                           ; BANCO_DE_REGISTRADORES:inst3|REGISTRADORES[4][14],        ;
;                                                          ;                           ; BANCO_DE_REGISTRADORES:inst3|REGISTRADORES[4][15],        ;
;                                                          ;                           ; BANCO_DE_REGISTRADORES:inst3|REGISTRADORES[4][16],        ;
;                                                          ;                           ; BANCO_DE_REGISTRADORES:inst3|REGISTRADORES[4][17],        ;
;                                                          ;                           ; BANCO_DE_REGISTRADORES:inst3|REGISTRADORES[4][18],        ;
;                                                          ;                           ; BANCO_DE_REGISTRADORES:inst3|REGISTRADORES[4][19],        ;
;                                                          ;                           ; BANCO_DE_REGISTRADORES:inst3|REGISTRADORES[4][20],        ;
;                                                          ;                           ; BANCO_DE_REGISTRADORES:inst3|REGISTRADORES[4][21],        ;
;                                                          ;                           ; BANCO_DE_REGISTRADORES:inst3|REGISTRADORES[4][22],        ;
;                                                          ;                           ; BANCO_DE_REGISTRADORES:inst3|REGISTRADORES[4][23],        ;
;                                                          ;                           ; BANCO_DE_REGISTRADORES:inst3|REGISTRADORES[4][24],        ;
;                                                          ;                           ; BANCO_DE_REGISTRADORES:inst3|REGISTRADORES[4][25],        ;
;                                                          ;                           ; BANCO_DE_REGISTRADORES:inst3|REGISTRADORES[4][26],        ;
;                                                          ;                           ; BANCO_DE_REGISTRADORES:inst3|REGISTRADORES[4][27],        ;
;                                                          ;                           ; BANCO_DE_REGISTRADORES:inst3|REGISTRADORES[4][28],        ;
;                                                          ;                           ; BANCO_DE_REGISTRADORES:inst3|REGISTRADORES[4][29],        ;
;                                                          ;                           ; BANCO_DE_REGISTRADORES:inst3|REGISTRADORES[4][30],        ;
;                                                          ;                           ; BANCO_DE_REGISTRADORES:inst3|REGISTRADORES[4][31]         ;
; CONTADOR_DE_PROGRAMA_COM_RESET:inst21|ENDERECO_SAIDA[15] ; Lost Fanouts              ; CONTADOR_DE_PROGRAMA_COM_RESET:inst21|ENDERECO_SAIDA[14], ;
;                                                          ;                           ; CONTADOR_DE_PROGRAMA_COM_RESET:inst21|ENDERECO_SAIDA[13], ;
;                                                          ;                           ; CONTADOR_DE_PROGRAMA_COM_RESET:inst21|ENDERECO_SAIDA[12], ;
;                                                          ;                           ; CONTADOR_DE_PROGRAMA_COM_RESET:inst21|ENDERECO_SAIDA[11], ;
;                                                          ;                           ; CONTADOR_DE_PROGRAMA_COM_RESET:inst21|ENDERECO_SAIDA[10], ;
;                                                          ;                           ; CONTADOR_DE_PROGRAMA_COM_RESET:inst21|ENDERECO_SAIDA[9],  ;
;                                                          ;                           ; CONTADOR_DE_PROGRAMA_COM_RESET:inst21|ENDERECO_SAIDA[8]   ;
; CONTADOR_DE_PROGRAMA_COM_RESET:inst21|ENDERECO_SAIDA[31] ; Lost Fanouts              ; CONTADOR_DE_PROGRAMA_COM_RESET:inst21|ENDERECO_SAIDA[30], ;
;                                                          ;                           ; CONTADOR_DE_PROGRAMA_COM_RESET:inst21|ENDERECO_SAIDA[29], ;
;                                                          ;                           ; CONTADOR_DE_PROGRAMA_COM_RESET:inst21|ENDERECO_SAIDA[28], ;
;                                                          ;                           ; CONTADOR_DE_PROGRAMA_COM_RESET:inst21|ENDERECO_SAIDA[27], ;
;                                                          ;                           ; CONTADOR_DE_PROGRAMA_COM_RESET:inst21|ENDERECO_SAIDA[26]  ;
; CONTADOR_DE_PROGRAMA_COM_RESET:inst21|ENDERECO_SAIDA[25] ; Lost Fanouts              ; CONTADOR_DE_PROGRAMA_COM_RESET:inst21|ENDERECO_SAIDA[24], ;
;                                                          ;                           ; CONTADOR_DE_PROGRAMA_COM_RESET:inst21|ENDERECO_SAIDA[23], ;
;                                                          ;                           ; CONTADOR_DE_PROGRAMA_COM_RESET:inst21|ENDERECO_SAIDA[22]  ;
; CONTADOR_DE_PROGRAMA_COM_RESET:inst21|ENDERECO_SAIDA[20] ; Lost Fanouts              ; CONTADOR_DE_PROGRAMA_COM_RESET:inst21|ENDERECO_SAIDA[19], ;
;                                                          ;                           ; CONTADOR_DE_PROGRAMA_COM_RESET:inst21|ENDERECO_SAIDA[18]  ;
+----------------------------------------------------------+---------------------------+-----------------------------------------------------------+


+------------------------------------------------------+
; General Register Statistics                          ;
+----------------------------------------------+-------+
; Statistic                                    ; Value ;
+----------------------------------------------+-------+
; Total registers                              ; 2438  ;
; Number of registers using Synchronous Clear  ; 5     ;
; Number of registers using Synchronous Load   ; 5     ;
; Number of registers using Asynchronous Clear ; 0     ;
; Number of registers using Asynchronous Load  ; 0     ;
; Number of registers using Clock Enable       ; 2432  ;
; Number of registers using Preset             ; 0     ;
+----------------------------------------------+-------+


+------------------------------------------------------------------------------------------------------------------------------------------------------------------------------------------+
; Multiplexer Restructuring Statistics (Restructuring Performed)                                                                                                                           ;
+--------------------+-----------+---------------+----------------------+------------------------+------------+----------------------------------------------------------------------------+
; Multiplexer Inputs ; Bus Width ; Baseline Area ; Area if Restructured ; Saving if Restructured ; Registered ; Example Multiplexer Output                                                 ;
+--------------------+-----------+---------------+----------------------+------------------------+------------+----------------------------------------------------------------------------+
; 4:1                ; 32 bits   ; 64 LEs        ; 32 LEs               ; 32 LEs                 ; Yes        ; |processador_mips|MEMORIA_DE_DADOS:inst11|MEMORIA[63][25]                  ;
; 4:1                ; 32 bits   ; 64 LEs        ; 32 LEs               ; 32 LEs                 ; Yes        ; |processador_mips|MEMORIA_DE_DADOS:inst11|MEMORIA[62][19]                  ;
; 4:1                ; 32 bits   ; 64 LEs        ; 32 LEs               ; 32 LEs                 ; Yes        ; |processador_mips|MEMORIA_DE_DADOS:inst11|MEMORIA[61][22]                  ;
; 4:1                ; 32 bits   ; 64 LEs        ; 32 LEs               ; 32 LEs                 ; Yes        ; |processador_mips|MEMORIA_DE_DADOS:inst11|MEMORIA[60][30]                  ;
; 4:1                ; 32 bits   ; 64 LEs        ; 32 LEs               ; 32 LEs                 ; Yes        ; |processador_mips|MEMORIA_DE_DADOS:inst11|MEMORIA[59][21]                  ;
; 4:1                ; 32 bits   ; 64 LEs        ; 32 LEs               ; 32 LEs                 ; Yes        ; |processador_mips|MEMORIA_DE_DADOS:inst11|MEMORIA[58][29]                  ;
; 4:1                ; 32 bits   ; 64 LEs        ; 32 LEs               ; 32 LEs                 ; Yes        ; |processador_mips|MEMORIA_DE_DADOS:inst11|MEMORIA[57][1]                   ;
; 4:1                ; 32 bits   ; 64 LEs        ; 32 LEs               ; 32 LEs                 ; Yes        ; |processador_mips|MEMORIA_DE_DADOS:inst11|MEMORIA[56][18]                  ;
; 4:1                ; 32 bits   ; 64 LEs        ; 32 LEs               ; 32 LEs                 ; Yes        ; |processador_mips|MEMORIA_DE_DADOS:inst11|MEMORIA[55][17]                  ;
; 4:1                ; 32 bits   ; 64 LEs        ; 32 LEs               ; 32 LEs                 ; Yes        ; |processador_mips|MEMORIA_DE_DADOS:inst11|MEMORIA[54][29]                  ;
; 4:1                ; 32 bits   ; 64 LEs        ; 32 LEs               ; 32 LEs                 ; Yes        ; |processador_mips|MEMORIA_DE_DADOS:inst11|MEMORIA[53][5]                   ;
; 4:1                ; 32 bits   ; 64 LEs        ; 32 LEs               ; 32 LEs                 ; Yes        ; |processador_mips|MEMORIA_DE_DADOS:inst11|MEMORIA[52][5]                   ;
; 4:1                ; 32 bits   ; 64 LEs        ; 32 LEs               ; 32 LEs                 ; Yes        ; |processador_mips|MEMORIA_DE_DADOS:inst11|MEMORIA[51][15]                  ;
; 4:1                ; 32 bits   ; 64 LEs        ; 32 LEs               ; 32 LEs                 ; Yes        ; |processador_mips|MEMORIA_DE_DADOS:inst11|MEMORIA[50][13]                  ;
; 4:1                ; 32 bits   ; 64 LEs        ; 32 LEs               ; 32 LEs                 ; Yes        ; |processador_mips|MEMORIA_DE_DADOS:inst11|MEMORIA[49][2]                   ;
; 4:1                ; 32 bits   ; 64 LEs        ; 32 LEs               ; 32 LEs                 ; Yes        ; |processador_mips|MEMORIA_DE_DADOS:inst11|MEMORIA[48][2]                   ;
; 4:1                ; 32 bits   ; 64 LEs        ; 32 LEs               ; 32 LEs                 ; Yes        ; |processador_mips|MEMORIA_DE_DADOS:inst11|MEMORIA[47][23]                  ;
; 4:1                ; 32 bits   ; 64 LEs        ; 32 LEs               ; 32 LEs                 ; Yes        ; |processador_mips|MEMORIA_DE_DADOS:inst11|MEMORIA[46][27]                  ;
; 4:1                ; 32 bits   ; 64 LEs        ; 32 LEs               ; 32 LEs                 ; Yes        ; |processador_mips|MEMORIA_DE_DADOS:inst11|MEMORIA[45][5]                   ;
; 4:1                ; 32 bits   ; 64 LEs        ; 32 LEs               ; 32 LEs                 ; Yes        ; |processador_mips|MEMORIA_DE_DADOS:inst11|MEMORIA[44][5]                   ;
; 4:1                ; 32 bits   ; 64 LEs        ; 32 LEs               ; 32 LEs                 ; Yes        ; |processador_mips|MEMORIA_DE_DADOS:inst11|MEMORIA[43][15]                  ;
; 4:1                ; 32 bits   ; 64 LEs        ; 32 LEs               ; 32 LEs                 ; Yes        ; |processador_mips|MEMORIA_DE_DADOS:inst11|MEMORIA[42][16]                  ;
; 4:1                ; 32 bits   ; 64 LEs        ; 32 LEs               ; 32 LEs                 ; Yes        ; |processador_mips|MEMORIA_DE_DADOS:inst11|MEMORIA[41][23]                  ;
; 4:1                ; 32 bits   ; 64 LEs        ; 32 LEs               ; 32 LEs                 ; Yes        ; |processador_mips|MEMORIA_DE_DADOS:inst11|MEMORIA[40][7]                   ;
; 4:1                ; 32 bits   ; 64 LEs        ; 32 LEs               ; 32 LEs                 ; Yes        ; |processador_mips|MEMORIA_DE_DADOS:inst11|MEMORIA[39][8]                   ;
; 4:1                ; 32 bits   ; 64 LEs        ; 32 LEs               ; 32 LEs                 ; Yes        ; |processador_mips|MEMORIA_DE_DADOS:inst11|MEMORIA[38][10]                  ;
; 4:1                ; 32 bits   ; 64 LEs        ; 32 LEs               ; 32 LEs                 ; Yes        ; |processador_mips|MEMORIA_DE_DADOS:inst11|MEMORIA[37][30]                  ;
; 4:1                ; 32 bits   ; 64 LEs        ; 32 LEs               ; 32 LEs                 ; Yes        ; |processador_mips|MEMORIA_DE_DADOS:inst11|MEMORIA[36][11]                  ;
; 4:1                ; 32 bits   ; 64 LEs        ; 32 LEs               ; 32 LEs                 ; Yes        ; |processador_mips|MEMORIA_DE_DADOS:inst11|MEMORIA[35][23]                  ;
; 4:1                ; 32 bits   ; 64 LEs        ; 32 LEs               ; 32 LEs                 ; Yes        ; |processador_mips|MEMORIA_DE_DADOS:inst11|MEMORIA[34][19]                  ;
; 4:1                ; 32 bits   ; 64 LEs        ; 32 LEs               ; 32 LEs                 ; Yes        ; |processador_mips|MEMORIA_DE_DADOS:inst11|MEMORIA[33][8]                   ;
; 4:1                ; 32 bits   ; 64 LEs        ; 32 LEs               ; 32 LEs                 ; Yes        ; |processador_mips|MEMORIA_DE_DADOS:inst11|MEMORIA[32][29]                  ;
; 4:1                ; 32 bits   ; 64 LEs        ; 32 LEs               ; 32 LEs                 ; Yes        ; |processador_mips|MEMORIA_DE_DADOS:inst11|MEMORIA[31][20]                  ;
; 4:1                ; 32 bits   ; 64 LEs        ; 32 LEs               ; 32 LEs                 ; Yes        ; |processador_mips|MEMORIA_DE_DADOS:inst11|MEMORIA[30][23]                  ;
; 4:1                ; 32 bits   ; 64 LEs        ; 32 LEs               ; 32 LEs                 ; Yes        ; |processador_mips|MEMORIA_DE_DADOS:inst11|MEMORIA[29][0]                   ;
; 4:1                ; 32 bits   ; 64 LEs        ; 32 LEs               ; 32 LEs                 ; Yes        ; |processador_mips|MEMORIA_DE_DADOS:inst11|MEMORIA[28][25]                  ;
; 4:1                ; 32 bits   ; 64 LEs        ; 32 LEs               ; 32 LEs                 ; Yes        ; |processador_mips|MEMORIA_DE_DADOS:inst11|MEMORIA[27][18]                  ;
; 4:1                ; 32 bits   ; 64 LEs        ; 32 LEs               ; 32 LEs                 ; Yes        ; |processador_mips|MEMORIA_DE_DADOS:inst11|MEMORIA[26][27]                  ;
; 4:1                ; 32 bits   ; 64 LEs        ; 32 LEs               ; 32 LEs                 ; Yes        ; |processador_mips|MEMORIA_DE_DADOS:inst11|MEMORIA[25][13]                  ;
; 4:1                ; 32 bits   ; 64 LEs        ; 32 LEs               ; 32 LEs                 ; Yes        ; |processador_mips|MEMORIA_DE_DADOS:inst11|MEMORIA[24][27]                  ;
; 4:1                ; 32 bits   ; 64 LEs        ; 32 LEs               ; 32 LEs                 ; Yes        ; |processador_mips|MEMORIA_DE_DADOS:inst11|MEMORIA[23][15]                  ;
; 4:1                ; 32 bits   ; 64 LEs        ; 32 LEs               ; 32 LEs                 ; Yes        ; |processador_mips|MEMORIA_DE_DADOS:inst11|MEMORIA[22][12]                  ;
; 4:1                ; 32 bits   ; 64 LEs        ; 32 LEs               ; 32 LEs                 ; Yes        ; |processador_mips|MEMORIA_DE_DADOS:inst11|MEMORIA[21][5]                   ;
; 4:1                ; 32 bits   ; 64 LEs        ; 32 LEs               ; 32 LEs                 ; Yes        ; |processador_mips|MEMORIA_DE_DADOS:inst11|MEMORIA[20][10]                  ;
; 4:1                ; 32 bits   ; 64 LEs        ; 32 LEs               ; 32 LEs                 ; Yes        ; |processador_mips|MEMORIA_DE_DADOS:inst11|MEMORIA[19][0]                   ;
; 4:1                ; 32 bits   ; 64 LEs        ; 32 LEs               ; 32 LEs                 ; Yes        ; |processador_mips|MEMORIA_DE_DADOS:inst11|MEMORIA[18][17]                  ;
; 4:1                ; 32 bits   ; 64 LEs        ; 32 LEs               ; 32 LEs                 ; Yes        ; |processador_mips|MEMORIA_DE_DADOS:inst11|MEMORIA[17][8]                   ;
; 4:1                ; 32 bits   ; 64 LEs        ; 32 LEs               ; 32 LEs                 ; Yes        ; |processador_mips|MEMORIA_DE_DADOS:inst11|MEMORIA[16][10]                  ;
; 4:1                ; 32 bits   ; 64 LEs        ; 32 LEs               ; 32 LEs                 ; Yes        ; |processador_mips|MEMORIA_DE_DADOS:inst11|MEMORIA[15][18]                  ;
; 4:1                ; 32 bits   ; 64 LEs        ; 32 LEs               ; 32 LEs                 ; Yes        ; |processador_mips|MEMORIA_DE_DADOS:inst11|MEMORIA[14][5]                   ;
; 4:1                ; 32 bits   ; 64 LEs        ; 32 LEs               ; 32 LEs                 ; Yes        ; |processador_mips|MEMORIA_DE_DADOS:inst11|MEMORIA[13][23]                  ;
; 4:1                ; 32 bits   ; 64 LEs        ; 32 LEs               ; 32 LEs                 ; Yes        ; |processador_mips|MEMORIA_DE_DADOS:inst11|MEMORIA[12][23]                  ;
; 4:1                ; 32 bits   ; 64 LEs        ; 32 LEs               ; 32 LEs                 ; Yes        ; |processador_mips|MEMORIA_DE_DADOS:inst11|MEMORIA[11][28]                  ;
; 4:1                ; 32 bits   ; 64 LEs        ; 32 LEs               ; 32 LEs                 ; Yes        ; |processador_mips|MEMORIA_DE_DADOS:inst11|MEMORIA[10][16]                  ;
; 4:1                ; 32 bits   ; 64 LEs        ; 32 LEs               ; 32 LEs                 ; Yes        ; |processador_mips|MEMORIA_DE_DADOS:inst11|MEMORIA[9][29]                   ;
; 4:1                ; 32 bits   ; 64 LEs        ; 32 LEs               ; 32 LEs                 ; Yes        ; |processador_mips|MEMORIA_DE_DADOS:inst11|MEMORIA[8][14]                   ;
; 4:1                ; 32 bits   ; 64 LEs        ; 32 LEs               ; 32 LEs                 ; Yes        ; |processador_mips|MEMORIA_DE_DADOS:inst11|MEMORIA[7][14]                   ;
; 4:1                ; 32 bits   ; 64 LEs        ; 32 LEs               ; 32 LEs                 ; Yes        ; |processador_mips|MEMORIA_DE_DADOS:inst11|MEMORIA[6][24]                   ;
; 4:1                ; 32 bits   ; 64 LEs        ; 32 LEs               ; 32 LEs                 ; Yes        ; |processador_mips|MEMORIA_DE_DADOS:inst11|MEMORIA[5][17]                   ;
; 4:1                ; 32 bits   ; 64 LEs        ; 32 LEs               ; 32 LEs                 ; Yes        ; |processador_mips|MEMORIA_DE_DADOS:inst11|MEMORIA[4][19]                   ;
; 4:1                ; 32 bits   ; 64 LEs        ; 32 LEs               ; 32 LEs                 ; Yes        ; |processador_mips|MEMORIA_DE_DADOS:inst11|MEMORIA[3][23]                   ;
; 4:1                ; 32 bits   ; 64 LEs        ; 32 LEs               ; 32 LEs                 ; Yes        ; |processador_mips|MEMORIA_DE_DADOS:inst11|MEMORIA[2][16]                   ;
; 4:1                ; 32 bits   ; 64 LEs        ; 32 LEs               ; 32 LEs                 ; Yes        ; |processador_mips|MEMORIA_DE_DADOS:inst11|MEMORIA[1][3]                    ;
; 4:1                ; 32 bits   ; 64 LEs        ; 32 LEs               ; 32 LEs                 ; Yes        ; |processador_mips|MEMORIA_DE_DADOS:inst11|MEMORIA[0][23]                   ;
; 4:1                ; 32 bits   ; 64 LEs        ; 32 LEs               ; 32 LEs                 ; Yes        ; |processador_mips|BANCO_DE_REGISTRADORES:inst3|REGISTRADORES[2][14]        ;
; 4:1                ; 32 bits   ; 64 LEs        ; 32 LEs               ; 32 LEs                 ; Yes        ; |processador_mips|BANCO_DE_REGISTRADORES:inst3|REGISTRADORES[18][6]        ;
; 4:1                ; 32 bits   ; 64 LEs        ; 32 LEs               ; 32 LEs                 ; Yes        ; |processador_mips|BANCO_DE_REGISTRADORES:inst3|REGISTRADORES[10][6]        ;
; 4:1                ; 32 bits   ; 64 LEs        ; 32 LEs               ; 32 LEs                 ; Yes        ; |processador_mips|BANCO_DE_REGISTRADORES:inst3|REGISTRADORES[26][6]        ;
; 4:1                ; 32 bits   ; 64 LEs        ; 32 LEs               ; 32 LEs                 ; Yes        ; |processador_mips|BANCO_DE_REGISTRADORES:inst3|REGISTRADORES[3][17]        ;
; 4:1                ; 32 bits   ; 64 LEs        ; 32 LEs               ; 32 LEs                 ; Yes        ; |processador_mips|BANCO_DE_REGISTRADORES:inst3|REGISTRADORES[19][6]        ;
; 4:1                ; 32 bits   ; 64 LEs        ; 32 LEs               ; 32 LEs                 ; Yes        ; |processador_mips|BANCO_DE_REGISTRADORES:inst3|REGISTRADORES[11][18]       ;
; 4:1                ; 32 bits   ; 64 LEs        ; 32 LEs               ; 32 LEs                 ; Yes        ; |processador_mips|BANCO_DE_REGISTRADORES:inst3|REGISTRADORES[27][15]       ;
; 4:1                ; 32 bits   ; 64 LEs        ; 32 LEs               ; 32 LEs                 ; Yes        ; |processador_mips|BANCO_DE_REGISTRADORES:inst3|REGISTRADORES[0][18]        ;
; 4:1                ; 32 bits   ; 64 LEs        ; 32 LEs               ; 32 LEs                 ; Yes        ; |processador_mips|BANCO_DE_REGISTRADORES:inst3|REGISTRADORES[16][6]        ;
; 4:1                ; 32 bits   ; 64 LEs        ; 32 LEs               ; 32 LEs                 ; Yes        ; |processador_mips|BANCO_DE_REGISTRADORES:inst3|REGISTRADORES[8][13]        ;
; 4:1                ; 32 bits   ; 64 LEs        ; 32 LEs               ; 32 LEs                 ; Yes        ; |processador_mips|BANCO_DE_REGISTRADORES:inst3|REGISTRADORES[24][19]       ;
; 4:1                ; 32 bits   ; 64 LEs        ; 32 LEs               ; 32 LEs                 ; Yes        ; |processador_mips|BANCO_DE_REGISTRADORES:inst3|REGISTRADORES[1][18]        ;
; 4:1                ; 32 bits   ; 64 LEs        ; 32 LEs               ; 32 LEs                 ; Yes        ; |processador_mips|BANCO_DE_REGISTRADORES:inst3|REGISTRADORES[17][17]       ;
; 4:1                ; 32 bits   ; 64 LEs        ; 32 LEs               ; 32 LEs                 ; Yes        ; |processador_mips|BANCO_DE_REGISTRADORES:inst3|REGISTRADORES[9][18]        ;
; 4:1                ; 32 bits   ; 64 LEs        ; 32 LEs               ; 32 LEs                 ; Yes        ; |processador_mips|BANCO_DE_REGISTRADORES:inst3|REGISTRADORES[25][21]       ;
; 4:1                ; 10 bits   ; 20 LEs        ; 20 LEs               ; 0 LEs                  ; Yes        ; |processador_mips|CONTADOR_DE_PROGRAMA_COM_RESET:inst21|ENDERECO_SAIDA[14] ;
; 4:1                ; 4 bits    ; 8 LEs         ; 8 LEs                ; 0 LEs                  ; Yes        ; |processador_mips|CONTADOR_DE_PROGRAMA_COM_RESET:inst21|ENDERECO_SAIDA[28] ;
; 4:1                ; 16 bits   ; 32 LEs        ; 32 LEs               ; 0 LEs                  ; Yes        ; |processador_mips|CONTADOR_DE_PROGRAMA_COM_RESET:inst21|ENDERECO_SAIDA[18] ;
; 8:1                ; 31 bits   ; 155 LEs       ; 124 LEs              ; 31 LEs                 ; No         ; |processador_mips|ULA:inst10|Mux19                                         ;
; 9:1                ; 32 bits   ; 192 LEs       ; 192 LEs              ; 0 LEs                  ; No         ; |processador_mips|BANCO_DE_REGISTRADORES:inst3|DADO_LIDO1[15]              ;
; 17:1               ; 32 bits   ; 352 LEs       ; 352 LEs              ; 0 LEs                  ; No         ; |processador_mips|BANCO_DE_REGISTRADORES:inst3|DADO_LIDO2[14]              ;
; 65:1               ; 32 bits   ; 1376 LEs      ; 1376 LEs             ; 0 LEs                  ; No         ; |processador_mips|MULTIPLEXADOR_DOIS:inst12|SAIDA[25]                      ;
+--------------------+-----------+---------------+----------------------+------------------------+------------+----------------------------------------------------------------------------+


+-------------------------------+
; Elapsed Time Per Partition    ;
+----------------+--------------+
; Partition Name ; Elapsed Time ;
+----------------+--------------+
; Top            ; 00:00:14     ;
+----------------+--------------+


+-------------------------------+
; Analysis & Synthesis Messages ;
+-------------------------------+
Info: *******************************************************************
Info: Running Quartus II 64-Bit Analysis & Synthesis
    Info: Version 13.1.0 Build 162 10/23/2013 SJ Web Edition
    Info: Processing started: Wed Jul 09 14:44:59 2025
Info: Command: quartus_map --read_settings_files=on --write_settings_files=off processador_mips -c processador_mips
Warning (20028): Parallel compilation is not licensed and has been disabled
Info (12021): Found 2 design units, including 1 entities, in source file src/banco_de_registradores.vhd
    Info (12022): Found design unit 1: BANCO_DE_REGISTRADORES-behave
    Info (12023): Found entity 1: BANCO_DE_REGISTRADORES
Info (12021): Found 2 design units, including 1 entities, in source file src/contador_de_programa_com_reset.vhd
    Info (12022): Found design unit 1: CONTADOR_DE_PROGRAMA_COM_RESET-behave
    Info (12023): Found entity 1: CONTADOR_DE_PROGRAMA_COM_RESET
Info (12021): Found 2 design units, including 1 entities, in source file src/extensor_de_sinal.vhd
    Info (12022): Found design unit 1: EXTENSOR_DE_SINAL-behave
    Info (12023): Found entity 1: EXTENSOR_DE_SINAL
Info (12021): Found 2 design units, including 1 entities, in source file src/somador.vhd
    Info (12022): Found design unit 1: SOMADOR-behave
    Info (12023): Found entity 1: SOMADOR
Info (12021): Found 1 design units, including 1 entities, in source file src/processador_mips.bdf
    Info (12023): Found entity 1: processador_mips
Info (12021): Found 2 design units, including 1 entities, in source file src/somador_mais_quatro.vhd
    Info (12022): Found design unit 1: SOMADOR_MAIS_QUATRO-behave
    Info (12023): Found entity 1: SOMADOR_MAIS_QUATRO
Info (12021): Found 2 design units, including 1 entities, in source file src/multiplexador_dois.vhd
    Info (12022): Found design unit 1: MULTIPLEXADOR_DOIS-behave
    Info (12023): Found entity 1: MULTIPLEXADOR_DOIS
Info (12021): Found 2 design units, including 1 entities, in source file src/multiplexador_cinco.vhd
    Info (12022): Found design unit 1: MULTIPLEXADOR_CINCO-behave
    Info (12023): Found entity 1: MULTIPLEXADOR_CINCO
Info (12021): Found 2 design units, including 1 entities, in source file src/ula_decodificador.vhd
    Info (12022): Found design unit 1: ULA_DECODIFICADOR-behave
    Info (12023): Found entity 1: ULA_DECODIFICADOR
Info (12021): Found 2 design units, including 1 entities, in source file src/concatenar_entradas.vhd
    Info (12022): Found design unit 1: CONCATENAR_ENTRADAS-behave
    Info (12023): Found entity 1: CONCATENAR_ENTRADAS
Info (12021): Found 2 design units, including 1 entities, in source file src/memoria_de_dados.vhd
    Info (12022): Found design unit 1: MEMORIA_DE_DADOS-behave
    Info (12023): Found entity 1: MEMORIA_DE_DADOS
Info (12021): Found 2 design units, including 1 entities, in source file src/display_sete_segmentos.vhd
    Info (12022): Found design unit 1: DISPLAY_SETE_SEGMENTOS-behave
    Info (12023): Found entity 1: DISPLAY_SETE_SEGMENTOS
Info (12021): Found 2 design units, including 1 entities, in source file src/memoria_de_instrucoes.vhd
    Info (12022): Found design unit 1: MEMORIA_DE_INSTRUCAO_BYTE-behave
    Info (12023): Found entity 1: MEMORIA_DE_INSTRUCAO_BYTE
Info (12021): Found 2 design units, including 1 entities, in source file src/decodificador_principal.vhd
    Info (12022): Found design unit 1: DECODIFICADOR_PRINCIPAL-behave
    Info (12023): Found entity 1: DECODIFICADOR_PRINCIPAL
Info (12021): Found 2 design units, including 1 entities, in source file src/shift_esquerda.vhd
    Info (12022): Found design unit 1: SHIFT_ESQUERDA-behave
    Info (12023): Found entity 1: SHIFT_ESQUERDA
Info (12021): Found 2 design units, including 1 entities, in source file src/ula.vhd
    Info (12022): Found design unit 1: ULA-behave
    Info (12023): Found entity 1: ULA
Info (12021): Found 2 design units, including 1 entities, in source file src/shift_esquerda32.vhd
    Info (12022): Found design unit 1: SHIFT_ESQUERDA32-behave
    Info (12023): Found entity 1: SHIFT_ESQUERDA32
Info (12021): Found 1 design units, including 1 entities, in source file simulation/teste_componentes.bdf
    Info (12023): Found entity 1: teste_componentes
Info (12021): Found 1 design units, including 1 entities, in source file unidade_de_controle.bdf
    Info (12023): Found entity 1: UNIDADE_DE_CONTROLE
Info (12127): Elaborating entity "processador_mips" for the top level hierarchy
Info (12128): Elaborating entity "UNIDADE_DE_CONTROLE" for hierarchy "UNIDADE_DE_CONTROLE:inst13"
Info (12128): Elaborating entity "DECODIFICADOR_PRINCIPAL" for hierarchy "UNIDADE_DE_CONTROLE:inst13|DECODIFICADOR_PRINCIPAL:inst"
Info (12128): Elaborating entity "ULA_DECODIFICADOR" for hierarchy "UNIDADE_DE_CONTROLE:inst13|ULA_DECODIFICADOR:inst1"
Info (12128): Elaborating entity "MEMORIA_DE_INSTRUCAO_BYTE" for hierarchy "MEMORIA_DE_INSTRUCAO_BYTE:inst99"
Warning (10540): VHDL Signal Declaration warning at MEMORIA_DE_INSTRUCOES.vhd(17): used explicit default value for signal "MEMORIA" because signal was never assigned a value
Info (12128): Elaborating entity "CONTADOR_DE_PROGRAMA_COM_RESET" for hierarchy "CONTADOR_DE_PROGRAMA_COM_RESET:inst21"
Info (12128): Elaborating entity "MULTIPLEXADOR_DOIS" for hierarchy "MULTIPLEXADOR_DOIS:inst16"
Warning (10631): VHDL Process Statement warning at MULTIPLEXADOR_DOIS.vhd(12): inferring latch(es) for signal or variable "SAIDA", which holds its previous value in one or more paths through the process
Info (10041): Inferred latch for "SAIDA[0]" at MULTIPLEXADOR_DOIS.vhd(12)
Info (10041): Inferred latch for "SAIDA[1]" at MULTIPLEXADOR_DOIS.vhd(12)
Info (10041): Inferred latch for "SAIDA[2]" at MULTIPLEXADOR_DOIS.vhd(12)
Info (10041): Inferred latch for "SAIDA[3]" at MULTIPLEXADOR_DOIS.vhd(12)
Info (10041): Inferred latch for "SAIDA[4]" at MULTIPLEXADOR_DOIS.vhd(12)
Info (10041): Inferred latch for "SAIDA[5]" at MULTIPLEXADOR_DOIS.vhd(12)
Info (10041): Inferred latch for "SAIDA[6]" at MULTIPLEXADOR_DOIS.vhd(12)
Info (10041): Inferred latch for "SAIDA[7]" at MULTIPLEXADOR_DOIS.vhd(12)
Info (10041): Inferred latch for "SAIDA[8]" at MULTIPLEXADOR_DOIS.vhd(12)
Info (10041): Inferred latch for "SAIDA[9]" at MULTIPLEXADOR_DOIS.vhd(12)
Info (10041): Inferred latch for "SAIDA[10]" at MULTIPLEXADOR_DOIS.vhd(12)
Info (10041): Inferred latch for "SAIDA[11]" at MULTIPLEXADOR_DOIS.vhd(12)
Info (10041): Inferred latch for "SAIDA[12]" at MULTIPLEXADOR_DOIS.vhd(12)
Info (10041): Inferred latch for "SAIDA[13]" at MULTIPLEXADOR_DOIS.vhd(12)
Info (10041): Inferred latch for "SAIDA[14]" at MULTIPLEXADOR_DOIS.vhd(12)
Info (10041): Inferred latch for "SAIDA[15]" at MULTIPLEXADOR_DOIS.vhd(12)
Info (10041): Inferred latch for "SAIDA[16]" at MULTIPLEXADOR_DOIS.vhd(12)
Info (10041): Inferred latch for "SAIDA[17]" at MULTIPLEXADOR_DOIS.vhd(12)
Info (10041): Inferred latch for "SAIDA[18]" at MULTIPLEXADOR_DOIS.vhd(12)
Info (10041): Inferred latch for "SAIDA[19]" at MULTIPLEXADOR_DOIS.vhd(12)
Info (10041): Inferred latch for "SAIDA[20]" at MULTIPLEXADOR_DOIS.vhd(12)
Info (10041): Inferred latch for "SAIDA[21]" at MULTIPLEXADOR_DOIS.vhd(12)
Info (10041): Inferred latch for "SAIDA[22]" at MULTIPLEXADOR_DOIS.vhd(12)
Info (10041): Inferred latch for "SAIDA[23]" at MULTIPLEXADOR_DOIS.vhd(12)
Info (10041): Inferred latch for "SAIDA[24]" at MULTIPLEXADOR_DOIS.vhd(12)
Info (10041): Inferred latch for "SAIDA[25]" at MULTIPLEXADOR_DOIS.vhd(12)
Info (10041): Inferred latch for "SAIDA[26]" at MULTIPLEXADOR_DOIS.vhd(12)
Info (10041): Inferred latch for "SAIDA[27]" at MULTIPLEXADOR_DOIS.vhd(12)
Info (10041): Inferred latch for "SAIDA[28]" at MULTIPLEXADOR_DOIS.vhd(12)
Info (10041): Inferred latch for "SAIDA[29]" at MULTIPLEXADOR_DOIS.vhd(12)
Info (10041): Inferred latch for "SAIDA[30]" at MULTIPLEXADOR_DOIS.vhd(12)
Info (10041): Inferred latch for "SAIDA[31]" at MULTIPLEXADOR_DOIS.vhd(12)
Info (12128): Elaborating entity "SOMADOR_MAIS_QUATRO" for hierarchy "SOMADOR_MAIS_QUATRO:inst23"
Info (12128): Elaborating entity "SOMADOR" for hierarchy "SOMADOR:inst6"
Warning (10492): VHDL Process Statement warning at SOMADOR.vhd(19): signal "A_INTEIRO" is read inside the Process Statement but isn't in the Process Statement's sensitivity list
Warning (10492): VHDL Process Statement warning at SOMADOR.vhd(19): signal "B_INTEIRO" is read inside the Process Statement but isn't in the Process Statement's sensitivity list
Info (12128): Elaborating entity "SHIFT_ESQUERDA32" for hierarchy "SHIFT_ESQUERDA32:inst19"
Info (12128): Elaborating entity "EXTENSOR_DE_SINAL" for hierarchy "EXTENSOR_DE_SINAL:inst5"
Info (12128): Elaborating entity "CONCATENAR_ENTRADAS" for hierarchy "CONCATENAR_ENTRADAS:inst18"
Info (12128): Elaborating entity "SHIFT_ESQUERDA" for hierarchy "SHIFT_ESQUERDA:inst15"
Info (12128): Elaborating entity "ULA" for hierarchy "ULA:inst10"
Info (12128): Elaborating entity "BANCO_DE_REGISTRADORES" for hierarchy "BANCO_DE_REGISTRADORES:inst3"
Info (12128): Elaborating entity "MEMORIA_DE_DADOS" for hierarchy "MEMORIA_DE_DADOS:inst11"
Warning (10027): Verilog HDL or VHDL warning at the MEMORIA_DE_DADOS.vhd(26): index expression is not wide enough to address all of the elements in the array
Info (12128): Elaborating entity "MULTIPLEXADOR_CINCO" for hierarchy "MULTIPLEXADOR_CINCO:inst4"
Warning (10631): VHDL Process Statement warning at MULTIPLEXADOR_CINCO.vhd(12): inferring latch(es) for signal or variable "SAIDA", which holds its previous value in one or more paths through the process
Info (10041): Inferred latch for "SAIDA[0]" at MULTIPLEXADOR_CINCO.vhd(12)
Info (10041): Inferred latch for "SAIDA[1]" at MULTIPLEXADOR_CINCO.vhd(12)
Info (10041): Inferred latch for "SAIDA[2]" at MULTIPLEXADOR_CINCO.vhd(12)
Info (10041): Inferred latch for "SAIDA[3]" at MULTIPLEXADOR_CINCO.vhd(12)
Info (10041): Inferred latch for "SAIDA[4]" at MULTIPLEXADOR_CINCO.vhd(12)
Info (12128): Elaborating entity "DISPLAY_SETE_SEGMENTOS" for hierarchy "DISPLAY_SETE_SEGMENTOS:inst26"
Warning (13024): Output pins are stuck at VCC or GND
    Warning (13410): Pin "HEX6[5]" is stuck at GND
    Warning (13410): Pin "INSTR[30]" is stuck at GND
    Warning (13410): Pin "INSTR[23]" is stuck at GND
    Warning (13410): Pin "INSTR[22]" is stuck at GND
    Warning (13410): Pin "INSTR[18]" is stuck at GND
    Warning (13410): Pin "INSTR[13]" is stuck at GND
    Warning (13410): Pin "INSTR[12]" is stuck at GND
    Warning (13410): Pin "INSTR[10]" is stuck at GND
    Warning (13410): Pin "INSTR[9]" is stuck at GND
    Warning (13410): Pin "INSTR[8]" is stuck at GND
    Warning (13410): Pin "INSTR[7]" is stuck at GND
    Warning (13410): Pin "INSTR[4]" is stuck at GND
Info (286030): Timing-Driven Synthesis is running
Info (17049): 152 registers lost all their fanouts during netlist optimizations.
Info (16010): Generating hard_block partition "hard_block:auto_generated_inst"
    Info (16011): Adding 0 node(s), including 0 DDIO, 0 PLL, 0 transceiver and 0 LCELL
Info (21057): Implemented 4896 device resources after synthesis - the final resource count might be different
    Info (21058): Implemented 2 input pins
    Info (21059): Implemented 160 output pins
    Info (21061): Implemented 4734 logic cells
Info: Quartus II 64-Bit Analysis & Synthesis was successful. 0 errors, 20 warnings
    Info: Peak virtual memory: 4695 megabytes
    Info: Processing ended: Wed Jul 09 14:45:17 2025
    Info: Elapsed time: 00:00:18
    Info: Total CPU time (on all processors): 00:00:17


