Fitter report for processador_mips
Thu Jul 03 23:55:16 2025
Quartus II 64-Bit Version 13.1.0 Build 162 10/23/2013 SJ Web Edition


---------------------
; Table of Contents ;
---------------------
  1. Legal Notice
  2. Fitter Summary
  3. Fitter Settings
  4. Parallel Compilation
  5. I/O Assignment Warnings
  6. Incremental Compilation Preservation Summary
  7. Incremental Compilation Partition Settings
  8. Incremental Compilation Placement Preservation
  9. Pin-Out File
 10. Fitter Resource Usage Summary
 11. Fitter Partition Statistics
 12. Input Pins
 13. Output Pins
 14. Dual Purpose and Dedicated Pins
 15. I/O Bank Usage
 16. All Package Pins
 17. Fitter Resource Utilization by Entity
 18. Delay Chain Summary
 19. Pad To Core Delay Chain Fanout
 20. Control Signals
 21. Global & Other Fast Signals
 22. Non-Global High Fan-Out Signals
 23. Routing Usage Summary
 24. LAB Logic Elements
 25. LAB-wide Signals
 26. LAB Signals Sourced
 27. LAB Signals Sourced Out
 28. LAB Distinct Inputs
 29. I/O Rules Summary
 30. I/O Rules Details
 31. I/O Rules Matrix
 32. Fitter Device Options
 33. Operating Settings and Conditions
 34. Fitter Messages
 35. Fitter Suppressed Messages



----------------
; Legal Notice ;
----------------
Copyright (C) 1991-2013 Altera Corporation
Your use of Altera Corporation's design tools, logic functions 
and other software and tools, and its AMPP partner logic 
functions, and any output files from any of the foregoing 
(including device programming or simulation files), and any 
associated documentation or information are expressly subject 
to the terms and conditions of the Altera Program License 
Subscription Agreement, Altera MegaCore Function License 
Agreement, or other applicable license agreement, including, 
without limitation, that your use is for the sole purpose of 
programming logic devices manufactured by Altera and sold by 
Altera or its authorized distributors.  Please refer to the 
applicable agreement for further details.



+---------------------------------------------------------------------------------+
; Fitter Summary                                                                  ;
+------------------------------------+--------------------------------------------+
; Fitter Status                      ; Successful - Thu Jul 03 23:55:16 2025      ;
; Quartus II 64-Bit Version          ; 13.1.0 Build 162 10/23/2013 SJ Web Edition ;
; Revision Name                      ; processador_mips                           ;
; Top-level Entity Name              ; processador_mips                           ;
; Family                             ; Cyclone IV E                               ;
; Device                             ; EP4CE115F29C7                              ;
; Timing Models                      ; Final                                      ;
; Total logic elements               ; 3,466 / 114,480 ( 3 % )                    ;
;     Total combinational functions  ; 2,305 / 114,480 ( 2 % )                    ;
;     Dedicated logic registers      ; 2,462 / 114,480 ( 2 % )                    ;
; Total registers                    ; 2462                                       ;
; Total pins                         ; 261 / 529 ( 49 % )                         ;
; Total virtual pins                 ; 0                                          ;
; Total memory bits                  ; 0 / 3,981,312 ( 0 % )                      ;
; Embedded Multiplier 9-bit elements ; 0 / 532 ( 0 % )                            ;
; Total PLLs                         ; 0 / 4 ( 0 % )                              ;
+------------------------------------+--------------------------------------------+


+------------------------------------------------------------------------------------------------------------------------------------------------------------+
; Fitter Settings                                                                                                                                            ;
+----------------------------------------------------------------------------+---------------------------------------+---------------------------------------+
; Option                                                                     ; Setting                               ; Default Value                         ;
+----------------------------------------------------------------------------+---------------------------------------+---------------------------------------+
; Device                                                                     ; EP4CE115F29C7                         ;                                       ;
; Nominal Core Supply Voltage                                                ; 1.2V                                  ;                                       ;
; Minimum Core Junction Temperature                                          ; 0                                     ;                                       ;
; Maximum Core Junction Temperature                                          ; 85                                    ;                                       ;
; Fit Attempts to Skip                                                       ; 0                                     ; 0.0                                   ;
; Device I/O Standard                                                        ; 2.5 V                                 ;                                       ;
; Use smart compilation                                                      ; Off                                   ; Off                                   ;
; Enable parallel Assembler and TimeQuest Timing Analyzer during compilation ; On                                    ; On                                    ;
; Enable compact report table                                                ; Off                                   ; Off                                   ;
; Auto Merge PLLs                                                            ; On                                    ; On                                    ;
; Router Timing Optimization Level                                           ; Normal                                ; Normal                                ;
; Perform Clocking Topology Analysis During Routing                          ; Off                                   ; Off                                   ;
; Placement Effort Multiplier                                                ; 1.0                                   ; 1.0                                   ;
; Router Effort Multiplier                                                   ; 1.0                                   ; 1.0                                   ;
; Optimize Hold Timing                                                       ; All Paths                             ; All Paths                             ;
; Optimize Multi-Corner Timing                                               ; On                                    ; On                                    ;
; PowerPlay Power Optimization                                               ; Normal compilation                    ; Normal compilation                    ;
; SSN Optimization                                                           ; Off                                   ; Off                                   ;
; Optimize Timing                                                            ; Normal compilation                    ; Normal compilation                    ;
; Optimize Timing for ECOs                                                   ; Off                                   ; Off                                   ;
; Regenerate full fit report during ECO compiles                             ; Off                                   ; Off                                   ;
; Optimize IOC Register Placement for Timing                                 ; Normal                                ; Normal                                ;
; Limit to One Fitting Attempt                                               ; Off                                   ; Off                                   ;
; Final Placement Optimizations                                              ; Automatically                         ; Automatically                         ;
; Fitter Aggressive Routability Optimizations                                ; Automatically                         ; Automatically                         ;
; Fitter Initial Placement Seed                                              ; 1                                     ; 1                                     ;
; PCI I/O                                                                    ; Off                                   ; Off                                   ;
; Weak Pull-Up Resistor                                                      ; Off                                   ; Off                                   ;
; Enable Bus-Hold Circuitry                                                  ; Off                                   ; Off                                   ;
; Auto Packed Registers                                                      ; Auto                                  ; Auto                                  ;
; Auto Delay Chains                                                          ; On                                    ; On                                    ;
; Auto Delay Chains for High Fanout Input Pins                               ; Off                                   ; Off                                   ;
; Allow Single-ended Buffer for Differential-XSTL Input                      ; Off                                   ; Off                                   ;
; Treat Bidirectional Pin as Output Pin                                      ; Off                                   ; Off                                   ;
; Perform Physical Synthesis for Combinational Logic for Fitting             ; Off                                   ; Off                                   ;
; Perform Physical Synthesis for Combinational Logic for Performance         ; Off                                   ; Off                                   ;
; Perform Register Duplication for Performance                               ; Off                                   ; Off                                   ;
; Perform Logic to Memory Mapping for Fitting                                ; Off                                   ; Off                                   ;
; Perform Register Retiming for Performance                                  ; Off                                   ; Off                                   ;
; Perform Asynchronous Signal Pipelining                                     ; Off                                   ; Off                                   ;
; Fitter Effort                                                              ; Auto Fit                              ; Auto Fit                              ;
; Physical Synthesis Effort Level                                            ; Normal                                ; Normal                                ;
; Logic Cell Insertion - Logic Duplication                                   ; Auto                                  ; Auto                                  ;
; Auto Register Duplication                                                  ; Auto                                  ; Auto                                  ;
; Auto Global Clock                                                          ; On                                    ; On                                    ;
; Auto Global Register Control Signals                                       ; On                                    ; On                                    ;
; Reserve all unused pins                                                    ; As input tri-stated with weak pull-up ; As input tri-stated with weak pull-up ;
; Synchronizer Identification                                                ; Off                                   ; Off                                   ;
; Enable Beneficial Skew Optimization                                        ; On                                    ; On                                    ;
; Optimize Design for Metastability                                          ; On                                    ; On                                    ;
; Force Fitter to Avoid Periphery Placement Warnings                         ; Off                                   ; Off                                   ;
; Enable input tri-state on active configuration pins in user mode           ; Off                                   ; Off                                   ;
+----------------------------------------------------------------------------+---------------------------------------+---------------------------------------+


Parallel compilation was disabled, but you have multiple processors available. Enable parallel compilation to reduce compilation time.
+-------------------------------------+
; Parallel Compilation                ;
+----------------------------+--------+
; Processors                 ; Number ;
+----------------------------+--------+
; Number detected on machine ; 6      ;
; Maximum allowed            ; 1      ;
+----------------------------+--------+


+---------------------------------------------------------------+
; I/O Assignment Warnings                                       ;
+------------------------+--------------------------------------+
; Pin Name               ; Reason                               ;
+------------------------+--------------------------------------+
; BranchResult           ; Missing drive strength and slew rate ;
; BranchSinal            ; Missing drive strength and slew rate ;
; JumpSinal              ; Missing drive strength and slew rate ;
; ENTRADA_SHIFT_LEFT[31] ; Missing drive strength and slew rate ;
; ENTRADA_SHIFT_LEFT[30] ; Missing drive strength and slew rate ;
; ENTRADA_SHIFT_LEFT[29] ; Missing drive strength and slew rate ;
; ENTRADA_SHIFT_LEFT[28] ; Missing drive strength and slew rate ;
; ENTRADA_SHIFT_LEFT[27] ; Missing drive strength and slew rate ;
; ENTRADA_SHIFT_LEFT[26] ; Missing drive strength and slew rate ;
; ENTRADA_SHIFT_LEFT[25] ; Missing drive strength and slew rate ;
; ENTRADA_SHIFT_LEFT[24] ; Missing drive strength and slew rate ;
; ENTRADA_SHIFT_LEFT[23] ; Missing drive strength and slew rate ;
; ENTRADA_SHIFT_LEFT[22] ; Missing drive strength and slew rate ;
; ENTRADA_SHIFT_LEFT[21] ; Missing drive strength and slew rate ;
; ENTRADA_SHIFT_LEFT[20] ; Missing drive strength and slew rate ;
; ENTRADA_SHIFT_LEFT[19] ; Missing drive strength and slew rate ;
; ENTRADA_SHIFT_LEFT[18] ; Missing drive strength and slew rate ;
; ENTRADA_SHIFT_LEFT[17] ; Missing drive strength and slew rate ;
; ENTRADA_SHIFT_LEFT[16] ; Missing drive strength and slew rate ;
; ENTRADA_SHIFT_LEFT[15] ; Missing drive strength and slew rate ;
; ENTRADA_SHIFT_LEFT[14] ; Missing drive strength and slew rate ;
; ENTRADA_SHIFT_LEFT[13] ; Missing drive strength and slew rate ;
; ENTRADA_SHIFT_LEFT[12] ; Missing drive strength and slew rate ;
; ENTRADA_SHIFT_LEFT[11] ; Missing drive strength and slew rate ;
; ENTRADA_SHIFT_LEFT[10] ; Missing drive strength and slew rate ;
; ENTRADA_SHIFT_LEFT[9]  ; Missing drive strength and slew rate ;
; ENTRADA_SHIFT_LEFT[8]  ; Missing drive strength and slew rate ;
; ENTRADA_SHIFT_LEFT[7]  ; Missing drive strength and slew rate ;
; ENTRADA_SHIFT_LEFT[6]  ; Missing drive strength and slew rate ;
; ENTRADA_SHIFT_LEFT[5]  ; Missing drive strength and slew rate ;
; ENTRADA_SHIFT_LEFT[4]  ; Missing drive strength and slew rate ;
; ENTRADA_SHIFT_LEFT[3]  ; Missing drive strength and slew rate ;
; ENTRADA_SHIFT_LEFT[2]  ; Missing drive strength and slew rate ;
; ENTRADA_SHIFT_LEFT[1]  ; Missing drive strength and slew rate ;
; ENTRADA_SHIFT_LEFT[0]  ; Missing drive strength and slew rate ;
; ENTRADA_ULA1[31]       ; Missing drive strength and slew rate ;
; ENTRADA_ULA1[30]       ; Missing drive strength and slew rate ;
; ENTRADA_ULA1[29]       ; Missing drive strength and slew rate ;
; ENTRADA_ULA1[28]       ; Missing drive strength and slew rate ;
; ENTRADA_ULA1[27]       ; Missing drive strength and slew rate ;
; ENTRADA_ULA1[26]       ; Missing drive strength and slew rate ;
; ENTRADA_ULA1[25]       ; Missing drive strength and slew rate ;
; ENTRADA_ULA1[24]       ; Missing drive strength and slew rate ;
; ENTRADA_ULA1[23]       ; Missing drive strength and slew rate ;
; ENTRADA_ULA1[22]       ; Missing drive strength and slew rate ;
; ENTRADA_ULA1[21]       ; Missing drive strength and slew rate ;
; ENTRADA_ULA1[20]       ; Missing drive strength and slew rate ;
; ENTRADA_ULA1[19]       ; Missing drive strength and slew rate ;
; ENTRADA_ULA1[18]       ; Missing drive strength and slew rate ;
; ENTRADA_ULA1[17]       ; Missing drive strength and slew rate ;
; ENTRADA_ULA1[16]       ; Missing drive strength and slew rate ;
; ENTRADA_ULA1[15]       ; Missing drive strength and slew rate ;
; ENTRADA_ULA1[14]       ; Missing drive strength and slew rate ;
; ENTRADA_ULA1[13]       ; Missing drive strength and slew rate ;
; ENTRADA_ULA1[12]       ; Missing drive strength and slew rate ;
; ENTRADA_ULA1[11]       ; Missing drive strength and slew rate ;
; ENTRADA_ULA1[10]       ; Missing drive strength and slew rate ;
; ENTRADA_ULA1[9]        ; Missing drive strength and slew rate ;
; ENTRADA_ULA1[8]        ; Missing drive strength and slew rate ;
; ENTRADA_ULA1[7]        ; Missing drive strength and slew rate ;
; ENTRADA_ULA1[6]        ; Missing drive strength and slew rate ;
; ENTRADA_ULA1[5]        ; Missing drive strength and slew rate ;
; ENTRADA_ULA1[4]        ; Missing drive strength and slew rate ;
; ENTRADA_ULA1[3]        ; Missing drive strength and slew rate ;
; ENTRADA_ULA1[2]        ; Missing drive strength and slew rate ;
; ENTRADA_ULA1[1]        ; Missing drive strength and slew rate ;
; ENTRADA_ULA1[0]        ; Missing drive strength and slew rate ;
; ENTRADA_ULA2[31]       ; Missing drive strength and slew rate ;
; ENTRADA_ULA2[30]       ; Missing drive strength and slew rate ;
; ENTRADA_ULA2[29]       ; Missing drive strength and slew rate ;
; ENTRADA_ULA2[28]       ; Missing drive strength and slew rate ;
; ENTRADA_ULA2[27]       ; Missing drive strength and slew rate ;
; ENTRADA_ULA2[26]       ; Missing drive strength and slew rate ;
; ENTRADA_ULA2[25]       ; Missing drive strength and slew rate ;
; ENTRADA_ULA2[24]       ; Missing drive strength and slew rate ;
; ENTRADA_ULA2[23]       ; Missing drive strength and slew rate ;
; ENTRADA_ULA2[22]       ; Missing drive strength and slew rate ;
; ENTRADA_ULA2[21]       ; Missing drive strength and slew rate ;
; ENTRADA_ULA2[20]       ; Missing drive strength and slew rate ;
; ENTRADA_ULA2[19]       ; Missing drive strength and slew rate ;
; ENTRADA_ULA2[18]       ; Missing drive strength and slew rate ;
; ENTRADA_ULA2[17]       ; Missing drive strength and slew rate ;
; ENTRADA_ULA2[16]       ; Missing drive strength and slew rate ;
; ENTRADA_ULA2[15]       ; Missing drive strength and slew rate ;
; ENTRADA_ULA2[14]       ; Missing drive strength and slew rate ;
; ENTRADA_ULA2[13]       ; Missing drive strength and slew rate ;
; ENTRADA_ULA2[12]       ; Missing drive strength and slew rate ;
; ENTRADA_ULA2[11]       ; Missing drive strength and slew rate ;
; ENTRADA_ULA2[10]       ; Missing drive strength and slew rate ;
; ENTRADA_ULA2[9]        ; Missing drive strength and slew rate ;
; ENTRADA_ULA2[8]        ; Missing drive strength and slew rate ;
; ENTRADA_ULA2[7]        ; Missing drive strength and slew rate ;
; ENTRADA_ULA2[6]        ; Missing drive strength and slew rate ;
; ENTRADA_ULA2[5]        ; Missing drive strength and slew rate ;
; ENTRADA_ULA2[4]        ; Missing drive strength and slew rate ;
; ENTRADA_ULA2[3]        ; Missing drive strength and slew rate ;
; ENTRADA_ULA2[2]        ; Missing drive strength and slew rate ;
; ENTRADA_ULA2[1]        ; Missing drive strength and slew rate ;
; ENTRADA_ULA2[0]        ; Missing drive strength and slew rate ;
; INSTR[31]              ; Missing drive strength and slew rate ;
; INSTR[30]              ; Missing drive strength and slew rate ;
; INSTR[29]              ; Missing drive strength and slew rate ;
; INSTR[28]              ; Missing drive strength and slew rate ;
; INSTR[27]              ; Missing drive strength and slew rate ;
; INSTR[26]              ; Missing drive strength and slew rate ;
; INSTR[25]              ; Missing drive strength and slew rate ;
; INSTR[24]              ; Missing drive strength and slew rate ;
; INSTR[23]              ; Missing drive strength and slew rate ;
; INSTR[22]              ; Missing drive strength and slew rate ;
; INSTR[21]              ; Missing drive strength and slew rate ;
; INSTR[20]              ; Missing drive strength and slew rate ;
; INSTR[19]              ; Missing drive strength and slew rate ;
; INSTR[18]              ; Missing drive strength and slew rate ;
; INSTR[17]              ; Missing drive strength and slew rate ;
; INSTR[16]              ; Missing drive strength and slew rate ;
; INSTR[15]              ; Missing drive strength and slew rate ;
; INSTR[14]              ; Missing drive strength and slew rate ;
; INSTR[13]              ; Missing drive strength and slew rate ;
; INSTR[12]              ; Missing drive strength and slew rate ;
; INSTR[11]              ; Missing drive strength and slew rate ;
; INSTR[10]              ; Missing drive strength and slew rate ;
; INSTR[9]               ; Missing drive strength and slew rate ;
; INSTR[8]               ; Missing drive strength and slew rate ;
; INSTR[7]               ; Missing drive strength and slew rate ;
; INSTR[6]               ; Missing drive strength and slew rate ;
; INSTR[5]               ; Missing drive strength and slew rate ;
; INSTR[4]               ; Missing drive strength and slew rate ;
; INSTR[3]               ; Missing drive strength and slew rate ;
; INSTR[2]               ; Missing drive strength and slew rate ;
; INSTR[1]               ; Missing drive strength and slew rate ;
; INSTR[0]               ; Missing drive strength and slew rate ;
; PC[31]                 ; Missing drive strength and slew rate ;
; PC[30]                 ; Missing drive strength and slew rate ;
; PC[29]                 ; Missing drive strength and slew rate ;
; PC[28]                 ; Missing drive strength and slew rate ;
; PC[27]                 ; Missing drive strength and slew rate ;
; PC[26]                 ; Missing drive strength and slew rate ;
; PC[25]                 ; Missing drive strength and slew rate ;
; PC[24]                 ; Missing drive strength and slew rate ;
; PC[23]                 ; Missing drive strength and slew rate ;
; PC[22]                 ; Missing drive strength and slew rate ;
; PC[21]                 ; Missing drive strength and slew rate ;
; PC[20]                 ; Missing drive strength and slew rate ;
; PC[19]                 ; Missing drive strength and slew rate ;
; PC[18]                 ; Missing drive strength and slew rate ;
; PC[17]                 ; Missing drive strength and slew rate ;
; PC[16]                 ; Missing drive strength and slew rate ;
; PC[15]                 ; Missing drive strength and slew rate ;
; PC[14]                 ; Missing drive strength and slew rate ;
; PC[13]                 ; Missing drive strength and slew rate ;
; PC[12]                 ; Missing drive strength and slew rate ;
; PC[11]                 ; Missing drive strength and slew rate ;
; PC[10]                 ; Missing drive strength and slew rate ;
; PC[9]                  ; Missing drive strength and slew rate ;
; PC[8]                  ; Missing drive strength and slew rate ;
; PC[7]                  ; Missing drive strength and slew rate ;
; PC[6]                  ; Missing drive strength and slew rate ;
; PC[5]                  ; Missing drive strength and slew rate ;
; PC[4]                  ; Missing drive strength and slew rate ;
; PC[3]                  ; Missing drive strength and slew rate ;
; PC[2]                  ; Missing drive strength and slew rate ;
; PC[1]                  ; Missing drive strength and slew rate ;
; PC[0]                  ; Missing drive strength and slew rate ;
; RESULTADO[31]          ; Missing drive strength and slew rate ;
; RESULTADO[30]          ; Missing drive strength and slew rate ;
; RESULTADO[29]          ; Missing drive strength and slew rate ;
; RESULTADO[28]          ; Missing drive strength and slew rate ;
; RESULTADO[27]          ; Missing drive strength and slew rate ;
; RESULTADO[26]          ; Missing drive strength and slew rate ;
; RESULTADO[25]          ; Missing drive strength and slew rate ;
; RESULTADO[24]          ; Missing drive strength and slew rate ;
; RESULTADO[23]          ; Missing drive strength and slew rate ;
; RESULTADO[22]          ; Missing drive strength and slew rate ;
; RESULTADO[21]          ; Missing drive strength and slew rate ;
; RESULTADO[20]          ; Missing drive strength and slew rate ;
; RESULTADO[19]          ; Missing drive strength and slew rate ;
; RESULTADO[18]          ; Missing drive strength and slew rate ;
; RESULTADO[17]          ; Missing drive strength and slew rate ;
; RESULTADO[16]          ; Missing drive strength and slew rate ;
; RESULTADO[15]          ; Missing drive strength and slew rate ;
; RESULTADO[14]          ; Missing drive strength and slew rate ;
; RESULTADO[13]          ; Missing drive strength and slew rate ;
; RESULTADO[12]          ; Missing drive strength and slew rate ;
; RESULTADO[11]          ; Missing drive strength and slew rate ;
; RESULTADO[10]          ; Missing drive strength and slew rate ;
; RESULTADO[9]           ; Missing drive strength and slew rate ;
; RESULTADO[8]           ; Missing drive strength and slew rate ;
; RESULTADO[7]           ; Missing drive strength and slew rate ;
; RESULTADO[6]           ; Missing drive strength and slew rate ;
; RESULTADO[5]           ; Missing drive strength and slew rate ;
; RESULTADO[4]           ; Missing drive strength and slew rate ;
; RESULTADO[3]           ; Missing drive strength and slew rate ;
; RESULTADO[2]           ; Missing drive strength and slew rate ;
; RESULTADO[1]           ; Missing drive strength and slew rate ;
; RESULTADO[0]           ; Missing drive strength and slew rate ;
; SAIDA_EXTENSOR[31]     ; Missing drive strength and slew rate ;
; SAIDA_EXTENSOR[30]     ; Missing drive strength and slew rate ;
; SAIDA_EXTENSOR[29]     ; Missing drive strength and slew rate ;
; SAIDA_EXTENSOR[28]     ; Missing drive strength and slew rate ;
; SAIDA_EXTENSOR[27]     ; Missing drive strength and slew rate ;
; SAIDA_EXTENSOR[26]     ; Missing drive strength and slew rate ;
; SAIDA_EXTENSOR[25]     ; Missing drive strength and slew rate ;
; SAIDA_EXTENSOR[24]     ; Missing drive strength and slew rate ;
; SAIDA_EXTENSOR[23]     ; Missing drive strength and slew rate ;
; SAIDA_EXTENSOR[22]     ; Missing drive strength and slew rate ;
; SAIDA_EXTENSOR[21]     ; Missing drive strength and slew rate ;
; SAIDA_EXTENSOR[20]     ; Missing drive strength and slew rate ;
; SAIDA_EXTENSOR[19]     ; Missing drive strength and slew rate ;
; SAIDA_EXTENSOR[18]     ; Missing drive strength and slew rate ;
; SAIDA_EXTENSOR[17]     ; Missing drive strength and slew rate ;
; SAIDA_EXTENSOR[16]     ; Missing drive strength and slew rate ;
; SAIDA_EXTENSOR[15]     ; Missing drive strength and slew rate ;
; SAIDA_EXTENSOR[14]     ; Missing drive strength and slew rate ;
; SAIDA_EXTENSOR[13]     ; Missing drive strength and slew rate ;
; SAIDA_EXTENSOR[12]     ; Missing drive strength and slew rate ;
; SAIDA_EXTENSOR[11]     ; Missing drive strength and slew rate ;
; SAIDA_EXTENSOR[10]     ; Missing drive strength and slew rate ;
; SAIDA_EXTENSOR[9]      ; Missing drive strength and slew rate ;
; SAIDA_EXTENSOR[8]      ; Missing drive strength and slew rate ;
; SAIDA_EXTENSOR[7]      ; Missing drive strength and slew rate ;
; SAIDA_EXTENSOR[6]      ; Missing drive strength and slew rate ;
; SAIDA_EXTENSOR[5]      ; Missing drive strength and slew rate ;
; SAIDA_EXTENSOR[4]      ; Missing drive strength and slew rate ;
; SAIDA_EXTENSOR[3]      ; Missing drive strength and slew rate ;
; SAIDA_EXTENSOR[2]      ; Missing drive strength and slew rate ;
; SAIDA_EXTENSOR[1]      ; Missing drive strength and slew rate ;
; SAIDA_EXTENSOR[0]      ; Missing drive strength and slew rate ;
; SAIDA_SHIFT2L[31]      ; Missing drive strength and slew rate ;
; SAIDA_SHIFT2L[30]      ; Missing drive strength and slew rate ;
; SAIDA_SHIFT2L[29]      ; Missing drive strength and slew rate ;
; SAIDA_SHIFT2L[28]      ; Missing drive strength and slew rate ;
; SAIDA_SHIFT2L[27]      ; Missing drive strength and slew rate ;
; SAIDA_SHIFT2L[26]      ; Missing drive strength and slew rate ;
; SAIDA_SHIFT2L[25]      ; Missing drive strength and slew rate ;
; SAIDA_SHIFT2L[24]      ; Missing drive strength and slew rate ;
; SAIDA_SHIFT2L[23]      ; Missing drive strength and slew rate ;
; SAIDA_SHIFT2L[22]      ; Missing drive strength and slew rate ;
; SAIDA_SHIFT2L[21]      ; Missing drive strength and slew rate ;
; SAIDA_SHIFT2L[20]      ; Missing drive strength and slew rate ;
; SAIDA_SHIFT2L[19]      ; Missing drive strength and slew rate ;
; SAIDA_SHIFT2L[18]      ; Missing drive strength and slew rate ;
; SAIDA_SHIFT2L[17]      ; Missing drive strength and slew rate ;
; SAIDA_SHIFT2L[16]      ; Missing drive strength and slew rate ;
; SAIDA_SHIFT2L[15]      ; Missing drive strength and slew rate ;
; SAIDA_SHIFT2L[14]      ; Missing drive strength and slew rate ;
; SAIDA_SHIFT2L[13]      ; Missing drive strength and slew rate ;
; SAIDA_SHIFT2L[12]      ; Missing drive strength and slew rate ;
; SAIDA_SHIFT2L[11]      ; Missing drive strength and slew rate ;
; SAIDA_SHIFT2L[10]      ; Missing drive strength and slew rate ;
; SAIDA_SHIFT2L[9]       ; Missing drive strength and slew rate ;
; SAIDA_SHIFT2L[8]       ; Missing drive strength and slew rate ;
; SAIDA_SHIFT2L[7]       ; Missing drive strength and slew rate ;
; SAIDA_SHIFT2L[6]       ; Missing drive strength and slew rate ;
; SAIDA_SHIFT2L[5]       ; Missing drive strength and slew rate ;
; SAIDA_SHIFT2L[4]       ; Missing drive strength and slew rate ;
; SAIDA_SHIFT2L[3]       ; Missing drive strength and slew rate ;
; SAIDA_SHIFT2L[2]       ; Missing drive strength and slew rate ;
; SAIDA_SHIFT2L[1]       ; Missing drive strength and slew rate ;
; SAIDA_SHIFT2L[0]       ; Missing drive strength and slew rate ;
+------------------------+--------------------------------------+


+---------------------------------------------------------------------------------------------------+
; Incremental Compilation Preservation Summary                                                      ;
+---------------------+---------------------+----------------------------+--------------------------+
; Type                ; Total [A + B]       ; From Design Partitions [A] ; From Rapid Recompile [B] ;
+---------------------+---------------------+----------------------------+--------------------------+
; Placement (by node) ;                     ;                            ;                          ;
;     -- Requested    ; 0.00 % ( 0 / 5301 ) ; 0.00 % ( 0 / 5301 )        ; 0.00 % ( 0 / 5301 )      ;
;     -- Achieved     ; 0.00 % ( 0 / 5301 ) ; 0.00 % ( 0 / 5301 )        ; 0.00 % ( 0 / 5301 )      ;
;                     ;                     ;                            ;                          ;
; Routing (by net)    ;                     ;                            ;                          ;
;     -- Requested    ; 0.00 % ( 0 / 0 )    ; 0.00 % ( 0 / 0 )           ; 0.00 % ( 0 / 0 )         ;
;     -- Achieved     ; 0.00 % ( 0 / 0 )    ; 0.00 % ( 0 / 0 )           ; 0.00 % ( 0 / 0 )         ;
+---------------------+---------------------+----------------------------+--------------------------+


+----------------------------------------------------------------------------------------------------------------------------------------------------------------------------------------+
; Incremental Compilation Partition Settings                                                                                                                                             ;
+--------------------------------+----------------+-------------------+-------------------------+------------------------+------------------------------+--------------------------------+
; Partition Name                 ; Partition Type ; Netlist Type Used ; Preservation Level Used ; Netlist Type Requested ; Preservation Level Requested ; Contents                       ;
+--------------------------------+----------------+-------------------+-------------------------+------------------------+------------------------------+--------------------------------+
; Top                            ; User-created   ; Source File       ; N/A                     ; Source File            ; N/A                          ;                                ;
; hard_block:auto_generated_inst ; Auto-generated ; Source File       ; N/A                     ; Source File            ; N/A                          ; hard_block:auto_generated_inst ;
+--------------------------------+----------------+-------------------+-------------------------+------------------------+------------------------------+--------------------------------+


+------------------------------------------------------------------------------------------------------------------------------------+
; Incremental Compilation Placement Preservation                                                                                     ;
+--------------------------------+-----------------------+-------------------------+-------------------+---------------------+-------+
; Partition Name                 ; Preservation Achieved ; Preservation Level Used ; Netlist Type Used ; Preservation Method ; Notes ;
+--------------------------------+-----------------------+-------------------------+-------------------+---------------------+-------+
; Top                            ; 0.00 % ( 0 / 5291 )   ; N/A                     ; Source File       ; N/A                 ;       ;
; hard_block:auto_generated_inst ; 0.00 % ( 0 / 10 )     ; N/A                     ; Source File       ; N/A                 ;       ;
+--------------------------------+-----------------------+-------------------------+-------------------+---------------------+-------+


+--------------+
; Pin-Out File ;
+--------------+
The pin-out file can be found in C:/Users/gabri/backupSSD/AreaDeTrabalhoAntiga/Unesp/5semestre/LaboratorioCircuitosDigitais/Projeto/ProjetoGit/output_files/processador_mips.pin.


+-----------------------------------------------------------------------+
; Fitter Resource Usage Summary                                         ;
+---------------------------------------------+-------------------------+
; Resource                                    ; Usage                   ;
+---------------------------------------------+-------------------------+
; Total logic elements                        ; 3,466 / 114,480 ( 3 % ) ;
;     -- Combinational with no register       ; 1004                    ;
;     -- Register only                        ; 1161                    ;
;     -- Combinational with a register        ; 1301                    ;
;                                             ;                         ;
; Logic element usage by number of LUT inputs ;                         ;
;     -- 4 input functions                    ; 2035                    ;
;     -- 3 input functions                    ; 169                     ;
;     -- <=2 input functions                  ; 101                     ;
;     -- Register only                        ; 1161                    ;
;                                             ;                         ;
; Logic elements by mode                      ;                         ;
;     -- normal mode                          ; 2154                    ;
;     -- arithmetic mode                      ; 151                     ;
;                                             ;                         ;
; Total registers*                            ; 2,462 / 117,053 ( 2 % ) ;
;     -- Dedicated logic registers            ; 2,462 / 114,480 ( 2 % ) ;
;     -- I/O registers                        ; 0 / 2,573 ( 0 % )       ;
;                                             ;                         ;
; Total LABs:  partially or completely used   ; 265 / 7,155 ( 4 % )     ;
; Virtual pins                                ; 0                       ;
; I/O pins                                    ; 261 / 529 ( 49 % )      ;
;     -- Clock pins                           ; 2 / 7 ( 29 % )          ;
;     -- Dedicated input pins                 ; 0 / 9 ( 0 % )           ;
;                                             ;                         ;
; Global signals                              ; 1                       ;
; M9Ks                                        ; 0 / 432 ( 0 % )         ;
; Total block memory bits                     ; 0 / 3,981,312 ( 0 % )   ;
; Total block memory implementation bits      ; 0 / 3,981,312 ( 0 % )   ;
; Embedded Multiplier 9-bit elements          ; 0 / 532 ( 0 % )         ;
; PLLs                                        ; 0 / 4 ( 0 % )           ;
; Global clocks                               ; 1 / 20 ( 5 % )          ;
; JTAGs                                       ; 0 / 1 ( 0 % )           ;
; CRC blocks                                  ; 0 / 1 ( 0 % )           ;
; ASMI blocks                                 ; 0 / 1 ( 0 % )           ;
; Impedance control blocks                    ; 0 / 4 ( 0 % )           ;
; Average interconnect usage (total/H/V)      ; 2% / 2% / 3%            ;
; Peak interconnect usage (total/H/V)         ; 52% / 48% / 57%         ;
; Maximum fan-out                             ; 2462                    ;
; Highest non-global fan-out                  ; 442                     ;
; Total fan-out                               ; 17906                   ;
; Average fan-out                             ; 2.77                    ;
+---------------------------------------------+-------------------------+
*  Register count does not include registers inside RAM blocks or DSP blocks.



+------------------------------------------------------------------------------------------------------+
; Fitter Partition Statistics                                                                          ;
+---------------------------------------------+-----------------------+--------------------------------+
; Statistic                                   ; Top                   ; hard_block:auto_generated_inst ;
+---------------------------------------------+-----------------------+--------------------------------+
; Difficulty Clustering Region                ; Low                   ; Low                            ;
;                                             ;                       ;                                ;
; Total logic elements                        ; 3466 / 114480 ( 3 % ) ; 0 / 114480 ( 0 % )             ;
;     -- Combinational with no register       ; 1004                  ; 0                              ;
;     -- Register only                        ; 1161                  ; 0                              ;
;     -- Combinational with a register        ; 1301                  ; 0                              ;
;                                             ;                       ;                                ;
; Logic element usage by number of LUT inputs ;                       ;                                ;
;     -- 4 input functions                    ; 2035                  ; 0                              ;
;     -- 3 input functions                    ; 169                   ; 0                              ;
;     -- <=2 input functions                  ; 101                   ; 0                              ;
;     -- Register only                        ; 1161                  ; 0                              ;
;                                             ;                       ;                                ;
; Logic elements by mode                      ;                       ;                                ;
;     -- normal mode                          ; 2154                  ; 0                              ;
;     -- arithmetic mode                      ; 151                   ; 0                              ;
;                                             ;                       ;                                ;
; Total registers                             ; 2462                  ; 0                              ;
;     -- Dedicated logic registers            ; 2462 / 114480 ( 2 % ) ; 0 / 114480 ( 0 % )             ;
;     -- I/O registers                        ; 0                     ; 0                              ;
;                                             ;                       ;                                ;
; Total LABs:  partially or completely used   ; 265 / 7155 ( 4 % )    ; 0 / 7155 ( 0 % )               ;
;                                             ;                       ;                                ;
; Virtual pins                                ; 0                     ; 0                              ;
; I/O pins                                    ; 261                   ; 0                              ;
; Embedded Multiplier 9-bit elements          ; 0 / 532 ( 0 % )       ; 0 / 532 ( 0 % )                ;
; Total memory bits                           ; 0                     ; 0                              ;
; Total RAM block bits                        ; 0                     ; 0                              ;
; Clock control block                         ; 1 / 24 ( 4 % )        ; 0 / 24 ( 0 % )                 ;
;                                             ;                       ;                                ;
; Connections                                 ;                       ;                                ;
;     -- Input Connections                    ; 0                     ; 0                              ;
;     -- Registered Input Connections         ; 0                     ; 0                              ;
;     -- Output Connections                   ; 0                     ; 0                              ;
;     -- Registered Output Connections        ; 0                     ; 0                              ;
;                                             ;                       ;                                ;
; Internal Connections                        ;                       ;                                ;
;     -- Total Connections                    ; 17901                 ; 5                              ;
;     -- Registered Connections               ; 2872                  ; 0                              ;
;                                             ;                       ;                                ;
; External Connections                        ;                       ;                                ;
;     -- Top                                  ; 0                     ; 0                              ;
;     -- hard_block:auto_generated_inst       ; 0                     ; 0                              ;
;                                             ;                       ;                                ;
; Partition Interface                         ;                       ;                                ;
;     -- Input Ports                          ; 2                     ; 0                              ;
;     -- Output Ports                         ; 259                   ; 0                              ;
;     -- Bidir Ports                          ; 0                     ; 0                              ;
;                                             ;                       ;                                ;
; Registered Ports                            ;                       ;                                ;
;     -- Registered Input Ports               ; 0                     ; 0                              ;
;     -- Registered Output Ports              ; 0                     ; 0                              ;
;                                             ;                       ;                                ;
; Port Connectivity                           ;                       ;                                ;
;     -- Input Ports driven by GND            ; 0                     ; 0                              ;
;     -- Output Ports driven by GND           ; 0                     ; 0                              ;
;     -- Input Ports driven by VCC            ; 0                     ; 0                              ;
;     -- Output Ports driven by VCC           ; 0                     ; 0                              ;
;     -- Input Ports with no Source           ; 0                     ; 0                              ;
;     -- Output Ports with no Source          ; 0                     ; 0                              ;
;     -- Input Ports with no Fanout           ; 0                     ; 0                              ;
;     -- Output Ports with no Fanout          ; 0                     ; 0                              ;
+---------------------------------------------+-----------------------+--------------------------------+


+----------------------------------------------------------------------------------------------------------------------------------------------------------------------------------------------------------------------------------------------------------------------------+
; Input Pins                                                                                                                                                                                                                                                                 ;
+-------+-------+----------+--------------+--------------+--------------+-----------------------+--------------------+--------+----------------+---------------+-----------------+----------+--------------+--------------+---------------------------+----------------------+
; Name  ; Pin # ; I/O Bank ; X coordinate ; Y coordinate ; Z coordinate ; Combinational Fan-Out ; Registered Fan-Out ; Global ; Input Register ; Power Up High ; PCI I/O Enabled ; Bus Hold ; Weak Pull Up ; I/O Standard ; Termination Control Block ; Location assigned by ;
+-------+-------+----------+--------------+--------------+--------------+-----------------------+--------------------+--------+----------------+---------------+-----------------+----------+--------------+--------------+---------------------------+----------------------+
; CLK   ; J1    ; 1        ; 0            ; 36           ; 7            ; 2462                  ; 0                  ; yes    ; no             ; no            ; yes             ; no       ; Off          ; 2.5 V        ; --                        ; Fitter               ;
; RESET ; Y2    ; 2        ; 0            ; 36           ; 14           ; 21                    ; 0                  ; no     ; no             ; no            ; yes             ; no       ; Off          ; 2.5 V        ; --                        ; Fitter               ;
+-------+-------+----------+--------------+--------------+--------------+-----------------------+--------------------+--------+----------------+---------------+-----------------+----------+--------------+--------------+---------------------------+----------------------+


+-------------------------------------------------------------------------------------------------------------------------------------------------------------------------------------------------------------------------------------------------------------------------------------------------------------------------------------------------------------------------------------------------------------------------------------------------------------------------+
; Output Pins                                                                                                                                                                                                                                                                                                                                                                                                                                                             ;
+------------------------+-------+----------+--------------+--------------+--------------+-----------------+------------------------+---------------+-----------+-----------------+------------+---------------+----------+--------------+--------------+------------------+-----------------------------------+---------------------------+----------------------------+-----------------------------+----------------------+----------------------+---------------------+
; Name                   ; Pin # ; I/O Bank ; X coordinate ; Y coordinate ; Z coordinate ; Output Register ; Output Enable Register ; Power Up High ; Slew Rate ; PCI I/O Enabled ; Open Drain ; TRI Primitive ; Bus Hold ; Weak Pull Up ; I/O Standard ; Current Strength ; Termination                       ; Termination Control Block ; Output Buffer Pre-emphasis ; Voltage Output Differential ; Location assigned by ; Output Enable Source ; Output Enable Group ;
+------------------------+-------+----------+--------------+--------------+--------------+-----------------+------------------------+---------------+-----------+-----------------+------------+---------------+----------+--------------+--------------+------------------+-----------------------------------+---------------------------+----------------------------+-----------------------------+----------------------+----------------------+---------------------+
; BranchResult           ; D13   ; 8        ; 54           ; 73           ; 7            ; no              ; no                     ; no            ; 2         ; no              ; no         ; no            ; no       ; Off          ; 2.5 V        ; Default          ; Series 50 Ohm without Calibration ; --                        ; no                         ; no                          ; Fitter               ; -                    ; -                   ;
; BranchSinal            ; A18   ; 7        ; 79           ; 73           ; 0            ; no              ; no                     ; no            ; 2         ; no              ; no         ; no            ; no       ; Off          ; 2.5 V        ; Default          ; Series 50 Ohm without Calibration ; --                        ; no                         ; no                          ; Fitter               ; -                    ; -                   ;
; ENTRADA_SHIFT_LEFT[0]  ; AC10  ; 3        ; 38           ; 0            ; 0            ; no              ; no                     ; no            ; 2         ; no              ; no         ; no            ; no       ; Off          ; 2.5 V        ; Default          ; Series 50 Ohm without Calibration ; --                        ; no                         ; no                          ; Fitter               ; -                    ; -                   ;
; ENTRADA_SHIFT_LEFT[10] ; AE10  ; 3        ; 29           ; 0            ; 21           ; no              ; no                     ; no            ; 2         ; no              ; no         ; no            ; no       ; Off          ; 2.5 V        ; Default          ; Series 50 Ohm without Calibration ; --                        ; no                         ; no                          ; Fitter               ; -                    ; -                   ;
; ENTRADA_SHIFT_LEFT[11] ; K1    ; 1        ; 0            ; 54           ; 7            ; no              ; no                     ; no            ; 2         ; no              ; no         ; no            ; no       ; Off          ; 2.5 V        ; Default          ; Series 50 Ohm without Calibration ; --                        ; no                         ; no                          ; Fitter               ; -                    ; -                   ;
; ENTRADA_SHIFT_LEFT[12] ; AF12  ; 3        ; 33           ; 0            ; 0            ; no              ; no                     ; no            ; 2         ; no              ; no         ; no            ; no       ; Off          ; 2.5 V        ; Default          ; Series 50 Ohm without Calibration ; --                        ; no                         ; no                          ; Fitter               ; -                    ; -                   ;
; ENTRADA_SHIFT_LEFT[13] ; G10   ; 8        ; 20           ; 73           ; 7            ; no              ; no                     ; no            ; 2         ; no              ; no         ; no            ; no       ; Off          ; 2.5 V        ; Default          ; Series 50 Ohm without Calibration ; --                        ; no                         ; no                          ; Fitter               ; -                    ; -                   ;
; ENTRADA_SHIFT_LEFT[14] ; R2    ; 2        ; 0            ; 35           ; 0            ; no              ; no                     ; no            ; 2         ; no              ; no         ; no            ; no       ; Off          ; 2.5 V        ; Default          ; Series 50 Ohm without Calibration ; --                        ; no                         ; no                          ; Fitter               ; -                    ; -                   ;
; ENTRADA_SHIFT_LEFT[15] ; E21   ; 7        ; 107          ; 73           ; 7            ; no              ; no                     ; no            ; 2         ; no              ; no         ; no            ; no       ; Off          ; 2.5 V        ; Default          ; Series 50 Ohm without Calibration ; --                        ; no                         ; no                          ; Fitter               ; -                    ; -                   ;
; ENTRADA_SHIFT_LEFT[16] ; J4    ; 1        ; 0            ; 57           ; 14           ; no              ; no                     ; no            ; 2         ; no              ; no         ; no            ; no       ; Off          ; 2.5 V        ; Default          ; Series 50 Ohm without Calibration ; --                        ; no                         ; no                          ; Fitter               ; -                    ; -                   ;
; ENTRADA_SHIFT_LEFT[17] ; C24   ; 7        ; 98           ; 73           ; 14           ; no              ; no                     ; no            ; 2         ; no              ; no         ; no            ; no       ; Off          ; 2.5 V        ; Default          ; Series 50 Ohm without Calibration ; --                        ; no                         ; no                          ; Fitter               ; -                    ; -                   ;
; ENTRADA_SHIFT_LEFT[18] ; AE7   ; 3        ; 20           ; 0            ; 14           ; no              ; no                     ; no            ; 2         ; no              ; no         ; no            ; no       ; Off          ; 2.5 V        ; Default          ; Series 50 Ohm without Calibration ; --                        ; no                         ; no                          ; Fitter               ; -                    ; -                   ;
; ENTRADA_SHIFT_LEFT[19] ; AF17  ; 4        ; 67           ; 0            ; 0            ; no              ; no                     ; no            ; 2         ; no              ; no         ; no            ; no       ; Off          ; 2.5 V        ; Default          ; Series 50 Ohm without Calibration ; --                        ; no                         ; no                          ; Fitter               ; -                    ; -                   ;
; ENTRADA_SHIFT_LEFT[1]  ; G7    ; 8        ; 9            ; 73           ; 0            ; no              ; no                     ; no            ; 2         ; no              ; no         ; no            ; no       ; Off          ; 2.5 V        ; Default          ; Series 50 Ohm without Calibration ; --                        ; no                         ; no                          ; Fitter               ; -                    ; -                   ;
; ENTRADA_SHIFT_LEFT[20] ; AF13  ; 3        ; 42           ; 0            ; 14           ; no              ; no                     ; no            ; 2         ; no              ; no         ; no            ; no       ; Off          ; 2.5 V        ; Default          ; Series 50 Ohm without Calibration ; --                        ; no                         ; no                          ; Fitter               ; -                    ; -                   ;
; ENTRADA_SHIFT_LEFT[21] ; AC18  ; 4        ; 87           ; 0            ; 14           ; no              ; no                     ; no            ; 2         ; no              ; no         ; no            ; no       ; Off          ; 2.5 V        ; Default          ; Series 50 Ohm without Calibration ; --                        ; no                         ; no                          ; Fitter               ; -                    ; -                   ;
; ENTRADA_SHIFT_LEFT[22] ; AB15  ; 4        ; 67           ; 0            ; 14           ; no              ; no                     ; no            ; 2         ; no              ; no         ; no            ; no       ; Off          ; 2.5 V        ; Default          ; Series 50 Ohm without Calibration ; --                        ; no                         ; no                          ; Fitter               ; -                    ; -                   ;
; ENTRADA_SHIFT_LEFT[23] ; AD12  ; 3        ; 47           ; 0            ; 0            ; no              ; no                     ; no            ; 2         ; no              ; no         ; no            ; no       ; Off          ; 2.5 V        ; Default          ; Series 50 Ohm without Calibration ; --                        ; no                         ; no                          ; Fitter               ; -                    ; -                   ;
; ENTRADA_SHIFT_LEFT[24] ; AG22  ; 4        ; 79           ; 0            ; 7            ; no              ; no                     ; no            ; 2         ; no              ; no         ; no            ; no       ; Off          ; 2.5 V        ; Default          ; Series 50 Ohm without Calibration ; --                        ; no                         ; no                          ; Fitter               ; -                    ; -                   ;
; ENTRADA_SHIFT_LEFT[25] ; P26   ; 6        ; 115          ; 40           ; 0            ; no              ; no                     ; no            ; 2         ; no              ; no         ; no            ; no       ; Off          ; 2.5 V        ; Default          ; Series 50 Ohm without Calibration ; --                        ; no                         ; no                          ; Fitter               ; -                    ; -                   ;
; ENTRADA_SHIFT_LEFT[26] ; AG4   ; 3        ; 9            ; 0            ; 21           ; no              ; no                     ; no            ; 2         ; no              ; no         ; no            ; no       ; Off          ; 2.5 V        ; Default          ; Series 50 Ohm without Calibration ; --                        ; no                         ; no                          ; Fitter               ; -                    ; -                   ;
; ENTRADA_SHIFT_LEFT[27] ; V1    ; 2        ; 0            ; 28           ; 21           ; no              ; no                     ; no            ; 2         ; no              ; no         ; no            ; no       ; Off          ; 2.5 V        ; Default          ; Series 50 Ohm without Calibration ; --                        ; no                         ; no                          ; Fitter               ; -                    ; -                   ;
; ENTRADA_SHIFT_LEFT[28] ; R28   ; 5        ; 115          ; 34           ; 21           ; no              ; no                     ; no            ; 2         ; no              ; no         ; no            ; no       ; Off          ; 2.5 V        ; Default          ; Series 50 Ohm without Calibration ; --                        ; no                         ; no                          ; Fitter               ; -                    ; -                   ;
; ENTRADA_SHIFT_LEFT[29] ; AF7   ; 3        ; 20           ; 0            ; 7            ; no              ; no                     ; no            ; 2         ; no              ; no         ; no            ; no       ; Off          ; 2.5 V        ; Default          ; Series 50 Ohm without Calibration ; --                        ; no                         ; no                          ; Fitter               ; -                    ; -                   ;
; ENTRADA_SHIFT_LEFT[2]  ; K2    ; 1        ; 0            ; 55           ; 21           ; no              ; no                     ; no            ; 2         ; no              ; no         ; no            ; no       ; Off          ; 2.5 V        ; Default          ; Series 50 Ohm without Calibration ; --                        ; no                         ; no                          ; Fitter               ; -                    ; -                   ;
; ENTRADA_SHIFT_LEFT[30] ; AH10  ; 3        ; 31           ; 0            ; 0            ; no              ; no                     ; no            ; 2         ; no              ; no         ; no            ; no       ; Off          ; 2.5 V        ; Default          ; Series 50 Ohm without Calibration ; --                        ; no                         ; no                          ; Fitter               ; -                    ; -                   ;
; ENTRADA_SHIFT_LEFT[31] ; AG3   ; 3        ; 3            ; 0            ; 14           ; no              ; no                     ; no            ; 2         ; no              ; no         ; no            ; no       ; Off          ; 2.5 V        ; Default          ; Series 50 Ohm without Calibration ; --                        ; no                         ; no                          ; Fitter               ; -                    ; -                   ;
; ENTRADA_SHIFT_LEFT[3]  ; B22   ; 7        ; 89           ; 73           ; 14           ; no              ; no                     ; no            ; 2         ; no              ; no         ; no            ; no       ; Off          ; 2.5 V        ; Default          ; Series 50 Ohm without Calibration ; --                        ; no                         ; no                          ; Fitter               ; -                    ; -                   ;
; ENTRADA_SHIFT_LEFT[4]  ; E7    ; 8        ; 13           ; 73           ; 7            ; no              ; no                     ; no            ; 2         ; no              ; no         ; no            ; no       ; Off          ; 2.5 V        ; Default          ; Series 50 Ohm without Calibration ; --                        ; no                         ; no                          ; Fitter               ; -                    ; -                   ;
; ENTRADA_SHIFT_LEFT[5]  ; C9    ; 8        ; 23           ; 73           ; 14           ; no              ; no                     ; no            ; 2         ; no              ; no         ; no            ; no       ; Off          ; 2.5 V        ; Default          ; Series 50 Ohm without Calibration ; --                        ; no                         ; no                          ; Fitter               ; -                    ; -                   ;
; ENTRADA_SHIFT_LEFT[6]  ; B4    ; 8        ; 7            ; 73           ; 21           ; no              ; no                     ; no            ; 2         ; no              ; no         ; no            ; no       ; Off          ; 2.5 V        ; Default          ; Series 50 Ohm without Calibration ; --                        ; no                         ; no                          ; Fitter               ; -                    ; -                   ;
; ENTRADA_SHIFT_LEFT[7]  ; C11   ; 8        ; 23           ; 73           ; 0            ; no              ; no                     ; no            ; 2         ; no              ; no         ; no            ; no       ; Off          ; 2.5 V        ; Default          ; Series 50 Ohm without Calibration ; --                        ; no                         ; no                          ; Fitter               ; -                    ; -                   ;
; ENTRADA_SHIFT_LEFT[8]  ; D24   ; 7        ; 98           ; 73           ; 21           ; no              ; no                     ; no            ; 2         ; no              ; no         ; no            ; no       ; Off          ; 2.5 V        ; Default          ; Series 50 Ohm without Calibration ; --                        ; no                         ; no                          ; Fitter               ; -                    ; -                   ;
; ENTRADA_SHIFT_LEFT[9]  ; J24   ; 6        ; 115          ; 63           ; 7            ; no              ; no                     ; no            ; 2         ; no              ; no         ; no            ; no       ; Off          ; 2.5 V        ; Default          ; Series 50 Ohm without Calibration ; --                        ; no                         ; no                          ; Fitter               ; -                    ; -                   ;
; ENTRADA_ULA1[0]        ; J12   ; 8        ; 40           ; 73           ; 7            ; no              ; no                     ; no            ; 2         ; no              ; no         ; no            ; no       ; Off          ; 2.5 V        ; Default          ; Series 50 Ohm without Calibration ; --                        ; no                         ; no                          ; Fitter               ; -                    ; -                   ;
; ENTRADA_ULA1[10]       ; G21   ; 7        ; 74           ; 73           ; 21           ; no              ; no                     ; no            ; 2         ; no              ; no         ; no            ; no       ; Off          ; 2.5 V        ; Default          ; Series 50 Ohm without Calibration ; --                        ; no                         ; no                          ; Fitter               ; -                    ; -                   ;
; ENTRADA_ULA1[11]       ; B11   ; 8        ; 42           ; 73           ; 7            ; no              ; no                     ; no            ; 2         ; no              ; no         ; no            ; no       ; Off          ; 2.5 V        ; Default          ; Series 50 Ohm without Calibration ; --                        ; no                         ; no                          ; Fitter               ; -                    ; -                   ;
; ENTRADA_ULA1[12]       ; J5    ; 1        ; 0            ; 50           ; 21           ; no              ; no                     ; no            ; 2         ; no              ; no         ; no            ; no       ; Off          ; 2.5 V        ; Default          ; Series 50 Ohm without Calibration ; --                        ; no                         ; no                          ; Fitter               ; -                    ; -                   ;
; ENTRADA_ULA1[13]       ; G15   ; 7        ; 65           ; 73           ; 7            ; no              ; no                     ; no            ; 2         ; no              ; no         ; no            ; no       ; Off          ; 2.5 V        ; Default          ; Series 50 Ohm without Calibration ; --                        ; no                         ; no                          ; Fitter               ; -                    ; -                   ;
; ENTRADA_ULA1[14]       ; G13   ; 8        ; 38           ; 73           ; 14           ; no              ; no                     ; no            ; 2         ; no              ; no         ; no            ; no       ; Off          ; 2.5 V        ; Default          ; Series 50 Ohm without Calibration ; --                        ; no                         ; no                          ; Fitter               ; -                    ; -                   ;
; ENTRADA_ULA1[15]       ; L26   ; 6        ; 115          ; 50           ; 0            ; no              ; no                     ; no            ; 2         ; no              ; no         ; no            ; no       ; Off          ; 2.5 V        ; Default          ; Series 50 Ohm without Calibration ; --                        ; no                         ; no                          ; Fitter               ; -                    ; -                   ;
; ENTRADA_ULA1[16]       ; A11   ; 8        ; 42           ; 73           ; 0            ; no              ; no                     ; no            ; 2         ; no              ; no         ; no            ; no       ; Off          ; 2.5 V        ; Default          ; Series 50 Ohm without Calibration ; --                        ; no                         ; no                          ; Fitter               ; -                    ; -                   ;
; ENTRADA_ULA1[17]       ; P2    ; 1        ; 0            ; 43           ; 14           ; no              ; no                     ; no            ; 2         ; no              ; no         ; no            ; no       ; Off          ; 2.5 V        ; Default          ; Series 50 Ohm without Calibration ; --                        ; no                         ; no                          ; Fitter               ; -                    ; -                   ;
; ENTRADA_ULA1[18]       ; J17   ; 7        ; 69           ; 73           ; 0            ; no              ; no                     ; no            ; 2         ; no              ; no         ; no            ; no       ; Off          ; 2.5 V        ; Default          ; Series 50 Ohm without Calibration ; --                        ; no                         ; no                          ; Fitter               ; -                    ; -                   ;
; ENTRADA_ULA1[19]       ; L2    ; 1        ; 0            ; 44           ; 0            ; no              ; no                     ; no            ; 2         ; no              ; no         ; no            ; no       ; Off          ; 2.5 V        ; Default          ; Series 50 Ohm without Calibration ; --                        ; no                         ; no                          ; Fitter               ; -                    ; -                   ;
; ENTRADA_ULA1[1]        ; AC15  ; 4        ; 60           ; 0            ; 21           ; no              ; no                     ; no            ; 2         ; no              ; no         ; no            ; no       ; Off          ; 2.5 V        ; Default          ; Series 50 Ohm without Calibration ; --                        ; no                         ; no                          ; Fitter               ; -                    ; -                   ;
; ENTRADA_ULA1[20]       ; E12   ; 8        ; 33           ; 73           ; 0            ; no              ; no                     ; no            ; 2         ; no              ; no         ; no            ; no       ; Off          ; 2.5 V        ; Default          ; Series 50 Ohm without Calibration ; --                        ; no                         ; no                          ; Fitter               ; -                    ; -                   ;
; ENTRADA_ULA1[21]       ; L27   ; 6        ; 115          ; 48           ; 7            ; no              ; no                     ; no            ; 2         ; no              ; no         ; no            ; no       ; Off          ; 2.5 V        ; Default          ; Series 50 Ohm without Calibration ; --                        ; no                         ; no                          ; Fitter               ; -                    ; -                   ;
; ENTRADA_ULA1[22]       ; C17   ; 7        ; 81           ; 73           ; 0            ; no              ; no                     ; no            ; 2         ; no              ; no         ; no            ; no       ; Off          ; 2.5 V        ; Default          ; Series 50 Ohm without Calibration ; --                        ; no                         ; no                          ; Fitter               ; -                    ; -                   ;
; ENTRADA_ULA1[23]       ; N26   ; 6        ; 115          ; 44           ; 0            ; no              ; no                     ; no            ; 2         ; no              ; no         ; no            ; no       ; Off          ; 2.5 V        ; Default          ; Series 50 Ohm without Calibration ; --                        ; no                         ; no                          ; Fitter               ; -                    ; -                   ;
; ENTRADA_ULA1[24]       ; F17   ; 7        ; 67           ; 73           ; 14           ; no              ; no                     ; no            ; 2         ; no              ; no         ; no            ; no       ; Off          ; 2.5 V        ; Default          ; Series 50 Ohm without Calibration ; --                        ; no                         ; no                          ; Fitter               ; -                    ; -                   ;
; ENTRADA_ULA1[25]       ; L23   ; 6        ; 115          ; 49           ; 7            ; no              ; no                     ; no            ; 2         ; no              ; no         ; no            ; no       ; Off          ; 2.5 V        ; Default          ; Series 50 Ohm without Calibration ; --                        ; no                         ; no                          ; Fitter               ; -                    ; -                   ;
; ENTRADA_ULA1[26]       ; M7    ; 1        ; 0            ; 45           ; 21           ; no              ; no                     ; no            ; 2         ; no              ; no         ; no            ; no       ; Off          ; 2.5 V        ; Default          ; Series 50 Ohm without Calibration ; --                        ; no                         ; no                          ; Fitter               ; -                    ; -                   ;
; ENTRADA_ULA1[27]       ; AH17  ; 4        ; 62           ; 0            ; 14           ; no              ; no                     ; no            ; 2         ; no              ; no         ; no            ; no       ; Off          ; 2.5 V        ; Default          ; Series 50 Ohm without Calibration ; --                        ; no                         ; no                          ; Fitter               ; -                    ; -                   ;
; ENTRADA_ULA1[28]       ; H19   ; 7        ; 72           ; 73           ; 0            ; no              ; no                     ; no            ; 2         ; no              ; no         ; no            ; no       ; Off          ; 2.5 V        ; Default          ; Series 50 Ohm without Calibration ; --                        ; no                         ; no                          ; Fitter               ; -                    ; -                   ;
; ENTRADA_ULA1[29]       ; K8    ; 1        ; 0            ; 48           ; 0            ; no              ; no                     ; no            ; 2         ; no              ; no         ; no            ; no       ; Off          ; 2.5 V        ; Default          ; Series 50 Ohm without Calibration ; --                        ; no                         ; no                          ; Fitter               ; -                    ; -                   ;
; ENTRADA_ULA1[2]        ; AF15  ; 4        ; 60           ; 0            ; 0            ; no              ; no                     ; no            ; 2         ; no              ; no         ; no            ; no       ; Off          ; 2.5 V        ; Default          ; Series 50 Ohm without Calibration ; --                        ; no                         ; no                          ; Fitter               ; -                    ; -                   ;
; ENTRADA_ULA1[30]       ; G19   ; 7        ; 69           ; 73           ; 14           ; no              ; no                     ; no            ; 2         ; no              ; no         ; no            ; no       ; Off          ; 2.5 V        ; Default          ; Series 50 Ohm without Calibration ; --                        ; no                         ; no                          ; Fitter               ; -                    ; -                   ;
; ENTRADA_ULA1[31]       ; N4    ; 1        ; 0            ; 46           ; 14           ; no              ; no                     ; no            ; 2         ; no              ; no         ; no            ; no       ; Off          ; 2.5 V        ; Default          ; Series 50 Ohm without Calibration ; --                        ; no                         ; no                          ; Fitter               ; -                    ; -                   ;
; ENTRADA_ULA1[3]        ; E17   ; 7        ; 67           ; 73           ; 21           ; no              ; no                     ; no            ; 2         ; no              ; no         ; no            ; no       ; Off          ; 2.5 V        ; Default          ; Series 50 Ohm without Calibration ; --                        ; no                         ; no                          ; Fitter               ; -                    ; -                   ;
; ENTRADA_ULA1[4]        ; J16   ; 7        ; 65           ; 73           ; 14           ; no              ; no                     ; no            ; 2         ; no              ; no         ; no            ; no       ; Off          ; 2.5 V        ; Default          ; Series 50 Ohm without Calibration ; --                        ; no                         ; no                          ; Fitter               ; -                    ; -                   ;
; ENTRADA_ULA1[5]        ; K28   ; 6        ; 115          ; 49           ; 0            ; no              ; no                     ; no            ; 2         ; no              ; no         ; no            ; no       ; Off          ; 2.5 V        ; Default          ; Series 50 Ohm without Calibration ; --                        ; no                         ; no                          ; Fitter               ; -                    ; -                   ;
; ENTRADA_ULA1[6]        ; H21   ; 7        ; 72           ; 73           ; 14           ; no              ; no                     ; no            ; 2         ; no              ; no         ; no            ; no       ; Off          ; 2.5 V        ; Default          ; Series 50 Ohm without Calibration ; --                        ; no                         ; no                          ; Fitter               ; -                    ; -                   ;
; ENTRADA_ULA1[7]        ; B10   ; 8        ; 38           ; 73           ; 7            ; no              ; no                     ; no            ; 2         ; no              ; no         ; no            ; no       ; Off          ; 2.5 V        ; Default          ; Series 50 Ohm without Calibration ; --                        ; no                         ; no                          ; Fitter               ; -                    ; -                   ;
; ENTRADA_ULA1[8]        ; B18   ; 7        ; 79           ; 73           ; 7            ; no              ; no                     ; no            ; 2         ; no              ; no         ; no            ; no       ; Off          ; 2.5 V        ; Default          ; Series 50 Ohm without Calibration ; --                        ; no                         ; no                          ; Fitter               ; -                    ; -                   ;
; ENTRADA_ULA1[9]        ; M3    ; 1        ; 0            ; 51           ; 14           ; no              ; no                     ; no            ; 2         ; no              ; no         ; no            ; no       ; Off          ; 2.5 V        ; Default          ; Series 50 Ohm without Calibration ; --                        ; no                         ; no                          ; Fitter               ; -                    ; -                   ;
; ENTRADA_ULA2[0]        ; G20   ; 7        ; 74           ; 73           ; 14           ; no              ; no                     ; no            ; 2         ; no              ; no         ; no            ; no       ; Off          ; 2.5 V        ; Default          ; Series 50 Ohm without Calibration ; --                        ; no                         ; no                          ; Fitter               ; -                    ; -                   ;
; ENTRADA_ULA2[10]       ; J7    ; 1        ; 0            ; 49           ; 0            ; no              ; no                     ; no            ; 2         ; no              ; no         ; no            ; no       ; Off          ; 2.5 V        ; Default          ; Series 50 Ohm without Calibration ; --                        ; no                         ; no                          ; Fitter               ; -                    ; -                   ;
; ENTRADA_ULA2[11]       ; D17   ; 7        ; 81           ; 73           ; 7            ; no              ; no                     ; no            ; 2         ; no              ; no         ; no            ; no       ; Off          ; 2.5 V        ; Default          ; Series 50 Ohm without Calibration ; --                        ; no                         ; no                          ; Fitter               ; -                    ; -                   ;
; ENTRADA_ULA2[12]       ; H12   ; 8        ; 25           ; 73           ; 21           ; no              ; no                     ; no            ; 2         ; no              ; no         ; no            ; no       ; Off          ; 2.5 V        ; Default          ; Series 50 Ohm without Calibration ; --                        ; no                         ; no                          ; Fitter               ; -                    ; -                   ;
; ENTRADA_ULA2[13]       ; J25   ; 6        ; 115          ; 51           ; 0            ; no              ; no                     ; no            ; 2         ; no              ; no         ; no            ; no       ; Off          ; 2.5 V        ; Default          ; Series 50 Ohm without Calibration ; --                        ; no                         ; no                          ; Fitter               ; -                    ; -                   ;
; ENTRADA_ULA2[14]       ; A10   ; 8        ; 38           ; 73           ; 0            ; no              ; no                     ; no            ; 2         ; no              ; no         ; no            ; no       ; Off          ; 2.5 V        ; Default          ; Series 50 Ohm without Calibration ; --                        ; no                         ; no                          ; Fitter               ; -                    ; -                   ;
; ENTRADA_ULA2[15]       ; B21   ; 7        ; 87           ; 73           ; 0            ; no              ; no                     ; no            ; 2         ; no              ; no         ; no            ; no       ; Off          ; 2.5 V        ; Default          ; Series 50 Ohm without Calibration ; --                        ; no                         ; no                          ; Fitter               ; -                    ; -                   ;
; ENTRADA_ULA2[16]       ; G17   ; 7        ; 83           ; 73           ; 21           ; no              ; no                     ; no            ; 2         ; no              ; no         ; no            ; no       ; Off          ; 2.5 V        ; Default          ; Series 50 Ohm without Calibration ; --                        ; no                         ; no                          ; Fitter               ; -                    ; -                   ;
; ENTRADA_ULA2[17]       ; AF16  ; 4        ; 65           ; 0            ; 14           ; no              ; no                     ; no            ; 2         ; no              ; no         ; no            ; no       ; Off          ; 2.5 V        ; Default          ; Series 50 Ohm without Calibration ; --                        ; no                         ; no                          ; Fitter               ; -                    ; -                   ;
; ENTRADA_ULA2[18]       ; G22   ; 7        ; 72           ; 73           ; 21           ; no              ; no                     ; no            ; 2         ; no              ; no         ; no            ; no       ; Off          ; 2.5 V        ; Default          ; Series 50 Ohm without Calibration ; --                        ; no                         ; no                          ; Fitter               ; -                    ; -                   ;
; ENTRADA_ULA2[19]       ; AF14  ; 3        ; 49           ; 0            ; 14           ; no              ; no                     ; no            ; 2         ; no              ; no         ; no            ; no       ; Off          ; 2.5 V        ; Default          ; Series 50 Ohm without Calibration ; --                        ; no                         ; no                          ; Fitter               ; -                    ; -                   ;
; ENTRADA_ULA2[1]        ; AG17  ; 4        ; 62           ; 0            ; 21           ; no              ; no                     ; no            ; 2         ; no              ; no         ; no            ; no       ; Off          ; 2.5 V        ; Default          ; Series 50 Ohm without Calibration ; --                        ; no                         ; no                          ; Fitter               ; -                    ; -                   ;
; ENTRADA_ULA2[20]       ; M25   ; 6        ; 115          ; 47           ; 21           ; no              ; no                     ; no            ; 2         ; no              ; no         ; no            ; no       ; Off          ; 2.5 V        ; Default          ; Series 50 Ohm without Calibration ; --                        ; no                         ; no                          ; Fitter               ; -                    ; -                   ;
; ENTRADA_ULA2[21]       ; D18   ; 7        ; 85           ; 73           ; 0            ; no              ; no                     ; no            ; 2         ; no              ; no         ; no            ; no       ; Off          ; 2.5 V        ; Default          ; Series 50 Ohm without Calibration ; --                        ; no                         ; no                          ; Fitter               ; -                    ; -                   ;
; ENTRADA_ULA2[22]       ; AB16  ; 4        ; 65           ; 0            ; 0            ; no              ; no                     ; no            ; 2         ; no              ; no         ; no            ; no       ; Off          ; 2.5 V        ; Default          ; Series 50 Ohm without Calibration ; --                        ; no                         ; no                          ; Fitter               ; -                    ; -                   ;
; ENTRADA_ULA2[23]       ; J19   ; 7        ; 72           ; 73           ; 7            ; no              ; no                     ; no            ; 2         ; no              ; no         ; no            ; no       ; Off          ; 2.5 V        ; Default          ; Series 50 Ohm without Calibration ; --                        ; no                         ; no                          ; Fitter               ; -                    ; -                   ;
; ENTRADA_ULA2[24]       ; L8    ; 1        ; 0            ; 48           ; 7            ; no              ; no                     ; no            ; 2         ; no              ; no         ; no            ; no       ; Off          ; 2.5 V        ; Default          ; Series 50 Ohm without Calibration ; --                        ; no                         ; no                          ; Fitter               ; -                    ; -                   ;
; ENTRADA_ULA2[25]       ; AA16  ; 4        ; 65           ; 0            ; 7            ; no              ; no                     ; no            ; 2         ; no              ; no         ; no            ; no       ; Off          ; 2.5 V        ; Default          ; Series 50 Ohm without Calibration ; --                        ; no                         ; no                          ; Fitter               ; -                    ; -                   ;
; ENTRADA_ULA2[26]       ; N3    ; 1        ; 0            ; 46           ; 21           ; no              ; no                     ; no            ; 2         ; no              ; no         ; no            ; no       ; Off          ; 2.5 V        ; Default          ; Series 50 Ohm without Calibration ; --                        ; no                         ; no                          ; Fitter               ; -                    ; -                   ;
; ENTRADA_ULA2[27]       ; AD15  ; 4        ; 60           ; 0            ; 14           ; no              ; no                     ; no            ; 2         ; no              ; no         ; no            ; no       ; Off          ; 2.5 V        ; Default          ; Series 50 Ohm without Calibration ; --                        ; no                         ; no                          ; Fitter               ; -                    ; -                   ;
; ENTRADA_ULA2[28]       ; M1    ; 1        ; 0            ; 44           ; 21           ; no              ; no                     ; no            ; 2         ; no              ; no         ; no            ; no       ; Off          ; 2.5 V        ; Default          ; Series 50 Ohm without Calibration ; --                        ; no                         ; no                          ; Fitter               ; -                    ; -                   ;
; ENTRADA_ULA2[29]       ; P1    ; 1        ; 0            ; 42           ; 0            ; no              ; no                     ; no            ; 2         ; no              ; no         ; no            ; no       ; Off          ; 2.5 V        ; Default          ; Series 50 Ohm without Calibration ; --                        ; no                         ; no                          ; Fitter               ; -                    ; -                   ;
; ENTRADA_ULA2[2]        ; Y15   ; 3        ; 56           ; 0            ; 0            ; no              ; no                     ; no            ; 2         ; no              ; no         ; no            ; no       ; Off          ; 2.5 V        ; Default          ; Series 50 Ohm without Calibration ; --                        ; no                         ; no                          ; Fitter               ; -                    ; -                   ;
; ENTRADA_ULA2[30]       ; H13   ; 8        ; 38           ; 73           ; 21           ; no              ; no                     ; no            ; 2         ; no              ; no         ; no            ; no       ; Off          ; 2.5 V        ; Default          ; Series 50 Ohm without Calibration ; --                        ; no                         ; no                          ; Fitter               ; -                    ; -                   ;
; ENTRADA_ULA2[31]       ; L7    ; 1        ; 0            ; 47           ; 14           ; no              ; no                     ; no            ; 2         ; no              ; no         ; no            ; no       ; Off          ; 2.5 V        ; Default          ; Series 50 Ohm without Calibration ; --                        ; no                         ; no                          ; Fitter               ; -                    ; -                   ;
; ENTRADA_ULA2[3]        ; H16   ; 7        ; 65           ; 73           ; 21           ; no              ; no                     ; no            ; 2         ; no              ; no         ; no            ; no       ; Off          ; 2.5 V        ; Default          ; Series 50 Ohm without Calibration ; --                        ; no                         ; no                          ; Fitter               ; -                    ; -                   ;
; ENTRADA_ULA2[4]        ; K7    ; 1        ; 0            ; 49           ; 7            ; no              ; no                     ; no            ; 2         ; no              ; no         ; no            ; no       ; Off          ; 2.5 V        ; Default          ; Series 50 Ohm without Calibration ; --                        ; no                         ; no                          ; Fitter               ; -                    ; -                   ;
; ENTRADA_ULA2[5]        ; J6    ; 1        ; 0            ; 50           ; 14           ; no              ; no                     ; no            ; 2         ; no              ; no         ; no            ; no       ; Off          ; 2.5 V        ; Default          ; Series 50 Ohm without Calibration ; --                        ; no                         ; no                          ; Fitter               ; -                    ; -                   ;
; ENTRADA_ULA2[6]        ; J13   ; 8        ; 40           ; 73           ; 0            ; no              ; no                     ; no            ; 2         ; no              ; no         ; no            ; no       ; Off          ; 2.5 V        ; Default          ; Series 50 Ohm without Calibration ; --                        ; no                         ; no                          ; Fitter               ; -                    ; -                   ;
; ENTRADA_ULA2[7]        ; K4    ; 1        ; 0            ; 53           ; 0            ; no              ; no                     ; no            ; 2         ; no              ; no         ; no            ; no       ; Off          ; 2.5 V        ; Default          ; Series 50 Ohm without Calibration ; --                        ; no                         ; no                          ; Fitter               ; -                    ; -                   ;
; ENTRADA_ULA2[8]        ; AD11  ; 3        ; 49           ; 0            ; 0            ; no              ; no                     ; no            ; 2         ; no              ; no         ; no            ; no       ; Off          ; 2.5 V        ; Default          ; Series 50 Ohm without Calibration ; --                        ; no                         ; no                          ; Fitter               ; -                    ; -                   ;
; ENTRADA_ULA2[9]        ; C10   ; 8        ; 35           ; 73           ; 14           ; no              ; no                     ; no            ; 2         ; no              ; no         ; no            ; no       ; Off          ; 2.5 V        ; Default          ; Series 50 Ohm without Calibration ; --                        ; no                         ; no                          ; Fitter               ; -                    ; -                   ;
; INSTR[0]               ; AB13  ; 3        ; 47           ; 0            ; 7            ; no              ; no                     ; no            ; 2         ; no              ; no         ; no            ; no       ; Off          ; 2.5 V        ; Default          ; Series 50 Ohm without Calibration ; --                        ; no                         ; no                          ; Fitter               ; -                    ; -                   ;
; INSTR[10]              ; K25   ; 6        ; 115          ; 55           ; 14           ; no              ; no                     ; no            ; 2         ; no              ; no         ; no            ; no       ; Off          ; 2.5 V        ; Default          ; Series 50 Ohm without Calibration ; --                        ; no                         ; no                          ; Fitter               ; -                    ; -                   ;
; INSTR[11]              ; D4    ; 8        ; 1            ; 73           ; 0            ; no              ; no                     ; no            ; 2         ; no              ; no         ; no            ; no       ; Off          ; 2.5 V        ; Default          ; Series 50 Ohm without Calibration ; --                        ; no                         ; no                          ; Fitter               ; -                    ; -                   ;
; INSTR[12]              ; H5    ; 1        ; 0            ; 59           ; 21           ; no              ; no                     ; no            ; 2         ; no              ; no         ; no            ; no       ; Off          ; 2.5 V        ; Default          ; Series 50 Ohm without Calibration ; --                        ; no                         ; no                          ; Fitter               ; -                    ; -                   ;
; INSTR[13]              ; AE20  ; 4        ; 85           ; 0            ; 21           ; no              ; no                     ; no            ; 2         ; no              ; no         ; no            ; no       ; Off          ; 2.5 V        ; Default          ; Series 50 Ohm without Calibration ; --                        ; no                         ; no                          ; Fitter               ; -                    ; -                   ;
; INSTR[14]              ; E4    ; 8        ; 1            ; 73           ; 7            ; no              ; no                     ; no            ; 2         ; no              ; no         ; no            ; no       ; Off          ; 2.5 V        ; Default          ; Series 50 Ohm without Calibration ; --                        ; no                         ; no                          ; Fitter               ; -                    ; -                   ;
; INSTR[15]              ; AG21  ; 4        ; 74           ; 0            ; 7            ; no              ; no                     ; no            ; 2         ; no              ; no         ; no            ; no       ; Off          ; 2.5 V        ; Default          ; Series 50 Ohm without Calibration ; --                        ; no                         ; no                          ; Fitter               ; -                    ; -                   ;
; INSTR[16]              ; H14   ; 8        ; 49           ; 73           ; 14           ; no              ; no                     ; no            ; 2         ; no              ; no         ; no            ; no       ; Off          ; 2.5 V        ; Default          ; Series 50 Ohm without Calibration ; --                        ; no                         ; no                          ; Fitter               ; -                    ; -                   ;
; INSTR[17]              ; M5    ; 1        ; 0            ; 47           ; 0            ; no              ; no                     ; no            ; 2         ; no              ; no         ; no            ; no       ; Off          ; 2.5 V        ; Default          ; Series 50 Ohm without Calibration ; --                        ; no                         ; no                          ; Fitter               ; -                    ; -                   ;
; INSTR[18]              ; B7    ; 8        ; 29           ; 73           ; 7            ; no              ; no                     ; no            ; 2         ; no              ; no         ; no            ; no       ; Off          ; 2.5 V        ; Default          ; Series 50 Ohm without Calibration ; --                        ; no                         ; no                          ; Fitter               ; -                    ; -                   ;
; INSTR[19]              ; AA13  ; 3        ; 52           ; 0            ; 0            ; no              ; no                     ; no            ; 2         ; no              ; no         ; no            ; no       ; Off          ; 2.5 V        ; Default          ; Series 50 Ohm without Calibration ; --                        ; no                         ; no                          ; Fitter               ; -                    ; -                   ;
; INSTR[1]               ; D8    ; 8        ; 16           ; 73           ; 14           ; no              ; no                     ; no            ; 2         ; no              ; no         ; no            ; no       ; Off          ; 2.5 V        ; Default          ; Series 50 Ohm without Calibration ; --                        ; no                         ; no                          ; Fitter               ; -                    ; -                   ;
; INSTR[20]              ; E15   ; 7        ; 58           ; 73           ; 7            ; no              ; no                     ; no            ; 2         ; no              ; no         ; no            ; no       ; Off          ; 2.5 V        ; Default          ; Series 50 Ohm without Calibration ; --                        ; no                         ; no                          ; Fitter               ; -                    ; -                   ;
; INSTR[21]              ; D12   ; 8        ; 52           ; 73           ; 21           ; no              ; no                     ; no            ; 2         ; no              ; no         ; no            ; no       ; Off          ; 2.5 V        ; Default          ; Series 50 Ohm without Calibration ; --                        ; no                         ; no                          ; Fitter               ; -                    ; -                   ;
; INSTR[22]              ; W22   ; 5        ; 115          ; 30           ; 0            ; no              ; no                     ; no            ; 2         ; no              ; no         ; no            ; no       ; Off          ; 2.5 V        ; Default          ; Series 50 Ohm without Calibration ; --                        ; no                         ; no                          ; Fitter               ; -                    ; -                   ;
; INSTR[23]              ; AD18  ; 4        ; 85           ; 0            ; 7            ; no              ; no                     ; no            ; 2         ; no              ; no         ; no            ; no       ; Off          ; 2.5 V        ; Default          ; Series 50 Ohm without Calibration ; --                        ; no                         ; no                          ; Fitter               ; -                    ; -                   ;
; INSTR[24]              ; A19   ; 7        ; 81           ; 73           ; 14           ; no              ; no                     ; no            ; 2         ; no              ; no         ; no            ; no       ; Off          ; 2.5 V        ; Default          ; Series 50 Ohm without Calibration ; --                        ; no                         ; no                          ; Fitter               ; -                    ; -                   ;
; INSTR[25]              ; L6    ; 1        ; 0            ; 47           ; 21           ; no              ; no                     ; no            ; 2         ; no              ; no         ; no            ; no       ; Off          ; 2.5 V        ; Default          ; Series 50 Ohm without Calibration ; --                        ; no                         ; no                          ; Fitter               ; -                    ; -                   ;
; INSTR[26]              ; F8    ; 8        ; 11           ; 73           ; 7            ; no              ; no                     ; no            ; 2         ; no              ; no         ; no            ; no       ; Off          ; 2.5 V        ; Default          ; Series 50 Ohm without Calibration ; --                        ; no                         ; no                          ; Fitter               ; -                    ; -                   ;
; INSTR[27]              ; E24   ; 7        ; 85           ; 73           ; 21           ; no              ; no                     ; no            ; 2         ; no              ; no         ; no            ; no       ; Off          ; 2.5 V        ; Default          ; Series 50 Ohm without Calibration ; --                        ; no                         ; no                          ; Fitter               ; -                    ; -                   ;
; INSTR[28]              ; B19   ; 7        ; 81           ; 73           ; 21           ; no              ; no                     ; no            ; 2         ; no              ; no         ; no            ; no       ; Off          ; 2.5 V        ; Default          ; Series 50 Ohm without Calibration ; --                        ; no                         ; no                          ; Fitter               ; -                    ; -                   ;
; INSTR[29]              ; L24   ; 6        ; 115          ; 48           ; 0            ; no              ; no                     ; no            ; 2         ; no              ; no         ; no            ; no       ; Off          ; 2.5 V        ; Default          ; Series 50 Ohm without Calibration ; --                        ; no                         ; no                          ; Fitter               ; -                    ; -                   ;
; INSTR[2]               ; G1    ; 1        ; 0            ; 55           ; 14           ; no              ; no                     ; no            ; 2         ; no              ; no         ; no            ; no       ; Off          ; 2.5 V        ; Default          ; Series 50 Ohm without Calibration ; --                        ; no                         ; no                          ; Fitter               ; -                    ; -                   ;
; INSTR[30]              ; AB3   ; 2        ; 0            ; 21           ; 21           ; no              ; no                     ; no            ; 2         ; no              ; no         ; no            ; no       ; Off          ; 2.5 V        ; Default          ; Series 50 Ohm without Calibration ; --                        ; no                         ; no                          ; Fitter               ; -                    ; -                   ;
; INSTR[31]              ; G8    ; 8        ; 11           ; 73           ; 14           ; no              ; no                     ; no            ; 2         ; no              ; no         ; no            ; no       ; Off          ; 2.5 V        ; Default          ; Series 50 Ohm without Calibration ; --                        ; no                         ; no                          ; Fitter               ; -                    ; -                   ;
; INSTR[3]               ; A21   ; 7        ; 89           ; 73           ; 21           ; no              ; no                     ; no            ; 2         ; no              ; no         ; no            ; no       ; Off          ; 2.5 V        ; Default          ; Series 50 Ohm without Calibration ; --                        ; no                         ; no                          ; Fitter               ; -                    ; -                   ;
; INSTR[4]               ; AF9   ; 3        ; 20           ; 0            ; 0            ; no              ; no                     ; no            ; 2         ; no              ; no         ; no            ; no       ; Off          ; 2.5 V        ; Default          ; Series 50 Ohm without Calibration ; --                        ; no                         ; no                          ; Fitter               ; -                    ; -                   ;
; INSTR[5]               ; G12   ; 8        ; 27           ; 73           ; 7            ; no              ; no                     ; no            ; 2         ; no              ; no         ; no            ; no       ; Off          ; 2.5 V        ; Default          ; Series 50 Ohm without Calibration ; --                        ; no                         ; no                          ; Fitter               ; -                    ; -                   ;
; INSTR[6]               ; B3    ; 8        ; 5            ; 73           ; 0            ; no              ; no                     ; no            ; 2         ; no              ; no         ; no            ; no       ; Off          ; 2.5 V        ; Default          ; Series 50 Ohm without Calibration ; --                        ; no                         ; no                          ; Fitter               ; -                    ; -                   ;
; INSTR[7]               ; W26   ; 5        ; 115          ; 19           ; 0            ; no              ; no                     ; no            ; 2         ; no              ; no         ; no            ; no       ; Off          ; 2.5 V        ; Default          ; Series 50 Ohm without Calibration ; --                        ; no                         ; no                          ; Fitter               ; -                    ; -                   ;
; INSTR[8]               ; D22   ; 7        ; 111          ; 73           ; 0            ; no              ; no                     ; no            ; 2         ; no              ; no         ; no            ; no       ; Off          ; 2.5 V        ; Default          ; Series 50 Ohm without Calibration ; --                        ; no                         ; no                          ; Fitter               ; -                    ; -                   ;
; INSTR[9]               ; U28   ; 5        ; 115          ; 28           ; 0            ; no              ; no                     ; no            ; 2         ; no              ; no         ; no            ; no       ; Off          ; 2.5 V        ; Default          ; Series 50 Ohm without Calibration ; --                        ; no                         ; no                          ; Fitter               ; -                    ; -                   ;
; JumpSinal              ; Y14   ; 3        ; 56           ; 0            ; 7            ; no              ; no                     ; no            ; 2         ; no              ; no         ; no            ; no       ; Off          ; 2.5 V        ; Default          ; Series 50 Ohm without Calibration ; --                        ; no                         ; no                          ; Fitter               ; -                    ; -                   ;
; PC[0]                  ; G3    ; 1        ; 0            ; 63           ; 21           ; no              ; no                     ; no            ; 2         ; no              ; no         ; no            ; no       ; Off          ; 2.5 V        ; Default          ; Series 50 Ohm without Calibration ; --                        ; no                         ; no                          ; Fitter               ; -                    ; -                   ;
; PC[10]                 ; B6    ; 8        ; 27           ; 73           ; 21           ; no              ; no                     ; no            ; 2         ; no              ; no         ; no            ; no       ; Off          ; 2.5 V        ; Default          ; Series 50 Ohm without Calibration ; --                        ; no                         ; no                          ; Fitter               ; -                    ; -                   ;
; PC[11]                 ; D10   ; 8        ; 35           ; 73           ; 21           ; no              ; no                     ; no            ; 2         ; no              ; no         ; no            ; no       ; Off          ; 2.5 V        ; Default          ; Series 50 Ohm without Calibration ; --                        ; no                         ; no                          ; Fitter               ; -                    ; -                   ;
; PC[12]                 ; E25   ; 7        ; 83           ; 73           ; 0            ; no              ; no                     ; no            ; 2         ; no              ; no         ; no            ; no       ; Off          ; 2.5 V        ; Default          ; Series 50 Ohm without Calibration ; --                        ; no                         ; no                          ; Fitter               ; -                    ; -                   ;
; PC[13]                 ; AA15  ; 4        ; 67           ; 0            ; 21           ; no              ; no                     ; no            ; 2         ; no              ; no         ; no            ; no       ; Off          ; 2.5 V        ; Default          ; Series 50 Ohm without Calibration ; --                        ; no                         ; no                          ; Fitter               ; -                    ; -                   ;
; PC[14]                 ; F19   ; 7        ; 94           ; 73           ; 0            ; no              ; no                     ; no            ; 2         ; no              ; no         ; no            ; no       ; Off          ; 2.5 V        ; Default          ; Series 50 Ohm without Calibration ; --                        ; no                         ; no                          ; Fitter               ; -                    ; -                   ;
; PC[15]                 ; AC14  ; 3        ; 56           ; 0            ; 21           ; no              ; no                     ; no            ; 2         ; no              ; no         ; no            ; no       ; Off          ; 2.5 V        ; Default          ; Series 50 Ohm without Calibration ; --                        ; no                         ; no                          ; Fitter               ; -                    ; -                   ;
; PC[16]                 ; E11   ; 8        ; 31           ; 73           ; 0            ; no              ; no                     ; no            ; 2         ; no              ; no         ; no            ; no       ; Off          ; 2.5 V        ; Default          ; Series 50 Ohm without Calibration ; --                        ; no                         ; no                          ; Fitter               ; -                    ; -                   ;
; PC[17]                 ; AE16  ; 4        ; 65           ; 0            ; 21           ; no              ; no                     ; no            ; 2         ; no              ; no         ; no            ; no       ; Off          ; 2.5 V        ; Default          ; Series 50 Ohm without Calibration ; --                        ; no                         ; no                          ; Fitter               ; -                    ; -                   ;
; PC[18]                 ; M28   ; 6        ; 115          ; 45           ; 14           ; no              ; no                     ; no            ; 2         ; no              ; no         ; no            ; no       ; Off          ; 2.5 V        ; Default          ; Series 50 Ohm without Calibration ; --                        ; no                         ; no                          ; Fitter               ; -                    ; -                   ;
; PC[19]                 ; M24   ; 6        ; 115          ; 41           ; 0            ; no              ; no                     ; no            ; 2         ; no              ; no         ; no            ; no       ; Off          ; 2.5 V        ; Default          ; Series 50 Ohm without Calibration ; --                        ; no                         ; no                          ; Fitter               ; -                    ; -                   ;
; PC[1]                  ; AA17  ; 4        ; 89           ; 0            ; 21           ; no              ; no                     ; no            ; 2         ; no              ; no         ; no            ; no       ; Off          ; 2.5 V        ; Default          ; Series 50 Ohm without Calibration ; --                        ; no                         ; no                          ; Fitter               ; -                    ; -                   ;
; PC[20]                 ; A22   ; 7        ; 89           ; 73           ; 7            ; no              ; no                     ; no            ; 2         ; no              ; no         ; no            ; no       ; Off          ; 2.5 V        ; Default          ; Series 50 Ohm without Calibration ; --                        ; no                         ; no                          ; Fitter               ; -                    ; -                   ;
; PC[21]                 ; F11   ; 8        ; 31           ; 73           ; 7            ; no              ; no                     ; no            ; 2         ; no              ; no         ; no            ; no       ; Off          ; 2.5 V        ; Default          ; Series 50 Ohm without Calibration ; --                        ; no                         ; no                          ; Fitter               ; -                    ; -                   ;
; PC[22]                 ; E18   ; 7        ; 87           ; 73           ; 7            ; no              ; no                     ; no            ; 2         ; no              ; no         ; no            ; no       ; Off          ; 2.5 V        ; Default          ; Series 50 Ohm without Calibration ; --                        ; no                         ; no                          ; Fitter               ; -                    ; -                   ;
; PC[23]                 ; AE14  ; 3        ; 49           ; 0            ; 21           ; no              ; no                     ; no            ; 2         ; no              ; no         ; no            ; no       ; Off          ; 2.5 V        ; Default          ; Series 50 Ohm without Calibration ; --                        ; no                         ; no                          ; Fitter               ; -                    ; -                   ;
; PC[24]                 ; AG12  ; 3        ; 54           ; 0            ; 7            ; no              ; no                     ; no            ; 2         ; no              ; no         ; no            ; no       ; Off          ; 2.5 V        ; Default          ; Series 50 Ohm without Calibration ; --                        ; no                         ; no                          ; Fitter               ; -                    ; -                   ;
; PC[25]                 ; AH12  ; 3        ; 54           ; 0            ; 0            ; no              ; no                     ; no            ; 2         ; no              ; no         ; no            ; no       ; Off          ; 2.5 V        ; Default          ; Series 50 Ohm without Calibration ; --                        ; no                         ; no                          ; Fitter               ; -                    ; -                   ;
; PC[26]                 ; AD14  ; 3        ; 56           ; 0            ; 14           ; no              ; no                     ; no            ; 2         ; no              ; no         ; no            ; no       ; Off          ; 2.5 V        ; Default          ; Series 50 Ohm without Calibration ; --                        ; no                         ; no                          ; Fitter               ; -                    ; -                   ;
; PC[27]                 ; C18   ; 7        ; 87           ; 73           ; 21           ; no              ; no                     ; no            ; 2         ; no              ; no         ; no            ; no       ; Off          ; 2.5 V        ; Default          ; Series 50 Ohm without Calibration ; --                        ; no                         ; no                          ; Fitter               ; -                    ; -                   ;
; PC[28]                 ; A7    ; 8        ; 29           ; 73           ; 0            ; no              ; no                     ; no            ; 2         ; no              ; no         ; no            ; no       ; Off          ; 2.5 V        ; Default          ; Series 50 Ohm without Calibration ; --                        ; no                         ; no                          ; Fitter               ; -                    ; -                   ;
; PC[29]                 ; E10   ; 8        ; 18           ; 73           ; 14           ; no              ; no                     ; no            ; 2         ; no              ; no         ; no            ; no       ; Off          ; 2.5 V        ; Default          ; Series 50 Ohm without Calibration ; --                        ; no                         ; no                          ; Fitter               ; -                    ; -                   ;
; PC[2]                  ; C15   ; 7        ; 58           ; 73           ; 14           ; no              ; no                     ; no            ; 2         ; no              ; no         ; no            ; no       ; Off          ; 2.5 V        ; Default          ; Series 50 Ohm without Calibration ; --                        ; no                         ; no                          ; Fitter               ; -                    ; -                   ;
; PC[30]                 ; C19   ; 7        ; 83           ; 73           ; 7            ; no              ; no                     ; no            ; 2         ; no              ; no         ; no            ; no       ; Off          ; 2.5 V        ; Default          ; Series 50 Ohm without Calibration ; --                        ; no                         ; no                          ; Fitter               ; -                    ; -                   ;
; PC[31]                 ; G28   ; 6        ; 115          ; 52           ; 7            ; no              ; no                     ; no            ; 2         ; no              ; no         ; no            ; no       ; Off          ; 2.5 V        ; Default          ; Series 50 Ohm without Calibration ; --                        ; no                         ; no                          ; Fitter               ; -                    ; -                   ;
; PC[3]                  ; C16   ; 7        ; 62           ; 73           ; 14           ; no              ; no                     ; no            ; 2         ; no              ; no         ; no            ; no       ; Off          ; 2.5 V        ; Default          ; Series 50 Ohm without Calibration ; --                        ; no                         ; no                          ; Fitter               ; -                    ; -                   ;
; PC[4]                  ; C14   ; 8        ; 52           ; 73           ; 0            ; no              ; no                     ; no            ; 2         ; no              ; no         ; no            ; no       ; Off          ; 2.5 V        ; Default          ; Series 50 Ohm without Calibration ; --                        ; no                         ; no                          ; Fitter               ; -                    ; -                   ;
; PC[5]                  ; A17   ; 7        ; 60           ; 73           ; 0            ; no              ; no                     ; no            ; 2         ; no              ; no         ; no            ; no       ; Off          ; 2.5 V        ; Default          ; Series 50 Ohm without Calibration ; --                        ; no                         ; no                          ; Fitter               ; -                    ; -                   ;
; PC[6]                  ; C13   ; 8        ; 54           ; 73           ; 0            ; no              ; no                     ; no            ; 2         ; no              ; no         ; no            ; no       ; Off          ; 2.5 V        ; Default          ; Series 50 Ohm without Calibration ; --                        ; no                         ; no                          ; Fitter               ; -                    ; -                   ;
; PC[7]                  ; D15   ; 7        ; 58           ; 73           ; 21           ; no              ; no                     ; no            ; 2         ; no              ; no         ; no            ; no       ; Off          ; 2.5 V        ; Default          ; Series 50 Ohm without Calibration ; --                        ; no                         ; no                          ; Fitter               ; -                    ; -                   ;
; PC[8]                  ; C20   ; 7        ; 85           ; 73           ; 7            ; no              ; no                     ; no            ; 2         ; no              ; no         ; no            ; no       ; Off          ; 2.5 V        ; Default          ; Series 50 Ohm without Calibration ; --                        ; no                         ; no                          ; Fitter               ; -                    ; -                   ;
; PC[9]                  ; D19   ; 7        ; 83           ; 73           ; 14           ; no              ; no                     ; no            ; 2         ; no              ; no         ; no            ; no       ; Off          ; 2.5 V        ; Default          ; Series 50 Ohm without Calibration ; --                        ; no                         ; no                          ; Fitter               ; -                    ; -                   ;
; RESULTADO[0]           ; B17   ; 7        ; 60           ; 73           ; 7            ; no              ; no                     ; no            ; 2         ; no              ; no         ; no            ; no       ; Off          ; 2.5 V        ; Default          ; Series 50 Ohm without Calibration ; --                        ; no                         ; no                          ; Fitter               ; -                    ; -                   ;
; RESULTADO[10]          ; F14   ; 8        ; 45           ; 73           ; 0            ; no              ; no                     ; no            ; 2         ; no              ; no         ; no            ; no       ; Off          ; 2.5 V        ; Default          ; Series 50 Ohm without Calibration ; --                        ; no                         ; no                          ; Fitter               ; -                    ; -                   ;
; RESULTADO[11]          ; C12   ; 8        ; 52           ; 73           ; 14           ; no              ; no                     ; no            ; 2         ; no              ; no         ; no            ; no       ; Off          ; 2.5 V        ; Default          ; Series 50 Ohm without Calibration ; --                        ; no                         ; no                          ; Fitter               ; -                    ; -                   ;
; RESULTADO[12]          ; M2    ; 1        ; 0            ; 44           ; 14           ; no              ; no                     ; no            ; 2         ; no              ; no         ; no            ; no       ; Off          ; 2.5 V        ; Default          ; Series 50 Ohm without Calibration ; --                        ; no                         ; no                          ; Fitter               ; -                    ; -                   ;
; RESULTADO[13]          ; P27   ; 6        ; 115          ; 44           ; 7            ; no              ; no                     ; no            ; 2         ; no              ; no         ; no            ; no       ; Off          ; 2.5 V        ; Default          ; Series 50 Ohm without Calibration ; --                        ; no                         ; no                          ; Fitter               ; -                    ; -                   ;
; RESULTADO[14]          ; P25   ; 6        ; 115          ; 41           ; 7            ; no              ; no                     ; no            ; 2         ; no              ; no         ; no            ; no       ; Off          ; 2.5 V        ; Default          ; Series 50 Ohm without Calibration ; --                        ; no                         ; no                          ; Fitter               ; -                    ; -                   ;
; RESULTADO[15]          ; N8    ; 1        ; 0            ; 42           ; 7            ; no              ; no                     ; no            ; 2         ; no              ; no         ; no            ; no       ; Off          ; 2.5 V        ; Default          ; Series 50 Ohm without Calibration ; --                        ; no                         ; no                          ; Fitter               ; -                    ; -                   ;
; RESULTADO[16]          ; A12   ; 8        ; 47           ; 73           ; 0            ; no              ; no                     ; no            ; 2         ; no              ; no         ; no            ; no       ; Off          ; 2.5 V        ; Default          ; Series 50 Ohm without Calibration ; --                        ; no                         ; no                          ; Fitter               ; -                    ; -                   ;
; RESULTADO[17]          ; AB14  ; 3        ; 54           ; 0            ; 14           ; no              ; no                     ; no            ; 2         ; no              ; no         ; no            ; no       ; Off          ; 2.5 V        ; Default          ; Series 50 Ohm without Calibration ; --                        ; no                         ; no                          ; Fitter               ; -                    ; -                   ;
; RESULTADO[18]          ; M26   ; 6        ; 115          ; 46           ; 0            ; no              ; no                     ; no            ; 2         ; no              ; no         ; no            ; no       ; Off          ; 2.5 V        ; Default          ; Series 50 Ohm without Calibration ; --                        ; no                         ; no                          ; Fitter               ; -                    ; -                   ;
; RESULTADO[19]          ; D14   ; 8        ; 52           ; 73           ; 7            ; no              ; no                     ; no            ; 2         ; no              ; no         ; no            ; no       ; Off          ; 2.5 V        ; Default          ; Series 50 Ohm without Calibration ; --                        ; no                         ; no                          ; Fitter               ; -                    ; -                   ;
; RESULTADO[1]           ; D16   ; 7        ; 62           ; 73           ; 21           ; no              ; no                     ; no            ; 2         ; no              ; no         ; no            ; no       ; Off          ; 2.5 V        ; Default          ; Series 50 Ohm without Calibration ; --                        ; no                         ; no                          ; Fitter               ; -                    ; -                   ;
; RESULTADO[20]          ; M23   ; 6        ; 115          ; 40           ; 7            ; no              ; no                     ; no            ; 2         ; no              ; no         ; no            ; no       ; Off          ; 2.5 V        ; Default          ; Series 50 Ohm without Calibration ; --                        ; no                         ; no                          ; Fitter               ; -                    ; -                   ;
; RESULTADO[21]          ; F15   ; 7        ; 58           ; 73           ; 0            ; no              ; no                     ; no            ; 2         ; no              ; no         ; no            ; no       ; Off          ; 2.5 V        ; Default          ; Series 50 Ohm without Calibration ; --                        ; no                         ; no                          ; Fitter               ; -                    ; -                   ;
; RESULTADO[22]          ; AA12  ; 3        ; 52           ; 0            ; 14           ; no              ; no                     ; no            ; 2         ; no              ; no         ; no            ; no       ; Off          ; 2.5 V        ; Default          ; Series 50 Ohm without Calibration ; --                        ; no                         ; no                          ; Fitter               ; -                    ; -                   ;
; RESULTADO[23]          ; Y13   ; 3        ; 52           ; 0            ; 7            ; no              ; no                     ; no            ; 2         ; no              ; no         ; no            ; no       ; Off          ; 2.5 V        ; Default          ; Series 50 Ohm without Calibration ; --                        ; no                         ; no                          ; Fitter               ; -                    ; -                   ;
; RESULTADO[24]          ; J15   ; 7        ; 60           ; 73           ; 21           ; no              ; no                     ; no            ; 2         ; no              ; no         ; no            ; no       ; Off          ; 2.5 V        ; Default          ; Series 50 Ohm without Calibration ; --                        ; no                         ; no                          ; Fitter               ; -                    ; -                   ;
; RESULTADO[25]          ; M27   ; 6        ; 115          ; 46           ; 7            ; no              ; no                     ; no            ; 2         ; no              ; no         ; no            ; no       ; Off          ; 2.5 V        ; Default          ; Series 50 Ohm without Calibration ; --                        ; no                         ; no                          ; Fitter               ; -                    ; -                   ;
; RESULTADO[26]          ; G16   ; 7        ; 67           ; 73           ; 0            ; no              ; no                     ; no            ; 2         ; no              ; no         ; no            ; no       ; Off          ; 2.5 V        ; Default          ; Series 50 Ohm without Calibration ; --                        ; no                         ; no                          ; Fitter               ; -                    ; -                   ;
; RESULTADO[27]          ; N21   ; 6        ; 115          ; 42           ; 14           ; no              ; no                     ; no            ; 2         ; no              ; no         ; no            ; no       ; Off          ; 2.5 V        ; Default          ; Series 50 Ohm without Calibration ; --                        ; no                         ; no                          ; Fitter               ; -                    ; -                   ;
; RESULTADO[28]          ; Y12   ; 3        ; 52           ; 0            ; 21           ; no              ; no                     ; no            ; 2         ; no              ; no         ; no            ; no       ; Off          ; 2.5 V        ; Default          ; Series 50 Ohm without Calibration ; --                        ; no                         ; no                          ; Fitter               ; -                    ; -                   ;
; RESULTADO[29]          ; G14   ; 8        ; 47           ; 73           ; 14           ; no              ; no                     ; no            ; 2         ; no              ; no         ; no            ; no       ; Off          ; 2.5 V        ; Default          ; Series 50 Ohm without Calibration ; --                        ; no                         ; no                          ; Fitter               ; -                    ; -                   ;
; RESULTADO[2]           ; H17   ; 7        ; 67           ; 73           ; 7            ; no              ; no                     ; no            ; 2         ; no              ; no         ; no            ; no       ; Off          ; 2.5 V        ; Default          ; Series 50 Ohm without Calibration ; --                        ; no                         ; no                          ; Fitter               ; -                    ; -                   ;
; RESULTADO[30]          ; G18   ; 7        ; 69           ; 73           ; 21           ; no              ; no                     ; no            ; 2         ; no              ; no         ; no            ; no       ; Off          ; 2.5 V        ; Default          ; Series 50 Ohm without Calibration ; --                        ; no                         ; no                          ; Fitter               ; -                    ; -                   ;
; RESULTADO[31]          ; H15   ; 7        ; 60           ; 73           ; 14           ; no              ; no                     ; no            ; 2         ; no              ; no         ; no            ; no       ; Off          ; 2.5 V        ; Default          ; Series 50 Ohm without Calibration ; --                        ; no                         ; no                          ; Fitter               ; -                    ; -                   ;
; RESULTADO[3]           ; AE15  ; 4        ; 60           ; 0            ; 7            ; no              ; no                     ; no            ; 2         ; no              ; no         ; no            ; no       ; Off          ; 2.5 V        ; Default          ; Series 50 Ohm without Calibration ; --                        ; no                         ; no                          ; Fitter               ; -                    ; -                   ;
; RESULTADO[4]           ; AA14  ; 3        ; 54           ; 0            ; 21           ; no              ; no                     ; no            ; 2         ; no              ; no         ; no            ; no       ; Off          ; 2.5 V        ; Default          ; Series 50 Ohm without Calibration ; --                        ; no                         ; no                          ; Fitter               ; -                    ; -                   ;
; RESULTADO[5]           ; L1    ; 1        ; 0            ; 44           ; 7            ; no              ; no                     ; no            ; 2         ; no              ; no         ; no            ; no       ; Off          ; 2.5 V        ; Default          ; Series 50 Ohm without Calibration ; --                        ; no                         ; no                          ; Fitter               ; -                    ; -                   ;
; RESULTADO[6]           ; J14   ; 8        ; 49           ; 73           ; 21           ; no              ; no                     ; no            ; 2         ; no              ; no         ; no            ; no       ; Off          ; 2.5 V        ; Default          ; Series 50 Ohm without Calibration ; --                        ; no                         ; no                          ; Fitter               ; -                    ; -                   ;
; RESULTADO[7]           ; E14   ; 8        ; 45           ; 73           ; 7            ; no              ; no                     ; no            ; 2         ; no              ; no         ; no            ; no       ; Off          ; 2.5 V        ; Default          ; Series 50 Ohm without Calibration ; --                        ; no                         ; no                          ; Fitter               ; -                    ; -                   ;
; RESULTADO[8]           ; N25   ; 6        ; 115          ; 45           ; 21           ; no              ; no                     ; no            ; 2         ; no              ; no         ; no            ; no       ; Off          ; 2.5 V        ; Default          ; Series 50 Ohm without Calibration ; --                        ; no                         ; no                          ; Fitter               ; -                    ; -                   ;
; RESULTADO[9]           ; M8    ; 1        ; 0            ; 45           ; 14           ; no              ; no                     ; no            ; 2         ; no              ; no         ; no            ; no       ; Off          ; 2.5 V        ; Default          ; Series 50 Ohm without Calibration ; --                        ; no                         ; no                          ; Fitter               ; -                    ; -                   ;
; SAIDA_EXTENSOR[0]      ; AC11  ; 3        ; 49           ; 0            ; 7            ; no              ; no                     ; no            ; 2         ; no              ; no         ; no            ; no       ; Off          ; 2.5 V        ; Default          ; Series 50 Ohm without Calibration ; --                        ; no                         ; no                          ; Fitter               ; -                    ; -                   ;
; SAIDA_EXTENSOR[10]     ; E1    ; 1        ; 0            ; 61           ; 21           ; no              ; no                     ; no            ; 2         ; no              ; no         ; no            ; no       ; Off          ; 2.5 V        ; Default          ; Series 50 Ohm without Calibration ; --                        ; no                         ; no                          ; Fitter               ; -                    ; -                   ;
; SAIDA_EXTENSOR[11]     ; AC4   ; 2        ; 0            ; 4            ; 0            ; no              ; no                     ; no            ; 2         ; no              ; no         ; no            ; no       ; Off          ; 2.5 V        ; Default          ; Series 50 Ohm without Calibration ; --                        ; no                         ; no                          ; Fitter               ; -                    ; -                   ;
; SAIDA_EXTENSOR[12]     ; C6    ; 8        ; 5            ; 73           ; 21           ; no              ; no                     ; no            ; 2         ; no              ; no         ; no            ; no       ; Off          ; 2.5 V        ; Default          ; Series 50 Ohm without Calibration ; --                        ; no                         ; no                          ; Fitter               ; -                    ; -                   ;
; SAIDA_EXTENSOR[13]     ; V6    ; 2        ; 0            ; 16           ; 21           ; no              ; no                     ; no            ; 2         ; no              ; no         ; no            ; no       ; Off          ; 2.5 V        ; Default          ; Series 50 Ohm without Calibration ; --                        ; no                         ; no                          ; Fitter               ; -                    ; -                   ;
; SAIDA_EXTENSOR[14]     ; U3    ; 2        ; 0            ; 34           ; 7            ; no              ; no                     ; no            ; 2         ; no              ; no         ; no            ; no       ; Off          ; 2.5 V        ; Default          ; Series 50 Ohm without Calibration ; --                        ; no                         ; no                          ; Fitter               ; -                    ; -                   ;
; SAIDA_EXTENSOR[15]     ; AB7   ; 3        ; 16           ; 0            ; 0            ; no              ; no                     ; no            ; 2         ; no              ; no         ; no            ; no       ; Off          ; 2.5 V        ; Default          ; Series 50 Ohm without Calibration ; --                        ; no                         ; no                          ; Fitter               ; -                    ; -                   ;
; SAIDA_EXTENSOR[16]     ; AE3   ; 2        ; 0            ; 7            ; 7            ; no              ; no                     ; no            ; 2         ; no              ; no         ; no            ; no       ; Off          ; 2.5 V        ; Default          ; Series 50 Ohm without Calibration ; --                        ; no                         ; no                          ; Fitter               ; -                    ; -                   ;
; SAIDA_EXTENSOR[17]     ; AC19  ; 4        ; 94           ; 0            ; 7            ; no              ; no                     ; no            ; 2         ; no              ; no         ; no            ; no       ; Off          ; 2.5 V        ; Default          ; Series 50 Ohm without Calibration ; --                        ; no                         ; no                          ; Fitter               ; -                    ; -                   ;
; SAIDA_EXTENSOR[18]     ; R22   ; 5        ; 115          ; 36           ; 14           ; no              ; no                     ; no            ; 2         ; no              ; no         ; no            ; no       ; Off          ; 2.5 V        ; Default          ; Series 50 Ohm without Calibration ; --                        ; no                         ; no                          ; Fitter               ; -                    ; -                   ;
; SAIDA_EXTENSOR[19]     ; AB21  ; 4        ; 109          ; 0            ; 7            ; no              ; no                     ; no            ; 2         ; no              ; no         ; no            ; no       ; Off          ; 2.5 V        ; Default          ; Series 50 Ohm without Calibration ; --                        ; no                         ; no                          ; Fitter               ; -                    ; -                   ;
; SAIDA_EXTENSOR[1]      ; H8    ; 8        ; 11           ; 73           ; 21           ; no              ; no                     ; no            ; 2         ; no              ; no         ; no            ; no       ; Off          ; 2.5 V        ; Default          ; Series 50 Ohm without Calibration ; --                        ; no                         ; no                          ; Fitter               ; -                    ; -                   ;
; SAIDA_EXTENSOR[20]     ; AF6   ; 3        ; 7            ; 0            ; 14           ; no              ; no                     ; no            ; 2         ; no              ; no         ; no            ; no       ; Off          ; 2.5 V        ; Default          ; Series 50 Ohm without Calibration ; --                        ; no                         ; no                          ; Fitter               ; -                    ; -                   ;
; SAIDA_EXTENSOR[21]     ; AF22  ; 4        ; 96           ; 0            ; 0            ; no              ; no                     ; no            ; 2         ; no              ; no         ; no            ; no       ; Off          ; 2.5 V        ; Default          ; Series 50 Ohm without Calibration ; --                        ; no                         ; no                          ; Fitter               ; -                    ; -                   ;
; SAIDA_EXTENSOR[22]     ; A8    ; 8        ; 18           ; 73           ; 21           ; no              ; no                     ; no            ; 2         ; no              ; no         ; no            ; no       ; Off          ; 2.5 V        ; Default          ; Series 50 Ohm without Calibration ; --                        ; no                         ; no                          ; Fitter               ; -                    ; -                   ;
; SAIDA_EXTENSOR[23]     ; H6    ; 1        ; 0            ; 64           ; 0            ; no              ; no                     ; no            ; 2         ; no              ; no         ; no            ; no       ; Off          ; 2.5 V        ; Default          ; Series 50 Ohm without Calibration ; --                        ; no                         ; no                          ; Fitter               ; -                    ; -                   ;
; SAIDA_EXTENSOR[24]     ; AF21  ; 4        ; 87           ; 0            ; 21           ; no              ; no                     ; no            ; 2         ; no              ; no         ; no            ; no       ; Off          ; 2.5 V        ; Default          ; Series 50 Ohm without Calibration ; --                        ; no                         ; no                          ; Fitter               ; -                    ; -                   ;
; SAIDA_EXTENSOR[25]     ; AE13  ; 3        ; 42           ; 0            ; 21           ; no              ; no                     ; no            ; 2         ; no              ; no         ; no            ; no       ; Off          ; 2.5 V        ; Default          ; Series 50 Ohm without Calibration ; --                        ; no                         ; no                          ; Fitter               ; -                    ; -                   ;
; SAIDA_EXTENSOR[26]     ; AG10  ; 3        ; 31           ; 0            ; 7            ; no              ; no                     ; no            ; 2         ; no              ; no         ; no            ; no       ; Off          ; 2.5 V        ; Default          ; Series 50 Ohm without Calibration ; --                        ; no                         ; no                          ; Fitter               ; -                    ; -                   ;
; SAIDA_EXTENSOR[27]     ; AF23  ; 4        ; 105          ; 0            ; 7            ; no              ; no                     ; no            ; 2         ; no              ; no         ; no            ; no       ; Off          ; 2.5 V        ; Default          ; Series 50 Ohm without Calibration ; --                        ; no                         ; no                          ; Fitter               ; -                    ; -                   ;
; SAIDA_EXTENSOR[28]     ; AH6   ; 3        ; 11           ; 0            ; 14           ; no              ; no                     ; no            ; 2         ; no              ; no         ; no            ; no       ; Off          ; 2.5 V        ; Default          ; Series 50 Ohm without Calibration ; --                        ; no                         ; no                          ; Fitter               ; -                    ; -                   ;
; SAIDA_EXTENSOR[29]     ; AH18  ; 4        ; 69           ; 0            ; 0            ; no              ; no                     ; no            ; 2         ; no              ; no         ; no            ; no       ; Off          ; 2.5 V        ; Default          ; Series 50 Ohm without Calibration ; --                        ; no                         ; no                          ; Fitter               ; -                    ; -                   ;
; SAIDA_EXTENSOR[2]      ; J3    ; 1        ; 0            ; 57           ; 21           ; no              ; no                     ; no            ; 2         ; no              ; no         ; no            ; no       ; Off          ; 2.5 V        ; Default          ; Series 50 Ohm without Calibration ; --                        ; no                         ; no                          ; Fitter               ; -                    ; -                   ;
; SAIDA_EXTENSOR[30]     ; AB9   ; 3        ; 11           ; 0            ; 7            ; no              ; no                     ; no            ; 2         ; no              ; no         ; no            ; no       ; Off          ; 2.5 V        ; Default          ; Series 50 Ohm without Calibration ; --                        ; no                         ; no                          ; Fitter               ; -                    ; -                   ;
; SAIDA_EXTENSOR[31]     ; R27   ; 5        ; 115          ; 34           ; 14           ; no              ; no                     ; no            ; 2         ; no              ; no         ; no            ; no       ; Off          ; 2.5 V        ; Default          ; Series 50 Ohm without Calibration ; --                        ; no                         ; no                          ; Fitter               ; -                    ; -                   ;
; SAIDA_EXTENSOR[3]      ; D20   ; 7        ; 85           ; 73           ; 14           ; no              ; no                     ; no            ; 2         ; no              ; no         ; no            ; no       ; Off          ; 2.5 V        ; Default          ; Series 50 Ohm without Calibration ; --                        ; no                         ; no                          ; Fitter               ; -                    ; -                   ;
; SAIDA_EXTENSOR[4]      ; AF25  ; 4        ; 83           ; 0            ; 0            ; no              ; no                     ; no            ; 2         ; no              ; no         ; no            ; no       ; Off          ; 2.5 V        ; Default          ; Series 50 Ohm without Calibration ; --                        ; no                         ; no                          ; Fitter               ; -                    ; -                   ;
; SAIDA_EXTENSOR[5]      ; F12   ; 8        ; 33           ; 73           ; 7            ; no              ; no                     ; no            ; 2         ; no              ; no         ; no            ; no       ; Off          ; 2.5 V        ; Default          ; Series 50 Ohm without Calibration ; --                        ; no                         ; no                          ; Fitter               ; -                    ; -                   ;
; SAIDA_EXTENSOR[6]      ; G11   ; 8        ; 25           ; 73           ; 14           ; no              ; no                     ; no            ; 2         ; no              ; no         ; no            ; no       ; Off          ; 2.5 V        ; Default          ; Series 50 Ohm without Calibration ; --                        ; no                         ; no                          ; Fitter               ; -                    ; -                   ;
; SAIDA_EXTENSOR[7]      ; AB12  ; 3        ; 45           ; 0            ; 14           ; no              ; no                     ; no            ; 2         ; no              ; no         ; no            ; no       ; Off          ; 2.5 V        ; Default          ; Series 50 Ohm without Calibration ; --                        ; no                         ; no                          ; Fitter               ; -                    ; -                   ;
; SAIDA_EXTENSOR[8]      ; AB19  ; 4        ; 98           ; 0            ; 21           ; no              ; no                     ; no            ; 2         ; no              ; no         ; no            ; no       ; Off          ; 2.5 V        ; Default          ; Series 50 Ohm without Calibration ; --                        ; no                         ; no                          ; Fitter               ; -                    ; -                   ;
; SAIDA_EXTENSOR[9]      ; AD19  ; 4        ; 94           ; 0            ; 0            ; no              ; no                     ; no            ; 2         ; no              ; no         ; no            ; no       ; Off          ; 2.5 V        ; Default          ; Series 50 Ohm without Calibration ; --                        ; no                         ; no                          ; Fitter               ; -                    ; -                   ;
; SAIDA_SHIFT2L[0]       ; V2    ; 2        ; 0            ; 28           ; 14           ; no              ; no                     ; no            ; 2         ; no              ; no         ; no            ; no       ; Off          ; 2.5 V        ; Default          ; Series 50 Ohm without Calibration ; --                        ; no                         ; no                          ; Fitter               ; -                    ; -                   ;
; SAIDA_SHIFT2L[10]      ; L25   ; 6        ; 115          ; 54           ; 14           ; no              ; no                     ; no            ; 2         ; no              ; no         ; no            ; no       ; Off          ; 2.5 V        ; Default          ; Series 50 Ohm without Calibration ; --                        ; no                         ; no                          ; Fitter               ; -                    ; -                   ;
; SAIDA_SHIFT2L[11]      ; AF10  ; 3        ; 29           ; 0            ; 14           ; no              ; no                     ; no            ; 2         ; no              ; no         ; no            ; no       ; Off          ; 2.5 V        ; Default          ; Series 50 Ohm without Calibration ; --                        ; no                         ; no                          ; Fitter               ; -                    ; -                   ;
; SAIDA_SHIFT2L[12]      ; AF20  ; 4        ; 85           ; 0            ; 14           ; no              ; no                     ; no            ; 2         ; no              ; no         ; no            ; no       ; Off          ; 2.5 V        ; Default          ; Series 50 Ohm without Calibration ; --                        ; no                         ; no                          ; Fitter               ; -                    ; -                   ;
; SAIDA_SHIFT2L[13]      ; G2    ; 1        ; 0            ; 55           ; 7            ; no              ; no                     ; no            ; 2         ; no              ; no         ; no            ; no       ; Off          ; 2.5 V        ; Default          ; Series 50 Ohm without Calibration ; --                        ; no                         ; no                          ; Fitter               ; -                    ; -                   ;
; SAIDA_SHIFT2L[14]      ; D9    ; 8        ; 23           ; 73           ; 21           ; no              ; no                     ; no            ; 2         ; no              ; no         ; no            ; no       ; Off          ; 2.5 V        ; Default          ; Series 50 Ohm without Calibration ; --                        ; no                         ; no                          ; Fitter               ; -                    ; -                   ;
; SAIDA_SHIFT2L[15]      ; U23   ; 5        ; 115          ; 22           ; 0            ; no              ; no                     ; no            ; 2         ; no              ; no         ; no            ; no       ; Off          ; 2.5 V        ; Default          ; Series 50 Ohm without Calibration ; --                        ; no                         ; no                          ; Fitter               ; -                    ; -                   ;
; SAIDA_SHIFT2L[16]      ; AB8   ; 3        ; 11           ; 0            ; 0            ; no              ; no                     ; no            ; 2         ; no              ; no         ; no            ; no       ; Off          ; 2.5 V        ; Default          ; Series 50 Ohm without Calibration ; --                        ; no                         ; no                          ; Fitter               ; -                    ; -                   ;
; SAIDA_SHIFT2L[17]      ; AH11  ; 3        ; 40           ; 0            ; 14           ; no              ; no                     ; no            ; 2         ; no              ; no         ; no            ; no       ; Off          ; 2.5 V        ; Default          ; Series 50 Ohm without Calibration ; --                        ; no                         ; no                          ; Fitter               ; -                    ; -                   ;
; SAIDA_SHIFT2L[18]      ; C2    ; 1        ; 0            ; 69           ; 7            ; no              ; no                     ; no            ; 2         ; no              ; no         ; no            ; no       ; Off          ; 2.5 V        ; Default          ; Series 50 Ohm without Calibration ; --                        ; no                         ; no                          ; Fitter               ; -                    ; -                   ;
; SAIDA_SHIFT2L[19]      ; AC22  ; 4        ; 109          ; 0            ; 0            ; no              ; no                     ; no            ; 2         ; no              ; no         ; no            ; no       ; Off          ; 2.5 V        ; Default          ; Series 50 Ohm without Calibration ; --                        ; no                         ; no                          ; Fitter               ; -                    ; -                   ;
; SAIDA_SHIFT2L[1]       ; C8    ; 8        ; 16           ; 73           ; 7            ; no              ; no                     ; no            ; 2         ; no              ; no         ; no            ; no       ; Off          ; 2.5 V        ; Default          ; Series 50 Ohm without Calibration ; --                        ; no                         ; no                          ; Fitter               ; -                    ; -                   ;
; SAIDA_SHIFT2L[20]      ; AE4   ; 3        ; 3            ; 0            ; 21           ; no              ; no                     ; no            ; 2         ; no              ; no         ; no            ; no       ; Off          ; 2.5 V        ; Default          ; Series 50 Ohm without Calibration ; --                        ; no                         ; no                          ; Fitter               ; -                    ; -                   ;
; SAIDA_SHIFT2L[21]      ; AG11  ; 3        ; 40           ; 0            ; 21           ; no              ; no                     ; no            ; 2         ; no              ; no         ; no            ; no       ; Off          ; 2.5 V        ; Default          ; Series 50 Ohm without Calibration ; --                        ; no                         ; no                          ; Fitter               ; -                    ; -                   ;
; SAIDA_SHIFT2L[22]      ; A4    ; 8        ; 7            ; 73           ; 14           ; no              ; no                     ; no            ; 2         ; no              ; no         ; no            ; no       ; Off          ; 2.5 V        ; Default          ; Series 50 Ohm without Calibration ; --                        ; no                         ; no                          ; Fitter               ; -                    ; -                   ;
; SAIDA_SHIFT2L[23]      ; V28   ; 5        ; 115          ; 22           ; 21           ; no              ; no                     ; no            ; 2         ; no              ; no         ; no            ; no       ; Off          ; 2.5 V        ; Default          ; Series 50 Ohm without Calibration ; --                        ; no                         ; no                          ; Fitter               ; -                    ; -                   ;
; SAIDA_SHIFT2L[24]      ; AG18  ; 4        ; 69           ; 0            ; 7            ; no              ; no                     ; no            ; 2         ; no              ; no         ; no            ; no       ; Off          ; 2.5 V        ; Default          ; Series 50 Ohm without Calibration ; --                        ; no                         ; no                          ; Fitter               ; -                    ; -                   ;
; SAIDA_SHIFT2L[25]      ; D11   ; 8        ; 23           ; 73           ; 7            ; no              ; no                     ; no            ; 2         ; no              ; no         ; no            ; no       ; Off          ; 2.5 V        ; Default          ; Series 50 Ohm without Calibration ; --                        ; no                         ; no                          ; Fitter               ; -                    ; -                   ;
; SAIDA_SHIFT2L[26]      ; AH26  ; 4        ; 113          ; 0            ; 0            ; no              ; no                     ; no            ; 2         ; no              ; no         ; no            ; no       ; Off          ; 2.5 V        ; Default          ; Series 50 Ohm without Calibration ; --                        ; no                         ; no                          ; Fitter               ; -                    ; -                   ;
; SAIDA_SHIFT2L[27]      ; AB22  ; 4        ; 107          ; 0            ; 0            ; no              ; no                     ; no            ; 2         ; no              ; no         ; no            ; no       ; Off          ; 2.5 V        ; Default          ; Series 50 Ohm without Calibration ; --                        ; no                         ; no                          ; Fitter               ; -                    ; -                   ;
; SAIDA_SHIFT2L[28]      ; V4    ; 2        ; 0            ; 29           ; 14           ; no              ; no                     ; no            ; 2         ; no              ; no         ; no            ; no       ; Off          ; 2.5 V        ; Default          ; Series 50 Ohm without Calibration ; --                        ; no                         ; no                          ; Fitter               ; -                    ; -                   ;
; SAIDA_SHIFT2L[29]      ; AG23  ; 4        ; 81           ; 0            ; 21           ; no              ; no                     ; no            ; 2         ; no              ; no         ; no            ; no       ; Off          ; 2.5 V        ; Default          ; Series 50 Ohm without Calibration ; --                        ; no                         ; no                          ; Fitter               ; -                    ; -                   ;
; SAIDA_SHIFT2L[2]       ; AC12  ; 3        ; 45           ; 0            ; 21           ; no              ; no                     ; no            ; 2         ; no              ; no         ; no            ; no       ; Off          ; 2.5 V        ; Default          ; Series 50 Ohm without Calibration ; --                        ; no                         ; no                          ; Fitter               ; -                    ; -                   ;
; SAIDA_SHIFT2L[30]      ; B25   ; 7        ; 107          ; 73           ; 0            ; no              ; no                     ; no            ; 2         ; no              ; no         ; no            ; no       ; Off          ; 2.5 V        ; Default          ; Series 50 Ohm without Calibration ; --                        ; no                         ; no                          ; Fitter               ; -                    ; -                   ;
; SAIDA_SHIFT2L[31]      ; P21   ; 5        ; 115          ; 36           ; 0            ; no              ; no                     ; no            ; 2         ; no              ; no         ; no            ; no       ; Off          ; 2.5 V        ; Default          ; Series 50 Ohm without Calibration ; --                        ; no                         ; no                          ; Fitter               ; -                    ; -                   ;
; SAIDA_SHIFT2L[3]       ; A6    ; 8        ; 27           ; 73           ; 14           ; no              ; no                     ; no            ; 2         ; no              ; no         ; no            ; no       ; Off          ; 2.5 V        ; Default          ; Series 50 Ohm without Calibration ; --                        ; no                         ; no                          ; Fitter               ; -                    ; -                   ;
; SAIDA_SHIFT2L[4]       ; H10   ; 8        ; 20           ; 73           ; 14           ; no              ; no                     ; no            ; 2         ; no              ; no         ; no            ; no       ; Off          ; 2.5 V        ; Default          ; Series 50 Ohm without Calibration ; --                        ; no                         ; no                          ; Fitter               ; -                    ; -                   ;
; SAIDA_SHIFT2L[5]       ; F18   ; 7        ; 87           ; 73           ; 14           ; no              ; no                     ; no            ; 2         ; no              ; no         ; no            ; no       ; Off          ; 2.5 V        ; Default          ; Series 50 Ohm without Calibration ; --                        ; no                         ; no                          ; Fitter               ; -                    ; -                   ;
; SAIDA_SHIFT2L[6]       ; E5    ; 8        ; 1            ; 73           ; 14           ; no              ; no                     ; no            ; 2         ; no              ; no         ; no            ; no       ; Off          ; 2.5 V        ; Default          ; Series 50 Ohm without Calibration ; --                        ; no                         ; no                          ; Fitter               ; -                    ; -                   ;
; SAIDA_SHIFT2L[7]       ; J10   ; 8        ; 20           ; 73           ; 21           ; no              ; no                     ; no            ; 2         ; no              ; no         ; no            ; no       ; Off          ; 2.5 V        ; Default          ; Series 50 Ohm without Calibration ; --                        ; no                         ; no                          ; Fitter               ; -                    ; -                   ;
; SAIDA_SHIFT2L[8]       ; A3    ; 8        ; 5            ; 73           ; 7            ; no              ; no                     ; no            ; 2         ; no              ; no         ; no            ; no       ; Off          ; 2.5 V        ; Default          ; Series 50 Ohm without Calibration ; --                        ; no                         ; no                          ; Fitter               ; -                    ; -                   ;
; SAIDA_SHIFT2L[9]       ; U8    ; 2        ; 0            ; 18           ; 21           ; no              ; no                     ; no            ; 2         ; no              ; no         ; no            ; no       ; Off          ; 2.5 V        ; Default          ; Series 50 Ohm without Calibration ; --                        ; no                         ; no                          ; Fitter               ; -                    ; -                   ;
+------------------------+-------+----------+--------------+--------------+--------------+-----------------+------------------------+---------------+-----------+-----------------+------------+---------------+----------+--------------+--------------+------------------+-----------------------------------+---------------------------+----------------------------+-----------------------------+----------------------+----------------------+---------------------+


+--------------------------------------------------------------------------------------------------------------------------------------+
; Dual Purpose and Dedicated Pins                                                                                                      ;
+----------+------------------------------------------+--------------------------+-------------------------+---------------------------+
; Location ; Pin Name                                 ; Reserved As              ; User Signal Name        ; Pin Type                  ;
+----------+------------------------------------------+--------------------------+-------------------------+---------------------------+
; F4       ; DIFFIO_L5n, DATA1, ASDO                  ; As input tri-stated      ; ~ALTERA_ASDO_DATA1~     ; Dual Purpose Pin          ;
; E2       ; DIFFIO_L8p, FLASH_nCE, nCSO              ; As input tri-stated      ; ~ALTERA_FLASH_nCE_nCSO~ ; Dual Purpose Pin          ;
; M6       ; nSTATUS                                  ; -                        ; -                       ; Dedicated Programming Pin ;
; P3       ; DCLK                                     ; As output driving ground ; ~ALTERA_DCLK~           ; Dual Purpose Pin          ;
; N7       ; DATA0                                    ; As input tri-stated      ; ~ALTERA_DATA0~          ; Dual Purpose Pin          ;
; P4       ; nCONFIG                                  ; -                        ; -                       ; Dedicated Programming Pin ;
; R8       ; nCE                                      ; -                        ; -                       ; Dedicated Programming Pin ;
; P24      ; CONF_DONE                                ; -                        ; -                       ; Dedicated Programming Pin ;
; N22      ; MSEL0                                    ; -                        ; -                       ; Dedicated Programming Pin ;
; P23      ; MSEL1                                    ; -                        ; -                       ; Dedicated Programming Pin ;
; M22      ; MSEL2                                    ; -                        ; -                       ; Dedicated Programming Pin ;
; P22      ; MSEL3                                    ; -                        ; -                       ; Dedicated Programming Pin ;
; P26      ; DIFFIO_R24n, INIT_DONE                   ; Use as regular IO        ; ENTRADA_SHIFT_LEFT[25]  ; Dual Purpose Pin          ;
; P25      ; DIFFIO_R24p, CRC_ERROR                   ; Use as regular IO        ; RESULTADO[14]           ; Dual Purpose Pin          ;
; P28      ; DIFFIO_R23n, nCEO                        ; Use as programming pin   ; ~ALTERA_nCEO~           ; Dual Purpose Pin          ;
; P27      ; DIFFIO_R23p, CLKUSR                      ; Use as regular IO        ; RESULTADO[13]           ; Dual Purpose Pin          ;
; G28      ; DIFFIO_R15n, nWE                         ; Use as regular IO        ; PC[31]                  ; Dual Purpose Pin          ;
; B22      ; DIFFIO_T53p, PADD0                       ; Use as regular IO        ; ENTRADA_SHIFT_LEFT[3]   ; Dual Purpose Pin          ;
; C18      ; DIFFIO_T50n, PADD1                       ; Use as regular IO        ; PC[27]                  ; Dual Purpose Pin          ;
; D18      ; DIFFIO_T50p, PADD2                       ; Use as regular IO        ; ENTRADA_ULA2[21]        ; Dual Purpose Pin          ;
; C17      ; DIFFIO_T46n, PADD3                       ; Use as regular IO        ; ENTRADA_ULA1[22]        ; Dual Purpose Pin          ;
; D17      ; DIFFIO_T46p, PADD4, DQS2T/CQ3T,DPCLK8    ; Use as regular IO        ; ENTRADA_ULA2[11]        ; Dual Purpose Pin          ;
; A19      ; DIFFIO_T45n, PADD5                       ; Use as regular IO        ; INSTR[24]               ; Dual Purpose Pin          ;
; B19      ; DIFFIO_T45p, PADD6                       ; Use as regular IO        ; INSTR[28]               ; Dual Purpose Pin          ;
; A18      ; DIFFIO_T44n, PADD7                       ; Use as regular IO        ; BranchSinal             ; Dual Purpose Pin          ;
; B18      ; DIFFIO_T44p, PADD8                       ; Use as regular IO        ; ENTRADA_ULA1[8]         ; Dual Purpose Pin          ;
; C16      ; DIFFIO_T36n, PADD9                       ; Use as regular IO        ; PC[3]                   ; Dual Purpose Pin          ;
; D16      ; DIFFIO_T36p, PADD10                      ; Use as regular IO        ; RESULTADO[1]            ; Dual Purpose Pin          ;
; A17      ; DIFFIO_T35n, PADD11                      ; Use as regular IO        ; PC[5]                   ; Dual Purpose Pin          ;
; B17      ; DIFFIO_T35p, PADD12, DQS4T/CQ5T,DPCLK9   ; Use as regular IO        ; RESULTADO[0]            ; Dual Purpose Pin          ;
; C15      ; DIFFIO_T32n, PADD13                      ; Use as regular IO        ; PC[2]                   ; Dual Purpose Pin          ;
; D15      ; DIFFIO_T32p, PADD14                      ; Use as regular IO        ; PC[7]                   ; Dual Purpose Pin          ;
; D14      ; DIFFIO_T30p, PADD15                      ; Use as regular IO        ; RESULTADO[19]           ; Dual Purpose Pin          ;
; C12      ; DIFFIO_T29n, PADD16                      ; Use as regular IO        ; RESULTADO[11]           ; Dual Purpose Pin          ;
; D12      ; DIFFIO_T29p, PADD17, DQS5T/CQ5T#,DPCLK10 ; Use as regular IO        ; INSTR[21]               ; Dual Purpose Pin          ;
; A11      ; DIFFIO_T25n, DATA2                       ; Use as regular IO        ; ENTRADA_ULA1[16]        ; Dual Purpose Pin          ;
; B11      ; DIFFIO_T25p, DATA3                       ; Use as regular IO        ; ENTRADA_ULA1[11]        ; Dual Purpose Pin          ;
; A10      ; DIFFIO_T23n, PADD18                      ; Use as regular IO        ; ENTRADA_ULA2[14]        ; Dual Purpose Pin          ;
; B10      ; DIFFIO_T23p, DATA4                       ; Use as regular IO        ; ENTRADA_ULA1[7]         ; Dual Purpose Pin          ;
; G13      ; DIFFIO_T22n, PADD19                      ; Use as regular IO        ; ENTRADA_ULA1[14]        ; Dual Purpose Pin          ;
; H13      ; DIFFIO_T22p, DATA15                      ; Use as regular IO        ; ENTRADA_ULA2[30]        ; Dual Purpose Pin          ;
; E12      ; DIFFIO_T20n, DATA14, DQS3T/CQ3T#,DPCLK11 ; Use as regular IO        ; ENTRADA_ULA1[20]        ; Dual Purpose Pin          ;
; F12      ; DIFFIO_T20p, DATA13                      ; Use as regular IO        ; SAIDA_EXTENSOR[5]       ; Dual Purpose Pin          ;
; B7       ; DIFFIO_T18p, DATA5                       ; Use as regular IO        ; INSTR[18]               ; Dual Purpose Pin          ;
; B6       ; DIFFIO_T17p, DATA6                       ; Use as regular IO        ; PC[10]                  ; Dual Purpose Pin          ;
; C11      ; DIFFIO_T15n, DATA7                       ; Use as regular IO        ; ENTRADA_SHIFT_LEFT[7]   ; Dual Purpose Pin          ;
; D9       ; DIFFIO_T14p, DATA8                       ; Use as regular IO        ; SAIDA_SHIFT2L[14]       ; Dual Purpose Pin          ;
; A8       ; DIFFIO_T11n, DATA9                       ; Use as regular IO        ; SAIDA_EXTENSOR[22]      ; Dual Purpose Pin          ;
; B4       ; DIFFIO_T4p, DATA12, DQS1T/CQ1T#,CDPCLK7  ; Use as regular IO        ; ENTRADA_SHIFT_LEFT[6]   ; Dual Purpose Pin          ;
+----------+------------------------------------------+--------------------------+-------------------------+---------------------------+


+------------------------------------------------------------+
; I/O Bank Usage                                             ;
+----------+------------------+---------------+--------------+
; I/O Bank ; Usage            ; VCCIO Voltage ; VREF Voltage ;
+----------+------------------+---------------+--------------+
; 1        ; 38 / 56 ( 68 % ) ; 2.5V          ; --           ;
; 2        ; 11 / 63 ( 17 % ) ; 2.5V          ; --           ;
; 3        ; 41 / 73 ( 56 % ) ; 2.5V          ; --           ;
; 4        ; 34 / 71 ( 48 % ) ; 2.5V          ; --           ;
; 5        ; 9 / 65 ( 14 % )  ; 2.5V          ; --           ;
; 6        ; 23 / 58 ( 40 % ) ; 2.5V          ; --           ;
; 7        ; 53 / 72 ( 74 % ) ; 2.5V          ; --           ;
; 8        ; 57 / 71 ( 80 % ) ; 2.5V          ; --           ;
+----------+------------------+---------------+--------------+


+-----------------------------------------------------------------------------------------------------------------------------------------------------------------------------------------+
; All Package Pins                                                                                                                                                                        ;
+----------+------------+----------+-----------------------------------------------------------+--------+--------------+---------+------------+-----------------+----------+--------------+
; Location ; Pad Number ; I/O Bank ; Pin Name/Usage                                            ; Dir.   ; I/O Standard ; Voltage ; I/O Type   ; User Assignment ; Bus Hold ; Weak Pull Up ;
+----------+------------+----------+-----------------------------------------------------------+--------+--------------+---------+------------+-----------------+----------+--------------+
; A2       ;            ; 8        ; VCCIO8                                                    ; power  ;              ; 2.5V    ; --         ;                 ; --       ; --           ;
; A3       ; 535        ; 8        ; SAIDA_SHIFT2L[8]                                          ; output ; 2.5 V        ;         ; Column I/O ; N               ; no       ; Off          ;
; A4       ; 532        ; 8        ; SAIDA_SHIFT2L[22]                                         ; output ; 2.5 V        ;         ; Column I/O ; N               ; no       ; Off          ;
; A5       ;            ; 8        ; VCCIO8                                                    ; power  ;              ; 2.5V    ; --         ;                 ; --       ; --           ;
; A6       ; 504        ; 8        ; SAIDA_SHIFT2L[3]                                          ; output ; 2.5 V        ;         ; Column I/O ; N               ; no       ; Off          ;
; A7       ; 501        ; 8        ; PC[28]                                                    ; output ; 2.5 V        ;         ; Column I/O ; N               ; no       ; Off          ;
; A8       ; 517        ; 8        ; SAIDA_EXTENSOR[22]                                        ; output ; 2.5 V        ;         ; Column I/O ; N               ; no       ; Off          ;
; A9       ;            ; 8        ; VCCIO8                                                    ; power  ;              ; 2.5V    ; --         ;                 ; --       ; --           ;
; A10      ; 491        ; 8        ; ENTRADA_ULA2[14]                                          ; output ; 2.5 V        ;         ; Column I/O ; N               ; no       ; Off          ;
; A11      ; 487        ; 8        ; ENTRADA_ULA1[16]                                          ; output ; 2.5 V        ;         ; Column I/O ; N               ; no       ; Off          ;
; A12      ; 482        ; 8        ; RESULTADO[16]                                             ; output ; 2.5 V        ;         ; Column I/O ; N               ; no       ; Off          ;
; A13      ;            ; 8        ; VCCIO8                                                    ; power  ;              ; 2.5V    ; --         ;                 ; --       ; --           ;
; A14      ; 472        ; 8        ; GND+                                                      ;        ;              ;         ; Column I/O ;                 ; --       ; --           ;
; A15      ; 470        ; 7        ; GND+                                                      ;        ;              ;         ; Column I/O ;                 ; --       ; --           ;
; A16      ;            ; 7        ; VCCIO7                                                    ; power  ;              ; 2.5V    ; --         ;                 ; --       ; --           ;
; A17      ; 462        ; 7        ; PC[5]                                                     ; output ; 2.5 V        ;         ; Column I/O ; N               ; no       ; Off          ;
; A18      ; 442        ; 7        ; BranchSinal                                               ; output ; 2.5 V        ;         ; Column I/O ; N               ; no       ; Off          ;
; A19      ; 440        ; 7        ; INSTR[24]                                                 ; output ; 2.5 V        ;         ; Column I/O ; N               ; no       ; Off          ;
; A20      ;            ; 7        ; VCCIO7                                                    ; power  ;              ; 2.5V    ; --         ;                 ; --       ; --           ;
; A21      ; 425        ; 7        ; INSTR[3]                                                  ; output ; 2.5 V        ;         ; Column I/O ; N               ; no       ; Off          ;
; A22      ; 423        ; 7        ; PC[20]                                                    ; output ; 2.5 V        ;         ; Column I/O ; N               ; no       ; Off          ;
; A23      ; 412        ; 7        ; RESERVED_INPUT_WITH_WEAK_PULLUP                           ;        ;              ;         ; Column I/O ;                 ; no       ; On           ;
; A24      ;            ; 7        ; VCCIO7                                                    ; power  ;              ; 2.5V    ; --         ;                 ; --       ; --           ;
; A25      ; 405        ; 7        ; RESERVED_INPUT_WITH_WEAK_PULLUP                           ;        ;              ;         ; Column I/O ;                 ; no       ; On           ;
; A26      ; 404        ; 7        ; RESERVED_INPUT_WITH_WEAK_PULLUP                           ;        ;              ;         ; Column I/O ;                 ; no       ; On           ;
; A27      ;            ; 7        ; VCCIO7                                                    ; power  ;              ; 2.5V    ; --         ;                 ; --       ; --           ;
; AA1      ;            ; 2        ; VCCIO2                                                    ; power  ;              ; 2.5V    ; --         ;                 ; --       ; --           ;
; AA2      ;            ;          ; GND                                                       ; gnd    ;              ;         ; --         ;                 ; --       ; --           ;
; AA3      ; 102        ; 2        ; RESERVED_INPUT_WITH_WEAK_PULLUP                           ;        ;              ;         ; Row I/O    ;                 ; no       ; On           ;
; AA4      ; 101        ; 2        ; RESERVED_INPUT_WITH_WEAK_PULLUP                           ;        ;              ;         ; Row I/O    ;                 ; no       ; On           ;
; AA5      ; 119        ; 2        ; RESERVED_INPUT_WITH_WEAK_PULLUP                           ;        ;              ;         ; Row I/O    ;                 ; no       ; On           ;
; AA6      ; 118        ; 2        ; RESERVED_INPUT_WITH_WEAK_PULLUP                           ;        ;              ;         ; Row I/O    ;                 ; no       ; On           ;
; AA7      ; 120        ; 2        ; RESERVED_INPUT_WITH_WEAK_PULLUP                           ;        ;              ;         ; Row I/O    ;                 ; no       ; On           ;
; AA8      ; 154        ; 3        ; RESERVED_INPUT_WITH_WEAK_PULLUP                           ;        ;              ;         ; Column I/O ;                 ; no       ; On           ;
; AA9      ;            ;          ; GNDA1                                                     ; gnd    ;              ;         ; --         ;                 ; --       ; --           ;
; AA10     ; 155        ; 3        ; RESERVED_INPUT_WITH_WEAK_PULLUP                           ;        ;              ;         ; Column I/O ;                 ; no       ; On           ;
; AA11     ;            ; 3        ; VCCIO3                                                    ; power  ;              ; 2.5V    ; --         ;                 ; --       ; --           ;
; AA12     ; 188        ; 3        ; RESULTADO[22]                                             ; output ; 2.5 V        ;         ; Column I/O ; N               ; no       ; Off          ;
; AA13     ; 190        ; 3        ; INSTR[19]                                                 ; output ; 2.5 V        ;         ; Column I/O ; N               ; no       ; Off          ;
; AA14     ; 191        ; 3        ; RESULTADO[4]                                              ; output ; 2.5 V        ;         ; Column I/O ; N               ; no       ; Off          ;
; AA15     ; 213        ; 4        ; PC[13]                                                    ; output ; 2.5 V        ;         ; Column I/O ; N               ; no       ; Off          ;
; AA16     ; 211        ; 4        ; ENTRADA_ULA2[25]                                          ; output ; 2.5 V        ;         ; Column I/O ; N               ; no       ; Off          ;
; AA17     ; 241        ; 4        ; PC[1]                                                     ; output ; 2.5 V        ;         ; Column I/O ; N               ; no       ; Off          ;
; AA18     ;            ; 4        ; VCCIO4                                                    ; power  ;              ; 2.5V    ; --         ;                 ; --       ; --           ;
; AA19     ; 264        ; 4        ; RESERVED_INPUT_WITH_WEAK_PULLUP                           ;        ;              ;         ; Column I/O ;                 ; no       ; On           ;
; AA20     ;            ;          ; GNDA4                                                     ; gnd    ;              ;         ; --         ;                 ; --       ; --           ;
; AA21     ; 269        ; 4        ; RESERVED_INPUT_WITH_WEAK_PULLUP                           ;        ;              ;         ; Column I/O ;                 ; no       ; On           ;
; AA22     ; 275        ; 5        ; RESERVED_INPUT_WITH_WEAK_PULLUP                           ;        ;              ;         ; Row I/O    ;                 ; no       ; On           ;
; AA23     ; 280        ; 5        ; RESERVED_INPUT_WITH_WEAK_PULLUP                           ;        ;              ;         ; Row I/O    ;                 ; no       ; On           ;
; AA24     ; 279        ; 5        ; RESERVED_INPUT_WITH_WEAK_PULLUP                           ;        ;              ;         ; Row I/O    ;                 ; --       ; --           ;
; AA25     ; 294        ; 5        ; RESERVED_INPUT_WITH_WEAK_PULLUP                           ;        ;              ;         ; Row I/O    ;                 ; no       ; On           ;
; AA26     ; 293        ; 5        ; RESERVED_INPUT_WITH_WEAK_PULLUP                           ;        ;              ;         ; Row I/O    ;                 ; no       ; On           ;
; AA27     ;            ;          ; GND                                                       ; gnd    ;              ;         ; --         ;                 ; --       ; --           ;
; AA28     ;            ; 5        ; VCCIO5                                                    ; power  ;              ; 2.5V    ; --         ;                 ; --       ; --           ;
; AB1      ; 86         ; 2        ; RESERVED_INPUT_WITH_WEAK_PULLUP                           ;        ;              ;         ; Row I/O    ;                 ; no       ; On           ;
; AB2      ; 85         ; 2        ; RESERVED_INPUT_WITH_WEAK_PULLUP                           ;        ;              ;         ; Row I/O    ;                 ; no       ; On           ;
; AB3      ; 99         ; 2        ; INSTR[30]                                                 ; output ; 2.5 V        ;         ; Row I/O    ; N               ; no       ; Off          ;
; AB4      ; 121        ; 2        ; RESERVED_INPUT_WITH_WEAK_PULLUP                           ;        ;              ;         ; Row I/O    ;                 ; --       ; --           ;
; AB5      ; 127        ; 2        ; RESERVED_INPUT_WITH_WEAK_PULLUP                           ;        ;              ;         ; Row I/O    ;                 ; no       ; On           ;
; AB6      ; 126        ; 2        ; RESERVED_INPUT_WITH_WEAK_PULLUP                           ;        ;              ;         ; Row I/O    ;                 ; no       ; On           ;
; AB7      ; 152        ; 3        ; SAIDA_EXTENSOR[15]                                        ; output ; 2.5 V        ;         ; Column I/O ; N               ; no       ; Off          ;
; AB8      ; 148        ; 3        ; SAIDA_SHIFT2L[16]                                         ; output ; 2.5 V        ;         ; Column I/O ; N               ; no       ; Off          ;
; AB9      ; 147        ; 3        ; SAIDA_EXTENSOR[30]                                        ; output ; 2.5 V        ;         ; Column I/O ; N               ; no       ; Off          ;
; AB10     ; 173        ; 3        ; RESERVED_INPUT_WITH_WEAK_PULLUP                           ;        ;              ;         ; Column I/O ;                 ; no       ; On           ;
; AB11     ; 164        ; 3        ; RESERVED_INPUT_WITH_WEAK_PULLUP                           ;        ;              ;         ; Column I/O ;                 ; --       ; --           ;
; AB12     ; 180        ; 3        ; SAIDA_EXTENSOR[7]                                         ; output ; 2.5 V        ;         ; Column I/O ; N               ; no       ; Off          ;
; AB13     ; 181        ; 3        ; INSTR[0]                                                  ; output ; 2.5 V        ;         ; Column I/O ; N               ; no       ; Off          ;
; AB14     ; 192        ; 3        ; RESULTADO[17]                                             ; output ; 2.5 V        ;         ; Column I/O ; N               ; no       ; Off          ;
; AB15     ; 214        ; 4        ; ENTRADA_SHIFT_LEFT[22]                                    ; output ; 2.5 V        ;         ; Column I/O ; N               ; no       ; Off          ;
; AB16     ; 212        ; 4        ; ENTRADA_ULA2[22]                                          ; output ; 2.5 V        ;         ; Column I/O ; N               ; no       ; Off          ;
; AB17     ; 242        ; 4        ; RESERVED_INPUT_WITH_WEAK_PULLUP                           ;        ;              ;         ; Column I/O ;                 ; no       ; On           ;
; AB18     ; 254        ; 4        ; RESERVED_INPUT_WITH_WEAK_PULLUP                           ;        ;              ;         ; Column I/O ;                 ; no       ; On           ;
; AB19     ; 253        ; 4        ; SAIDA_EXTENSOR[8]                                         ; output ; 2.5 V        ;         ; Column I/O ; N               ; no       ; Off          ;
; AB20     ; 257        ; 4        ; RESERVED_INPUT_WITH_WEAK_PULLUP                           ;        ;              ;         ; Column I/O ;                 ; --       ; --           ;
; AB21     ; 266        ; 4        ; SAIDA_EXTENSOR[19]                                        ; output ; 2.5 V        ;         ; Column I/O ; N               ; no       ; Off          ;
; AB22     ; 265        ; 4        ; SAIDA_SHIFT2L[27]                                         ; output ; 2.5 V        ;         ; Column I/O ; N               ; no       ; Off          ;
; AB23     ; 276        ; 5        ; RESERVED_INPUT_WITH_WEAK_PULLUP                           ;        ;              ;         ; Row I/O    ;                 ; no       ; On           ;
; AB24     ; 274        ; 5        ; RESERVED_INPUT_WITH_WEAK_PULLUP                           ;        ;              ;         ; Row I/O    ;                 ; no       ; On           ;
; AB25     ; 292        ; 5        ; RESERVED_INPUT_WITH_WEAK_PULLUP                           ;        ;              ;         ; Row I/O    ;                 ; no       ; On           ;
; AB26     ; 291        ; 5        ; RESERVED_INPUT_WITH_WEAK_PULLUP                           ;        ;              ;         ; Row I/O    ;                 ; no       ; On           ;
; AB27     ; 296        ; 5        ; RESERVED_INPUT_WITH_WEAK_PULLUP                           ;        ;              ;         ; Row I/O    ;                 ; no       ; On           ;
; AB28     ; 295        ; 5        ; RESERVED_INPUT_WITH_WEAK_PULLUP                           ;        ;              ;         ; Row I/O    ;                 ; no       ; On           ;
; AC1      ; 94         ; 2        ; RESERVED_INPUT_WITH_WEAK_PULLUP                           ;        ;              ;         ; Row I/O    ;                 ; no       ; On           ;
; AC2      ; 93         ; 2        ; RESERVED_INPUT_WITH_WEAK_PULLUP                           ;        ;              ;         ; Row I/O    ;                 ; no       ; On           ;
; AC3      ; 95         ; 2        ; RESERVED_INPUT_WITH_WEAK_PULLUP                           ;        ;              ;         ; Row I/O    ;                 ; no       ; On           ;
; AC4      ; 125        ; 2        ; SAIDA_EXTENSOR[11]                                        ; output ; 2.5 V        ;         ; Row I/O    ; N               ; no       ; Off          ;
; AC5      ; 124        ; 2        ; RESERVED_INPUT_WITH_WEAK_PULLUP                           ;        ;              ;         ; Row I/O    ;                 ; no       ; On           ;
; AC6      ;            ;          ; GND                                                       ; gnd    ;              ;         ; --         ;                 ; --       ; --           ;
; AC7      ; 144        ; 3        ; RESERVED_INPUT_WITH_WEAK_PULLUP                           ;        ;              ;         ; Column I/O ;                 ; no       ; On           ;
; AC8      ; 153        ; 3        ; RESERVED_INPUT_WITH_WEAK_PULLUP                           ;        ;              ;         ; Column I/O ;                 ; no       ; On           ;
; AC9      ;            ;          ; GND                                                       ; gnd    ;              ;         ; --         ;                 ; --       ; --           ;
; AC10     ; 174        ; 3        ; ENTRADA_SHIFT_LEFT[0]                                     ; output ; 2.5 V        ;         ; Column I/O ; N               ; no       ; Off          ;
; AC11     ; 185        ; 3        ; SAIDA_EXTENSOR[0]                                         ; output ; 2.5 V        ;         ; Column I/O ; N               ; no       ; Off          ;
; AC12     ; 179        ; 3        ; SAIDA_SHIFT2L[2]                                          ; output ; 2.5 V        ;         ; Column I/O ; N               ; no       ; Off          ;
; AC13     ;            ;          ; GND                                                       ; gnd    ;              ;         ; --         ;                 ; --       ; --           ;
; AC14     ; 195        ; 3        ; PC[15]                                                    ; output ; 2.5 V        ;         ; Column I/O ; N               ; no       ; Off          ;
; AC15     ; 203        ; 4        ; ENTRADA_ULA1[1]                                           ; output ; 2.5 V        ;         ; Column I/O ; N               ; no       ; Off          ;
; AC16     ;            ;          ; GND                                                       ; gnd    ;              ;         ; --         ;                 ; --       ; --           ;
; AC17     ; 221        ; 4        ; RESERVED_INPUT_WITH_WEAK_PULLUP                           ;        ;              ;         ; Column I/O ;                 ; no       ; On           ;
; AC18     ; 240        ; 4        ; ENTRADA_SHIFT_LEFT[21]                                    ; output ; 2.5 V        ;         ; Column I/O ; N               ; no       ; Off          ;
; AC19     ; 247        ; 4        ; SAIDA_EXTENSOR[17]                                        ; output ; 2.5 V        ;         ; Column I/O ; N               ; no       ; Off          ;
; AC20     ;            ;          ; GND                                                       ; gnd    ;              ;         ; --         ;                 ; --       ; --           ;
; AC21     ; 258        ; 4        ; RESERVED_INPUT_WITH_WEAK_PULLUP                           ;        ;              ;         ; Column I/O ;                 ; no       ; On           ;
; AC22     ; 267        ; 4        ; SAIDA_SHIFT2L[19]                                         ; output ; 2.5 V        ;         ; Column I/O ; N               ; no       ; Off          ;
; AC23     ;            ;          ; GND                                                       ; gnd    ;              ;         ; --         ;                 ; --       ; --           ;
; AC24     ; 273        ; 5        ; RESERVED_INPUT_WITH_WEAK_PULLUP                           ;        ;              ;         ; Row I/O    ;                 ; no       ; On           ;
; AC25     ; 272        ; 5        ; RESERVED_INPUT_WITH_WEAK_PULLUP                           ;        ;              ;         ; Row I/O    ;                 ; no       ; On           ;
; AC26     ; 282        ; 5        ; RESERVED_INPUT_WITH_WEAK_PULLUP                           ;        ;              ;         ; Row I/O    ;                 ; no       ; On           ;
; AC27     ; 290        ; 5        ; RESERVED_INPUT_WITH_WEAK_PULLUP                           ;        ;              ;         ; Row I/O    ;                 ; no       ; On           ;
; AC28     ; 289        ; 5        ; RESERVED_INPUT_WITH_WEAK_PULLUP                           ;        ;              ;         ; Row I/O    ;                 ; no       ; On           ;
; AD1      ; 98         ; 2        ; RESERVED_INPUT_WITH_WEAK_PULLUP                           ;        ;              ;         ; Row I/O    ;                 ; no       ; On           ;
; AD2      ; 97         ; 2        ; RESERVED_INPUT_WITH_WEAK_PULLUP                           ;        ;              ;         ; Row I/O    ;                 ; no       ; On           ;
; AD3      ; 96         ; 2        ; RESERVED_INPUT_WITH_WEAK_PULLUP                           ;        ;              ;         ; Row I/O    ;                 ; no       ; On           ;
; AD4      ; 130        ; 3        ; RESERVED_INPUT_WITH_WEAK_PULLUP                           ;        ;              ;         ; Column I/O ;                 ; no       ; On           ;
; AD5      ; 128        ; 3        ; RESERVED_INPUT_WITH_WEAK_PULLUP                           ;        ;              ;         ; Column I/O ;                 ; no       ; On           ;
; AD6      ;            ; 3        ; VCCIO3                                                    ; power  ;              ; 2.5V    ; --         ;                 ; --       ; --           ;
; AD7      ; 134        ; 3        ; RESERVED_INPUT_WITH_WEAK_PULLUP                           ;        ;              ;         ; Column I/O ;                 ; no       ; On           ;
; AD8      ; 143        ; 3        ; RESERVED_INPUT_WITH_WEAK_PULLUP                           ;        ;              ;         ; Column I/O ;                 ; no       ; On           ;
; AD9      ;            ; 3        ; VCCIO3                                                    ; power  ;              ; 2.5V    ; --         ;                 ; --       ; --           ;
; AD10     ; 149        ; 3        ; RESERVED_INPUT_WITH_WEAK_PULLUP                           ;        ;              ;         ; Column I/O ;                 ; no       ; On           ;
; AD11     ; 186        ; 3        ; ENTRADA_ULA2[8]                                           ; output ; 2.5 V        ;         ; Column I/O ; N               ; no       ; Off          ;
; AD12     ; 182        ; 3        ; ENTRADA_SHIFT_LEFT[23]                                    ; output ; 2.5 V        ;         ; Column I/O ; N               ; no       ; Off          ;
; AD13     ;            ; 3        ; VCCIO3                                                    ; power  ;              ; 2.5V    ; --         ;                 ; --       ; --           ;
; AD14     ; 196        ; 3        ; PC[26]                                                    ; output ; 2.5 V        ;         ; Column I/O ; N               ; no       ; Off          ;
; AD15     ; 204        ; 4        ; ENTRADA_ULA2[27]                                          ; output ; 2.5 V        ;         ; Column I/O ; N               ; no       ; Off          ;
; AD16     ;            ; 4        ; VCCIO4                                                    ; power  ;              ; 2.5V    ; --         ;                 ; --       ; --           ;
; AD17     ; 222        ; 4        ; RESERVED_INPUT_WITH_WEAK_PULLUP                           ;        ;              ;         ; Column I/O ;                 ; no       ; On           ;
; AD18     ; 237        ; 4        ; INSTR[23]                                                 ; output ; 2.5 V        ;         ; Column I/O ; N               ; no       ; Off          ;
; AD19     ; 248        ; 4        ; SAIDA_EXTENSOR[9]                                         ; output ; 2.5 V        ;         ; Column I/O ; N               ; no       ; Off          ;
; AD20     ;            ; 4        ; VCCIO4                                                    ; power  ;              ; 2.5V    ; --         ;                 ; --       ; --           ;
; AD21     ; 259        ; 4        ; RESERVED_INPUT_WITH_WEAK_PULLUP                           ;        ;              ;         ; Column I/O ;                 ; no       ; On           ;
; AD22     ; 268        ; 4        ; RESERVED_INPUT_WITH_WEAK_PULLUP                           ;        ;              ;         ; Column I/O ;                 ; no       ; On           ;
; AD23     ;            ; 4        ; VCCIO4                                                    ; power  ;              ; 2.5V    ; --         ;                 ; --       ; --           ;
; AD24     ; 260        ; 4        ; RESERVED_INPUT_WITH_WEAK_PULLUP                           ;        ;              ;         ; Column I/O ;                 ; no       ; On           ;
; AD25     ; 255        ; 4        ; RESERVED_INPUT_WITH_WEAK_PULLUP                           ;        ;              ;         ; Column I/O ;                 ; no       ; On           ;
; AD26     ; 281        ; 5        ; RESERVED_INPUT_WITH_WEAK_PULLUP                           ;        ;              ;         ; Row I/O    ;                 ; no       ; On           ;
; AD27     ; 286        ; 5        ; RESERVED_INPUT_WITH_WEAK_PULLUP                           ;        ;              ;         ; Row I/O    ;                 ; no       ; On           ;
; AD28     ; 285        ; 5        ; RESERVED_INPUT_WITH_WEAK_PULLUP                           ;        ;              ;         ; Row I/O    ;                 ; no       ; On           ;
; AE1      ; 106        ; 2        ; RESERVED_INPUT_WITH_WEAK_PULLUP                           ;        ;              ;         ; Row I/O    ;                 ; no       ; On           ;
; AE2      ; 105        ; 2        ; RESERVED_INPUT_WITH_WEAK_PULLUP                           ;        ;              ;         ; Row I/O    ;                 ; no       ; On           ;
; AE3      ; 122        ; 2        ; SAIDA_EXTENSOR[16]                                        ; output ; 2.5 V        ;         ; Row I/O    ; N               ; no       ; Off          ;
; AE4      ; 132        ; 3        ; SAIDA_SHIFT2L[20]                                         ; output ; 2.5 V        ;         ; Column I/O ; N               ; no       ; Off          ;
; AE5      ; 135        ; 3        ; RESERVED_INPUT_WITH_WEAK_PULLUP                           ;        ;              ;         ; Column I/O ;                 ; no       ; On           ;
; AE6      ; 129        ; 3        ; RESERVED_INPUT_WITH_WEAK_PULLUP                           ;        ;              ;         ; Column I/O ;                 ; no       ; On           ;
; AE7      ; 158        ; 3        ; ENTRADA_SHIFT_LEFT[18]                                    ; output ; 2.5 V        ;         ; Column I/O ; N               ; no       ; Off          ;
; AE8      ; 161        ; 3        ; RESERVED_INPUT_WITH_WEAK_PULLUP                           ;        ;              ;         ; Column I/O ;                 ; no       ; On           ;
; AE9      ; 163        ; 3        ; RESERVED_INPUT_WITH_WEAK_PULLUP                           ;        ;              ;         ; Column I/O ;                 ; no       ; On           ;
; AE10     ; 165        ; 3        ; ENTRADA_SHIFT_LEFT[10]                                    ; output ; 2.5 V        ;         ; Column I/O ; N               ; no       ; Off          ;
; AE11     ; 171        ; 3        ; RESERVED_INPUT_WITH_WEAK_PULLUP                           ;        ;              ;         ; Column I/O ;                 ; no       ; On           ;
; AE12     ; 169        ; 3        ; RESERVED_INPUT_WITH_WEAK_PULLUP                           ;        ;              ;         ; Column I/O ;                 ; no       ; On           ;
; AE13     ; 177        ; 3        ; SAIDA_EXTENSOR[25]                                        ; output ; 2.5 V        ;         ; Column I/O ; N               ; no       ; Off          ;
; AE14     ; 183        ; 3        ; PC[23]                                                    ; output ; 2.5 V        ;         ; Column I/O ; N               ; no       ; Off          ;
; AE15     ; 205        ; 4        ; RESULTADO[3]                                              ; output ; 2.5 V        ;         ; Column I/O ; N               ; no       ; Off          ;
; AE16     ; 209        ; 4        ; PC[17]                                                    ; output ; 2.5 V        ;         ; Column I/O ; N               ; no       ; Off          ;
; AE17     ; 215        ; 4        ; RESERVED_INPUT_WITH_WEAK_PULLUP                           ;        ;              ;         ; Column I/O ;                 ; no       ; On           ;
; AE18     ; 225        ; 4        ; RESERVED_INPUT_WITH_WEAK_PULLUP                           ;        ;              ;         ; Column I/O ;                 ; no       ; On           ;
; AE19     ; 231        ; 4        ; RESERVED_INPUT_WITH_WEAK_PULLUP                           ;        ;              ;         ; Column I/O ;                 ; no       ; On           ;
; AE20     ; 235        ; 4        ; INSTR[13]                                                 ; output ; 2.5 V        ;         ; Column I/O ; N               ; no       ; Off          ;
; AE21     ; 238        ; 4        ; RESERVED_INPUT_WITH_WEAK_PULLUP                           ;        ;              ;         ; Column I/O ;                 ; no       ; On           ;
; AE22     ; 251        ; 4        ; RESERVED_INPUT_WITH_WEAK_PULLUP                           ;        ;              ;         ; Column I/O ;                 ; no       ; On           ;
; AE23     ; 261        ; 4        ; RESERVED_INPUT_WITH_WEAK_PULLUP                           ;        ;              ;         ; Column I/O ;                 ; no       ; On           ;
; AE24     ; 256        ; 4        ; RESERVED_INPUT_WITH_WEAK_PULLUP                           ;        ;              ;         ; Column I/O ;                 ; no       ; On           ;
; AE25     ; 243        ; 4        ; RESERVED_INPUT_WITH_WEAK_PULLUP                           ;        ;              ;         ; Column I/O ;                 ; no       ; On           ;
; AE26     ; 278        ; 5        ; RESERVED_INPUT_WITH_WEAK_PULLUP                           ;        ;              ;         ; Row I/O    ;                 ; no       ; On           ;
; AE27     ; 284        ; 5        ; RESERVED_INPUT_WITH_WEAK_PULLUP                           ;        ;              ;         ; Row I/O    ;                 ; no       ; On           ;
; AE28     ; 283        ; 5        ; RESERVED_INPUT_WITH_WEAK_PULLUP                           ;        ;              ;         ; Row I/O    ;                 ; no       ; On           ;
; AF1      ;            ;          ; GND                                                       ; gnd    ;              ;         ; --         ;                 ; --       ; --           ;
; AF2      ; 123        ; 2        ; RESERVED_INPUT_WITH_WEAK_PULLUP                           ;        ;              ;         ; Row I/O    ;                 ; no       ; On           ;
; AF3      ; 138        ; 3        ; RESERVED_INPUT_WITH_WEAK_PULLUP                           ;        ;              ;         ; Column I/O ;                 ; no       ; On           ;
; AF4      ; 131        ; 3        ; RESERVED_INPUT_WITH_WEAK_PULLUP                           ;        ;              ;         ; Column I/O ;                 ; no       ; On           ;
; AF5      ; 136        ; 3        ; RESERVED_INPUT_WITH_WEAK_PULLUP                           ;        ;              ;         ; Column I/O ;                 ; no       ; On           ;
; AF6      ; 139        ; 3        ; SAIDA_EXTENSOR[20]                                        ; output ; 2.5 V        ;         ; Column I/O ; N               ; no       ; Off          ;
; AF7      ; 159        ; 3        ; ENTRADA_SHIFT_LEFT[29]                                    ; output ; 2.5 V        ;         ; Column I/O ; N               ; no       ; Off          ;
; AF8      ; 162        ; 3        ; RESERVED_INPUT_WITH_WEAK_PULLUP                           ;        ;              ;         ; Column I/O ;                 ; no       ; On           ;
; AF9      ; 160        ; 3        ; INSTR[4]                                                  ; output ; 2.5 V        ;         ; Column I/O ; N               ; no       ; Off          ;
; AF10     ; 166        ; 3        ; SAIDA_SHIFT2L[11]                                         ; output ; 2.5 V        ;         ; Column I/O ; N               ; no       ; Off          ;
; AF11     ; 172        ; 3        ; RESERVED_INPUT_WITH_WEAK_PULLUP                           ;        ;              ;         ; Column I/O ;                 ; no       ; On           ;
; AF12     ; 170        ; 3        ; ENTRADA_SHIFT_LEFT[12]                                    ; output ; 2.5 V        ;         ; Column I/O ; N               ; no       ; Off          ;
; AF13     ; 178        ; 3        ; ENTRADA_SHIFT_LEFT[20]                                    ; output ; 2.5 V        ;         ; Column I/O ; N               ; no       ; Off          ;
; AF14     ; 184        ; 3        ; ENTRADA_ULA2[19]                                          ; output ; 2.5 V        ;         ; Column I/O ; N               ; no       ; Off          ;
; AF15     ; 206        ; 4        ; ENTRADA_ULA1[2]                                           ; output ; 2.5 V        ;         ; Column I/O ; N               ; no       ; Off          ;
; AF16     ; 210        ; 4        ; ENTRADA_ULA2[17]                                          ; output ; 2.5 V        ;         ; Column I/O ; N               ; no       ; Off          ;
; AF17     ; 216        ; 4        ; ENTRADA_SHIFT_LEFT[19]                                    ; output ; 2.5 V        ;         ; Column I/O ; N               ; no       ; Off          ;
; AF18     ; 226        ; 4        ; RESERVED_INPUT_WITH_WEAK_PULLUP                           ;        ;              ;         ; Column I/O ;                 ; no       ; On           ;
; AF19     ; 232        ; 4        ; RESERVED_INPUT_WITH_WEAK_PULLUP                           ;        ;              ;         ; Column I/O ;                 ; no       ; On           ;
; AF20     ; 236        ; 4        ; SAIDA_SHIFT2L[12]                                         ; output ; 2.5 V        ;         ; Column I/O ; N               ; no       ; Off          ;
; AF21     ; 239        ; 4        ; SAIDA_EXTENSOR[24]                                        ; output ; 2.5 V        ;         ; Column I/O ; N               ; no       ; Off          ;
; AF22     ; 252        ; 4        ; SAIDA_EXTENSOR[21]                                        ; output ; 2.5 V        ;         ; Column I/O ; N               ; no       ; Off          ;
; AF23     ; 262        ; 4        ; SAIDA_EXTENSOR[27]                                        ; output ; 2.5 V        ;         ; Column I/O ; N               ; no       ; Off          ;
; AF24     ; 233        ; 4        ; RESERVED_INPUT_WITH_WEAK_PULLUP                           ;        ;              ;         ; Column I/O ;                 ; no       ; On           ;
; AF25     ; 234        ; 4        ; SAIDA_EXTENSOR[4]                                         ; output ; 2.5 V        ;         ; Column I/O ; N               ; no       ; Off          ;
; AF26     ; 244        ; 4        ; RESERVED_INPUT_WITH_WEAK_PULLUP                           ;        ;              ;         ; Column I/O ;                 ; no       ; On           ;
; AF27     ; 277        ; 5        ; RESERVED_INPUT_WITH_WEAK_PULLUP                           ;        ;              ;         ; Row I/O    ;                 ; no       ; On           ;
; AF28     ;            ;          ; GND                                                       ; gnd    ;              ;         ; --         ;                 ; --       ; --           ;
; AG1      ;            ; 2        ; VCCIO2                                                    ; power  ;              ; 2.5V    ; --         ;                 ; --       ; --           ;
; AG2      ;            ;          ; GND                                                       ; gnd    ;              ;         ; --         ;                 ; --       ; --           ;
; AG3      ; 133        ; 3        ; ENTRADA_SHIFT_LEFT[31]                                    ; output ; 2.5 V        ;         ; Column I/O ; N               ; no       ; Off          ;
; AG4      ; 141        ; 3        ; ENTRADA_SHIFT_LEFT[26]                                    ; output ; 2.5 V        ;         ; Column I/O ; N               ; no       ; Off          ;
; AG5      ;            ;          ; GND                                                       ; gnd    ;              ;         ; --         ;                 ; --       ; --           ;
; AG6      ; 145        ; 3        ; RESERVED_INPUT_WITH_WEAK_PULLUP                           ;        ;              ;         ; Column I/O ;                 ; no       ; On           ;
; AG7      ; 150        ; 3        ; RESERVED_INPUT_WITH_WEAK_PULLUP                           ;        ;              ;         ; Column I/O ;                 ; no       ; On           ;
; AG8      ; 156        ; 3        ; RESERVED_INPUT_WITH_WEAK_PULLUP                           ;        ;              ;         ; Column I/O ;                 ; no       ; On           ;
; AG9      ;            ;          ; GND                                                       ; gnd    ;              ;         ; --         ;                 ; --       ; --           ;
; AG10     ; 167        ; 3        ; SAIDA_EXTENSOR[26]                                        ; output ; 2.5 V        ;         ; Column I/O ; N               ; no       ; Off          ;
; AG11     ; 175        ; 3        ; SAIDA_SHIFT2L[21]                                         ; output ; 2.5 V        ;         ; Column I/O ; N               ; no       ; Off          ;
; AG12     ; 193        ; 3        ; PC[24]                                                    ; output ; 2.5 V        ;         ; Column I/O ; N               ; no       ; Off          ;
; AG13     ;            ;          ; GND                                                       ; gnd    ;              ;         ; --         ;                 ; --       ; --           ;
; AG14     ; 199        ; 3        ; GND+                                                      ;        ;              ;         ; Column I/O ;                 ; --       ; --           ;
; AG15     ; 201        ; 4        ; GND+                                                      ;        ;              ;         ; Column I/O ;                 ; --       ; --           ;
; AG16     ;            ;          ; GND                                                       ; gnd    ;              ;         ; --         ;                 ; --       ; --           ;
; AG17     ; 207        ; 4        ; ENTRADA_ULA2[1]                                           ; output ; 2.5 V        ;         ; Column I/O ; N               ; no       ; Off          ;
; AG18     ; 217        ; 4        ; SAIDA_SHIFT2L[24]                                         ; output ; 2.5 V        ;         ; Column I/O ; N               ; no       ; Off          ;
; AG19     ; 219        ; 4        ; RESERVED_INPUT_WITH_WEAK_PULLUP                           ;        ;              ;         ; Column I/O ;                 ; no       ; On           ;
; AG20     ;            ;          ; GND                                                       ; gnd    ;              ;         ; --         ;                 ; --       ; --           ;
; AG21     ; 223        ; 4        ; INSTR[15]                                                 ; output ; 2.5 V        ;         ; Column I/O ; N               ; no       ; Off          ;
; AG22     ; 227        ; 4        ; ENTRADA_SHIFT_LEFT[24]                                    ; output ; 2.5 V        ;         ; Column I/O ; N               ; no       ; Off          ;
; AG23     ; 229        ; 4        ; SAIDA_SHIFT2L[29]                                         ; output ; 2.5 V        ;         ; Column I/O ; N               ; no       ; Off          ;
; AG24     ;            ;          ; GND                                                       ; gnd    ;              ;         ; --         ;                 ; --       ; --           ;
; AG25     ; 245        ; 4        ; RESERVED_INPUT_WITH_WEAK_PULLUP                           ;        ;              ;         ; Column I/O ;                 ; no       ; On           ;
; AG26     ; 270        ; 4        ; RESERVED_INPUT_WITH_WEAK_PULLUP                           ;        ;              ;         ; Column I/O ;                 ; no       ; On           ;
; AG27     ;            ;          ; GND                                                       ; gnd    ;              ;         ; --         ;                 ; --       ; --           ;
; AG28     ;            ; 5        ; VCCIO5                                                    ; power  ;              ; 2.5V    ; --         ;                 ; --       ; --           ;
; AH2      ;            ; 3        ; VCCIO3                                                    ; power  ;              ; 2.5V    ; --         ;                 ; --       ; --           ;
; AH3      ; 137        ; 3        ; RESERVED_INPUT_WITH_WEAK_PULLUP                           ;        ;              ;         ; Column I/O ;                 ; no       ; On           ;
; AH4      ; 142        ; 3        ; RESERVED_INPUT_WITH_WEAK_PULLUP                           ;        ;              ;         ; Column I/O ;                 ; no       ; On           ;
; AH5      ;            ; 3        ; VCCIO3                                                    ; power  ;              ; 2.5V    ; --         ;                 ; --       ; --           ;
; AH6      ; 146        ; 3        ; SAIDA_EXTENSOR[28]                                        ; output ; 2.5 V        ;         ; Column I/O ; N               ; no       ; Off          ;
; AH7      ; 151        ; 3        ; RESERVED_INPUT_WITH_WEAK_PULLUP                           ;        ;              ;         ; Column I/O ;                 ; no       ; On           ;
; AH8      ; 157        ; 3        ; RESERVED_INPUT_WITH_WEAK_PULLUP                           ;        ;              ;         ; Column I/O ;                 ; no       ; On           ;
; AH9      ;            ; 3        ; VCCIO3                                                    ; power  ;              ; 2.5V    ; --         ;                 ; --       ; --           ;
; AH10     ; 168        ; 3        ; ENTRADA_SHIFT_LEFT[30]                                    ; output ; 2.5 V        ;         ; Column I/O ; N               ; no       ; Off          ;
; AH11     ; 176        ; 3        ; SAIDA_SHIFT2L[17]                                         ; output ; 2.5 V        ;         ; Column I/O ; N               ; no       ; Off          ;
; AH12     ; 194        ; 3        ; PC[25]                                                    ; output ; 2.5 V        ;         ; Column I/O ; N               ; no       ; Off          ;
; AH13     ;            ; 3        ; VCCIO3                                                    ; power  ;              ; 2.5V    ; --         ;                 ; --       ; --           ;
; AH14     ; 200        ; 3        ; GND+                                                      ;        ;              ;         ; Column I/O ;                 ; --       ; --           ;
; AH15     ; 202        ; 4        ; GND+                                                      ;        ;              ;         ; Column I/O ;                 ; --       ; --           ;
; AH16     ;            ; 4        ; VCCIO4                                                    ; power  ;              ; 2.5V    ; --         ;                 ; --       ; --           ;
; AH17     ; 208        ; 4        ; ENTRADA_ULA1[27]                                          ; output ; 2.5 V        ;         ; Column I/O ; N               ; no       ; Off          ;
; AH18     ; 218        ; 4        ; SAIDA_EXTENSOR[29]                                        ; output ; 2.5 V        ;         ; Column I/O ; N               ; no       ; Off          ;
; AH19     ; 220        ; 4        ; RESERVED_INPUT_WITH_WEAK_PULLUP                           ;        ;              ;         ; Column I/O ;                 ; no       ; On           ;
; AH20     ;            ; 4        ; VCCIO4                                                    ; power  ;              ; 2.5V    ; --         ;                 ; --       ; --           ;
; AH21     ; 224        ; 4        ; RESERVED_INPUT_WITH_WEAK_PULLUP                           ;        ;              ;         ; Column I/O ;                 ; no       ; On           ;
; AH22     ; 228        ; 4        ; RESERVED_INPUT_WITH_WEAK_PULLUP                           ;        ;              ;         ; Column I/O ;                 ; no       ; On           ;
; AH23     ; 230        ; 4        ; RESERVED_INPUT_WITH_WEAK_PULLUP                           ;        ;              ;         ; Column I/O ;                 ; no       ; On           ;
; AH24     ;            ; 4        ; VCCIO4                                                    ; power  ;              ; 2.5V    ; --         ;                 ; --       ; --           ;
; AH25     ; 246        ; 4        ; RESERVED_INPUT_WITH_WEAK_PULLUP                           ;        ;              ;         ; Column I/O ;                 ; no       ; On           ;
; AH26     ; 271        ; 4        ; SAIDA_SHIFT2L[26]                                         ; output ; 2.5 V        ;         ; Column I/O ; N               ; no       ; Off          ;
; AH27     ;            ; 4        ; VCCIO4                                                    ; power  ;              ; 2.5V    ; --         ;                 ; --       ; --           ;
; B1       ;            ; 1        ; VCCIO1                                                    ; power  ;              ; 2.5V    ; --         ;                 ; --       ; --           ;
; B2       ;            ;          ; GND                                                       ; gnd    ;              ;         ; --         ;                 ; --       ; --           ;
; B3       ; 534        ; 8        ; INSTR[6]                                                  ; output ; 2.5 V        ;         ; Column I/O ; N               ; no       ; Off          ;
; B4       ; 533        ; 8        ; ENTRADA_SHIFT_LEFT[6]                                     ; output ; 2.5 V        ;         ; Column I/O ; N               ; no       ; Off          ;
; B5       ;            ;          ; GND                                                       ; gnd    ;              ;         ; --         ;                 ; --       ; --           ;
; B6       ; 505        ; 8        ; PC[10]                                                    ; output ; 2.5 V        ;         ; Column I/O ; N               ; no       ; Off          ;
; B7       ; 502        ; 8        ; INSTR[18]                                                 ; output ; 2.5 V        ;         ; Column I/O ; N               ; no       ; Off          ;
; B8       ; 518        ; 8        ; RESERVED_INPUT_WITH_WEAK_PULLUP                           ;        ;              ;         ; Column I/O ;                 ; no       ; On           ;
; B9       ;            ;          ; GND                                                       ; gnd    ;              ;         ; --         ;                 ; --       ; --           ;
; B10      ; 492        ; 8        ; ENTRADA_ULA1[7]                                           ; output ; 2.5 V        ;         ; Column I/O ; N               ; no       ; Off          ;
; B11      ; 488        ; 8        ; ENTRADA_ULA1[11]                                          ; output ; 2.5 V        ;         ; Column I/O ; N               ; no       ; Off          ;
; B12      ;            ;          ; GND                                                       ; gnd    ;              ;         ; --         ;                 ; --       ; --           ;
; B13      ;            ;          ; GND                                                       ; gnd    ;              ;         ; --         ;                 ; --       ; --           ;
; B14      ; 473        ; 8        ; GND+                                                      ;        ;              ;         ; Column I/O ;                 ; --       ; --           ;
; B15      ; 471        ; 7        ; GND+                                                      ;        ;              ;         ; Column I/O ;                 ; --       ; --           ;
; B16      ;            ;          ; GND                                                       ; gnd    ;              ;         ; --         ;                 ; --       ; --           ;
; B17      ; 463        ; 7        ; RESULTADO[0]                                              ; output ; 2.5 V        ;         ; Column I/O ; N               ; no       ; Off          ;
; B18      ; 443        ; 7        ; ENTRADA_ULA1[8]                                           ; output ; 2.5 V        ;         ; Column I/O ; N               ; no       ; Off          ;
; B19      ; 441        ; 7        ; INSTR[28]                                                 ; output ; 2.5 V        ;         ; Column I/O ; N               ; no       ; Off          ;
; B20      ;            ;          ; GND                                                       ; gnd    ;              ;         ; --         ;                 ; --       ; --           ;
; B21      ; 426        ; 7        ; ENTRADA_ULA2[15]                                          ; output ; 2.5 V        ;         ; Column I/O ; N               ; no       ; Off          ;
; B22      ; 424        ; 7        ; ENTRADA_SHIFT_LEFT[3]                                     ; output ; 2.5 V        ;         ; Column I/O ; N               ; no       ; Off          ;
; B23      ; 413        ; 7        ; RESERVED_INPUT_WITH_WEAK_PULLUP                           ;        ;              ;         ; Column I/O ;                 ; no       ; On           ;
; B24      ;            ;          ; GND                                                       ; gnd    ;              ;         ; --         ;                 ; --       ; --           ;
; B25      ; 406        ; 7        ; SAIDA_SHIFT2L[30]                                         ; output ; 2.5 V        ;         ; Column I/O ; N               ; no       ; Off          ;
; B26      ; 401        ; 7        ; RESERVED_INPUT_WITH_WEAK_PULLUP                           ;        ;              ;         ; Column I/O ;                 ; no       ; On           ;
; B27      ;            ;          ; GND                                                       ; gnd    ;              ;         ; --         ;                 ; --       ; --           ;
; B28      ;            ; 6        ; VCCIO6                                                    ; power  ;              ; 2.5V    ; --         ;                 ; --       ; --           ;
; C1       ;            ;          ; GND                                                       ; gnd    ;              ;         ; --         ;                 ; --       ; --           ;
; C2       ; 1          ; 1        ; SAIDA_SHIFT2L[18]                                         ; output ; 2.5 V        ;         ; Row I/O    ; N               ; no       ; Off          ;
; C3       ; 543        ; 8        ; RESERVED_INPUT_WITH_WEAK_PULLUP                           ;        ;              ;         ; Column I/O ;                 ; no       ; On           ;
; C4       ; 539        ; 8        ; RESERVED_INPUT_WITH_WEAK_PULLUP                           ;        ;              ;         ; Column I/O ;                 ; no       ; On           ;
; C5       ; 538        ; 8        ; RESERVED_INPUT_WITH_WEAK_PULLUP                           ;        ;              ;         ; Column I/O ;                 ; no       ; On           ;
; C6       ; 536        ; 8        ; SAIDA_EXTENSOR[12]                                        ; output ; 2.5 V        ;         ; Column I/O ; N               ; no       ; Off          ;
; C7       ; 521        ; 8        ; RESERVED_INPUT_WITH_WEAK_PULLUP                           ;        ;              ;         ; Column I/O ;                 ; no       ; On           ;
; C8       ; 519        ; 8        ; SAIDA_SHIFT2L[1]                                          ; output ; 2.5 V        ;         ; Column I/O ; N               ; no       ; Off          ;
; C9       ; 510        ; 8        ; ENTRADA_SHIFT_LEFT[5]                                     ; output ; 2.5 V        ;         ; Column I/O ; N               ; no       ; Off          ;
; C10      ; 495        ; 8        ; ENTRADA_ULA2[9]                                           ; output ; 2.5 V        ;         ; Column I/O ; N               ; no       ; Off          ;
; C11      ; 508        ; 8        ; ENTRADA_SHIFT_LEFT[7]                                     ; output ; 2.5 V        ;         ; Column I/O ; N               ; no       ; Off          ;
; C12      ; 478        ; 8        ; RESULTADO[11]                                             ; output ; 2.5 V        ;         ; Column I/O ; N               ; no       ; Off          ;
; C13      ; 474        ; 8        ; PC[6]                                                     ; output ; 2.5 V        ;         ; Column I/O ; N               ; no       ; Off          ;
; C14      ; 476        ; 8        ; PC[4]                                                     ; output ; 2.5 V        ;         ; Column I/O ; N               ; no       ; Off          ;
; C15      ; 468        ; 7        ; PC[2]                                                     ; output ; 2.5 V        ;         ; Column I/O ; N               ; no       ; Off          ;
; C16      ; 460        ; 7        ; PC[3]                                                     ; output ; 2.5 V        ;         ; Column I/O ; N               ; no       ; Off          ;
; C17      ; 438        ; 7        ; ENTRADA_ULA1[22]                                          ; output ; 2.5 V        ;         ; Column I/O ; N               ; no       ; Off          ;
; C18      ; 429        ; 7        ; PC[27]                                                    ; output ; 2.5 V        ;         ; Column I/O ; N               ; no       ; Off          ;
; C19      ; 435        ; 7        ; PC[30]                                                    ; output ; 2.5 V        ;         ; Column I/O ; N               ; no       ; Off          ;
; C20      ; 431        ; 7        ; PC[8]                                                     ; output ; 2.5 V        ;         ; Column I/O ; N               ; no       ; Off          ;
; C21      ; 422        ; 7        ; RESERVED_INPUT_WITH_WEAK_PULLUP                           ;        ;              ;         ; Column I/O ;                 ; no       ; On           ;
; C22      ; 418        ; 7        ; RESERVED_INPUT_WITH_WEAK_PULLUP                           ;        ;              ;         ; Column I/O ;                 ; no       ; On           ;
; C23      ; 415        ; 7        ; RESERVED_INPUT_WITH_WEAK_PULLUP                           ;        ;              ;         ; Column I/O ;                 ; no       ; On           ;
; C24      ; 416        ; 7        ; ENTRADA_SHIFT_LEFT[17]                                    ; output ; 2.5 V        ;         ; Column I/O ; N               ; no       ; Off          ;
; C25      ; 411        ; 7        ; RESERVED_INPUT_WITH_WEAK_PULLUP                           ;        ;              ;         ; Column I/O ;                 ; no       ; On           ;
; C26      ; 400        ; 7        ; RESERVED_INPUT_WITH_WEAK_PULLUP                           ;        ;              ;         ; Column I/O ;                 ; no       ; On           ;
; C27      ; 382        ; 6        ; RESERVED_INPUT_WITH_WEAK_PULLUP                           ;        ;              ;         ; Row I/O    ;                 ; no       ; On           ;
; C28      ;            ;          ; GND                                                       ; gnd    ;              ;         ; --         ;                 ; --       ; --           ;
; D1       ; 3          ; 1        ; RESERVED_INPUT_WITH_WEAK_PULLUP                           ;        ;              ;         ; Row I/O    ;                 ; no       ; On           ;
; D2       ; 2          ; 1        ; RESERVED_INPUT_WITH_WEAK_PULLUP                           ;        ;              ;         ; Row I/O    ;                 ; no       ; On           ;
; D3       ;            ;          ; GND                                                       ; gnd    ;              ;         ; --         ;                 ; --       ; --           ;
; D4       ; 540        ; 8        ; INSTR[11]                                                 ; output ; 2.5 V        ;         ; Column I/O ; N               ; no       ; Off          ;
; D5       ; 537        ; 8        ; RESERVED_INPUT_WITH_WEAK_PULLUP                           ;        ;              ;         ; Column I/O ;                 ; no       ; On           ;
; D6       ; 524        ; 8        ; RESERVED_INPUT_WITH_WEAK_PULLUP                           ;        ;              ;         ; Column I/O ;                 ; no       ; On           ;
; D7       ; 522        ; 8        ; RESERVED_INPUT_WITH_WEAK_PULLUP                           ;        ;              ;         ; Column I/O ;                 ; no       ; On           ;
; D8       ; 520        ; 8        ; INSTR[1]                                                  ; output ; 2.5 V        ;         ; Column I/O ; N               ; no       ; Off          ;
; D9       ; 511        ; 8        ; SAIDA_SHIFT2L[14]                                         ; output ; 2.5 V        ;         ; Column I/O ; N               ; no       ; Off          ;
; D10      ; 496        ; 8        ; PC[11]                                                    ; output ; 2.5 V        ;         ; Column I/O ; N               ; no       ; Off          ;
; D11      ; 509        ; 8        ; SAIDA_SHIFT2L[25]                                         ; output ; 2.5 V        ;         ; Column I/O ; N               ; no       ; Off          ;
; D12      ; 479        ; 8        ; INSTR[21]                                                 ; output ; 2.5 V        ;         ; Column I/O ; N               ; no       ; Off          ;
; D13      ; 475        ; 8        ; BranchResult                                              ; output ; 2.5 V        ;         ; Column I/O ; N               ; no       ; Off          ;
; D14      ; 477        ; 8        ; RESULTADO[19]                                             ; output ; 2.5 V        ;         ; Column I/O ; N               ; no       ; Off          ;
; D15      ; 469        ; 7        ; PC[7]                                                     ; output ; 2.5 V        ;         ; Column I/O ; N               ; no       ; Off          ;
; D16      ; 461        ; 7        ; RESULTADO[1]                                              ; output ; 2.5 V        ;         ; Column I/O ; N               ; no       ; Off          ;
; D17      ; 439        ; 7        ; ENTRADA_ULA2[11]                                          ; output ; 2.5 V        ;         ; Column I/O ; N               ; no       ; Off          ;
; D18      ; 430        ; 7        ; ENTRADA_ULA2[21]                                          ; output ; 2.5 V        ;         ; Column I/O ; N               ; no       ; Off          ;
; D19      ; 436        ; 7        ; PC[9]                                                     ; output ; 2.5 V        ;         ; Column I/O ; N               ; no       ; Off          ;
; D20      ; 432        ; 7        ; SAIDA_EXTENSOR[3]                                         ; output ; 2.5 V        ;         ; Column I/O ; N               ; no       ; Off          ;
; D21      ; 419        ; 7        ; RESERVED_INPUT_WITH_WEAK_PULLUP                           ;        ;              ;         ; Column I/O ;                 ; no       ; On           ;
; D22      ; 402        ; 7        ; INSTR[8]                                                  ; output ; 2.5 V        ;         ; Column I/O ; N               ; no       ; Off          ;
; D23      ; 414        ; 7        ; RESERVED_INPUT_WITH_WEAK_PULLUP                           ;        ;              ;         ; Column I/O ;                 ; no       ; On           ;
; D24      ; 417        ; 7        ; ENTRADA_SHIFT_LEFT[8]                                     ; output ; 2.5 V        ;         ; Column I/O ; N               ; no       ; Off          ;
; D25      ; 410        ; 7        ; RESERVED_INPUT_WITH_WEAK_PULLUP                           ;        ;              ;         ; Column I/O ;                 ; no       ; On           ;
; D26      ; 383        ; 6        ; RESERVED_INPUT_WITH_WEAK_PULLUP                           ;        ;              ;         ; Row I/O    ;                 ; no       ; On           ;
; D27      ; 381        ; 6        ; RESERVED_INPUT_WITH_WEAK_PULLUP                           ;        ;              ;         ; Row I/O    ;                 ; no       ; On           ;
; D28      ; 380        ; 6        ; RESERVED_INPUT_WITH_WEAK_PULLUP                           ;        ;              ;         ; Row I/O    ;                 ; no       ; On           ;
; E1       ; 17         ; 1        ; SAIDA_EXTENSOR[10]                                        ; output ; 2.5 V        ;         ; Row I/O    ; N               ; no       ; Off          ;
; E2       ; 16         ; 1        ; ~ALTERA_FLASH_nCE_nCSO~ / RESERVED_INPUT_WITH_WEAK_PULLUP ; input  ; 2.5 V        ;         ; Row I/O    ; N               ; no       ; On           ;
; E3       ; 7          ; 1        ; RESERVED_INPUT_WITH_WEAK_PULLUP                           ;        ;              ;         ; Row I/O    ;                 ; no       ; On           ;
; E4       ; 541        ; 8        ; INSTR[14]                                                 ; output ; 2.5 V        ;         ; Column I/O ; N               ; no       ; Off          ;
; E5       ; 542        ; 8        ; SAIDA_SHIFT2L[6]                                          ; output ; 2.5 V        ;         ; Column I/O ; N               ; no       ; Off          ;
; E6       ;            ; 8        ; VCCIO8                                                    ; power  ;              ; 2.5V    ; --         ;                 ; --       ; --           ;
; E7       ; 523        ; 8        ; ENTRADA_SHIFT_LEFT[4]                                     ; output ; 2.5 V        ;         ; Column I/O ; N               ; no       ; Off          ;
; E8       ; 526        ; 8        ; RESERVED_INPUT_WITH_WEAK_PULLUP                           ;        ;              ;         ; Column I/O ;                 ; no       ; On           ;
; E9       ;            ; 8        ; VCCIO8                                                    ; power  ;              ; 2.5V    ; --         ;                 ; --       ; --           ;
; E10      ; 516        ; 8        ; PC[29]                                                    ; output ; 2.5 V        ;         ; Column I/O ; N               ; no       ; Off          ;
; E11      ; 499        ; 8        ; PC[16]                                                    ; output ; 2.5 V        ;         ; Column I/O ; N               ; no       ; Off          ;
; E12      ; 497        ; 8        ; ENTRADA_ULA1[20]                                          ; output ; 2.5 V        ;         ; Column I/O ; N               ; no       ; Off          ;
; E13      ;            ; 8        ; VCCIO8                                                    ; power  ;              ; 2.5V    ; --         ;                 ; --       ; --           ;
; E14      ; 486        ; 8        ; RESULTADO[7]                                              ; output ; 2.5 V        ;         ; Column I/O ; N               ; no       ; Off          ;
; E15      ; 467        ; 7        ; INSTR[20]                                                 ; output ; 2.5 V        ;         ; Column I/O ; N               ; no       ; Off          ;
; E16      ;            ; 7        ; VCCIO7                                                    ; power  ;              ; 2.5V    ; --         ;                 ; --       ; --           ;
; E17      ; 456        ; 7        ; ENTRADA_ULA1[3]                                           ; output ; 2.5 V        ;         ; Column I/O ; N               ; no       ; Off          ;
; E18      ; 427        ; 7        ; PC[22]                                                    ; output ; 2.5 V        ;         ; Column I/O ; N               ; no       ; Off          ;
; E19      ; 421        ; 7        ; RESERVED_INPUT_WITH_WEAK_PULLUP                           ;        ;              ;         ; Column I/O ;                 ; no       ; On           ;
; E20      ;            ; 7        ; VCCIO7                                                    ; power  ;              ; 2.5V    ; --         ;                 ; --       ; --           ;
; E21      ; 407        ; 7        ; ENTRADA_SHIFT_LEFT[15]                                    ; output ; 2.5 V        ;         ; Column I/O ; N               ; no       ; Off          ;
; E22      ; 403        ; 7        ; RESERVED_INPUT_WITH_WEAK_PULLUP                           ;        ;              ;         ; Column I/O ;                 ; no       ; On           ;
; E23      ;            ; 7        ; VCCIO7                                                    ; power  ;              ; 2.5V    ; --         ;                 ; --       ; --           ;
; E24      ; 433        ; 7        ; INSTR[27]                                                 ; output ; 2.5 V        ;         ; Column I/O ; N               ; no       ; Off          ;
; E25      ; 434        ; 7        ; PC[12]                                                    ; output ; 2.5 V        ;         ; Column I/O ; N               ; no       ; Off          ;
; E26      ; 378        ; 6        ; RESERVED_INPUT_WITH_WEAK_PULLUP                           ;        ;              ;         ; Row I/O    ;                 ; no       ; On           ;
; E27      ; 375        ; 6        ; RESERVED_INPUT_WITH_WEAK_PULLUP                           ;        ;              ;         ; Row I/O    ;                 ; no       ; On           ;
; E28      ; 374        ; 6        ; RESERVED_INPUT_WITH_WEAK_PULLUP                           ;        ;              ;         ; Row I/O    ;                 ; no       ; On           ;
; F1       ; 19         ; 1        ; RESERVED_INPUT_WITH_WEAK_PULLUP                           ;        ;              ;         ; Row I/O    ;                 ; no       ; On           ;
; F2       ; 18         ; 1        ; RESERVED_INPUT_WITH_WEAK_PULLUP                           ;        ;              ;         ; Row I/O    ;                 ; no       ; On           ;
; F3       ; 8          ; 1        ; RESERVED_INPUT_WITH_WEAK_PULLUP                           ;        ;              ;         ; Row I/O    ;                 ; no       ; On           ;
; F4       ; 10         ; 1        ; ~ALTERA_ASDO_DATA1~ / RESERVED_INPUT_WITH_WEAK_PULLUP     ; input  ; 2.5 V        ;         ; Row I/O    ; N               ; no       ; On           ;
; F5       ; 9          ; 1        ; RESERVED_INPUT_WITH_WEAK_PULLUP                           ;        ;              ;         ; Row I/O    ;                 ; no       ; On           ;
; F6       ;            ;          ; GND                                                       ; gnd    ;              ;         ; --         ;                 ; --       ; --           ;
; F7       ; 531        ; 8        ; RESERVED_INPUT_WITH_WEAK_PULLUP                           ;        ;              ;         ; Column I/O ;                 ; no       ; On           ;
; F8       ; 527        ; 8        ; INSTR[26]                                                 ; output ; 2.5 V        ;         ; Column I/O ; N               ; no       ; Off          ;
; F9       ;            ;          ; GND                                                       ; gnd    ;              ;         ; --         ;                 ; --       ; --           ;
; F10      ; 512        ; 8        ; RESERVED_INPUT_WITH_WEAK_PULLUP                           ;        ;              ;         ; Column I/O ;                 ; no       ; On           ;
; F11      ; 500        ; 8        ; PC[21]                                                    ; output ; 2.5 V        ;         ; Column I/O ; N               ; no       ; Off          ;
; F12      ; 498        ; 8        ; SAIDA_EXTENSOR[5]                                         ; output ; 2.5 V        ;         ; Column I/O ; N               ; no       ; Off          ;
; F13      ;            ;          ; GND                                                       ; gnd    ;              ;         ; --         ;                 ; --       ; --           ;
; F14      ; 485        ; 8        ; RESULTADO[10]                                             ; output ; 2.5 V        ;         ; Column I/O ; N               ; no       ; Off          ;
; F15      ; 466        ; 7        ; RESULTADO[21]                                             ; output ; 2.5 V        ;         ; Column I/O ; N               ; no       ; Off          ;
; F16      ;            ;          ; GND                                                       ; gnd    ;              ;         ; --         ;                 ; --       ; --           ;
; F17      ; 455        ; 7        ; ENTRADA_ULA1[24]                                          ; output ; 2.5 V        ;         ; Column I/O ; N               ; no       ; Off          ;
; F18      ; 428        ; 7        ; SAIDA_SHIFT2L[5]                                          ; output ; 2.5 V        ;         ; Column I/O ; N               ; no       ; Off          ;
; F19      ; 420        ; 7        ; PC[14]                                                    ; output ; 2.5 V        ;         ; Column I/O ; N               ; no       ; Off          ;
; F20      ;            ;          ; GND                                                       ; gnd    ;              ;         ; --         ;                 ; --       ; --           ;
; F21      ; 408        ; 7        ; RESERVED_INPUT_WITH_WEAK_PULLUP                           ;        ;              ;         ; Column I/O ;                 ; no       ; On           ;
; F22      ; 409        ; 7        ; RESERVED_INPUT_WITH_WEAK_PULLUP                           ;        ;              ;         ; Column I/O ;                 ; --       ; --           ;
; F23      ;            ;          ; GND                                                       ; gnd    ;              ;         ; --         ;                 ; --       ; --           ;
; F24      ; 396        ; 6        ; RESERVED_INPUT_WITH_WEAK_PULLUP                           ;        ;              ;         ; Row I/O    ;                 ; no       ; On           ;
; F25      ; 395        ; 6        ; RESERVED_INPUT_WITH_WEAK_PULLUP                           ;        ;              ;         ; Row I/O    ;                 ; no       ; On           ;
; F26      ; 379        ; 6        ; RESERVED_INPUT_WITH_WEAK_PULLUP                           ;        ;              ;         ; Row I/O    ;                 ; no       ; On           ;
; F27      ; 373        ; 6        ; RESERVED_INPUT_WITH_WEAK_PULLUP                           ;        ;              ;         ; Row I/O    ;                 ; no       ; On           ;
; F28      ; 372        ; 6        ; RESERVED_INPUT_WITH_WEAK_PULLUP                           ;        ;              ;         ; Row I/O    ;                 ; no       ; On           ;
; G1       ; 26         ; 1        ; INSTR[2]                                                  ; output ; 2.5 V        ;         ; Row I/O    ; N               ; no       ; Off          ;
; G2       ; 25         ; 1        ; SAIDA_SHIFT2L[13]                                         ; output ; 2.5 V        ;         ; Row I/O    ; N               ; no       ; Off          ;
; G3       ; 13         ; 1        ; PC[0]                                                     ; output ; 2.5 V        ;         ; Row I/O    ; N               ; no       ; Off          ;
; G4       ; 12         ; 1        ; RESERVED_INPUT_WITH_WEAK_PULLUP                           ;        ;              ;         ; Row I/O    ;                 ; no       ; On           ;
; G5       ; 6          ; 1        ; RESERVED_INPUT_WITH_WEAK_PULLUP                           ;        ;              ;         ; Row I/O    ;                 ; no       ; On           ;
; G6       ; 5          ; 1        ; RESERVED_INPUT_WITH_WEAK_PULLUP                           ;        ;              ;         ; Row I/O    ;                 ; no       ; On           ;
; G7       ; 530        ; 8        ; ENTRADA_SHIFT_LEFT[1]                                     ; output ; 2.5 V        ;         ; Column I/O ; N               ; no       ; Off          ;
; G8       ; 528        ; 8        ; INSTR[31]                                                 ; output ; 2.5 V        ;         ; Column I/O ; N               ; no       ; Off          ;
; G9       ; 525        ; 8        ; RESERVED_INPUT_WITH_WEAK_PULLUP                           ;        ;              ;         ; Column I/O ;                 ; --       ; --           ;
; G10      ; 513        ; 8        ; ENTRADA_SHIFT_LEFT[13]                                    ; output ; 2.5 V        ;         ; Column I/O ; N               ; no       ; Off          ;
; G11      ; 506        ; 8        ; SAIDA_EXTENSOR[6]                                         ; output ; 2.5 V        ;         ; Column I/O ; N               ; no       ; Off          ;
; G12      ; 503        ; 8        ; INSTR[5]                                                  ; output ; 2.5 V        ;         ; Column I/O ; N               ; no       ; Off          ;
; G13      ; 493        ; 8        ; ENTRADA_ULA1[14]                                          ; output ; 2.5 V        ;         ; Column I/O ; N               ; no       ; Off          ;
; G14      ; 484        ; 8        ; RESULTADO[29]                                             ; output ; 2.5 V        ;         ; Column I/O ; N               ; no       ; Off          ;
; G15      ; 457        ; 7        ; ENTRADA_ULA1[13]                                          ; output ; 2.5 V        ;         ; Column I/O ; N               ; no       ; Off          ;
; G16      ; 453        ; 7        ; RESULTADO[26]                                             ; output ; 2.5 V        ;         ; Column I/O ; N               ; no       ; Off          ;
; G17      ; 437        ; 7        ; ENTRADA_ULA2[16]                                          ; output ; 2.5 V        ;         ; Column I/O ; N               ; no       ; Off          ;
; G18      ; 452        ; 7        ; RESULTADO[30]                                             ; output ; 2.5 V        ;         ; Column I/O ; N               ; no       ; Off          ;
; G19      ; 451        ; 7        ; ENTRADA_ULA1[30]                                          ; output ; 2.5 V        ;         ; Column I/O ; N               ; no       ; Off          ;
; G20      ; 444        ; 7        ; ENTRADA_ULA2[0]                                           ; output ; 2.5 V        ;         ; Column I/O ; N               ; no       ; Off          ;
; G21      ; 445        ; 7        ; ENTRADA_ULA1[10]                                          ; output ; 2.5 V        ;         ; Column I/O ; N               ; no       ; Off          ;
; G22      ; 449        ; 7        ; ENTRADA_ULA2[18]                                          ; output ; 2.5 V        ;         ; Column I/O ; N               ; no       ; Off          ;
; G23      ; 398        ; 6        ; RESERVED_INPUT_WITH_WEAK_PULLUP                           ;        ;              ;         ; Row I/O    ;                 ; no       ; On           ;
; G24      ; 397        ; 6        ; RESERVED_INPUT_WITH_WEAK_PULLUP                           ;        ;              ;         ; Row I/O    ;                 ; no       ; On           ;
; G25      ; 393        ; 6        ; RESERVED_INPUT_WITH_WEAK_PULLUP                           ;        ;              ;         ; Row I/O    ;                 ; no       ; On           ;
; G26      ; 392        ; 6        ; RESERVED_INPUT_WITH_WEAK_PULLUP                           ;        ;              ;         ; Row I/O    ;                 ; no       ; On           ;
; G27      ; 367        ; 6        ; RESERVED_INPUT_WITH_WEAK_PULLUP                           ;        ;              ;         ; Row I/O    ;                 ; no       ; On           ;
; G28      ; 366        ; 6        ; PC[31]                                                    ; output ; 2.5 V        ;         ; Row I/O    ; N               ; no       ; Off          ;
; H1       ;            ; 1        ; VCCIO1                                                    ; power  ;              ; 2.5V    ; --         ;                 ; --       ; --           ;
; H2       ;            ;          ; GND                                                       ; gnd    ;              ;         ; --         ;                 ; --       ; --           ;
; H3       ; 15         ; 1        ; RESERVED_INPUT_WITH_WEAK_PULLUP                           ;        ;              ;         ; Row I/O    ;                 ; no       ; On           ;
; H4       ; 14         ; 1        ; RESERVED_INPUT_WITH_WEAK_PULLUP                           ;        ;              ;         ; Row I/O    ;                 ; no       ; On           ;
; H5       ; 20         ; 1        ; INSTR[12]                                                 ; output ; 2.5 V        ;         ; Row I/O    ; N               ; no       ; Off          ;
; H6       ; 11         ; 1        ; SAIDA_EXTENSOR[23]                                        ; output ; 2.5 V        ;         ; Row I/O    ; N               ; no       ; Off          ;
; H7       ; 4          ; 1        ; RESERVED_INPUT_WITH_WEAK_PULLUP                           ;        ;              ;         ; Row I/O    ;                 ; --       ; --           ;
; H8       ; 529        ; 8        ; SAIDA_EXTENSOR[1]                                         ; output ; 2.5 V        ;         ; Column I/O ; N               ; no       ; Off          ;
; H9       ;            ;          ; GNDA3                                                     ; gnd    ;              ;         ; --         ;                 ; --       ; --           ;
; H10      ; 514        ; 8        ; SAIDA_SHIFT2L[4]                                          ; output ; 2.5 V        ;         ; Column I/O ; N               ; no       ; Off          ;
; H11      ;            ; 8        ; VCCIO8                                                    ; power  ;              ; 2.5V    ; --         ;                 ; --       ; --           ;
; H12      ; 507        ; 8        ; ENTRADA_ULA2[12]                                          ; output ; 2.5 V        ;         ; Column I/O ; N               ; no       ; Off          ;
; H13      ; 494        ; 8        ; ENTRADA_ULA2[30]                                          ; output ; 2.5 V        ;         ; Column I/O ; N               ; no       ; Off          ;
; H14      ; 480        ; 8        ; INSTR[16]                                                 ; output ; 2.5 V        ;         ; Column I/O ; N               ; no       ; Off          ;
; H15      ; 464        ; 7        ; RESULTADO[31]                                             ; output ; 2.5 V        ;         ; Column I/O ; N               ; no       ; Off          ;
; H16      ; 459        ; 7        ; ENTRADA_ULA2[3]                                           ; output ; 2.5 V        ;         ; Column I/O ; N               ; no       ; Off          ;
; H17      ; 454        ; 7        ; RESULTADO[2]                                              ; output ; 2.5 V        ;         ; Column I/O ; N               ; no       ; Off          ;
; H18      ;            ; 7        ; VCCIO7                                                    ; power  ;              ; 2.5V    ; --         ;                 ; --       ; --           ;
; H19      ; 446        ; 7        ; ENTRADA_ULA1[28]                                          ; output ; 2.5 V        ;         ; Column I/O ; N               ; no       ; Off          ;
; H20      ;            ;          ; GNDA2                                                     ; gnd    ;              ;         ; --         ;                 ; --       ; --           ;
; H21      ; 448        ; 7        ; ENTRADA_ULA1[6]                                           ; output ; 2.5 V        ;         ; Column I/O ; N               ; no       ; Off          ;
; H22      ; 399        ; 6        ; RESERVED_INPUT_WITH_WEAK_PULLUP                           ;        ;              ;         ; Row I/O    ;                 ; no       ; On           ;
; H23      ; 391        ; 6        ; RESERVED_INPUT_WITH_WEAK_PULLUP                           ;        ;              ;         ; Row I/O    ;                 ; no       ; On           ;
; H24      ; 390        ; 6        ; RESERVED_INPUT_WITH_WEAK_PULLUP                           ;        ;              ;         ; Row I/O    ;                 ; no       ; On           ;
; H25      ; 377        ; 6        ; RESERVED_INPUT_WITH_WEAK_PULLUP                           ;        ;              ;         ; Row I/O    ;                 ; no       ; On           ;
; H26      ; 376        ; 6        ; RESERVED_INPUT_WITH_WEAK_PULLUP                           ;        ;              ;         ; Row I/O    ;                 ; no       ; On           ;
; H27      ;            ;          ; GND                                                       ; gnd    ;              ;         ; --         ;                 ; --       ; --           ;
; H28      ;            ; 6        ; VCCIO6                                                    ; power  ;              ; 2.5V    ; --         ;                 ; --       ; --           ;
; J1       ; 64         ; 1        ; CLK                                                       ; input  ; 2.5 V        ;         ; Row I/O    ; N               ; no       ; Off          ;
; J2       ;            ;          ; GND                                                       ; gnd    ;              ;         ; --         ;                 ; --       ; --           ;
; J3       ; 23         ; 1        ; SAIDA_EXTENSOR[2]                                         ; output ; 2.5 V        ;         ; Row I/O    ; N               ; no       ; Off          ;
; J4       ; 22         ; 1        ; ENTRADA_SHIFT_LEFT[16]                                    ; output ; 2.5 V        ;         ; Row I/O    ; N               ; no       ; Off          ;
; J5       ; 36         ; 1        ; ENTRADA_ULA1[12]                                          ; output ; 2.5 V        ;         ; Row I/O    ; N               ; no       ; Off          ;
; J6       ; 35         ; 1        ; ENTRADA_ULA2[5]                                           ; output ; 2.5 V        ;         ; Row I/O    ; N               ; no       ; Off          ;
; J7       ; 37         ; 1        ; ENTRADA_ULA2[10]                                          ; output ; 2.5 V        ;         ; Row I/O    ; N               ; no       ; Off          ;
; J8       ;            ; --       ; VCCA3                                                     ; power  ;              ; 2.5V    ; --         ;                 ; --       ; --           ;
; J9       ;            ;          ; VCCD_PLL3                                                 ; power  ;              ; 1.2V    ; --         ;                 ; --       ; --           ;
; J10      ; 515        ; 8        ; SAIDA_SHIFT2L[7]                                          ; output ; 2.5 V        ;         ; Column I/O ; N               ; no       ; Off          ;
; J11      ;            ;          ; GND                                                       ; gnd    ;              ;         ; --         ;                 ; --       ; --           ;
; J12      ; 490        ; 8        ; ENTRADA_ULA1[0]                                           ; output ; 2.5 V        ;         ; Column I/O ; N               ; no       ; Off          ;
; J13      ; 489        ; 8        ; ENTRADA_ULA2[6]                                           ; output ; 2.5 V        ;         ; Column I/O ; N               ; no       ; Off          ;
; J14      ; 481        ; 8        ; RESULTADO[6]                                              ; output ; 2.5 V        ;         ; Column I/O ; N               ; no       ; Off          ;
; J15      ; 465        ; 7        ; RESULTADO[24]                                             ; output ; 2.5 V        ;         ; Column I/O ; N               ; no       ; Off          ;
; J16      ; 458        ; 7        ; ENTRADA_ULA1[4]                                           ; output ; 2.5 V        ;         ; Column I/O ; N               ; no       ; Off          ;
; J17      ; 450        ; 7        ; ENTRADA_ULA1[18]                                          ; output ; 2.5 V        ;         ; Column I/O ; N               ; no       ; Off          ;
; J18      ;            ;          ; GND                                                       ; gnd    ;              ;         ; --         ;                 ; --       ; --           ;
; J19      ; 447        ; 7        ; ENTRADA_ULA2[23]                                          ; output ; 2.5 V        ;         ; Column I/O ; N               ; no       ; Off          ;
; J20      ;            ;          ; VCCD_PLL2                                                 ; power  ;              ; 1.2V    ; --         ;                 ; --       ; --           ;
; J21      ;            ; --       ; VCCA2                                                     ; power  ;              ; 2.5V    ; --         ;                 ; --       ; --           ;
; J22      ; 394        ; 6        ; RESERVED_INPUT_WITH_WEAK_PULLUP                           ;        ;              ;         ; Row I/O    ;                 ; --       ; --           ;
; J23      ; 387        ; 6        ; RESERVED_INPUT_WITH_WEAK_PULLUP                           ;        ;              ;         ; Row I/O    ;                 ; no       ; On           ;
; J24      ; 386        ; 6        ; ENTRADA_SHIFT_LEFT[9]                                     ; output ; 2.5 V        ;         ; Row I/O    ; N               ; no       ; Off          ;
; J25      ; 365        ; 6        ; ENTRADA_ULA2[13]                                          ; output ; 2.5 V        ;         ; Row I/O    ; N               ; no       ; Off          ;
; J26      ; 364        ; 6        ; RESERVED_INPUT_WITH_WEAK_PULLUP                           ;        ;              ;         ; Row I/O    ;                 ; no       ; On           ;
; J27      ; 338        ; 6        ; GND+                                                      ;        ;              ;         ; Row I/O    ;                 ; --       ; --           ;
; J28      ; 337        ; 6        ; GND+                                                      ;        ;              ;         ; Row I/O    ;                 ; --       ; --           ;
; K1       ; 28         ; 1        ; ENTRADA_SHIFT_LEFT[11]                                    ; output ; 2.5 V        ;         ; Row I/O    ; N               ; no       ; Off          ;
; K2       ; 27         ; 1        ; ENTRADA_SHIFT_LEFT[2]                                     ; output ; 2.5 V        ;         ; Row I/O    ; N               ; no       ; Off          ;
; K3       ; 30         ; 1        ; RESERVED_INPUT_WITH_WEAK_PULLUP                           ;        ;              ;         ; Row I/O    ;                 ; no       ; On           ;
; K4       ; 29         ; 1        ; ENTRADA_ULA2[7]                                           ; output ; 2.5 V        ;         ; Row I/O    ; N               ; no       ; Off          ;
; K5       ;            ; 1        ; VCCIO1                                                    ; power  ;              ; 2.5V    ; --         ;                 ; --       ; --           ;
; K6       ;            ;          ; GND                                                       ; gnd    ;              ;         ; --         ;                 ; --       ; --           ;
; K7       ; 38         ; 1        ; ENTRADA_ULA2[4]                                           ; output ; 2.5 V        ;         ; Row I/O    ; N               ; no       ; Off          ;
; K8       ; 39         ; 1        ; ENTRADA_ULA1[29]                                          ; output ; 2.5 V        ;         ; Row I/O    ; N               ; no       ; Off          ;
; K9       ;            ;          ; VCCINT                                                    ; power  ;              ; 1.2V    ; --         ;                 ; --       ; --           ;
; K10      ;            ;          ; GND                                                       ; gnd    ;              ;         ; --         ;                 ; --       ; --           ;
; K11      ;            ;          ; VCCINT                                                    ; power  ;              ; 1.2V    ; --         ;                 ; --       ; --           ;
; K12      ;            ;          ; GND                                                       ; gnd    ;              ;         ; --         ;                 ; --       ; --           ;
; K13      ;            ;          ; VCCINT                                                    ; power  ;              ; 1.2V    ; --         ;                 ; --       ; --           ;
; K14      ;            ;          ; GND                                                       ; gnd    ;              ;         ; --         ;                 ; --       ; --           ;
; K15      ;            ;          ; VCCINT                                                    ; power  ;              ; 1.2V    ; --         ;                 ; --       ; --           ;
; K16      ;            ;          ; GND                                                       ; gnd    ;              ;         ; --         ;                 ; --       ; --           ;
; K17      ;            ;          ; VCCINT                                                    ; power  ;              ; 1.2V    ; --         ;                 ; --       ; --           ;
; K18      ;            ;          ; GND                                                       ; gnd    ;              ;         ; --         ;                 ; --       ; --           ;
; K19      ;            ;          ; VCCINT                                                    ; power  ;              ; 1.2V    ; --         ;                 ; --       ; --           ;
; K20      ;            ;          ; GND                                                       ; gnd    ;              ;         ; --         ;                 ; --       ; --           ;
; K21      ; 389        ; 6        ; RESERVED_INPUT_WITH_WEAK_PULLUP                           ;        ;              ;         ; Row I/O    ;                 ; no       ; On           ;
; K22      ; 388        ; 6        ; RESERVED_INPUT_WITH_WEAK_PULLUP                           ;        ;              ;         ; Row I/O    ;                 ; no       ; On           ;
; K23      ;            ;          ; GND                                                       ; gnd    ;              ;         ; --         ;                 ; --       ; --           ;
; K24      ;            ; 6        ; VCCIO6                                                    ; power  ;              ; 2.5V    ; --         ;                 ; --       ; --           ;
; K25      ; 371        ; 6        ; INSTR[10]                                                 ; output ; 2.5 V        ;         ; Row I/O    ; N               ; no       ; Off          ;
; K26      ; 370        ; 6        ; RESERVED_INPUT_WITH_WEAK_PULLUP                           ;        ;              ;         ; Row I/O    ;                 ; no       ; On           ;
; K27      ; 362        ; 6        ; RESERVED_INPUT_WITH_WEAK_PULLUP                           ;        ;              ;         ; Row I/O    ;                 ; no       ; On           ;
; K28      ; 361        ; 6        ; ENTRADA_ULA1[5]                                           ; output ; 2.5 V        ;         ; Row I/O    ; N               ; no       ; Off          ;
; L1       ; 49         ; 1        ; RESULTADO[5]                                              ; output ; 2.5 V        ;         ; Row I/O    ; N               ; no       ; Off          ;
; L2       ; 48         ; 1        ; ENTRADA_ULA1[19]                                          ; output ; 2.5 V        ;         ; Row I/O    ; N               ; no       ; Off          ;
; L3       ; 32         ; 1        ; RESERVED_INPUT_WITH_WEAK_PULLUP                           ;        ;              ;         ; Row I/O    ;                 ; no       ; On           ;
; L4       ; 31         ; 1        ; RESERVED_INPUT_WITH_WEAK_PULLUP                           ;        ;              ;         ; Row I/O    ;                 ; no       ; On           ;
; L5       ; 21         ; 1        ; RESERVED_INPUT_WITH_WEAK_PULLUP                           ;        ;              ;         ; Row I/O    ;                 ; --       ; --           ;
; L6       ; 43         ; 1        ; INSTR[25]                                                 ; output ; 2.5 V        ;         ; Row I/O    ; N               ; no       ; Off          ;
; L7       ; 42         ; 1        ; ENTRADA_ULA2[31]                                          ; output ; 2.5 V        ;         ; Row I/O    ; N               ; no       ; Off          ;
; L8       ; 40         ; 1        ; ENTRADA_ULA2[24]                                          ; output ; 2.5 V        ;         ; Row I/O    ; N               ; no       ; Off          ;
; L9       ;            ;          ; GND                                                       ; gnd    ;              ;         ; --         ;                 ; --       ; --           ;
; L10      ;            ;          ; VCCINT                                                    ; power  ;              ; 1.2V    ; --         ;                 ; --       ; --           ;
; L11      ;            ;          ; GND                                                       ; gnd    ;              ;         ; --         ;                 ; --       ; --           ;
; L12      ;            ;          ; VCCINT                                                    ; power  ;              ; 1.2V    ; --         ;                 ; --       ; --           ;
; L13      ;            ;          ; GND                                                       ; gnd    ;              ;         ; --         ;                 ; --       ; --           ;
; L14      ;            ;          ; VCCINT                                                    ; power  ;              ; 1.2V    ; --         ;                 ; --       ; --           ;
; L15      ;            ;          ; GND                                                       ; gnd    ;              ;         ; --         ;                 ; --       ; --           ;
; L16      ;            ;          ; VCCINT                                                    ; power  ;              ; 1.2V    ; --         ;                 ; --       ; --           ;
; L17      ;            ;          ; GND                                                       ; gnd    ;              ;         ; --         ;                 ; --       ; --           ;
; L18      ;            ;          ; VCCINT                                                    ; power  ;              ; 1.2V    ; --         ;                 ; --       ; --           ;
; L19      ;            ;          ; GND                                                       ; gnd    ;              ;         ; --         ;                 ; --       ; --           ;
; L20      ;            ;          ; VCCINT                                                    ; power  ;              ; 1.2V    ; --         ;                 ; --       ; --           ;
; L21      ; 385        ; 6        ; RESERVED_INPUT_WITH_WEAK_PULLUP                           ;        ;              ;         ; Row I/O    ;                 ; no       ; On           ;
; L22      ; 384        ; 6        ; RESERVED_INPUT_WITH_WEAK_PULLUP                           ;        ;              ;         ; Row I/O    ;                 ; no       ; On           ;
; L23      ; 360        ; 6        ; ENTRADA_ULA1[25]                                          ; output ; 2.5 V        ;         ; Row I/O    ; N               ; no       ; Off          ;
; L24      ; 359        ; 6        ; INSTR[29]                                                 ; output ; 2.5 V        ;         ; Row I/O    ; N               ; no       ; Off          ;
; L25      ; 369        ; 6        ; SAIDA_SHIFT2L[10]                                         ; output ; 2.5 V        ;         ; Row I/O    ; N               ; no       ; Off          ;
; L26      ; 363        ; 6        ; ENTRADA_ULA1[15]                                          ; output ; 2.5 V        ;         ; Row I/O    ; N               ; no       ; Off          ;
; L27      ; 358        ; 6        ; ENTRADA_ULA1[21]                                          ; output ; 2.5 V        ;         ; Row I/O    ; N               ; no       ; Off          ;
; L28      ; 357        ; 6        ; RESERVED_INPUT_WITH_WEAK_PULLUP                           ;        ;              ;         ; Row I/O    ;                 ; no       ; On           ;
; M1       ; 51         ; 1        ; ENTRADA_ULA2[28]                                          ; output ; 2.5 V        ;         ; Row I/O    ; N               ; no       ; Off          ;
; M2       ; 50         ; 1        ; RESULTADO[12]                                             ; output ; 2.5 V        ;         ; Row I/O    ; N               ; no       ; Off          ;
; M3       ; 34         ; 1        ; ENTRADA_ULA1[9]                                           ; output ; 2.5 V        ;         ; Row I/O    ; N               ; no       ; Off          ;
; M4       ; 33         ; 1        ; RESERVED_INPUT_WITH_WEAK_PULLUP                           ;        ;              ;         ; Row I/O    ;                 ; no       ; On           ;
; M5       ; 41         ; 1        ; INSTR[17]                                                 ; output ; 2.5 V        ;         ; Row I/O    ; N               ; no       ; Off          ;
; M6       ; 24         ; 1        ; ^nSTATUS                                                  ;        ;              ;         ; --         ;                 ; --       ; --           ;
; M7       ; 47         ; 1        ; ENTRADA_ULA1[26]                                          ; output ; 2.5 V        ;         ; Row I/O    ; N               ; no       ; Off          ;
; M8       ; 46         ; 1        ; RESULTADO[9]                                              ; output ; 2.5 V        ;         ; Row I/O    ; N               ; no       ; Off          ;
; M9       ;            ;          ; VCCINT                                                    ; power  ;              ; 1.2V    ; --         ;                 ; --       ; --           ;
; M10      ;            ;          ; GND                                                       ; gnd    ;              ;         ; --         ;                 ; --       ; --           ;
; M11      ;            ;          ; VCCINT                                                    ; power  ;              ; 1.2V    ; --         ;                 ; --       ; --           ;
; M12      ;            ;          ; GND                                                       ; gnd    ;              ;         ; --         ;                 ; --       ; --           ;
; M13      ;            ;          ; VCCINT                                                    ; power  ;              ; 1.2V    ; --         ;                 ; --       ; --           ;
; M14      ;            ;          ; GND                                                       ; gnd    ;              ;         ; --         ;                 ; --       ; --           ;
; M15      ;            ;          ; VCCINT                                                    ; power  ;              ; 1.2V    ; --         ;                 ; --       ; --           ;
; M16      ;            ;          ; GND                                                       ; gnd    ;              ;         ; --         ;                 ; --       ; --           ;
; M17      ;            ;          ; VCCINT                                                    ; power  ;              ; 1.2V    ; --         ;                 ; --       ; --           ;
; M18      ;            ;          ; GND                                                       ; gnd    ;              ;         ; --         ;                 ; --       ; --           ;
; M19      ;            ;          ; VCCINT                                                    ; power  ;              ; 1.2V    ; --         ;                 ; --       ; --           ;
; M20      ;            ;          ; GND                                                       ; gnd    ;              ;         ; --         ;                 ; --       ; --           ;
; M21      ; 368        ; 6        ; RESERVED_INPUT_WITH_WEAK_PULLUP                           ;        ;              ;         ; Row I/O    ;                 ; --       ; --           ;
; M22      ; 342        ; 6        ; ^MSEL2                                                    ;        ;              ;         ; --         ;                 ; --       ; --           ;
; M23      ; 344        ; 6        ; RESULTADO[20]                                             ; output ; 2.5 V        ;         ; Row I/O    ; N               ; no       ; Off          ;
; M24      ; 347        ; 6        ; PC[19]                                                    ; output ; 2.5 V        ;         ; Row I/O    ; N               ; no       ; Off          ;
; M25      ; 356        ; 6        ; ENTRADA_ULA2[20]                                          ; output ; 2.5 V        ;         ; Row I/O    ; N               ; no       ; Off          ;
; M26      ; 355        ; 6        ; RESULTADO[18]                                             ; output ; 2.5 V        ;         ; Row I/O    ; N               ; no       ; Off          ;
; M27      ; 354        ; 6        ; RESULTADO[25]                                             ; output ; 2.5 V        ;         ; Row I/O    ; N               ; no       ; Off          ;
; M28      ; 353        ; 6        ; PC[18]                                                    ; output ; 2.5 V        ;         ; Row I/O    ; N               ; no       ; Off          ;
; N1       ;            ; 1        ; VCCIO1                                                    ; power  ;              ; 2.5V    ; --         ;                 ; --       ; --           ;
; N2       ;            ;          ; GND                                                       ; gnd    ;              ;         ; --         ;                 ; --       ; --           ;
; N3       ; 45         ; 1        ; ENTRADA_ULA2[26]                                          ; output ; 2.5 V        ;         ; Row I/O    ; N               ; no       ; Off          ;
; N4       ; 44         ; 1        ; ENTRADA_ULA1[31]                                          ; output ; 2.5 V        ;         ; Row I/O    ; N               ; no       ; Off          ;
; N5       ;            ; 1        ; VCCIO1                                                    ; power  ;              ; 2.5V    ; --         ;                 ; --       ; --           ;
; N6       ;            ;          ; GND                                                       ; gnd    ;              ;         ; --         ;                 ; --       ; --           ;
; N7       ; 56         ; 1        ; ~ALTERA_DATA0~ / RESERVED_INPUT_WITH_WEAK_PULLUP          ; input  ; 2.5 V        ;         ; Row I/O    ; N               ; no       ; On           ;
; N8       ; 54         ; 1        ; RESULTADO[15]                                             ; output ; 2.5 V        ;         ; Row I/O    ; N               ; no       ; Off          ;
; N9       ;            ;          ; GND                                                       ; gnd    ;              ;         ; --         ;                 ; --       ; --           ;
; N10      ;            ;          ; VCCINT                                                    ; power  ;              ; 1.2V    ; --         ;                 ; --       ; --           ;
; N11      ;            ;          ; GND                                                       ; gnd    ;              ;         ; --         ;                 ; --       ; --           ;
; N12      ;            ;          ; VCCINT                                                    ; power  ;              ; 1.2V    ; --         ;                 ; --       ; --           ;
; N13      ;            ;          ; GND                                                       ; gnd    ;              ;         ; --         ;                 ; --       ; --           ;
; N14      ;            ;          ; VCCINT                                                    ; power  ;              ; 1.2V    ; --         ;                 ; --       ; --           ;
; N15      ;            ;          ; GND                                                       ; gnd    ;              ;         ; --         ;                 ; --       ; --           ;
; N16      ;            ;          ; VCCINT                                                    ; power  ;              ; 1.2V    ; --         ;                 ; --       ; --           ;
; N17      ;            ;          ; GND                                                       ; gnd    ;              ;         ; --         ;                 ; --       ; --           ;
; N18      ;            ;          ; VCCINT                                                    ; power  ;              ; 1.2V    ; --         ;                 ; --       ; --           ;
; N19      ;            ;          ; GND                                                       ; gnd    ;              ;         ; --         ;                 ; --       ; --           ;
; N20      ;            ;          ; VCCINT                                                    ; power  ;              ; 1.2V    ; --         ;                 ; --       ; --           ;
; N21      ; 348        ; 6        ; RESULTADO[27]                                             ; output ; 2.5 V        ;         ; Row I/O    ; N               ; no       ; Off          ;
; N22      ; 340        ; 6        ; ^MSEL0                                                    ;        ;              ;         ; --         ;                 ; --       ; --           ;
; N23      ;            ;          ; GND                                                       ; gnd    ;              ;         ; --         ;                 ; --       ; --           ;
; N24      ;            ; 6        ; VCCIO6                                                    ; power  ;              ; 2.5V    ; --         ;                 ; --       ; --           ;
; N25      ; 352        ; 6        ; RESULTADO[8]                                              ; output ; 2.5 V        ;         ; Row I/O    ; N               ; no       ; Off          ;
; N26      ; 351        ; 6        ; ENTRADA_ULA1[23]                                          ; output ; 2.5 V        ;         ; Row I/O    ; N               ; no       ; Off          ;
; N27      ;            ;          ; GND                                                       ; gnd    ;              ;         ; --         ;                 ; --       ; --           ;
; N28      ;            ; 6        ; VCCIO6                                                    ; power  ;              ; 2.5V    ; --         ;                 ; --       ; --           ;
; P1       ; 53         ; 1        ; ENTRADA_ULA2[29]                                          ; output ; 2.5 V        ;         ; Row I/O    ; N               ; no       ; Off          ;
; P2       ; 52         ; 1        ; ENTRADA_ULA1[17]                                          ; output ; 2.5 V        ;         ; Row I/O    ; N               ; no       ; Off          ;
; P3       ; 55         ; 1        ; ~ALTERA_DCLK~                                             ; output ; 2.5 V        ;         ; Row I/O    ; N               ; no       ; On           ;
; P4       ; 57         ; 1        ; ^nCONFIG                                                  ;        ;              ;         ; --         ;                 ; --       ; --           ;
; P5       ; 59         ; 1        ; #TCK                                                      ; input  ;              ;         ; --         ;                 ; --       ; --           ;
; P6       ; 61         ; 1        ; #TDO                                                      ; output ;              ;         ; --         ;                 ; --       ; --           ;
; P7       ; 58         ; 1        ; #TDI                                                      ; input  ;              ;         ; --         ;                 ; --       ; --           ;
; P8       ; 60         ; 1        ; #TMS                                                      ; input  ;              ;         ; --         ;                 ; --       ; --           ;
; P9       ;            ;          ; VCCINT                                                    ; power  ;              ; 1.2V    ; --         ;                 ; --       ; --           ;
; P10      ;            ;          ; GND                                                       ; gnd    ;              ;         ; --         ;                 ; --       ; --           ;
; P11      ;            ;          ; VCCINT                                                    ; power  ;              ; 1.2V    ; --         ;                 ; --       ; --           ;
; P12      ;            ;          ; GND                                                       ; gnd    ;              ;         ; --         ;                 ; --       ; --           ;
; P13      ;            ;          ; VCCINT                                                    ; power  ;              ; 1.2V    ; --         ;                 ; --       ; --           ;
; P14      ;            ;          ; GND                                                       ; gnd    ;              ;         ; --         ;                 ; --       ; --           ;
; P15      ;            ;          ; VCCINT                                                    ; power  ;              ; 1.2V    ; --         ;                 ; --       ; --           ;
; P16      ;            ;          ; GND                                                       ; gnd    ;              ;         ; --         ;                 ; --       ; --           ;
; P17      ;            ;          ; VCCINT                                                    ; power  ;              ; 1.2V    ; --         ;                 ; --       ; --           ;
; P18      ;            ;          ; GND                                                       ; gnd    ;              ;         ; --         ;                 ; --       ; --           ;
; P19      ;            ;          ; VCCINT                                                    ; power  ;              ; 1.2V    ; --         ;                 ; --       ; --           ;
; P20      ;            ;          ; GND                                                       ; gnd    ;              ;         ; --         ;                 ; --       ; --           ;
; P21      ; 334        ; 5        ; SAIDA_SHIFT2L[31]                                         ; output ; 2.5 V        ;         ; Row I/O    ; N               ; no       ; Off          ;
; P22      ; 343        ; 6        ; ^MSEL3                                                    ;        ;              ;         ; --         ;                 ; --       ; --           ;
; P23      ; 341        ; 6        ; ^MSEL1                                                    ;        ;              ;         ; --         ;                 ; --       ; --           ;
; P24      ; 339        ; 6        ; ^CONF_DONE                                                ;        ;              ;         ; --         ;                 ; --       ; --           ;
; P25      ; 346        ; 6        ; RESULTADO[14]                                             ; output ; 2.5 V        ;         ; Row I/O    ; N               ; no       ; Off          ;
; P26      ; 345        ; 6        ; ENTRADA_SHIFT_LEFT[25]                                    ; output ; 2.5 V        ;         ; Row I/O    ; N               ; no       ; Off          ;
; P27      ; 350        ; 6        ; RESULTADO[13]                                             ; output ; 2.5 V        ;         ; Row I/O    ; N               ; no       ; Off          ;
; P28      ; 349        ; 6        ; ~ALTERA_nCEO~ / RESERVED_OUTPUT_OPEN_DRAIN                ; output ; 2.5 V        ;         ; Row I/O    ; N               ; no       ; Off          ;
; R1       ; 68         ; 2        ; RESERVED_INPUT_WITH_WEAK_PULLUP                           ;        ;              ;         ; Row I/O    ;                 ; no       ; On           ;
; R2       ; 67         ; 2        ; ENTRADA_SHIFT_LEFT[14]                                    ; output ; 2.5 V        ;         ; Row I/O    ; N               ; no       ; Off          ;
; R3       ; 73         ; 2        ; RESERVED_INPUT_WITH_WEAK_PULLUP                           ;        ;              ;         ; Row I/O    ;                 ; no       ; On           ;
; R4       ; 74         ; 2        ; RESERVED_INPUT_WITH_WEAK_PULLUP                           ;        ;              ;         ; Row I/O    ;                 ; no       ; On           ;
; R5       ; 77         ; 2        ; RESERVED_INPUT_WITH_WEAK_PULLUP                           ;        ;              ;         ; Row I/O    ;                 ; no       ; On           ;
; R6       ; 70         ; 2        ; RESERVED_INPUT_WITH_WEAK_PULLUP                           ;        ;              ;         ; Row I/O    ;                 ; no       ; On           ;
; R7       ; 69         ; 2        ; RESERVED_INPUT_WITH_WEAK_PULLUP                           ;        ;              ;         ; Row I/O    ;                 ; no       ; On           ;
; R8       ; 62         ; 1        ; ^nCE                                                      ;        ;              ;         ; --         ;                 ; --       ; --           ;
; R9       ;            ;          ; GND                                                       ; gnd    ;              ;         ; --         ;                 ; --       ; --           ;
; R10      ;            ;          ; VCCINT                                                    ; power  ;              ; 1.2V    ; --         ;                 ; --       ; --           ;
; R11      ;            ;          ; GND                                                       ; gnd    ;              ;         ; --         ;                 ; --       ; --           ;
; R12      ;            ;          ; VCCINT                                                    ; power  ;              ; 1.2V    ; --         ;                 ; --       ; --           ;
; R13      ;            ;          ; GND                                                       ; gnd    ;              ;         ; --         ;                 ; --       ; --           ;
; R14      ;            ;          ; VCCINT                                                    ; power  ;              ; 1.2V    ; --         ;                 ; --       ; --           ;
; R15      ;            ;          ; GND                                                       ; gnd    ;              ;         ; --         ;                 ; --       ; --           ;
; R16      ;            ;          ; VCCINT                                                    ; power  ;              ; 1.2V    ; --         ;                 ; --       ; --           ;
; R17      ;            ;          ; GND                                                       ; gnd    ;              ;         ; --         ;                 ; --       ; --           ;
; R18      ;            ;          ; VCCINT                                                    ; power  ;              ; 1.2V    ; --         ;                 ; --       ; --           ;
; R19      ;            ;          ; GND                                                       ; gnd    ;              ;         ; --         ;                 ; --       ; --           ;
; R20      ;            ;          ; VCCINT                                                    ; power  ;              ; 1.2V    ; --         ;                 ; --       ; --           ;
; R21      ; 333        ; 5        ; RESERVED_INPUT_WITH_WEAK_PULLUP                           ;        ;              ;         ; Row I/O    ;                 ; no       ; On           ;
; R22      ; 332        ; 5        ; SAIDA_EXTENSOR[18]                                        ; output ; 2.5 V        ;         ; Row I/O    ; N               ; no       ; Off          ;
; R23      ; 331        ; 5        ; RESERVED_INPUT_WITH_WEAK_PULLUP                           ;        ;              ;         ; Row I/O    ;                 ; no       ; On           ;
; R24      ; 330        ; 5        ; RESERVED_INPUT_WITH_WEAK_PULLUP                           ;        ;              ;         ; Row I/O    ;                 ; no       ; On           ;
; R25      ; 327        ; 5        ; RESERVED_INPUT_WITH_WEAK_PULLUP                           ;        ;              ;         ; Row I/O    ;                 ; no       ; On           ;
; R26      ; 326        ; 5        ; RESERVED_INPUT_WITH_WEAK_PULLUP                           ;        ;              ;         ; Row I/O    ;                 ; no       ; On           ;
; R27      ; 329        ; 5        ; SAIDA_EXTENSOR[31]                                        ; output ; 2.5 V        ;         ; Row I/O    ; N               ; no       ; Off          ;
; R28      ; 328        ; 5        ; ENTRADA_SHIFT_LEFT[28]                                    ; output ; 2.5 V        ;         ; Row I/O    ; N               ; no       ; Off          ;
; T1       ;            ; 2        ; VCCIO2                                                    ; power  ;              ; 2.5V    ; --         ;                 ; --       ; --           ;
; T2       ;            ;          ; GND                                                       ; gnd    ;              ;         ; --         ;                 ; --       ; --           ;
; T3       ; 76         ; 2        ; RESERVED_INPUT_WITH_WEAK_PULLUP                           ;        ;              ;         ; Row I/O    ;                 ; no       ; On           ;
; T4       ; 75         ; 2        ; RESERVED_INPUT_WITH_WEAK_PULLUP                           ;        ;              ;         ; Row I/O    ;                 ; no       ; On           ;
; T5       ;            ; 2        ; VCCIO2                                                    ; power  ;              ; 2.5V    ; --         ;                 ; --       ; --           ;
; T6       ;            ;          ; GND                                                       ; gnd    ;              ;         ; --         ;                 ; --       ; --           ;
; T7       ; 78         ; 2        ; RESERVED_INPUT_WITH_WEAK_PULLUP                           ;        ;              ;         ; Row I/O    ;                 ; --       ; --           ;
; T8       ; 100        ; 2        ; RESERVED_INPUT_WITH_WEAK_PULLUP                           ;        ;              ;         ; Row I/O    ;                 ; --       ; --           ;
; T9       ;            ;          ; VCCINT                                                    ; power  ;              ; 1.2V    ; --         ;                 ; --       ; --           ;
; T10      ;            ;          ; GND                                                       ; gnd    ;              ;         ; --         ;                 ; --       ; --           ;
; T11      ;            ;          ; VCCINT                                                    ; power  ;              ; 1.2V    ; --         ;                 ; --       ; --           ;
; T12      ;            ;          ; GND                                                       ; gnd    ;              ;         ; --         ;                 ; --       ; --           ;
; T13      ;            ;          ; VCCINT                                                    ; power  ;              ; 1.2V    ; --         ;                 ; --       ; --           ;
; T14      ;            ;          ; GND                                                       ; gnd    ;              ;         ; --         ;                 ; --       ; --           ;
; T15      ;            ;          ; VCCINT                                                    ; power  ;              ; 1.2V    ; --         ;                 ; --       ; --           ;
; T16      ;            ;          ; GND                                                       ; gnd    ;              ;         ; --         ;                 ; --       ; --           ;
; T17      ;            ;          ; VCCINT                                                    ; power  ;              ; 1.2V    ; --         ;                 ; --       ; --           ;
; T18      ;            ;          ; GND                                                       ; gnd    ;              ;         ; --         ;                 ; --       ; --           ;
; T19      ;            ;          ; VCCINT                                                    ; power  ;              ; 1.2V    ; --         ;                 ; --       ; --           ;
; T20      ;            ;          ; GND                                                       ; gnd    ;              ;         ; --         ;                 ; --       ; --           ;
; T21      ; 325        ; 5        ; RESERVED_INPUT_WITH_WEAK_PULLUP                           ;        ;              ;         ; Row I/O    ;                 ; no       ; On           ;
; T22      ; 324        ; 5        ; RESERVED_INPUT_WITH_WEAK_PULLUP                           ;        ;              ;         ; Row I/O    ;                 ; no       ; On           ;
; T23      ;            ;          ; GND                                                       ; gnd    ;              ;         ; --         ;                 ; --       ; --           ;
; T24      ;            ; 5        ; VCCIO5                                                    ; power  ;              ; 2.5V    ; --         ;                 ; --       ; --           ;
; T25      ; 323        ; 5        ; RESERVED_INPUT_WITH_WEAK_PULLUP                           ;        ;              ;         ; Row I/O    ;                 ; no       ; On           ;
; T26      ; 322        ; 5        ; RESERVED_INPUT_WITH_WEAK_PULLUP                           ;        ;              ;         ; Row I/O    ;                 ; no       ; On           ;
; T27      ;            ;          ; GND                                                       ; gnd    ;              ;         ; --         ;                 ; --       ; --           ;
; T28      ;            ; 5        ; VCCIO5                                                    ; power  ;              ; 2.5V    ; --         ;                 ; --       ; --           ;
; U1       ; 80         ; 2        ; RESERVED_INPUT_WITH_WEAK_PULLUP                           ;        ;              ;         ; Row I/O    ;                 ; no       ; On           ;
; U2       ; 79         ; 2        ; RESERVED_INPUT_WITH_WEAK_PULLUP                           ;        ;              ;         ; Row I/O    ;                 ; no       ; On           ;
; U3       ; 71         ; 2        ; SAIDA_EXTENSOR[14]                                        ; output ; 2.5 V        ;         ; Row I/O    ; N               ; no       ; Off          ;
; U4       ; 72         ; 2        ; RESERVED_INPUT_WITH_WEAK_PULLUP                           ;        ;              ;         ; Row I/O    ;                 ; no       ; On           ;
; U5       ; 90         ; 2        ; RESERVED_INPUT_WITH_WEAK_PULLUP                           ;        ;              ;         ; Row I/O    ;                 ; no       ; On           ;
; U6       ; 89         ; 2        ; RESERVED_INPUT_WITH_WEAK_PULLUP                           ;        ;              ;         ; Row I/O    ;                 ; no       ; On           ;
; U7       ; 103        ; 2        ; RESERVED_INPUT_WITH_WEAK_PULLUP                           ;        ;              ;         ; Row I/O    ;                 ; no       ; On           ;
; U8       ; 104        ; 2        ; SAIDA_SHIFT2L[9]                                          ; output ; 2.5 V        ;         ; Row I/O    ; N               ; no       ; Off          ;
; U9       ;            ;          ; GND                                                       ; gnd    ;              ;         ; --         ;                 ; --       ; --           ;
; U10      ;            ;          ; VCCINT                                                    ; power  ;              ; 1.2V    ; --         ;                 ; --       ; --           ;
; U11      ;            ;          ; GND                                                       ; gnd    ;              ;         ; --         ;                 ; --       ; --           ;
; U12      ;            ;          ; VCCINT                                                    ; power  ;              ; 1.2V    ; --         ;                 ; --       ; --           ;
; U13      ;            ;          ; GND                                                       ; gnd    ;              ;         ; --         ;                 ; --       ; --           ;
; U14      ;            ;          ; VCCINT                                                    ; power  ;              ; 1.2V    ; --         ;                 ; --       ; --           ;
; U15      ;            ;          ; GND                                                       ; gnd    ;              ;         ; --         ;                 ; --       ; --           ;
; U16      ;            ;          ; VCCINT                                                    ; power  ;              ; 1.2V    ; --         ;                 ; --       ; --           ;
; U17      ;            ;          ; GND                                                       ; gnd    ;              ;         ; --         ;                 ; --       ; --           ;
; U18      ;            ;          ; VCCINT                                                    ; power  ;              ; 1.2V    ; --         ;                 ; --       ; --           ;
; U19      ;            ;          ; GND                                                       ; gnd    ;              ;         ; --         ;                 ; --       ; --           ;
; U20      ;            ;          ; VCCINT                                                    ; power  ;              ; 1.2V    ; --         ;                 ; --       ; --           ;
; U21      ; 319        ; 5        ; RESERVED_INPUT_WITH_WEAK_PULLUP                           ;        ;              ;         ; Row I/O    ;                 ; no       ; On           ;
; U22      ; 313        ; 5        ; RESERVED_INPUT_WITH_WEAK_PULLUP                           ;        ;              ;         ; Row I/O    ;                 ; no       ; On           ;
; U23      ; 305        ; 5        ; SAIDA_SHIFT2L[15]                                         ; output ; 2.5 V        ;         ; Row I/O    ; N               ; no       ; Off          ;
; U24      ; 316        ; 5        ; RESERVED_INPUT_WITH_WEAK_PULLUP                           ;        ;              ;         ; Row I/O    ;                 ; --       ; --           ;
; U25      ; 315        ; 5        ; RESERVED_INPUT_WITH_WEAK_PULLUP                           ;        ;              ;         ; Row I/O    ;                 ; no       ; On           ;
; U26      ; 314        ; 5        ; RESERVED_INPUT_WITH_WEAK_PULLUP                           ;        ;              ;         ; Row I/O    ;                 ; no       ; On           ;
; U27      ; 318        ; 5        ; RESERVED_INPUT_WITH_WEAK_PULLUP                           ;        ;              ;         ; Row I/O    ;                 ; no       ; On           ;
; U28      ; 317        ; 5        ; INSTR[9]                                                  ; output ; 2.5 V        ;         ; Row I/O    ; N               ; no       ; Off          ;
; V1       ; 84         ; 2        ; ENTRADA_SHIFT_LEFT[27]                                    ; output ; 2.5 V        ;         ; Row I/O    ; N               ; no       ; Off          ;
; V2       ; 83         ; 2        ; SAIDA_SHIFT2L[0]                                          ; output ; 2.5 V        ;         ; Row I/O    ; N               ; no       ; Off          ;
; V3       ; 82         ; 2        ; RESERVED_INPUT_WITH_WEAK_PULLUP                           ;        ;              ;         ; Row I/O    ;                 ; no       ; On           ;
; V4       ; 81         ; 2        ; SAIDA_SHIFT2L[28]                                         ; output ; 2.5 V        ;         ; Row I/O    ; N               ; no       ; Off          ;
; V5       ; 108        ; 2        ; RESERVED_INPUT_WITH_WEAK_PULLUP                           ;        ;              ;         ; Row I/O    ;                 ; no       ; On           ;
; V6       ; 107        ; 2        ; SAIDA_EXTENSOR[13]                                        ; output ; 2.5 V        ;         ; Row I/O    ; N               ; no       ; Off          ;
; V7       ; 110        ; 2        ; RESERVED_INPUT_WITH_WEAK_PULLUP                           ;        ;              ;         ; Row I/O    ;                 ; no       ; On           ;
; V8       ; 109        ; 2        ; RESERVED_INPUT_WITH_WEAK_PULLUP                           ;        ;              ;         ; Row I/O    ;                 ; no       ; On           ;
; V9       ;            ;          ; VCCINT                                                    ; power  ;              ; 1.2V    ; --         ;                 ; --       ; --           ;
; V10      ;            ;          ; GND                                                       ; gnd    ;              ;         ; --         ;                 ; --       ; --           ;
; V11      ;            ;          ; VCCINT                                                    ; power  ;              ; 1.2V    ; --         ;                 ; --       ; --           ;
; V12      ;            ;          ; GND                                                       ; gnd    ;              ;         ; --         ;                 ; --       ; --           ;
; V13      ;            ;          ; VCCINT                                                    ; power  ;              ; 1.2V    ; --         ;                 ; --       ; --           ;
; V14      ;            ;          ; GND                                                       ; gnd    ;              ;         ; --         ;                 ; --       ; --           ;
; V15      ;            ;          ; VCCINT                                                    ; power  ;              ; 1.2V    ; --         ;                 ; --       ; --           ;
; V16      ;            ;          ; GND                                                       ; gnd    ;              ;         ; --         ;                 ; --       ; --           ;
; V17      ;            ;          ; VCCINT                                                    ; power  ;              ; 1.2V    ; --         ;                 ; --       ; --           ;
; V18      ;            ;          ; GND                                                       ; gnd    ;              ;         ; --         ;                 ; --       ; --           ;
; V19      ;            ;          ; VCCINT                                                    ; power  ;              ; 1.2V    ; --         ;                 ; --       ; --           ;
; V20      ;            ;          ; GND                                                       ; gnd    ;              ;         ; --         ;                 ; --       ; --           ;
; V21      ; 311        ; 5        ; RESERVED_INPUT_WITH_WEAK_PULLUP                           ;        ;              ;         ; Row I/O    ;                 ; no       ; On           ;
; V22      ; 312        ; 5        ; RESERVED_INPUT_WITH_WEAK_PULLUP                           ;        ;              ;         ; Row I/O    ;                 ; no       ; On           ;
; V23      ; 309        ; 5        ; RESERVED_INPUT_WITH_WEAK_PULLUP                           ;        ;              ;         ; Row I/O    ;                 ; no       ; On           ;
; V24      ; 308        ; 5        ; RESERVED_INPUT_WITH_WEAK_PULLUP                           ;        ;              ;         ; Row I/O    ;                 ; no       ; On           ;
; V25      ; 307        ; 5        ; RESERVED_INPUT_WITH_WEAK_PULLUP                           ;        ;              ;         ; Row I/O    ;                 ; no       ; On           ;
; V26      ; 306        ; 5        ; RESERVED_INPUT_WITH_WEAK_PULLUP                           ;        ;              ;         ; Row I/O    ;                 ; no       ; On           ;
; V27      ; 304        ; 5        ; RESERVED_INPUT_WITH_WEAK_PULLUP                           ;        ;              ;         ; Row I/O    ;                 ; no       ; On           ;
; V28      ; 303        ; 5        ; SAIDA_SHIFT2L[23]                                         ; output ; 2.5 V        ;         ; Row I/O    ; N               ; no       ; Off          ;
; W1       ; 88         ; 2        ; RESERVED_INPUT_WITH_WEAK_PULLUP                           ;        ;              ;         ; Row I/O    ;                 ; no       ; On           ;
; W2       ; 87         ; 2        ; RESERVED_INPUT_WITH_WEAK_PULLUP                           ;        ;              ;         ; Row I/O    ;                 ; no       ; On           ;
; W3       ; 112        ; 2        ; RESERVED_INPUT_WITH_WEAK_PULLUP                           ;        ;              ;         ; Row I/O    ;                 ; no       ; On           ;
; W4       ; 111        ; 2        ; RESERVED_INPUT_WITH_WEAK_PULLUP                           ;        ;              ;         ; Row I/O    ;                 ; no       ; On           ;
; W5       ;            ; 2        ; VCCIO2                                                    ; power  ;              ; 2.5V    ; --         ;                 ; --       ; --           ;
; W6       ;            ;          ; GND                                                       ; gnd    ;              ;         ; --         ;                 ; --       ; --           ;
; W7       ; 115        ; 2        ; RESERVED_INPUT_WITH_WEAK_PULLUP                           ;        ;              ;         ; Row I/O    ;                 ; no       ; On           ;
; W8       ; 116        ; 2        ; RESERVED_INPUT_WITH_WEAK_PULLUP                           ;        ;              ;         ; Row I/O    ;                 ; no       ; On           ;
; W9       ;            ;          ; GND                                                       ; gnd    ;              ;         ; --         ;                 ; --       ; --           ;
; W10      ;            ;          ; VCCINT                                                    ; power  ;              ; 1.2V    ; --         ;                 ; --       ; --           ;
; W11      ;            ;          ; GND                                                       ; gnd    ;              ;         ; --         ;                 ; --       ; --           ;
; W12      ;            ;          ; VCCINT                                                    ; power  ;              ; 1.2V    ; --         ;                 ; --       ; --           ;
; W13      ;            ;          ; GND                                                       ; gnd    ;              ;         ; --         ;                 ; --       ; --           ;
; W14      ;            ;          ; VCCINT                                                    ; power  ;              ; 1.2V    ; --         ;                 ; --       ; --           ;
; W15      ;            ;          ; GND                                                       ; gnd    ;              ;         ; --         ;                 ; --       ; --           ;
; W16      ;            ;          ; VCCINT                                                    ; power  ;              ; 1.2V    ; --         ;                 ; --       ; --           ;
; W17      ;            ;          ; GND                                                       ; gnd    ;              ;         ; --         ;                 ; --       ; --           ;
; W18      ;            ;          ; VCCINT                                                    ; power  ;              ; 1.2V    ; --         ;                 ; --       ; --           ;
; W19      ;            ;          ; GND                                                       ; gnd    ;              ;         ; --         ;                 ; --       ; --           ;
; W20      ;            ;          ; VCCINT                                                    ; power  ;              ; 1.2V    ; --         ;                 ; --       ; --           ;
; W21      ; 310        ; 5        ; RESERVED_INPUT_WITH_WEAK_PULLUP                           ;        ;              ;         ; Row I/O    ;                 ; no       ; On           ;
; W22      ; 321        ; 5        ; INSTR[22]                                                 ; output ; 2.5 V        ;         ; Row I/O    ; N               ; no       ; Off          ;
; W23      ;            ;          ; GND                                                       ; gnd    ;              ;         ; --         ;                 ; --       ; --           ;
; W24      ;            ; 5        ; VCCIO5                                                    ; power  ;              ; 2.5V    ; --         ;                 ; --       ; --           ;
; W25      ; 300        ; 5        ; RESERVED_INPUT_WITH_WEAK_PULLUP                           ;        ;              ;         ; Row I/O    ;                 ; no       ; On           ;
; W26      ; 299        ; 5        ; INSTR[7]                                                  ; output ; 2.5 V        ;         ; Row I/O    ; N               ; no       ; Off          ;
; W27      ; 301        ; 5        ; RESERVED_INPUT_WITH_WEAK_PULLUP                           ;        ;              ;         ; Row I/O    ;                 ; no       ; On           ;
; W28      ; 302        ; 5        ; RESERVED_INPUT_WITH_WEAK_PULLUP                           ;        ;              ;         ; Row I/O    ;                 ; no       ; On           ;
; Y1       ; 66         ; 2        ; GND+                                                      ;        ;              ;         ; Row I/O    ;                 ; --       ; --           ;
; Y2       ; 65         ; 2        ; RESET                                                     ; input  ; 2.5 V        ;         ; Row I/O    ; N               ; no       ; Off          ;
; Y3       ; 92         ; 2        ; RESERVED_INPUT_WITH_WEAK_PULLUP                           ;        ;              ;         ; Row I/O    ;                 ; no       ; On           ;
; Y4       ; 91         ; 2        ; RESERVED_INPUT_WITH_WEAK_PULLUP                           ;        ;              ;         ; Row I/O    ;                 ; no       ; On           ;
; Y5       ; 114        ; 2        ; RESERVED_INPUT_WITH_WEAK_PULLUP                           ;        ;              ;         ; Row I/O    ;                 ; no       ; On           ;
; Y6       ; 113        ; 2        ; RESERVED_INPUT_WITH_WEAK_PULLUP                           ;        ;              ;         ; Row I/O    ;                 ; no       ; On           ;
; Y7       ; 117        ; 2        ; RESERVED_INPUT_WITH_WEAK_PULLUP                           ;        ;              ;         ; Row I/O    ;                 ; no       ; On           ;
; Y8       ;            ; --       ; VCCA1                                                     ; power  ;              ; 2.5V    ; --         ;                 ; --       ; --           ;
; Y9       ;            ;          ; VCCD_PLL1                                                 ; power  ;              ; 1.2V    ; --         ;                 ; --       ; --           ;
; Y10      ; 140        ; 3        ; RESERVED_INPUT_WITH_WEAK_PULLUP                           ;        ;              ;         ; Column I/O ;                 ; --       ; --           ;
; Y11      ;            ;          ; GND                                                       ; gnd    ;              ;         ; --         ;                 ; --       ; --           ;
; Y12      ; 187        ; 3        ; RESULTADO[28]                                             ; output ; 2.5 V        ;         ; Column I/O ; N               ; no       ; Off          ;
; Y13      ; 189        ; 3        ; RESULTADO[23]                                             ; output ; 2.5 V        ;         ; Column I/O ; N               ; no       ; Off          ;
; Y14      ; 197        ; 3        ; JumpSinal                                                 ; output ; 2.5 V        ;         ; Column I/O ; N               ; no       ; Off          ;
; Y15      ; 198        ; 3        ; ENTRADA_ULA2[2]                                           ; output ; 2.5 V        ;         ; Column I/O ; N               ; no       ; Off          ;
; Y16      ; 250        ; 4        ; RESERVED_INPUT_WITH_WEAK_PULLUP                           ;        ;              ;         ; Column I/O ;                 ; no       ; On           ;
; Y17      ; 249        ; 4        ; RESERVED_INPUT_WITH_WEAK_PULLUP                           ;        ;              ;         ; Column I/O ;                 ; no       ; On           ;
; Y18      ;            ;          ; GND                                                       ; gnd    ;              ;         ; --         ;                 ; --       ; --           ;
; Y19      ; 263        ; 4        ; RESERVED_INPUT_WITH_WEAK_PULLUP                           ;        ;              ;         ; Column I/O ;                 ; no       ; On           ;
; Y20      ;            ;          ; VCCD_PLL4                                                 ; power  ;              ; 1.2V    ; --         ;                 ; --       ; --           ;
; Y21      ;            ; --       ; VCCA4                                                     ; power  ;              ; 2.5V    ; --         ;                 ; --       ; --           ;
; Y22      ; 320        ; 5        ; RESERVED_INPUT_WITH_WEAK_PULLUP                           ;        ;              ;         ; Row I/O    ;                 ; no       ; On           ;
; Y23      ; 288        ; 5        ; RESERVED_INPUT_WITH_WEAK_PULLUP                           ;        ;              ;         ; Row I/O    ;                 ; no       ; On           ;
; Y24      ; 287        ; 5        ; RESERVED_INPUT_WITH_WEAK_PULLUP                           ;        ;              ;         ; Row I/O    ;                 ; no       ; On           ;
; Y25      ; 298        ; 5        ; RESERVED_INPUT_WITH_WEAK_PULLUP                           ;        ;              ;         ; Row I/O    ;                 ; no       ; On           ;
; Y26      ; 297        ; 5        ; RESERVED_INPUT_WITH_WEAK_PULLUP                           ;        ;              ;         ; Row I/O    ;                 ; no       ; On           ;
; Y27      ; 336        ; 5        ; GND+                                                      ;        ;              ;         ; Row I/O    ;                 ; --       ; --           ;
; Y28      ; 335        ; 5        ; GND+                                                      ;        ;              ;         ; Row I/O    ;                 ; --       ; --           ;
+----------+------------+----------+-----------------------------------------------------------+--------+--------------+---------+------------+-----------------+----------+--------------+
Note: Pin directions (input, output or bidir) are based on device operating in user mode.


+---------------------------------------------------------------------------------------------------------------------------------------------------------------------------------------------------------------------------------------------------------------------------------------------------------------------+
; Fitter Resource Utilization by Entity                                                                                                                                                                                                                                                                               ;
+--------------------------------------------+-------------+---------------------------+---------------+-------------+------+--------------+---------+-----------+------+--------------+--------------+-------------------+------------------+---------------------------------------------------------+--------------+
; Compilation Hierarchy Node                 ; Logic Cells ; Dedicated Logic Registers ; I/O Registers ; Memory Bits ; M9Ks ; DSP Elements ; DSP 9x9 ; DSP 18x18 ; Pins ; Virtual Pins ; LUT-Only LCs ; Register-Only LCs ; LUT/Register LCs ; Full Hierarchy Name                                     ; Library Name ;
+--------------------------------------------+-------------+---------------------------+---------------+-------------+------+--------------+---------+-----------+------+--------------+--------------+-------------------+------------------+---------------------------------------------------------+--------------+
; |processador_mips                          ; 3466 (19)   ; 2462 (0)                  ; 0 (0)         ; 0           ; 0    ; 0            ; 0       ; 0         ; 261  ; 0            ; 1004 (19)    ; 1161 (0)          ; 1301 (0)         ; |processador_mips                                       ; work         ;
;    |BANCO_DE_REGISTRADORES:inst3|          ; 554 (554)   ; 384 (384)                 ; 0 (0)         ; 0           ; 0    ; 0            ; 0       ; 0         ; 0    ; 0            ; 162 (162)    ; 57 (57)           ; 335 (335)        ; |processador_mips|BANCO_DE_REGISTRADORES:inst3          ; work         ;
;    |CONTADOR_DE_PROGRAMA_COM_RESET:inst21| ; 44 (44)     ; 30 (30)                   ; 0 (0)         ; 0           ; 0    ; 0            ; 0       ; 0         ; 0    ; 0            ; 13 (13)      ; 6 (6)             ; 25 (25)          ; |processador_mips|CONTADOR_DE_PROGRAMA_COM_RESET:inst21 ; work         ;
;    |DECODIFICADOR_PRINCIPAL:inst13|        ; 6 (6)       ; 0 (0)                     ; 0 (0)         ; 0           ; 0    ; 0            ; 0       ; 0         ; 0    ; 0            ; 6 (6)        ; 0 (0)             ; 0 (0)            ; |processador_mips|DECODIFICADOR_PRINCIPAL:inst13        ; work         ;
;    |MEMORIA_DE_DADOS:inst11|               ; 2121 (2121) ; 2048 (2048)               ; 0 (0)         ; 0           ; 0    ; 0            ; 0       ; 0         ; 0    ; 0            ; 73 (73)      ; 1098 (1098)       ; 950 (950)        ; |processador_mips|MEMORIA_DE_DADOS:inst11               ; work         ;
;    |MEMORIA_DE_INSTRUCAO:inst22|           ; 29 (29)     ; 0 (0)                     ; 0 (0)         ; 0           ; 0    ; 0            ; 0       ; 0         ; 0    ; 0            ; 29 (29)      ; 0 (0)             ; 0 (0)            ; |processador_mips|MEMORIA_DE_INSTRUCAO:inst22           ; work         ;
;    |MULTIPLEXADOR_CINCO:inst4|             ; 2 (2)       ; 0 (0)                     ; 0 (0)         ; 0           ; 0    ; 0            ; 0       ; 0         ; 0    ; 0            ; 1 (1)        ; 0 (0)             ; 1 (1)            ; |processador_mips|MULTIPLEXADOR_CINCO:inst4             ; work         ;
;    |MULTIPLEXADOR_DOIS:inst12|             ; 1376 (1376) ; 0 (0)                     ; 0 (0)         ; 0           ; 0    ; 0            ; 0       ; 0         ; 0    ; 0            ; 436 (436)    ; 0 (0)             ; 940 (940)        ; |processador_mips|MULTIPLEXADOR_DOIS:inst12             ; work         ;
;    |MULTIPLEXADOR_DOIS:inst9|              ; 32 (32)     ; 0 (0)                     ; 0 (0)         ; 0           ; 0    ; 0            ; 0       ; 0         ; 0    ; 0            ; 32 (32)      ; 0 (0)             ; 0 (0)            ; |processador_mips|MULTIPLEXADOR_DOIS:inst9              ; work         ;
;    |SOMADOR:inst6|                         ; 30 (30)     ; 0 (0)                     ; 0 (0)         ; 0           ; 0    ; 0            ; 0       ; 0         ; 0    ; 0            ; 30 (30)      ; 0 (0)             ; 0 (0)            ; |processador_mips|SOMADOR:inst6                         ; work         ;
;    |SOMADOR_MAIS_QUATRO:inst23|            ; 30 (30)     ; 0 (0)                     ; 0 (0)         ; 0           ; 0    ; 0            ; 0       ; 0         ; 0    ; 0            ; 30 (30)      ; 0 (0)             ; 0 (0)            ; |processador_mips|SOMADOR_MAIS_QUATRO:inst23            ; work         ;
;    |ULA:inst10|                            ; 198 (198)   ; 0 (0)                     ; 0 (0)         ; 0           ; 0    ; 0            ; 0       ; 0         ; 0    ; 0            ; 170 (170)    ; 0 (0)             ; 28 (28)          ; |processador_mips|ULA:inst10                            ; work         ;
;    |ULA_DECODIFICADOR:inst14|              ; 3 (3)       ; 0 (0)                     ; 0 (0)         ; 0           ; 0    ; 0            ; 0       ; 0         ; 0    ; 0            ; 3 (3)        ; 0 (0)             ; 0 (0)            ; |processador_mips|ULA_DECODIFICADOR:inst14              ; work         ;
+--------------------------------------------+-------------+---------------------------+---------------+-------------+------+--------------+---------+-----------+------+--------------+--------------+-------------------+------------------+---------------------------------------------------------+--------------+
Note: For table entries with two numbers listed, the numbers in parentheses indicate the number of resources of the given type used by the specific entity alone. The numbers listed outside of parentheses indicate the total resources of the given type used by the specific entity and all of its sub-entities in the hierarchy.


+--------------------------------------------------------------------------------------------------------+
; Delay Chain Summary                                                                                    ;
+------------------------+----------+---------------+---------------+-----------------------+-----+------+
; Name                   ; Pin Type ; Pad to Core 0 ; Pad to Core 1 ; Pad to Input Register ; TCO ; TCOE ;
+------------------------+----------+---------------+---------------+-----------------------+-----+------+
; BranchResult           ; Output   ; --            ; --            ; --                    ; --  ; --   ;
; BranchSinal            ; Output   ; --            ; --            ; --                    ; --  ; --   ;
; JumpSinal              ; Output   ; --            ; --            ; --                    ; --  ; --   ;
; ENTRADA_SHIFT_LEFT[31] ; Output   ; --            ; --            ; --                    ; --  ; --   ;
; ENTRADA_SHIFT_LEFT[30] ; Output   ; --            ; --            ; --                    ; --  ; --   ;
; ENTRADA_SHIFT_LEFT[29] ; Output   ; --            ; --            ; --                    ; --  ; --   ;
; ENTRADA_SHIFT_LEFT[28] ; Output   ; --            ; --            ; --                    ; --  ; --   ;
; ENTRADA_SHIFT_LEFT[27] ; Output   ; --            ; --            ; --                    ; --  ; --   ;
; ENTRADA_SHIFT_LEFT[26] ; Output   ; --            ; --            ; --                    ; --  ; --   ;
; ENTRADA_SHIFT_LEFT[25] ; Output   ; --            ; --            ; --                    ; --  ; --   ;
; ENTRADA_SHIFT_LEFT[24] ; Output   ; --            ; --            ; --                    ; --  ; --   ;
; ENTRADA_SHIFT_LEFT[23] ; Output   ; --            ; --            ; --                    ; --  ; --   ;
; ENTRADA_SHIFT_LEFT[22] ; Output   ; --            ; --            ; --                    ; --  ; --   ;
; ENTRADA_SHIFT_LEFT[21] ; Output   ; --            ; --            ; --                    ; --  ; --   ;
; ENTRADA_SHIFT_LEFT[20] ; Output   ; --            ; --            ; --                    ; --  ; --   ;
; ENTRADA_SHIFT_LEFT[19] ; Output   ; --            ; --            ; --                    ; --  ; --   ;
; ENTRADA_SHIFT_LEFT[18] ; Output   ; --            ; --            ; --                    ; --  ; --   ;
; ENTRADA_SHIFT_LEFT[17] ; Output   ; --            ; --            ; --                    ; --  ; --   ;
; ENTRADA_SHIFT_LEFT[16] ; Output   ; --            ; --            ; --                    ; --  ; --   ;
; ENTRADA_SHIFT_LEFT[15] ; Output   ; --            ; --            ; --                    ; --  ; --   ;
; ENTRADA_SHIFT_LEFT[14] ; Output   ; --            ; --            ; --                    ; --  ; --   ;
; ENTRADA_SHIFT_LEFT[13] ; Output   ; --            ; --            ; --                    ; --  ; --   ;
; ENTRADA_SHIFT_LEFT[12] ; Output   ; --            ; --            ; --                    ; --  ; --   ;
; ENTRADA_SHIFT_LEFT[11] ; Output   ; --            ; --            ; --                    ; --  ; --   ;
; ENTRADA_SHIFT_LEFT[10] ; Output   ; --            ; --            ; --                    ; --  ; --   ;
; ENTRADA_SHIFT_LEFT[9]  ; Output   ; --            ; --            ; --                    ; --  ; --   ;
; ENTRADA_SHIFT_LEFT[8]  ; Output   ; --            ; --            ; --                    ; --  ; --   ;
; ENTRADA_SHIFT_LEFT[7]  ; Output   ; --            ; --            ; --                    ; --  ; --   ;
; ENTRADA_SHIFT_LEFT[6]  ; Output   ; --            ; --            ; --                    ; --  ; --   ;
; ENTRADA_SHIFT_LEFT[5]  ; Output   ; --            ; --            ; --                    ; --  ; --   ;
; ENTRADA_SHIFT_LEFT[4]  ; Output   ; --            ; --            ; --                    ; --  ; --   ;
; ENTRADA_SHIFT_LEFT[3]  ; Output   ; --            ; --            ; --                    ; --  ; --   ;
; ENTRADA_SHIFT_LEFT[2]  ; Output   ; --            ; --            ; --                    ; --  ; --   ;
; ENTRADA_SHIFT_LEFT[1]  ; Output   ; --            ; --            ; --                    ; --  ; --   ;
; ENTRADA_SHIFT_LEFT[0]  ; Output   ; --            ; --            ; --                    ; --  ; --   ;
; ENTRADA_ULA1[31]       ; Output   ; --            ; --            ; --                    ; --  ; --   ;
; ENTRADA_ULA1[30]       ; Output   ; --            ; --            ; --                    ; --  ; --   ;
; ENTRADA_ULA1[29]       ; Output   ; --            ; --            ; --                    ; --  ; --   ;
; ENTRADA_ULA1[28]       ; Output   ; --            ; --            ; --                    ; --  ; --   ;
; ENTRADA_ULA1[27]       ; Output   ; --            ; --            ; --                    ; --  ; --   ;
; ENTRADA_ULA1[26]       ; Output   ; --            ; --            ; --                    ; --  ; --   ;
; ENTRADA_ULA1[25]       ; Output   ; --            ; --            ; --                    ; --  ; --   ;
; ENTRADA_ULA1[24]       ; Output   ; --            ; --            ; --                    ; --  ; --   ;
; ENTRADA_ULA1[23]       ; Output   ; --            ; --            ; --                    ; --  ; --   ;
; ENTRADA_ULA1[22]       ; Output   ; --            ; --            ; --                    ; --  ; --   ;
; ENTRADA_ULA1[21]       ; Output   ; --            ; --            ; --                    ; --  ; --   ;
; ENTRADA_ULA1[20]       ; Output   ; --            ; --            ; --                    ; --  ; --   ;
; ENTRADA_ULA1[19]       ; Output   ; --            ; --            ; --                    ; --  ; --   ;
; ENTRADA_ULA1[18]       ; Output   ; --            ; --            ; --                    ; --  ; --   ;
; ENTRADA_ULA1[17]       ; Output   ; --            ; --            ; --                    ; --  ; --   ;
; ENTRADA_ULA1[16]       ; Output   ; --            ; --            ; --                    ; --  ; --   ;
; ENTRADA_ULA1[15]       ; Output   ; --            ; --            ; --                    ; --  ; --   ;
; ENTRADA_ULA1[14]       ; Output   ; --            ; --            ; --                    ; --  ; --   ;
; ENTRADA_ULA1[13]       ; Output   ; --            ; --            ; --                    ; --  ; --   ;
; ENTRADA_ULA1[12]       ; Output   ; --            ; --            ; --                    ; --  ; --   ;
; ENTRADA_ULA1[11]       ; Output   ; --            ; --            ; --                    ; --  ; --   ;
; ENTRADA_ULA1[10]       ; Output   ; --            ; --            ; --                    ; --  ; --   ;
; ENTRADA_ULA1[9]        ; Output   ; --            ; --            ; --                    ; --  ; --   ;
; ENTRADA_ULA1[8]        ; Output   ; --            ; --            ; --                    ; --  ; --   ;
; ENTRADA_ULA1[7]        ; Output   ; --            ; --            ; --                    ; --  ; --   ;
; ENTRADA_ULA1[6]        ; Output   ; --            ; --            ; --                    ; --  ; --   ;
; ENTRADA_ULA1[5]        ; Output   ; --            ; --            ; --                    ; --  ; --   ;
; ENTRADA_ULA1[4]        ; Output   ; --            ; --            ; --                    ; --  ; --   ;
; ENTRADA_ULA1[3]        ; Output   ; --            ; --            ; --                    ; --  ; --   ;
; ENTRADA_ULA1[2]        ; Output   ; --            ; --            ; --                    ; --  ; --   ;
; ENTRADA_ULA1[1]        ; Output   ; --            ; --            ; --                    ; --  ; --   ;
; ENTRADA_ULA1[0]        ; Output   ; --            ; --            ; --                    ; --  ; --   ;
; ENTRADA_ULA2[31]       ; Output   ; --            ; --            ; --                    ; --  ; --   ;
; ENTRADA_ULA2[30]       ; Output   ; --            ; --            ; --                    ; --  ; --   ;
; ENTRADA_ULA2[29]       ; Output   ; --            ; --            ; --                    ; --  ; --   ;
; ENTRADA_ULA2[28]       ; Output   ; --            ; --            ; --                    ; --  ; --   ;
; ENTRADA_ULA2[27]       ; Output   ; --            ; --            ; --                    ; --  ; --   ;
; ENTRADA_ULA2[26]       ; Output   ; --            ; --            ; --                    ; --  ; --   ;
; ENTRADA_ULA2[25]       ; Output   ; --            ; --            ; --                    ; --  ; --   ;
; ENTRADA_ULA2[24]       ; Output   ; --            ; --            ; --                    ; --  ; --   ;
; ENTRADA_ULA2[23]       ; Output   ; --            ; --            ; --                    ; --  ; --   ;
; ENTRADA_ULA2[22]       ; Output   ; --            ; --            ; --                    ; --  ; --   ;
; ENTRADA_ULA2[21]       ; Output   ; --            ; --            ; --                    ; --  ; --   ;
; ENTRADA_ULA2[20]       ; Output   ; --            ; --            ; --                    ; --  ; --   ;
; ENTRADA_ULA2[19]       ; Output   ; --            ; --            ; --                    ; --  ; --   ;
; ENTRADA_ULA2[18]       ; Output   ; --            ; --            ; --                    ; --  ; --   ;
; ENTRADA_ULA2[17]       ; Output   ; --            ; --            ; --                    ; --  ; --   ;
; ENTRADA_ULA2[16]       ; Output   ; --            ; --            ; --                    ; --  ; --   ;
; ENTRADA_ULA2[15]       ; Output   ; --            ; --            ; --                    ; --  ; --   ;
; ENTRADA_ULA2[14]       ; Output   ; --            ; --            ; --                    ; --  ; --   ;
; ENTRADA_ULA2[13]       ; Output   ; --            ; --            ; --                    ; --  ; --   ;
; ENTRADA_ULA2[12]       ; Output   ; --            ; --            ; --                    ; --  ; --   ;
; ENTRADA_ULA2[11]       ; Output   ; --            ; --            ; --                    ; --  ; --   ;
; ENTRADA_ULA2[10]       ; Output   ; --            ; --            ; --                    ; --  ; --   ;
; ENTRADA_ULA2[9]        ; Output   ; --            ; --            ; --                    ; --  ; --   ;
; ENTRADA_ULA2[8]        ; Output   ; --            ; --            ; --                    ; --  ; --   ;
; ENTRADA_ULA2[7]        ; Output   ; --            ; --            ; --                    ; --  ; --   ;
; ENTRADA_ULA2[6]        ; Output   ; --            ; --            ; --                    ; --  ; --   ;
; ENTRADA_ULA2[5]        ; Output   ; --            ; --            ; --                    ; --  ; --   ;
; ENTRADA_ULA2[4]        ; Output   ; --            ; --            ; --                    ; --  ; --   ;
; ENTRADA_ULA2[3]        ; Output   ; --            ; --            ; --                    ; --  ; --   ;
; ENTRADA_ULA2[2]        ; Output   ; --            ; --            ; --                    ; --  ; --   ;
; ENTRADA_ULA2[1]        ; Output   ; --            ; --            ; --                    ; --  ; --   ;
; ENTRADA_ULA2[0]        ; Output   ; --            ; --            ; --                    ; --  ; --   ;
; INSTR[31]              ; Output   ; --            ; --            ; --                    ; --  ; --   ;
; INSTR[30]              ; Output   ; --            ; --            ; --                    ; --  ; --   ;
; INSTR[29]              ; Output   ; --            ; --            ; --                    ; --  ; --   ;
; INSTR[28]              ; Output   ; --            ; --            ; --                    ; --  ; --   ;
; INSTR[27]              ; Output   ; --            ; --            ; --                    ; --  ; --   ;
; INSTR[26]              ; Output   ; --            ; --            ; --                    ; --  ; --   ;
; INSTR[25]              ; Output   ; --            ; --            ; --                    ; --  ; --   ;
; INSTR[24]              ; Output   ; --            ; --            ; --                    ; --  ; --   ;
; INSTR[23]              ; Output   ; --            ; --            ; --                    ; --  ; --   ;
; INSTR[22]              ; Output   ; --            ; --            ; --                    ; --  ; --   ;
; INSTR[21]              ; Output   ; --            ; --            ; --                    ; --  ; --   ;
; INSTR[20]              ; Output   ; --            ; --            ; --                    ; --  ; --   ;
; INSTR[19]              ; Output   ; --            ; --            ; --                    ; --  ; --   ;
; INSTR[18]              ; Output   ; --            ; --            ; --                    ; --  ; --   ;
; INSTR[17]              ; Output   ; --            ; --            ; --                    ; --  ; --   ;
; INSTR[16]              ; Output   ; --            ; --            ; --                    ; --  ; --   ;
; INSTR[15]              ; Output   ; --            ; --            ; --                    ; --  ; --   ;
; INSTR[14]              ; Output   ; --            ; --            ; --                    ; --  ; --   ;
; INSTR[13]              ; Output   ; --            ; --            ; --                    ; --  ; --   ;
; INSTR[12]              ; Output   ; --            ; --            ; --                    ; --  ; --   ;
; INSTR[11]              ; Output   ; --            ; --            ; --                    ; --  ; --   ;
; INSTR[10]              ; Output   ; --            ; --            ; --                    ; --  ; --   ;
; INSTR[9]               ; Output   ; --            ; --            ; --                    ; --  ; --   ;
; INSTR[8]               ; Output   ; --            ; --            ; --                    ; --  ; --   ;
; INSTR[7]               ; Output   ; --            ; --            ; --                    ; --  ; --   ;
; INSTR[6]               ; Output   ; --            ; --            ; --                    ; --  ; --   ;
; INSTR[5]               ; Output   ; --            ; --            ; --                    ; --  ; --   ;
; INSTR[4]               ; Output   ; --            ; --            ; --                    ; --  ; --   ;
; INSTR[3]               ; Output   ; --            ; --            ; --                    ; --  ; --   ;
; INSTR[2]               ; Output   ; --            ; --            ; --                    ; --  ; --   ;
; INSTR[1]               ; Output   ; --            ; --            ; --                    ; --  ; --   ;
; INSTR[0]               ; Output   ; --            ; --            ; --                    ; --  ; --   ;
; PC[31]                 ; Output   ; --            ; --            ; --                    ; --  ; --   ;
; PC[30]                 ; Output   ; --            ; --            ; --                    ; --  ; --   ;
; PC[29]                 ; Output   ; --            ; --            ; --                    ; --  ; --   ;
; PC[28]                 ; Output   ; --            ; --            ; --                    ; --  ; --   ;
; PC[27]                 ; Output   ; --            ; --            ; --                    ; --  ; --   ;
; PC[26]                 ; Output   ; --            ; --            ; --                    ; --  ; --   ;
; PC[25]                 ; Output   ; --            ; --            ; --                    ; --  ; --   ;
; PC[24]                 ; Output   ; --            ; --            ; --                    ; --  ; --   ;
; PC[23]                 ; Output   ; --            ; --            ; --                    ; --  ; --   ;
; PC[22]                 ; Output   ; --            ; --            ; --                    ; --  ; --   ;
; PC[21]                 ; Output   ; --            ; --            ; --                    ; --  ; --   ;
; PC[20]                 ; Output   ; --            ; --            ; --                    ; --  ; --   ;
; PC[19]                 ; Output   ; --            ; --            ; --                    ; --  ; --   ;
; PC[18]                 ; Output   ; --            ; --            ; --                    ; --  ; --   ;
; PC[17]                 ; Output   ; --            ; --            ; --                    ; --  ; --   ;
; PC[16]                 ; Output   ; --            ; --            ; --                    ; --  ; --   ;
; PC[15]                 ; Output   ; --            ; --            ; --                    ; --  ; --   ;
; PC[14]                 ; Output   ; --            ; --            ; --                    ; --  ; --   ;
; PC[13]                 ; Output   ; --            ; --            ; --                    ; --  ; --   ;
; PC[12]                 ; Output   ; --            ; --            ; --                    ; --  ; --   ;
; PC[11]                 ; Output   ; --            ; --            ; --                    ; --  ; --   ;
; PC[10]                 ; Output   ; --            ; --            ; --                    ; --  ; --   ;
; PC[9]                  ; Output   ; --            ; --            ; --                    ; --  ; --   ;
; PC[8]                  ; Output   ; --            ; --            ; --                    ; --  ; --   ;
; PC[7]                  ; Output   ; --            ; --            ; --                    ; --  ; --   ;
; PC[6]                  ; Output   ; --            ; --            ; --                    ; --  ; --   ;
; PC[5]                  ; Output   ; --            ; --            ; --                    ; --  ; --   ;
; PC[4]                  ; Output   ; --            ; --            ; --                    ; --  ; --   ;
; PC[3]                  ; Output   ; --            ; --            ; --                    ; --  ; --   ;
; PC[2]                  ; Output   ; --            ; --            ; --                    ; --  ; --   ;
; PC[1]                  ; Output   ; --            ; --            ; --                    ; --  ; --   ;
; PC[0]                  ; Output   ; --            ; --            ; --                    ; --  ; --   ;
; RESULTADO[31]          ; Output   ; --            ; --            ; --                    ; --  ; --   ;
; RESULTADO[30]          ; Output   ; --            ; --            ; --                    ; --  ; --   ;
; RESULTADO[29]          ; Output   ; --            ; --            ; --                    ; --  ; --   ;
; RESULTADO[28]          ; Output   ; --            ; --            ; --                    ; --  ; --   ;
; RESULTADO[27]          ; Output   ; --            ; --            ; --                    ; --  ; --   ;
; RESULTADO[26]          ; Output   ; --            ; --            ; --                    ; --  ; --   ;
; RESULTADO[25]          ; Output   ; --            ; --            ; --                    ; --  ; --   ;
; RESULTADO[24]          ; Output   ; --            ; --            ; --                    ; --  ; --   ;
; RESULTADO[23]          ; Output   ; --            ; --            ; --                    ; --  ; --   ;
; RESULTADO[22]          ; Output   ; --            ; --            ; --                    ; --  ; --   ;
; RESULTADO[21]          ; Output   ; --            ; --            ; --                    ; --  ; --   ;
; RESULTADO[20]          ; Output   ; --            ; --            ; --                    ; --  ; --   ;
; RESULTADO[19]          ; Output   ; --            ; --            ; --                    ; --  ; --   ;
; RESULTADO[18]          ; Output   ; --            ; --            ; --                    ; --  ; --   ;
; RESULTADO[17]          ; Output   ; --            ; --            ; --                    ; --  ; --   ;
; RESULTADO[16]          ; Output   ; --            ; --            ; --                    ; --  ; --   ;
; RESULTADO[15]          ; Output   ; --            ; --            ; --                    ; --  ; --   ;
; RESULTADO[14]          ; Output   ; --            ; --            ; --                    ; --  ; --   ;
; RESULTADO[13]          ; Output   ; --            ; --            ; --                    ; --  ; --   ;
; RESULTADO[12]          ; Output   ; --            ; --            ; --                    ; --  ; --   ;
; RESULTADO[11]          ; Output   ; --            ; --            ; --                    ; --  ; --   ;
; RESULTADO[10]          ; Output   ; --            ; --            ; --                    ; --  ; --   ;
; RESULTADO[9]           ; Output   ; --            ; --            ; --                    ; --  ; --   ;
; RESULTADO[8]           ; Output   ; --            ; --            ; --                    ; --  ; --   ;
; RESULTADO[7]           ; Output   ; --            ; --            ; --                    ; --  ; --   ;
; RESULTADO[6]           ; Output   ; --            ; --            ; --                    ; --  ; --   ;
; RESULTADO[5]           ; Output   ; --            ; --            ; --                    ; --  ; --   ;
; RESULTADO[4]           ; Output   ; --            ; --            ; --                    ; --  ; --   ;
; RESULTADO[3]           ; Output   ; --            ; --            ; --                    ; --  ; --   ;
; RESULTADO[2]           ; Output   ; --            ; --            ; --                    ; --  ; --   ;
; RESULTADO[1]           ; Output   ; --            ; --            ; --                    ; --  ; --   ;
; RESULTADO[0]           ; Output   ; --            ; --            ; --                    ; --  ; --   ;
; SAIDA_EXTENSOR[31]     ; Output   ; --            ; --            ; --                    ; --  ; --   ;
; SAIDA_EXTENSOR[30]     ; Output   ; --            ; --            ; --                    ; --  ; --   ;
; SAIDA_EXTENSOR[29]     ; Output   ; --            ; --            ; --                    ; --  ; --   ;
; SAIDA_EXTENSOR[28]     ; Output   ; --            ; --            ; --                    ; --  ; --   ;
; SAIDA_EXTENSOR[27]     ; Output   ; --            ; --            ; --                    ; --  ; --   ;
; SAIDA_EXTENSOR[26]     ; Output   ; --            ; --            ; --                    ; --  ; --   ;
; SAIDA_EXTENSOR[25]     ; Output   ; --            ; --            ; --                    ; --  ; --   ;
; SAIDA_EXTENSOR[24]     ; Output   ; --            ; --            ; --                    ; --  ; --   ;
; SAIDA_EXTENSOR[23]     ; Output   ; --            ; --            ; --                    ; --  ; --   ;
; SAIDA_EXTENSOR[22]     ; Output   ; --            ; --            ; --                    ; --  ; --   ;
; SAIDA_EXTENSOR[21]     ; Output   ; --            ; --            ; --                    ; --  ; --   ;
; SAIDA_EXTENSOR[20]     ; Output   ; --            ; --            ; --                    ; --  ; --   ;
; SAIDA_EXTENSOR[19]     ; Output   ; --            ; --            ; --                    ; --  ; --   ;
; SAIDA_EXTENSOR[18]     ; Output   ; --            ; --            ; --                    ; --  ; --   ;
; SAIDA_EXTENSOR[17]     ; Output   ; --            ; --            ; --                    ; --  ; --   ;
; SAIDA_EXTENSOR[16]     ; Output   ; --            ; --            ; --                    ; --  ; --   ;
; SAIDA_EXTENSOR[15]     ; Output   ; --            ; --            ; --                    ; --  ; --   ;
; SAIDA_EXTENSOR[14]     ; Output   ; --            ; --            ; --                    ; --  ; --   ;
; SAIDA_EXTENSOR[13]     ; Output   ; --            ; --            ; --                    ; --  ; --   ;
; SAIDA_EXTENSOR[12]     ; Output   ; --            ; --            ; --                    ; --  ; --   ;
; SAIDA_EXTENSOR[11]     ; Output   ; --            ; --            ; --                    ; --  ; --   ;
; SAIDA_EXTENSOR[10]     ; Output   ; --            ; --            ; --                    ; --  ; --   ;
; SAIDA_EXTENSOR[9]      ; Output   ; --            ; --            ; --                    ; --  ; --   ;
; SAIDA_EXTENSOR[8]      ; Output   ; --            ; --            ; --                    ; --  ; --   ;
; SAIDA_EXTENSOR[7]      ; Output   ; --            ; --            ; --                    ; --  ; --   ;
; SAIDA_EXTENSOR[6]      ; Output   ; --            ; --            ; --                    ; --  ; --   ;
; SAIDA_EXTENSOR[5]      ; Output   ; --            ; --            ; --                    ; --  ; --   ;
; SAIDA_EXTENSOR[4]      ; Output   ; --            ; --            ; --                    ; --  ; --   ;
; SAIDA_EXTENSOR[3]      ; Output   ; --            ; --            ; --                    ; --  ; --   ;
; SAIDA_EXTENSOR[2]      ; Output   ; --            ; --            ; --                    ; --  ; --   ;
; SAIDA_EXTENSOR[1]      ; Output   ; --            ; --            ; --                    ; --  ; --   ;
; SAIDA_EXTENSOR[0]      ; Output   ; --            ; --            ; --                    ; --  ; --   ;
; SAIDA_SHIFT2L[31]      ; Output   ; --            ; --            ; --                    ; --  ; --   ;
; SAIDA_SHIFT2L[30]      ; Output   ; --            ; --            ; --                    ; --  ; --   ;
; SAIDA_SHIFT2L[29]      ; Output   ; --            ; --            ; --                    ; --  ; --   ;
; SAIDA_SHIFT2L[28]      ; Output   ; --            ; --            ; --                    ; --  ; --   ;
; SAIDA_SHIFT2L[27]      ; Output   ; --            ; --            ; --                    ; --  ; --   ;
; SAIDA_SHIFT2L[26]      ; Output   ; --            ; --            ; --                    ; --  ; --   ;
; SAIDA_SHIFT2L[25]      ; Output   ; --            ; --            ; --                    ; --  ; --   ;
; SAIDA_SHIFT2L[24]      ; Output   ; --            ; --            ; --                    ; --  ; --   ;
; SAIDA_SHIFT2L[23]      ; Output   ; --            ; --            ; --                    ; --  ; --   ;
; SAIDA_SHIFT2L[22]      ; Output   ; --            ; --            ; --                    ; --  ; --   ;
; SAIDA_SHIFT2L[21]      ; Output   ; --            ; --            ; --                    ; --  ; --   ;
; SAIDA_SHIFT2L[20]      ; Output   ; --            ; --            ; --                    ; --  ; --   ;
; SAIDA_SHIFT2L[19]      ; Output   ; --            ; --            ; --                    ; --  ; --   ;
; SAIDA_SHIFT2L[18]      ; Output   ; --            ; --            ; --                    ; --  ; --   ;
; SAIDA_SHIFT2L[17]      ; Output   ; --            ; --            ; --                    ; --  ; --   ;
; SAIDA_SHIFT2L[16]      ; Output   ; --            ; --            ; --                    ; --  ; --   ;
; SAIDA_SHIFT2L[15]      ; Output   ; --            ; --            ; --                    ; --  ; --   ;
; SAIDA_SHIFT2L[14]      ; Output   ; --            ; --            ; --                    ; --  ; --   ;
; SAIDA_SHIFT2L[13]      ; Output   ; --            ; --            ; --                    ; --  ; --   ;
; SAIDA_SHIFT2L[12]      ; Output   ; --            ; --            ; --                    ; --  ; --   ;
; SAIDA_SHIFT2L[11]      ; Output   ; --            ; --            ; --                    ; --  ; --   ;
; SAIDA_SHIFT2L[10]      ; Output   ; --            ; --            ; --                    ; --  ; --   ;
; SAIDA_SHIFT2L[9]       ; Output   ; --            ; --            ; --                    ; --  ; --   ;
; SAIDA_SHIFT2L[8]       ; Output   ; --            ; --            ; --                    ; --  ; --   ;
; SAIDA_SHIFT2L[7]       ; Output   ; --            ; --            ; --                    ; --  ; --   ;
; SAIDA_SHIFT2L[6]       ; Output   ; --            ; --            ; --                    ; --  ; --   ;
; SAIDA_SHIFT2L[5]       ; Output   ; --            ; --            ; --                    ; --  ; --   ;
; SAIDA_SHIFT2L[4]       ; Output   ; --            ; --            ; --                    ; --  ; --   ;
; SAIDA_SHIFT2L[3]       ; Output   ; --            ; --            ; --                    ; --  ; --   ;
; SAIDA_SHIFT2L[2]       ; Output   ; --            ; --            ; --                    ; --  ; --   ;
; SAIDA_SHIFT2L[1]       ; Output   ; --            ; --            ; --                    ; --  ; --   ;
; SAIDA_SHIFT2L[0]       ; Output   ; --            ; --            ; --                    ; --  ; --   ;
; CLK                    ; Input    ; (0) 0 ps      ; --            ; --                    ; --  ; --   ;
; RESET                  ; Input    ; (0) 0 ps      ; --            ; --                    ; --  ; --   ;
+------------------------+----------+---------------+---------------+-----------------------+-----+------+


+---------------------------------------------------+
; Pad To Core Delay Chain Fanout                    ;
+---------------------+-------------------+---------+
; Source Pin / Fanout ; Pad To Core Index ; Setting ;
+---------------------+-------------------+---------+
; CLK                 ;                   ;         ;
; RESET               ;                   ;         ;
+---------------------+-------------------+---------+


+------------------------------------------------------------------------------------------------------------------------------------------------------------------------------------+
; Control Signals                                                                                                                                                                    ;
+-------------------------------------------------------+--------------------+---------+--------------+--------+----------------------+------------------+---------------------------+
; Name                                                  ; Location           ; Fan-Out ; Usage        ; Global ; Global Resource Used ; Global Line Name ; Enable Signal Source Name ;
+-------------------------------------------------------+--------------------+---------+--------------+--------+----------------------+------------------+---------------------------+
; BANCO_DE_REGISTRADORES:inst3|REGISTRADORES[0][31]~79  ; LCCOMB_X56_Y40_N28 ; 32      ; Clock enable ; no     ; --                   ; --               ; --                        ;
; BANCO_DE_REGISTRADORES:inst3|REGISTRADORES[16][31]~80 ; LCCOMB_X56_Y40_N26 ; 32      ; Clock enable ; no     ; --                   ; --               ; --                        ;
; BANCO_DE_REGISTRADORES:inst3|REGISTRADORES[17][31]~81 ; LCCOMB_X54_Y48_N22 ; 32      ; Clock enable ; no     ; --                   ; --               ; --                        ;
; BANCO_DE_REGISTRADORES:inst3|REGISTRADORES[18][31]~82 ; LCCOMB_X56_Y40_N16 ; 32      ; Clock enable ; no     ; --                   ; --               ; --                        ;
; BANCO_DE_REGISTRADORES:inst3|REGISTRADORES[19][31]~76 ; LCCOMB_X52_Y45_N6  ; 32      ; Clock enable ; no     ; --                   ; --               ; --                        ;
; BANCO_DE_REGISTRADORES:inst3|REGISTRADORES[1][31]~72  ; LCCOMB_X52_Y45_N28 ; 32      ; Clock enable ; no     ; --                   ; --               ; --                        ;
; BANCO_DE_REGISTRADORES:inst3|REGISTRADORES[24][31]~74 ; LCCOMB_X52_Y45_N22 ; 32      ; Clock enable ; no     ; --                   ; --               ; --                        ;
; BANCO_DE_REGISTRADORES:inst3|REGISTRADORES[25][31]~71 ; LCCOMB_X52_Y45_N26 ; 32      ; Clock enable ; no     ; --                   ; --               ; --                        ;
; BANCO_DE_REGISTRADORES:inst3|REGISTRADORES[2][31]~73  ; LCCOMB_X52_Y45_N2  ; 32      ; Clock enable ; no     ; --                   ; --               ; --                        ;
; BANCO_DE_REGISTRADORES:inst3|REGISTRADORES[3][31]~75  ; LCCOMB_X52_Y45_N12 ; 32      ; Clock enable ; no     ; --                   ; --               ; --                        ;
; BANCO_DE_REGISTRADORES:inst3|REGISTRADORES[8][31]~83  ; LCCOMB_X58_Y48_N12 ; 32      ; Clock enable ; no     ; --                   ; --               ; --                        ;
; BANCO_DE_REGISTRADORES:inst3|REGISTRADORES[9][31]~78  ; LCCOMB_X58_Y48_N10 ; 32      ; Clock enable ; no     ; --                   ; --               ; --                        ;
; CLK                                                   ; PIN_J1             ; 2462    ; Clock        ; yes    ; Global Clock         ; GCLK2            ; --                        ;
; DECODIFICADOR_PRINCIPAL:inst13|Mux5~4                 ; LCCOMB_X57_Y48_N10 ; 19      ; Sync. load   ; no     ; --                   ; --               ; --                        ;
; MEMORIA_DE_DADOS:inst11|Decoder0~10                   ; LCCOMB_X62_Y44_N0  ; 32      ; Clock enable ; no     ; --                   ; --               ; --                        ;
; MEMORIA_DE_DADOS:inst11|Decoder0~11                   ; LCCOMB_X62_Y46_N8  ; 32      ; Clock enable ; no     ; --                   ; --               ; --                        ;
; MEMORIA_DE_DADOS:inst11|Decoder0~12                   ; LCCOMB_X62_Y44_N10 ; 32      ; Clock enable ; no     ; --                   ; --               ; --                        ;
; MEMORIA_DE_DADOS:inst11|Decoder0~14                   ; LCCOMB_X61_Y48_N16 ; 32      ; Clock enable ; no     ; --                   ; --               ; --                        ;
; MEMORIA_DE_DADOS:inst11|Decoder0~16                   ; LCCOMB_X60_Y48_N28 ; 32      ; Clock enable ; no     ; --                   ; --               ; --                        ;
; MEMORIA_DE_DADOS:inst11|Decoder0~17                   ; LCCOMB_X61_Y48_N2  ; 32      ; Clock enable ; no     ; --                   ; --               ; --                        ;
; MEMORIA_DE_DADOS:inst11|Decoder0~18                   ; LCCOMB_X60_Y48_N14 ; 32      ; Clock enable ; no     ; --                   ; --               ; --                        ;
; MEMORIA_DE_DADOS:inst11|Decoder0~2                    ; LCCOMB_X54_Y41_N30 ; 32      ; Clock enable ; no     ; --                   ; --               ; --                        ;
; MEMORIA_DE_DADOS:inst11|Decoder0~20                   ; LCCOMB_X62_Y44_N8  ; 32      ; Clock enable ; no     ; --                   ; --               ; --                        ;
; MEMORIA_DE_DADOS:inst11|Decoder0~22                   ; LCCOMB_X60_Y43_N4  ; 32      ; Clock enable ; no     ; --                   ; --               ; --                        ;
; MEMORIA_DE_DADOS:inst11|Decoder0~23                   ; LCCOMB_X53_Y44_N20 ; 32      ; Clock enable ; no     ; --                   ; --               ; --                        ;
; MEMORIA_DE_DADOS:inst11|Decoder0~24                   ; LCCOMB_X60_Y43_N18 ; 32      ; Clock enable ; no     ; --                   ; --               ; --                        ;
; MEMORIA_DE_DADOS:inst11|Decoder0~25                   ; LCCOMB_X58_Y48_N24 ; 32      ; Clock enable ; no     ; --                   ; --               ; --                        ;
; MEMORIA_DE_DADOS:inst11|Decoder0~26                   ; LCCOMB_X62_Y42_N28 ; 32      ; Clock enable ; no     ; --                   ; --               ; --                        ;
; MEMORIA_DE_DADOS:inst11|Decoder0~27                   ; LCCOMB_X54_Y49_N16 ; 32      ; Clock enable ; no     ; --                   ; --               ; --                        ;
; MEMORIA_DE_DADOS:inst11|Decoder0~28                   ; LCCOMB_X62_Y44_N26 ; 32      ; Clock enable ; no     ; --                   ; --               ; --                        ;
; MEMORIA_DE_DADOS:inst11|Decoder0~29                   ; LCCOMB_X65_Y45_N30 ; 32      ; Clock enable ; no     ; --                   ; --               ; --                        ;
; MEMORIA_DE_DADOS:inst11|Decoder0~30                   ; LCCOMB_X56_Y49_N6  ; 32      ; Clock enable ; no     ; --                   ; --               ; --                        ;
; MEMORIA_DE_DADOS:inst11|Decoder0~31                   ; LCCOMB_X52_Y50_N6  ; 32      ; Clock enable ; no     ; --                   ; --               ; --                        ;
; MEMORIA_DE_DADOS:inst11|Decoder0~32                   ; LCCOMB_X60_Y43_N8  ; 32      ; Clock enable ; no     ; --                   ; --               ; --                        ;
; MEMORIA_DE_DADOS:inst11|Decoder0~33                   ; LCCOMB_X60_Y47_N30 ; 32      ; Clock enable ; no     ; --                   ; --               ; --                        ;
; MEMORIA_DE_DADOS:inst11|Decoder0~34                   ; LCCOMB_X61_Y47_N30 ; 32      ; Clock enable ; no     ; --                   ; --               ; --                        ;
; MEMORIA_DE_DADOS:inst11|Decoder0~35                   ; LCCOMB_X61_Y48_N20 ; 32      ; Clock enable ; no     ; --                   ; --               ; --                        ;
; MEMORIA_DE_DADOS:inst11|Decoder0~36                   ; LCCOMB_X53_Y44_N18 ; 32      ; Clock enable ; no     ; --                   ; --               ; --                        ;
; MEMORIA_DE_DADOS:inst11|Decoder0~37                   ; LCCOMB_X62_Y44_N12 ; 32      ; Clock enable ; no     ; --                   ; --               ; --                        ;
; MEMORIA_DE_DADOS:inst11|Decoder0~38                   ; LCCOMB_X59_Y41_N0  ; 32      ; Clock enable ; no     ; --                   ; --               ; --                        ;
; MEMORIA_DE_DADOS:inst11|Decoder0~39                   ; LCCOMB_X60_Y48_N12 ; 32      ; Clock enable ; no     ; --                   ; --               ; --                        ;
; MEMORIA_DE_DADOS:inst11|Decoder0~4                    ; LCCOMB_X60_Y48_N8  ; 32      ; Clock enable ; no     ; --                   ; --               ; --                        ;
; MEMORIA_DE_DADOS:inst11|Decoder0~40                   ; LCCOMB_X60_Y43_N22 ; 32      ; Clock enable ; no     ; --                   ; --               ; --                        ;
; MEMORIA_DE_DADOS:inst11|Decoder0~41                   ; LCCOMB_X62_Y46_N2  ; 32      ; Clock enable ; no     ; --                   ; --               ; --                        ;
; MEMORIA_DE_DADOS:inst11|Decoder0~42                   ; LCCOMB_X55_Y45_N24 ; 32      ; Clock enable ; no     ; --                   ; --               ; --                        ;
; MEMORIA_DE_DADOS:inst11|Decoder0~43                   ; LCCOMB_X62_Y46_N28 ; 32      ; Clock enable ; no     ; --                   ; --               ; --                        ;
; MEMORIA_DE_DADOS:inst11|Decoder0~44                   ; LCCOMB_X53_Y45_N14 ; 32      ; Clock enable ; no     ; --                   ; --               ; --                        ;
; MEMORIA_DE_DADOS:inst11|Decoder0~45                   ; LCCOMB_X60_Y48_N18 ; 32      ; Clock enable ; no     ; --                   ; --               ; --                        ;
; MEMORIA_DE_DADOS:inst11|Decoder0~46                   ; LCCOMB_X56_Y49_N0  ; 32      ; Clock enable ; no     ; --                   ; --               ; --                        ;
; MEMORIA_DE_DADOS:inst11|Decoder0~47                   ; LCCOMB_X60_Y48_N20 ; 32      ; Clock enable ; no     ; --                   ; --               ; --                        ;
; MEMORIA_DE_DADOS:inst11|Decoder0~48                   ; LCCOMB_X60_Y48_N30 ; 32      ; Clock enable ; no     ; --                   ; --               ; --                        ;
; MEMORIA_DE_DADOS:inst11|Decoder0~49                   ; LCCOMB_X56_Y49_N26 ; 32      ; Clock enable ; no     ; --                   ; --               ; --                        ;
; MEMORIA_DE_DADOS:inst11|Decoder0~5                    ; LCCOMB_X57_Y41_N26 ; 32      ; Clock enable ; no     ; --                   ; --               ; --                        ;
; MEMORIA_DE_DADOS:inst11|Decoder0~50                   ; LCCOMB_X52_Y43_N22 ; 32      ; Clock enable ; no     ; --                   ; --               ; --                        ;
; MEMORIA_DE_DADOS:inst11|Decoder0~51                   ; LCCOMB_X49_Y44_N2  ; 32      ; Clock enable ; no     ; --                   ; --               ; --                        ;
; MEMORIA_DE_DADOS:inst11|Decoder0~52                   ; LCCOMB_X60_Y47_N20 ; 32      ; Clock enable ; no     ; --                   ; --               ; --                        ;
; MEMORIA_DE_DADOS:inst11|Decoder0~53                   ; LCCOMB_X62_Y44_N18 ; 32      ; Clock enable ; no     ; --                   ; --               ; --                        ;
; MEMORIA_DE_DADOS:inst11|Decoder0~54                   ; LCCOMB_X60_Y43_N28 ; 32      ; Clock enable ; no     ; --                   ; --               ; --                        ;
; MEMORIA_DE_DADOS:inst11|Decoder0~55                   ; LCCOMB_X62_Y44_N20 ; 32      ; Clock enable ; no     ; --                   ; --               ; --                        ;
; MEMORIA_DE_DADOS:inst11|Decoder0~56                   ; LCCOMB_X60_Y43_N2  ; 32      ; Clock enable ; no     ; --                   ; --               ; --                        ;
; MEMORIA_DE_DADOS:inst11|Decoder0~57                   ; LCCOMB_X63_Y45_N28 ; 32      ; Clock enable ; no     ; --                   ; --               ; --                        ;
; MEMORIA_DE_DADOS:inst11|Decoder0~58                   ; LCCOMB_X60_Y47_N6  ; 32      ; Clock enable ; no     ; --                   ; --               ; --                        ;
; MEMORIA_DE_DADOS:inst11|Decoder0~59                   ; LCCOMB_X54_Y49_N14 ; 32      ; Clock enable ; no     ; --                   ; --               ; --                        ;
; MEMORIA_DE_DADOS:inst11|Decoder0~6                    ; LCCOMB_X61_Y42_N30 ; 32      ; Clock enable ; no     ; --                   ; --               ; --                        ;
; MEMORIA_DE_DADOS:inst11|Decoder0~60                   ; LCCOMB_X62_Y45_N26 ; 32      ; Clock enable ; no     ; --                   ; --               ; --                        ;
; MEMORIA_DE_DADOS:inst11|Decoder0~61                   ; LCCOMB_X60_Y48_N16 ; 32      ; Clock enable ; no     ; --                   ; --               ; --                        ;
; MEMORIA_DE_DADOS:inst11|Decoder0~62                   ; LCCOMB_X62_Y44_N14 ; 32      ; Clock enable ; no     ; --                   ; --               ; --                        ;
; MEMORIA_DE_DADOS:inst11|Decoder0~63                   ; LCCOMB_X60_Y48_N26 ; 32      ; Clock enable ; no     ; --                   ; --               ; --                        ;
; MEMORIA_DE_DADOS:inst11|Decoder0~64                   ; LCCOMB_X60_Y43_N12 ; 32      ; Clock enable ; no     ; --                   ; --               ; --                        ;
; MEMORIA_DE_DADOS:inst11|Decoder0~65                   ; LCCOMB_X62_Y46_N18 ; 32      ; Clock enable ; no     ; --                   ; --               ; --                        ;
; MEMORIA_DE_DADOS:inst11|Decoder0~66                   ; LCCOMB_X59_Y40_N26 ; 32      ; Clock enable ; no     ; --                   ; --               ; --                        ;
; MEMORIA_DE_DADOS:inst11|Decoder0~67                   ; LCCOMB_X61_Y48_N14 ; 32      ; Clock enable ; no     ; --                   ; --               ; --                        ;
; MEMORIA_DE_DADOS:inst11|Decoder0~68                   ; LCCOMB_X55_Y45_N10 ; 32      ; Clock enable ; no     ; --                   ; --               ; --                        ;
; MEMORIA_DE_DADOS:inst11|Decoder0~69                   ; LCCOMB_X60_Y48_N0  ; 32      ; Clock enable ; no     ; --                   ; --               ; --                        ;
; MEMORIA_DE_DADOS:inst11|Decoder0~70                   ; LCCOMB_X62_Y43_N4  ; 32      ; Clock enable ; no     ; --                   ; --               ; --                        ;
; MEMORIA_DE_DADOS:inst11|Decoder0~71                   ; LCCOMB_X60_Y48_N22 ; 32      ; Clock enable ; no     ; --                   ; --               ; --                        ;
; MEMORIA_DE_DADOS:inst11|Decoder0~72                   ; LCCOMB_X60_Y43_N6  ; 32      ; Clock enable ; no     ; --                   ; --               ; --                        ;
; MEMORIA_DE_DADOS:inst11|Decoder0~8                    ; LCCOMB_X67_Y46_N30 ; 32      ; Clock enable ; no     ; --                   ; --               ; --                        ;
; RESET                                                 ; PIN_Y2             ; 21      ; Sync. clear  ; no     ; --                   ; --               ; --                        ;
+-------------------------------------------------------+--------------------+---------+--------------+--------+----------------------+------------------+---------------------------+


+----------------------------------------------------------------------------------------------------------------------------------------+
; Global & Other Fast Signals                                                                                                            ;
+------+----------+---------+--------------------------------------+----------------------+------------------+---------------------------+
; Name ; Location ; Fan-Out ; Fan-Out Using Intentional Clock Skew ; Global Resource Used ; Global Line Name ; Enable Signal Source Name ;
+------+----------+---------+--------------------------------------+----------------------+------------------+---------------------------+
; CLK  ; PIN_J1   ; 2462    ; 1722                                 ; Global Clock         ; GCLK2            ; --                        ;
+------+----------+---------+--------------------------------------+----------------------+------------------+---------------------------+


+-----------------------------------------------------------------------+
; Non-Global High Fan-Out Signals                                       ;
+-------------------------------------------------------------+---------+
; Name                                                        ; Fan-Out ;
+-------------------------------------------------------------+---------+
; ULA:inst10|Mux25~2                                          ; 442     ;
; ULA:inst10|Mux24~3                                          ; 441     ;
; ULA:inst10|Mux26~2                                          ; 435     ;
; ULA:inst10|Mux29~2                                          ; 310     ;
; ULA:inst10|Mux27~2                                          ; 308     ;
; ULA:inst10|Mux28~2                                          ; 305     ;
; MEMORIA_DE_INSTRUCAO:inst22|MEMORIA~19                      ; 134     ;
; MEMORIA_DE_INSTRUCAO:inst22|MEMORIA~24                      ; 104     ;
; MEMORIA_DE_INSTRUCAO:inst22|MEMORIA~25                      ; 101     ;
; MEMORIA_DE_INSTRUCAO:inst22|MEMORIA~17                      ; 84      ;
; ULA_DECODIFICADOR:inst14|Mux1~0                             ; 71      ;
; MEMORIA_DE_INSTRUCAO:inst22|MEMORIA~36                      ; 69      ;
; MEMORIA_DE_INSTRUCAO:inst22|MEMORIA~18                      ; 68      ;
; MEMORIA_DE_INSTRUCAO:inst22|MEMORIA~20                      ; 65      ;
; BANCO_DE_REGISTRADORES:inst3|DADO_LIDO2[0]~287              ; 64      ;
; BANCO_DE_REGISTRADORES:inst3|DADO_LIDO2[1]~286              ; 64      ;
; BANCO_DE_REGISTRADORES:inst3|DADO_LIDO2[2]~285              ; 64      ;
; BANCO_DE_REGISTRADORES:inst3|DADO_LIDO2[3]~284              ; 64      ;
; BANCO_DE_REGISTRADORES:inst3|DADO_LIDO2[4]~283              ; 64      ;
; BANCO_DE_REGISTRADORES:inst3|DADO_LIDO2[5]~282              ; 64      ;
; BANCO_DE_REGISTRADORES:inst3|DADO_LIDO2[6]~281              ; 64      ;
; BANCO_DE_REGISTRADORES:inst3|DADO_LIDO2[7]~280              ; 64      ;
; BANCO_DE_REGISTRADORES:inst3|DADO_LIDO2[8]~279              ; 64      ;
; BANCO_DE_REGISTRADORES:inst3|DADO_LIDO2[9]~278              ; 64      ;
; BANCO_DE_REGISTRADORES:inst3|DADO_LIDO2[10]~277             ; 64      ;
; BANCO_DE_REGISTRADORES:inst3|DADO_LIDO2[11]~276             ; 64      ;
; BANCO_DE_REGISTRADORES:inst3|DADO_LIDO2[12]~275             ; 64      ;
; BANCO_DE_REGISTRADORES:inst3|DADO_LIDO2[13]~274             ; 64      ;
; BANCO_DE_REGISTRADORES:inst3|DADO_LIDO2[14]~273             ; 64      ;
; BANCO_DE_REGISTRADORES:inst3|DADO_LIDO2[15]~272             ; 64      ;
; BANCO_DE_REGISTRADORES:inst3|DADO_LIDO2[16]~271             ; 64      ;
; BANCO_DE_REGISTRADORES:inst3|DADO_LIDO2[17]~270             ; 64      ;
; BANCO_DE_REGISTRADORES:inst3|DADO_LIDO2[18]~269             ; 64      ;
; BANCO_DE_REGISTRADORES:inst3|DADO_LIDO2[19]~268             ; 64      ;
; BANCO_DE_REGISTRADORES:inst3|DADO_LIDO2[20]~267             ; 64      ;
; BANCO_DE_REGISTRADORES:inst3|DADO_LIDO2[21]~266             ; 64      ;
; BANCO_DE_REGISTRADORES:inst3|DADO_LIDO2[22]~265             ; 64      ;
; BANCO_DE_REGISTRADORES:inst3|DADO_LIDO2[23]~264             ; 64      ;
; BANCO_DE_REGISTRADORES:inst3|DADO_LIDO2[24]~263             ; 64      ;
; BANCO_DE_REGISTRADORES:inst3|DADO_LIDO2[25]~262             ; 64      ;
; BANCO_DE_REGISTRADORES:inst3|DADO_LIDO2[26]~261             ; 64      ;
; BANCO_DE_REGISTRADORES:inst3|DADO_LIDO2[27]~260             ; 64      ;
; BANCO_DE_REGISTRADORES:inst3|DADO_LIDO2[28]~259             ; 64      ;
; BANCO_DE_REGISTRADORES:inst3|DADO_LIDO2[29]~258             ; 64      ;
; BANCO_DE_REGISTRADORES:inst3|DADO_LIDO2[30]~257             ; 64      ;
; BANCO_DE_REGISTRADORES:inst3|DADO_LIDO2[31]~256             ; 64      ;
; BANCO_DE_REGISTRADORES:inst3|Equal1~0                       ; 64      ;
; MEMORIA_DE_INSTRUCAO:inst22|MEMORIA~37                      ; 56      ;
; MEMORIA_DE_INSTRUCAO:inst22|MEMORIA~28                      ; 53      ;
; MEMORIA_DE_INSTRUCAO:inst22|MEMORIA~22                      ; 52      ;
; MEMORIA_DE_INSTRUCAO:inst22|MEMORIA~30                      ; 40      ;
; ULA_DECODIFICADOR:inst14|CONTROLE_ULA[0]~0                  ; 36      ;
; MEMORIA_DE_INSTRUCAO:inst22|MEMORIA~38                      ; 34      ;
; ULA:inst10|Mux24~0                                          ; 33      ;
; ULA_DECODIFICADOR:inst14|CONTROLE_ULA[1]~1                  ; 33      ;
; BANCO_DE_REGISTRADORES:inst3|REGISTRADORES[8][31]~83        ; 32      ;
; BANCO_DE_REGISTRADORES:inst3|REGISTRADORES[18][31]~82       ; 32      ;
; BANCO_DE_REGISTRADORES:inst3|REGISTRADORES[17][31]~81       ; 32      ;
; BANCO_DE_REGISTRADORES:inst3|REGISTRADORES[16][31]~80       ; 32      ;
; BANCO_DE_REGISTRADORES:inst3|REGISTRADORES[0][31]~79        ; 32      ;
; BANCO_DE_REGISTRADORES:inst3|REGISTRADORES[9][31]~78        ; 32      ;
; MEMORIA_DE_DADOS:inst11|Decoder0~72                         ; 32      ;
; MEMORIA_DE_DADOS:inst11|Decoder0~71                         ; 32      ;
; MEMORIA_DE_DADOS:inst11|Decoder0~70                         ; 32      ;
; MEMORIA_DE_DADOS:inst11|Decoder0~69                         ; 32      ;
; MEMORIA_DE_DADOS:inst11|Decoder0~68                         ; 32      ;
; MEMORIA_DE_DADOS:inst11|Decoder0~67                         ; 32      ;
; MEMORIA_DE_DADOS:inst11|Decoder0~66                         ; 32      ;
; MEMORIA_DE_DADOS:inst11|Decoder0~65                         ; 32      ;
; MEMORIA_DE_DADOS:inst11|Decoder0~64                         ; 32      ;
; MEMORIA_DE_DADOS:inst11|Decoder0~63                         ; 32      ;
; MEMORIA_DE_DADOS:inst11|Decoder0~62                         ; 32      ;
; MEMORIA_DE_DADOS:inst11|Decoder0~61                         ; 32      ;
; MEMORIA_DE_DADOS:inst11|Decoder0~60                         ; 32      ;
; MEMORIA_DE_DADOS:inst11|Decoder0~59                         ; 32      ;
; MEMORIA_DE_DADOS:inst11|Decoder0~58                         ; 32      ;
; MEMORIA_DE_DADOS:inst11|Decoder0~57                         ; 32      ;
; MEMORIA_DE_DADOS:inst11|Decoder0~56                         ; 32      ;
; MEMORIA_DE_DADOS:inst11|Decoder0~55                         ; 32      ;
; MEMORIA_DE_DADOS:inst11|Decoder0~54                         ; 32      ;
; MEMORIA_DE_DADOS:inst11|Decoder0~53                         ; 32      ;
; MEMORIA_DE_DADOS:inst11|Decoder0~52                         ; 32      ;
; MEMORIA_DE_DADOS:inst11|Decoder0~51                         ; 32      ;
; MEMORIA_DE_DADOS:inst11|Decoder0~50                         ; 32      ;
; MEMORIA_DE_DADOS:inst11|Decoder0~49                         ; 32      ;
; MEMORIA_DE_DADOS:inst11|Decoder0~48                         ; 32      ;
; MEMORIA_DE_DADOS:inst11|Decoder0~47                         ; 32      ;
; MEMORIA_DE_DADOS:inst11|Decoder0~46                         ; 32      ;
; MEMORIA_DE_DADOS:inst11|Decoder0~45                         ; 32      ;
; MEMORIA_DE_DADOS:inst11|Decoder0~44                         ; 32      ;
; MEMORIA_DE_DADOS:inst11|Decoder0~43                         ; 32      ;
; MEMORIA_DE_DADOS:inst11|Decoder0~42                         ; 32      ;
; MEMORIA_DE_DADOS:inst11|Decoder0~41                         ; 32      ;
; MEMORIA_DE_DADOS:inst11|Decoder0~40                         ; 32      ;
; MEMORIA_DE_DADOS:inst11|Decoder0~39                         ; 32      ;
; MEMORIA_DE_DADOS:inst11|Decoder0~38                         ; 32      ;
; MEMORIA_DE_DADOS:inst11|Decoder0~37                         ; 32      ;
; MEMORIA_DE_DADOS:inst11|Decoder0~36                         ; 32      ;
; MEMORIA_DE_DADOS:inst11|Decoder0~35                         ; 32      ;
; MEMORIA_DE_DADOS:inst11|Decoder0~34                         ; 32      ;
; MEMORIA_DE_DADOS:inst11|Decoder0~33                         ; 32      ;
; MEMORIA_DE_DADOS:inst11|Decoder0~32                         ; 32      ;
; MEMORIA_DE_DADOS:inst11|Decoder0~31                         ; 32      ;
; MEMORIA_DE_DADOS:inst11|Decoder0~30                         ; 32      ;
; MEMORIA_DE_DADOS:inst11|Decoder0~29                         ; 32      ;
; MEMORIA_DE_DADOS:inst11|Decoder0~28                         ; 32      ;
; MEMORIA_DE_DADOS:inst11|Decoder0~27                         ; 32      ;
; MEMORIA_DE_DADOS:inst11|Decoder0~26                         ; 32      ;
; MEMORIA_DE_DADOS:inst11|Decoder0~25                         ; 32      ;
; MEMORIA_DE_DADOS:inst11|Decoder0~24                         ; 32      ;
; MEMORIA_DE_DADOS:inst11|Decoder0~23                         ; 32      ;
; MEMORIA_DE_DADOS:inst11|Decoder0~22                         ; 32      ;
; MEMORIA_DE_DADOS:inst11|Decoder0~20                         ; 32      ;
; MEMORIA_DE_DADOS:inst11|Decoder0~18                         ; 32      ;
; MEMORIA_DE_DADOS:inst11|Decoder0~17                         ; 32      ;
; MEMORIA_DE_DADOS:inst11|Decoder0~16                         ; 32      ;
; MEMORIA_DE_DADOS:inst11|Decoder0~14                         ; 32      ;
; MEMORIA_DE_DADOS:inst11|Decoder0~12                         ; 32      ;
; MEMORIA_DE_DADOS:inst11|Decoder0~11                         ; 32      ;
; MEMORIA_DE_DADOS:inst11|Decoder0~10                         ; 32      ;
; MEMORIA_DE_DADOS:inst11|Decoder0~8                          ; 32      ;
; MEMORIA_DE_DADOS:inst11|Decoder0~6                          ; 32      ;
; MEMORIA_DE_DADOS:inst11|Decoder0~5                          ; 32      ;
; MEMORIA_DE_DADOS:inst11|Decoder0~4                          ; 32      ;
; MEMORIA_DE_DADOS:inst11|Decoder0~2                          ; 32      ;
; BANCO_DE_REGISTRADORES:inst3|REGISTRADORES[19][31]~76       ; 32      ;
; BANCO_DE_REGISTRADORES:inst3|REGISTRADORES[3][31]~75        ; 32      ;
; BANCO_DE_REGISTRADORES:inst3|REGISTRADORES[24][31]~74       ; 32      ;
; BANCO_DE_REGISTRADORES:inst3|REGISTRADORES[2][31]~73        ; 32      ;
; BANCO_DE_REGISTRADORES:inst3|REGISTRADORES[1][31]~72        ; 32      ;
; BANCO_DE_REGISTRADORES:inst3|REGISTRADORES[25][31]~71       ; 32      ;
; BANCO_DE_REGISTRADORES:inst3|Equal0~0                       ; 32      ;
; DECODIFICADOR_PRINCIPAL:inst13|Mux2~11                      ; 30      ;
; CONTADOR_DE_PROGRAMA_COM_RESET:inst21|ENDERECO_SAIDA[5]     ; 25      ;
; CONTADOR_DE_PROGRAMA_COM_RESET:inst21|ENDERECO_SAIDA[4]     ; 25      ;
; CONTADOR_DE_PROGRAMA_COM_RESET:inst21|ENDERECO_SAIDA[2]     ; 24      ;
; inst17                                                      ; 22      ;
; RESET~input                                                 ; 21      ;
; CONTADOR_DE_PROGRAMA_COM_RESET:inst21|ENDERECO_SAIDA[6]     ; 21      ;
; CONTADOR_DE_PROGRAMA_COM_RESET:inst21|ENDERECO_SAIDA[3]     ; 21      ;
; CONTADOR_DE_PROGRAMA_COM_RESET:inst21|ENDERECO_SAIDA[7]     ; 20      ;
; DECODIFICADOR_PRINCIPAL:inst13|Mux5~4                       ; 19      ;
; MEMORIA_DE_INSTRUCAO:inst22|MEMORIA~27                      ; 14      ;
; MULTIPLEXADOR_DOIS:inst12|SAIDA[0]~1375                     ; 13      ;
; MULTIPLEXADOR_DOIS:inst12|SAIDA[1]~1332                     ; 13      ;
; MULTIPLEXADOR_DOIS:inst12|SAIDA[2]~1289                     ; 13      ;
; MULTIPLEXADOR_DOIS:inst12|SAIDA[3]~1246                     ; 13      ;
; MULTIPLEXADOR_DOIS:inst12|SAIDA[4]~1203                     ; 13      ;
; MULTIPLEXADOR_DOIS:inst12|SAIDA[5]~1160                     ; 13      ;
; MULTIPLEXADOR_DOIS:inst12|SAIDA[6]~1117                     ; 13      ;
; MULTIPLEXADOR_DOIS:inst12|SAIDA[7]~1074                     ; 13      ;
; MULTIPLEXADOR_DOIS:inst12|SAIDA[8]~1031                     ; 13      ;
; MULTIPLEXADOR_DOIS:inst12|SAIDA[9]~988                      ; 13      ;
; MULTIPLEXADOR_DOIS:inst12|SAIDA[10]~945                     ; 13      ;
; MULTIPLEXADOR_DOIS:inst12|SAIDA[11]~902                     ; 13      ;
; MULTIPLEXADOR_DOIS:inst12|SAIDA[12]~859                     ; 13      ;
; MULTIPLEXADOR_DOIS:inst12|SAIDA[13]~816                     ; 13      ;
; MULTIPLEXADOR_DOIS:inst12|SAIDA[14]~773                     ; 13      ;
; MULTIPLEXADOR_DOIS:inst12|SAIDA[15]~730                     ; 13      ;
; MULTIPLEXADOR_DOIS:inst12|SAIDA[16]~687                     ; 13      ;
; MULTIPLEXADOR_DOIS:inst12|SAIDA[17]~644                     ; 13      ;
; MULTIPLEXADOR_DOIS:inst12|SAIDA[18]~601                     ; 13      ;
; MULTIPLEXADOR_DOIS:inst12|SAIDA[19]~558                     ; 13      ;
; MULTIPLEXADOR_DOIS:inst12|SAIDA[20]~515                     ; 13      ;
; MULTIPLEXADOR_DOIS:inst12|SAIDA[21]~472                     ; 13      ;
; MULTIPLEXADOR_DOIS:inst12|SAIDA[22]~429                     ; 13      ;
; MULTIPLEXADOR_DOIS:inst12|SAIDA[23]~386                     ; 13      ;
; MULTIPLEXADOR_DOIS:inst12|SAIDA[24]~343                     ; 13      ;
; MULTIPLEXADOR_DOIS:inst12|SAIDA[25]~300                     ; 13      ;
; MULTIPLEXADOR_DOIS:inst12|SAIDA[26]~257                     ; 13      ;
; MULTIPLEXADOR_DOIS:inst12|SAIDA[27]~214                     ; 13      ;
; MULTIPLEXADOR_DOIS:inst12|SAIDA[28]~171                     ; 13      ;
; MULTIPLEXADOR_DOIS:inst12|SAIDA[29]~128                     ; 13      ;
; MULTIPLEXADOR_DOIS:inst12|SAIDA[30]~85                      ; 13      ;
; MULTIPLEXADOR_DOIS:inst12|SAIDA[31]~42                      ; 13      ;
; CONTADOR_DE_PROGRAMA_COM_RESET:inst21|ENDERECO_SAIDA[15]~18 ; 10      ;
; inst17~21                                                   ; 9       ;
; DECODIFICADOR_PRINCIPAL:inst13|Mux2~10                      ; 8       ;
; MEMORIA_DE_INSTRUCAO:inst22|MEMORIA~41                      ; 8       ;
; MEMORIA_DE_DADOS:inst11|Decoder0~21                         ; 8       ;
; MEMORIA_DE_DADOS:inst11|Decoder0~19                         ; 8       ;
; MEMORIA_DE_DADOS:inst11|Decoder0~15                         ; 8       ;
; MEMORIA_DE_DADOS:inst11|Decoder0~13                         ; 8       ;
; MEMORIA_DE_DADOS:inst11|Decoder0~9                          ; 8       ;
; MEMORIA_DE_DADOS:inst11|Decoder0~7                          ; 8       ;
; MEMORIA_DE_DADOS:inst11|Decoder0~3                          ; 8       ;
; MEMORIA_DE_DADOS:inst11|Decoder0~1                          ; 8       ;
; inst17~12                                                   ; 8       ;
; inst17~10                                                   ; 8       ;
; DECODIFICADOR_PRINCIPAL:inst13|Mux6~0                       ; 7       ;
; MEMORIA_DE_INSTRUCAO:inst22|MEMORIA~42                      ; 7       ;
; MEMORIA_DE_INSTRUCAO:inst22|MEMORIA~40                      ; 7       ;
; MEMORIA_DE_INSTRUCAO:inst22|MEMORIA~39                      ; 7       ;
; inst17~18                                                   ; 7       ;
; MULTIPLEXADOR_CINCO:inst4|SAIDA[0]~5                        ; 6       ;
; MULTIPLEXADOR_CINCO:inst4|SAIDA[4]~4                        ; 6       ;
; MEMORIA_DE_INSTRUCAO:inst22|MEMORIA~43                      ; 6       ;
; MEMORIA_DE_INSTRUCAO:inst22|MEMORIA~16                      ; 6       ;
; MULTIPLEXADOR_DOIS:inst9|SAIDA[0]~31                        ; 5       ;
; BANCO_DE_REGISTRADORES:inst3|DADO_LIDO1[0]~159              ; 5       ;
; MULTIPLEXADOR_DOIS:inst9|SAIDA[1]~30                        ; 5       ;
; BANCO_DE_REGISTRADORES:inst3|DADO_LIDO1[1]~154              ; 5       ;
; BANCO_DE_REGISTRADORES:inst3|DADO_LIDO1[2]~149              ; 5       ;
; MULTIPLEXADOR_DOIS:inst9|SAIDA[3]~28                        ; 5       ;
; BANCO_DE_REGISTRADORES:inst3|DADO_LIDO1[3]~144              ; 5       ;
; BANCO_DE_REGISTRADORES:inst3|DADO_LIDO1[4]~139              ; 5       ;
; MULTIPLEXADOR_DOIS:inst9|SAIDA[5]~26                        ; 5       ;
; BANCO_DE_REGISTRADORES:inst3|DADO_LIDO1[5]~134              ; 5       ;
; BANCO_DE_REGISTRADORES:inst3|DADO_LIDO1[6]~129              ; 5       ;
; BANCO_DE_REGISTRADORES:inst3|DADO_LIDO1[7]~124              ; 5       ;
; BANCO_DE_REGISTRADORES:inst3|DADO_LIDO1[8]~119              ; 5       ;
; BANCO_DE_REGISTRADORES:inst3|DADO_LIDO1[9]~114              ; 5       ;
; BANCO_DE_REGISTRADORES:inst3|DADO_LIDO1[10]~109             ; 5       ;
; BANCO_DE_REGISTRADORES:inst3|DADO_LIDO1[11]~104             ; 5       ;
; BANCO_DE_REGISTRADORES:inst3|DADO_LIDO1[12]~99              ; 5       ;
; BANCO_DE_REGISTRADORES:inst3|DADO_LIDO1[13]~94              ; 5       ;
; BANCO_DE_REGISTRADORES:inst3|DADO_LIDO1[14]~89              ; 5       ;
; BANCO_DE_REGISTRADORES:inst3|DADO_LIDO1[15]~84              ; 5       ;
; BANCO_DE_REGISTRADORES:inst3|DADO_LIDO1[16]~79              ; 5       ;
; BANCO_DE_REGISTRADORES:inst3|DADO_LIDO1[17]~74              ; 5       ;
; BANCO_DE_REGISTRADORES:inst3|DADO_LIDO1[18]~69              ; 5       ;
; BANCO_DE_REGISTRADORES:inst3|DADO_LIDO1[19]~64              ; 5       ;
; BANCO_DE_REGISTRADORES:inst3|DADO_LIDO1[20]~59              ; 5       ;
; BANCO_DE_REGISTRADORES:inst3|DADO_LIDO1[21]~54              ; 5       ;
; BANCO_DE_REGISTRADORES:inst3|DADO_LIDO1[22]~49              ; 5       ;
; BANCO_DE_REGISTRADORES:inst3|DADO_LIDO1[23]~44              ; 5       ;
; BANCO_DE_REGISTRADORES:inst3|DADO_LIDO1[24]~39              ; 5       ;
; BANCO_DE_REGISTRADORES:inst3|DADO_LIDO1[25]~34              ; 5       ;
; BANCO_DE_REGISTRADORES:inst3|DADO_LIDO1[26]~29              ; 5       ;
; BANCO_DE_REGISTRADORES:inst3|DADO_LIDO1[27]~24              ; 5       ;
; BANCO_DE_REGISTRADORES:inst3|DADO_LIDO1[28]~19              ; 5       ;
; BANCO_DE_REGISTRADORES:inst3|DADO_LIDO1[29]~14              ; 5       ;
; BANCO_DE_REGISTRADORES:inst3|DADO_LIDO1[30]~9               ; 5       ;
; BANCO_DE_REGISTRADORES:inst3|DADO_LIDO1[31]~4               ; 5       ;
; BANCO_DE_REGISTRADORES:inst3|REGISTRADORES[19][31]~77       ; 4       ;
; MULTIPLEXADOR_DOIS:inst9|SAIDA[2]~29                        ; 4       ;
; MULTIPLEXADOR_DOIS:inst9|SAIDA[4]~27                        ; 4       ;
; MULTIPLEXADOR_DOIS:inst9|SAIDA[6]~25                        ; 4       ;
; MULTIPLEXADOR_DOIS:inst9|SAIDA[7]~24                        ; 4       ;
; MULTIPLEXADOR_DOIS:inst9|SAIDA[8]~23                        ; 4       ;
; MULTIPLEXADOR_DOIS:inst9|SAIDA[9]~22                        ; 4       ;
; MULTIPLEXADOR_DOIS:inst9|SAIDA[10]~21                       ; 4       ;
; MULTIPLEXADOR_DOIS:inst9|SAIDA[11]~20                       ; 4       ;
; MULTIPLEXADOR_DOIS:inst9|SAIDA[12]~19                       ; 4       ;
; MULTIPLEXADOR_DOIS:inst9|SAIDA[13]~18                       ; 4       ;
; MULTIPLEXADOR_DOIS:inst9|SAIDA[14]~17                       ; 4       ;
; MULTIPLEXADOR_DOIS:inst9|SAIDA[15]~16                       ; 4       ;
; MULTIPLEXADOR_DOIS:inst9|SAIDA[16]~15                       ; 4       ;
; MULTIPLEXADOR_DOIS:inst9|SAIDA[17]~14                       ; 4       ;
; MULTIPLEXADOR_DOIS:inst9|SAIDA[18]~13                       ; 4       ;
; MULTIPLEXADOR_DOIS:inst9|SAIDA[19]~12                       ; 4       ;
; MULTIPLEXADOR_DOIS:inst9|SAIDA[20]~11                       ; 4       ;
; MULTIPLEXADOR_DOIS:inst9|SAIDA[21]~10                       ; 4       ;
; MULTIPLEXADOR_DOIS:inst9|SAIDA[22]~9                        ; 4       ;
; MULTIPLEXADOR_DOIS:inst9|SAIDA[23]~8                        ; 4       ;
; MULTIPLEXADOR_DOIS:inst9|SAIDA[24]~7                        ; 4       ;
; MULTIPLEXADOR_DOIS:inst9|SAIDA[25]~6                        ; 4       ;
; MULTIPLEXADOR_DOIS:inst9|SAIDA[26]~5                        ; 4       ;
; MULTIPLEXADOR_DOIS:inst9|SAIDA[27]~4                        ; 4       ;
; MULTIPLEXADOR_DOIS:inst9|SAIDA[28]~3                        ; 4       ;
; MULTIPLEXADOR_DOIS:inst9|SAIDA[29]~2                        ; 4       ;
; MULTIPLEXADOR_DOIS:inst9|SAIDA[30]~1                        ; 4       ;
; MULTIPLEXADOR_DOIS:inst9|SAIDA[31]~0                        ; 4       ;
; CONTADOR_DE_PROGRAMA_COM_RESET:inst21|ENDERECO_SAIDA~20     ; 3       ;
; ULA:inst10|Mux10~2                                          ; 3       ;
; ULA:inst10|Mux13~2                                          ; 3       ;
; ULA:inst10|Mux2~2                                           ; 3       ;
; ULA:inst10|Mux3~2                                           ; 3       ;
; ULA:inst10|Mux31~5                                          ; 3       ;
; SOMADOR_MAIS_QUATRO:inst23|SAIDA[26]~48                     ; 3       ;
; SOMADOR_MAIS_QUATRO:inst23|SAIDA[22]~40                     ; 3       ;
; SOMADOR_MAIS_QUATRO:inst23|SAIDA[19]~34                     ; 3       ;
; SOMADOR_MAIS_QUATRO:inst23|SAIDA[18]~32                     ; 3       ;
; SOMADOR_MAIS_QUATRO:inst23|SAIDA[4]~4                       ; 3       ;
; SOMADOR_MAIS_QUATRO:inst23|SAIDA[2]~0                       ; 3       ;
; BANCO_DE_REGISTRADORES:inst3|REGISTRADORES[25][31]~84       ; 2       ;
; BANCO_DE_REGISTRADORES:inst3|REGISTRADORES[9][31]~5         ; 2       ;
; DECODIFICADOR_PRINCIPAL:inst13|Mux0~0                       ; 2       ;
; ULA:inst10|Mux7~2                                           ; 2       ;
; CONTADOR_DE_PROGRAMA_COM_RESET:inst21|ENDERECO_SAIDA[9]     ; 2       ;
; CONTADOR_DE_PROGRAMA_COM_RESET:inst21|ENDERECO_SAIDA[10]    ; 2       ;
; CONTADOR_DE_PROGRAMA_COM_RESET:inst21|ENDERECO_SAIDA[11]    ; 2       ;
; CONTADOR_DE_PROGRAMA_COM_RESET:inst21|ENDERECO_SAIDA[12]    ; 2       ;
; CONTADOR_DE_PROGRAMA_COM_RESET:inst21|ENDERECO_SAIDA[14]    ; 2       ;
; CONTADOR_DE_PROGRAMA_COM_RESET:inst21|ENDERECO_SAIDA[15]    ; 2       ;
; CONTADOR_DE_PROGRAMA_COM_RESET:inst21|ENDERECO_SAIDA[20]    ; 2       ;
; CONTADOR_DE_PROGRAMA_COM_RESET:inst21|ENDERECO_SAIDA[24]    ; 2       ;
; CONTADOR_DE_PROGRAMA_COM_RESET:inst21|ENDERECO_SAIDA[25]    ; 2       ;
; inst17~14                                                   ; 2       ;
; ULA:inst10|Mux15~2                                          ; 2       ;
; ULA:inst10|Mux19~2                                          ; 2       ;
; ULA:inst10|Mux17~2                                          ; 2       ;
; ULA:inst10|Mux23~2                                          ; 2       ;
; inst17~13                                                   ; 2       ;
; ULA:inst10|Mux22~2                                          ; 2       ;
; ULA:inst10|Mux21~2                                          ; 2       ;
; ULA:inst10|Mux20~2                                          ; 2       ;
; ULA:inst10|Mux16~2                                          ; 2       ;
; MEMORIA_DE_DADOS:inst11|Decoder0~0                          ; 2       ;
; ULA:inst10|Mux24~2                                          ; 2       ;
; ULA:inst10|Mux24~1                                          ; 2       ;
; ULA:inst10|Mux30~2                                          ; 2       ;
; ULA:inst10|Mux29~1                                          ; 2       ;
; ULA:inst10|Mux29~0                                          ; 2       ;
; ULA:inst10|Mux6~2                                           ; 2       ;
; ULA:inst10|Mux6~1                                           ; 2       ;
; ULA:inst10|Mux6~0                                           ; 2       ;
; ULA:inst10|Mux7~1                                           ; 2       ;
; ULA:inst10|Mux14~2                                          ; 2       ;
; ULA:inst10|Mux14~1                                          ; 2       ;
; ULA:inst10|Mux14~0                                          ; 2       ;
; ULA:inst10|Mux7~0                                           ; 2       ;
; ULA:inst10|Mux27~1                                          ; 2       ;
; ULA:inst10|Mux27~0                                          ; 2       ;
; inst17~9                                                    ; 2       ;
; ULA:inst10|Mux5~1                                           ; 2       ;
; ULA:inst10|Mux11~1                                          ; 2       ;
; ULA:inst10|Mux11~0                                          ; 2       ;
; ULA:inst10|Mux8~2                                           ; 2       ;
; ULA:inst10|Mux9~2                                           ; 2       ;
; ULA:inst10|Mux0~2                                           ; 2       ;
; ULA:inst10|Mux0~0                                           ; 2       ;
; inst17~8                                                    ; 2       ;
; ULA:inst10|Mux1~1                                           ; 2       ;
; ULA:inst10|Mux18~1                                          ; 2       ;
; ULA:inst10|Mux18~0                                          ; 2       ;
; ULA:inst10|Mux1~0                                           ; 2       ;
; ULA:inst10|Mux12~2                                          ; 2       ;
; ULA:inst10|Mux4~2                                           ; 2       ;
; MEMORIA_DE_INSTRUCAO:inst22|MEMORIA~35                      ; 2       ;
; BANCO_DE_REGISTRADORES:inst3|DADO_LIDO2[0]~255              ; 2       ;
; MEMORIA_DE_INSTRUCAO:inst22|MEMORIA~34                      ; 2       ;
; BANCO_DE_REGISTRADORES:inst3|REGISTRADORES[24][0]           ; 2       ;
; BANCO_DE_REGISTRADORES:inst3|REGISTRADORES[0][0]            ; 2       ;
; BANCO_DE_REGISTRADORES:inst3|REGISTRADORES[8][0]            ; 2       ;
; BANCO_DE_REGISTRADORES:inst3|REGISTRADORES[16][0]           ; 2       ;
; BANCO_DE_REGISTRADORES:inst3|REGISTRADORES[25][0]           ; 2       ;
; BANCO_DE_REGISTRADORES:inst3|REGISTRADORES[1][0]            ; 2       ;
; BANCO_DE_REGISTRADORES:inst3|REGISTRADORES[9][0]            ; 2       ;
; BANCO_DE_REGISTRADORES:inst3|REGISTRADORES[17][0]           ; 2       ;
; BANCO_DE_REGISTRADORES:inst3|DADO_LIDO2[1]~249              ; 2       ;
; BANCO_DE_REGISTRADORES:inst3|REGISTRADORES[24][1]           ; 2       ;
; BANCO_DE_REGISTRADORES:inst3|REGISTRADORES[0][1]            ; 2       ;
; BANCO_DE_REGISTRADORES:inst3|REGISTRADORES[16][1]           ; 2       ;
; BANCO_DE_REGISTRADORES:inst3|REGISTRADORES[8][1]            ; 2       ;
; BANCO_DE_REGISTRADORES:inst3|REGISTRADORES[25][1]           ; 2       ;
; BANCO_DE_REGISTRADORES:inst3|REGISTRADORES[1][1]            ; 2       ;
; BANCO_DE_REGISTRADORES:inst3|REGISTRADORES[9][1]            ; 2       ;
; BANCO_DE_REGISTRADORES:inst3|REGISTRADORES[17][1]           ; 2       ;
; BANCO_DE_REGISTRADORES:inst3|DADO_LIDO2[2]~241              ; 2       ;
; BANCO_DE_REGISTRADORES:inst3|REGISTRADORES[24][2]           ; 2       ;
; BANCO_DE_REGISTRADORES:inst3|REGISTRADORES[0][2]            ; 2       ;
; BANCO_DE_REGISTRADORES:inst3|REGISTRADORES[16][2]           ; 2       ;
; BANCO_DE_REGISTRADORES:inst3|REGISTRADORES[8][2]            ; 2       ;
; BANCO_DE_REGISTRADORES:inst3|REGISTRADORES[25][2]           ; 2       ;
; BANCO_DE_REGISTRADORES:inst3|REGISTRADORES[1][2]            ; 2       ;
; BANCO_DE_REGISTRADORES:inst3|REGISTRADORES[9][2]            ; 2       ;
; BANCO_DE_REGISTRADORES:inst3|REGISTRADORES[17][2]           ; 2       ;
; BANCO_DE_REGISTRADORES:inst3|DADO_LIDO2[3]~233              ; 2       ;
; MEMORIA_DE_INSTRUCAO:inst22|MEMORIA~32                      ; 2       ;
; BANCO_DE_REGISTRADORES:inst3|REGISTRADORES[16][3]           ; 2       ;
; BANCO_DE_REGISTRADORES:inst3|REGISTRADORES[24][3]           ; 2       ;
; BANCO_DE_REGISTRADORES:inst3|REGISTRADORES[0][3]            ; 2       ;
; BANCO_DE_REGISTRADORES:inst3|REGISTRADORES[8][3]            ; 2       ;
; BANCO_DE_REGISTRADORES:inst3|REGISTRADORES[25][3]           ; 2       ;
; BANCO_DE_REGISTRADORES:inst3|REGISTRADORES[1][3]            ; 2       ;
; BANCO_DE_REGISTRADORES:inst3|REGISTRADORES[9][3]            ; 2       ;
; BANCO_DE_REGISTRADORES:inst3|REGISTRADORES[17][3]           ; 2       ;
; BANCO_DE_REGISTRADORES:inst3|DADO_LIDO2[4]~225              ; 2       ;
; BANCO_DE_REGISTRADORES:inst3|REGISTRADORES[16][4]           ; 2       ;
; BANCO_DE_REGISTRADORES:inst3|REGISTRADORES[24][4]           ; 2       ;
; BANCO_DE_REGISTRADORES:inst3|REGISTRADORES[0][4]            ; 2       ;
; BANCO_DE_REGISTRADORES:inst3|REGISTRADORES[8][4]            ; 2       ;
; BANCO_DE_REGISTRADORES:inst3|REGISTRADORES[25][4]           ; 2       ;
; BANCO_DE_REGISTRADORES:inst3|REGISTRADORES[1][4]            ; 2       ;
; BANCO_DE_REGISTRADORES:inst3|REGISTRADORES[9][4]            ; 2       ;
; BANCO_DE_REGISTRADORES:inst3|REGISTRADORES[17][4]           ; 2       ;
; BANCO_DE_REGISTRADORES:inst3|DADO_LIDO2[5]~217              ; 2       ;
; BANCO_DE_REGISTRADORES:inst3|REGISTRADORES[24][5]           ; 2       ;
; BANCO_DE_REGISTRADORES:inst3|REGISTRADORES[0][5]            ; 2       ;
; BANCO_DE_REGISTRADORES:inst3|REGISTRADORES[16][5]           ; 2       ;
; BANCO_DE_REGISTRADORES:inst3|REGISTRADORES[8][5]            ; 2       ;
; BANCO_DE_REGISTRADORES:inst3|REGISTRADORES[25][5]           ; 2       ;
; BANCO_DE_REGISTRADORES:inst3|REGISTRADORES[1][5]            ; 2       ;
; BANCO_DE_REGISTRADORES:inst3|REGISTRADORES[9][5]            ; 2       ;
; BANCO_DE_REGISTRADORES:inst3|REGISTRADORES[17][5]           ; 2       ;
; BANCO_DE_REGISTRADORES:inst3|DADO_LIDO2[6]~209              ; 2       ;
; BANCO_DE_REGISTRADORES:inst3|REGISTRADORES[24][6]           ; 2       ;
; BANCO_DE_REGISTRADORES:inst3|REGISTRADORES[0][6]            ; 2       ;
; BANCO_DE_REGISTRADORES:inst3|REGISTRADORES[16][6]           ; 2       ;
; BANCO_DE_REGISTRADORES:inst3|REGISTRADORES[8][6]            ; 2       ;
; BANCO_DE_REGISTRADORES:inst3|REGISTRADORES[25][6]           ; 2       ;
; BANCO_DE_REGISTRADORES:inst3|REGISTRADORES[1][6]            ; 2       ;
; BANCO_DE_REGISTRADORES:inst3|REGISTRADORES[9][6]            ; 2       ;
; BANCO_DE_REGISTRADORES:inst3|REGISTRADORES[17][6]           ; 2       ;
; BANCO_DE_REGISTRADORES:inst3|DADO_LIDO2[7]~201              ; 2       ;
; BANCO_DE_REGISTRADORES:inst3|REGISTRADORES[24][7]           ; 2       ;
; BANCO_DE_REGISTRADORES:inst3|REGISTRADORES[0][7]            ; 2       ;
; BANCO_DE_REGISTRADORES:inst3|REGISTRADORES[16][7]           ; 2       ;
; BANCO_DE_REGISTRADORES:inst3|REGISTRADORES[8][7]            ; 2       ;
; BANCO_DE_REGISTRADORES:inst3|REGISTRADORES[25][7]           ; 2       ;
; BANCO_DE_REGISTRADORES:inst3|REGISTRADORES[1][7]            ; 2       ;
; BANCO_DE_REGISTRADORES:inst3|REGISTRADORES[9][7]            ; 2       ;
; BANCO_DE_REGISTRADORES:inst3|REGISTRADORES[17][7]           ; 2       ;
; BANCO_DE_REGISTRADORES:inst3|DADO_LIDO2[8]~193              ; 2       ;
; BANCO_DE_REGISTRADORES:inst3|REGISTRADORES[24][8]           ; 2       ;
; BANCO_DE_REGISTRADORES:inst3|REGISTRADORES[0][8]            ; 2       ;
; BANCO_DE_REGISTRADORES:inst3|REGISTRADORES[16][8]           ; 2       ;
; BANCO_DE_REGISTRADORES:inst3|REGISTRADORES[8][8]            ; 2       ;
; BANCO_DE_REGISTRADORES:inst3|REGISTRADORES[25][8]           ; 2       ;
; BANCO_DE_REGISTRADORES:inst3|REGISTRADORES[1][8]            ; 2       ;
; BANCO_DE_REGISTRADORES:inst3|REGISTRADORES[9][8]            ; 2       ;
; BANCO_DE_REGISTRADORES:inst3|REGISTRADORES[17][8]           ; 2       ;
; BANCO_DE_REGISTRADORES:inst3|DADO_LIDO2[9]~185              ; 2       ;
; BANCO_DE_REGISTRADORES:inst3|REGISTRADORES[24][9]           ; 2       ;
; BANCO_DE_REGISTRADORES:inst3|REGISTRADORES[0][9]            ; 2       ;
; BANCO_DE_REGISTRADORES:inst3|REGISTRADORES[16][9]           ; 2       ;
; BANCO_DE_REGISTRADORES:inst3|REGISTRADORES[8][9]            ; 2       ;
; BANCO_DE_REGISTRADORES:inst3|REGISTRADORES[25][9]           ; 2       ;
; BANCO_DE_REGISTRADORES:inst3|REGISTRADORES[1][9]            ; 2       ;
; BANCO_DE_REGISTRADORES:inst3|REGISTRADORES[9][9]            ; 2       ;
; BANCO_DE_REGISTRADORES:inst3|REGISTRADORES[17][9]           ; 2       ;
; BANCO_DE_REGISTRADORES:inst3|DADO_LIDO2[10]~177             ; 2       ;
; BANCO_DE_REGISTRADORES:inst3|REGISTRADORES[24][10]          ; 2       ;
; BANCO_DE_REGISTRADORES:inst3|REGISTRADORES[0][10]           ; 2       ;
; BANCO_DE_REGISTRADORES:inst3|REGISTRADORES[16][10]          ; 2       ;
; BANCO_DE_REGISTRADORES:inst3|REGISTRADORES[8][10]           ; 2       ;
; BANCO_DE_REGISTRADORES:inst3|REGISTRADORES[25][10]          ; 2       ;
; BANCO_DE_REGISTRADORES:inst3|REGISTRADORES[1][10]           ; 2       ;
; BANCO_DE_REGISTRADORES:inst3|REGISTRADORES[9][10]           ; 2       ;
; BANCO_DE_REGISTRADORES:inst3|REGISTRADORES[17][10]          ; 2       ;
; BANCO_DE_REGISTRADORES:inst3|DADO_LIDO2[11]~169             ; 2       ;
; BANCO_DE_REGISTRADORES:inst3|REGISTRADORES[24][11]          ; 2       ;
; BANCO_DE_REGISTRADORES:inst3|REGISTRADORES[0][11]           ; 2       ;
; BANCO_DE_REGISTRADORES:inst3|REGISTRADORES[16][11]          ; 2       ;
; BANCO_DE_REGISTRADORES:inst3|REGISTRADORES[8][11]           ; 2       ;
; BANCO_DE_REGISTRADORES:inst3|REGISTRADORES[25][11]          ; 2       ;
; BANCO_DE_REGISTRADORES:inst3|REGISTRADORES[1][11]           ; 2       ;
; BANCO_DE_REGISTRADORES:inst3|REGISTRADORES[9][11]           ; 2       ;
; BANCO_DE_REGISTRADORES:inst3|REGISTRADORES[17][11]          ; 2       ;
; BANCO_DE_REGISTRADORES:inst3|DADO_LIDO2[12]~161             ; 2       ;
; BANCO_DE_REGISTRADORES:inst3|REGISTRADORES[24][12]          ; 2       ;
; BANCO_DE_REGISTRADORES:inst3|REGISTRADORES[0][12]           ; 2       ;
; BANCO_DE_REGISTRADORES:inst3|REGISTRADORES[8][12]           ; 2       ;
; BANCO_DE_REGISTRADORES:inst3|REGISTRADORES[16][12]          ; 2       ;
; BANCO_DE_REGISTRADORES:inst3|REGISTRADORES[25][12]          ; 2       ;
; BANCO_DE_REGISTRADORES:inst3|REGISTRADORES[1][12]           ; 2       ;
; BANCO_DE_REGISTRADORES:inst3|REGISTRADORES[9][12]           ; 2       ;
; BANCO_DE_REGISTRADORES:inst3|REGISTRADORES[17][12]          ; 2       ;
; BANCO_DE_REGISTRADORES:inst3|DADO_LIDO2[13]~153             ; 2       ;
; BANCO_DE_REGISTRADORES:inst3|REGISTRADORES[24][13]          ; 2       ;
; BANCO_DE_REGISTRADORES:inst3|REGISTRADORES[0][13]           ; 2       ;
; BANCO_DE_REGISTRADORES:inst3|REGISTRADORES[8][13]           ; 2       ;
; BANCO_DE_REGISTRADORES:inst3|REGISTRADORES[16][13]          ; 2       ;
; BANCO_DE_REGISTRADORES:inst3|REGISTRADORES[25][13]          ; 2       ;
; BANCO_DE_REGISTRADORES:inst3|REGISTRADORES[1][13]           ; 2       ;
; BANCO_DE_REGISTRADORES:inst3|REGISTRADORES[9][13]           ; 2       ;
; BANCO_DE_REGISTRADORES:inst3|REGISTRADORES[17][13]          ; 2       ;
; BANCO_DE_REGISTRADORES:inst3|DADO_LIDO2[14]~145             ; 2       ;
; BANCO_DE_REGISTRADORES:inst3|REGISTRADORES[24][14]          ; 2       ;
; BANCO_DE_REGISTRADORES:inst3|REGISTRADORES[0][14]           ; 2       ;
; BANCO_DE_REGISTRADORES:inst3|REGISTRADORES[16][14]          ; 2       ;
; BANCO_DE_REGISTRADORES:inst3|REGISTRADORES[8][14]           ; 2       ;
; BANCO_DE_REGISTRADORES:inst3|REGISTRADORES[25][14]          ; 2       ;
; BANCO_DE_REGISTRADORES:inst3|REGISTRADORES[1][14]           ; 2       ;
; BANCO_DE_REGISTRADORES:inst3|REGISTRADORES[9][14]           ; 2       ;
; BANCO_DE_REGISTRADORES:inst3|REGISTRADORES[17][14]          ; 2       ;
; BANCO_DE_REGISTRADORES:inst3|DADO_LIDO2[15]~137             ; 2       ;
; BANCO_DE_REGISTRADORES:inst3|REGISTRADORES[24][15]          ; 2       ;
; BANCO_DE_REGISTRADORES:inst3|REGISTRADORES[0][15]           ; 2       ;
; BANCO_DE_REGISTRADORES:inst3|REGISTRADORES[16][15]          ; 2       ;
; BANCO_DE_REGISTRADORES:inst3|REGISTRADORES[8][15]           ; 2       ;
; BANCO_DE_REGISTRADORES:inst3|REGISTRADORES[25][15]          ; 2       ;
; BANCO_DE_REGISTRADORES:inst3|REGISTRADORES[1][15]           ; 2       ;
; BANCO_DE_REGISTRADORES:inst3|REGISTRADORES[9][15]           ; 2       ;
; BANCO_DE_REGISTRADORES:inst3|REGISTRADORES[17][15]          ; 2       ;
; BANCO_DE_REGISTRADORES:inst3|DADO_LIDO2[16]~129             ; 2       ;
; BANCO_DE_REGISTRADORES:inst3|REGISTRADORES[24][16]          ; 2       ;
; BANCO_DE_REGISTRADORES:inst3|REGISTRADORES[0][16]           ; 2       ;
; BANCO_DE_REGISTRADORES:inst3|REGISTRADORES[16][16]          ; 2       ;
; BANCO_DE_REGISTRADORES:inst3|REGISTRADORES[8][16]           ; 2       ;
; BANCO_DE_REGISTRADORES:inst3|REGISTRADORES[25][16]          ; 2       ;
; BANCO_DE_REGISTRADORES:inst3|REGISTRADORES[1][16]           ; 2       ;
; BANCO_DE_REGISTRADORES:inst3|REGISTRADORES[9][16]           ; 2       ;
; BANCO_DE_REGISTRADORES:inst3|REGISTRADORES[17][16]          ; 2       ;
; BANCO_DE_REGISTRADORES:inst3|DADO_LIDO2[17]~121             ; 2       ;
; BANCO_DE_REGISTRADORES:inst3|REGISTRADORES[24][17]          ; 2       ;
; BANCO_DE_REGISTRADORES:inst3|REGISTRADORES[0][17]           ; 2       ;
; BANCO_DE_REGISTRADORES:inst3|REGISTRADORES[16][17]          ; 2       ;
; BANCO_DE_REGISTRADORES:inst3|REGISTRADORES[8][17]           ; 2       ;
; BANCO_DE_REGISTRADORES:inst3|REGISTRADORES[25][17]          ; 2       ;
; BANCO_DE_REGISTRADORES:inst3|REGISTRADORES[1][17]           ; 2       ;
; BANCO_DE_REGISTRADORES:inst3|REGISTRADORES[9][17]           ; 2       ;
; BANCO_DE_REGISTRADORES:inst3|REGISTRADORES[17][17]          ; 2       ;
; BANCO_DE_REGISTRADORES:inst3|DADO_LIDO2[18]~113             ; 2       ;
; BANCO_DE_REGISTRADORES:inst3|REGISTRADORES[24][18]          ; 2       ;
; BANCO_DE_REGISTRADORES:inst3|REGISTRADORES[0][18]           ; 2       ;
; BANCO_DE_REGISTRADORES:inst3|REGISTRADORES[16][18]          ; 2       ;
; BANCO_DE_REGISTRADORES:inst3|REGISTRADORES[8][18]           ; 2       ;
; BANCO_DE_REGISTRADORES:inst3|REGISTRADORES[25][18]          ; 2       ;
; BANCO_DE_REGISTRADORES:inst3|REGISTRADORES[1][18]           ; 2       ;
; BANCO_DE_REGISTRADORES:inst3|REGISTRADORES[9][18]           ; 2       ;
; BANCO_DE_REGISTRADORES:inst3|REGISTRADORES[17][18]          ; 2       ;
; BANCO_DE_REGISTRADORES:inst3|DADO_LIDO2[19]~105             ; 2       ;
; BANCO_DE_REGISTRADORES:inst3|REGISTRADORES[24][19]          ; 2       ;
; BANCO_DE_REGISTRADORES:inst3|REGISTRADORES[0][19]           ; 2       ;
; BANCO_DE_REGISTRADORES:inst3|REGISTRADORES[16][19]          ; 2       ;
; BANCO_DE_REGISTRADORES:inst3|REGISTRADORES[8][19]           ; 2       ;
; BANCO_DE_REGISTRADORES:inst3|REGISTRADORES[25][19]          ; 2       ;
; BANCO_DE_REGISTRADORES:inst3|REGISTRADORES[1][19]           ; 2       ;
; BANCO_DE_REGISTRADORES:inst3|REGISTRADORES[9][19]           ; 2       ;
; BANCO_DE_REGISTRADORES:inst3|REGISTRADORES[17][19]          ; 2       ;
; BANCO_DE_REGISTRADORES:inst3|DADO_LIDO2[20]~97              ; 2       ;
; BANCO_DE_REGISTRADORES:inst3|REGISTRADORES[24][20]          ; 2       ;
; BANCO_DE_REGISTRADORES:inst3|REGISTRADORES[0][20]           ; 2       ;
; BANCO_DE_REGISTRADORES:inst3|REGISTRADORES[16][20]          ; 2       ;
; BANCO_DE_REGISTRADORES:inst3|REGISTRADORES[8][20]           ; 2       ;
; BANCO_DE_REGISTRADORES:inst3|REGISTRADORES[25][20]          ; 2       ;
; BANCO_DE_REGISTRADORES:inst3|REGISTRADORES[1][20]           ; 2       ;
; BANCO_DE_REGISTRADORES:inst3|REGISTRADORES[9][20]           ; 2       ;
; BANCO_DE_REGISTRADORES:inst3|REGISTRADORES[17][20]          ; 2       ;
; BANCO_DE_REGISTRADORES:inst3|DADO_LIDO2[21]~89              ; 2       ;
; BANCO_DE_REGISTRADORES:inst3|REGISTRADORES[24][21]          ; 2       ;
; BANCO_DE_REGISTRADORES:inst3|REGISTRADORES[0][21]           ; 2       ;
; BANCO_DE_REGISTRADORES:inst3|REGISTRADORES[16][21]          ; 2       ;
; BANCO_DE_REGISTRADORES:inst3|REGISTRADORES[8][21]           ; 2       ;
; BANCO_DE_REGISTRADORES:inst3|REGISTRADORES[25][21]          ; 2       ;
; BANCO_DE_REGISTRADORES:inst3|REGISTRADORES[1][21]           ; 2       ;
; BANCO_DE_REGISTRADORES:inst3|REGISTRADORES[9][21]           ; 2       ;
; BANCO_DE_REGISTRADORES:inst3|REGISTRADORES[17][21]          ; 2       ;
; BANCO_DE_REGISTRADORES:inst3|DADO_LIDO2[22]~81              ; 2       ;
; BANCO_DE_REGISTRADORES:inst3|REGISTRADORES[24][22]          ; 2       ;
; BANCO_DE_REGISTRADORES:inst3|REGISTRADORES[0][22]           ; 2       ;
; BANCO_DE_REGISTRADORES:inst3|REGISTRADORES[16][22]          ; 2       ;
; BANCO_DE_REGISTRADORES:inst3|REGISTRADORES[8][22]           ; 2       ;
; BANCO_DE_REGISTRADORES:inst3|REGISTRADORES[25][22]          ; 2       ;
; BANCO_DE_REGISTRADORES:inst3|REGISTRADORES[1][22]           ; 2       ;
; BANCO_DE_REGISTRADORES:inst3|REGISTRADORES[9][22]           ; 2       ;
; BANCO_DE_REGISTRADORES:inst3|REGISTRADORES[17][22]          ; 2       ;
; BANCO_DE_REGISTRADORES:inst3|DADO_LIDO2[23]~73              ; 2       ;
; BANCO_DE_REGISTRADORES:inst3|REGISTRADORES[24][23]          ; 2       ;
; BANCO_DE_REGISTRADORES:inst3|REGISTRADORES[0][23]           ; 2       ;
; BANCO_DE_REGISTRADORES:inst3|REGISTRADORES[16][23]          ; 2       ;
; BANCO_DE_REGISTRADORES:inst3|REGISTRADORES[8][23]           ; 2       ;
; BANCO_DE_REGISTRADORES:inst3|REGISTRADORES[25][23]          ; 2       ;
; BANCO_DE_REGISTRADORES:inst3|REGISTRADORES[1][23]           ; 2       ;
; BANCO_DE_REGISTRADORES:inst3|REGISTRADORES[9][23]           ; 2       ;
; BANCO_DE_REGISTRADORES:inst3|REGISTRADORES[17][23]          ; 2       ;
; BANCO_DE_REGISTRADORES:inst3|DADO_LIDO2[24]~65              ; 2       ;
; BANCO_DE_REGISTRADORES:inst3|REGISTRADORES[24][24]          ; 2       ;
; BANCO_DE_REGISTRADORES:inst3|REGISTRADORES[0][24]           ; 2       ;
; BANCO_DE_REGISTRADORES:inst3|REGISTRADORES[16][24]          ; 2       ;
; BANCO_DE_REGISTRADORES:inst3|REGISTRADORES[8][24]           ; 2       ;
; BANCO_DE_REGISTRADORES:inst3|REGISTRADORES[25][24]          ; 2       ;
; BANCO_DE_REGISTRADORES:inst3|REGISTRADORES[1][24]           ; 2       ;
; BANCO_DE_REGISTRADORES:inst3|REGISTRADORES[9][24]           ; 2       ;
; BANCO_DE_REGISTRADORES:inst3|REGISTRADORES[17][24]          ; 2       ;
; BANCO_DE_REGISTRADORES:inst3|DADO_LIDO2[25]~57              ; 2       ;
; BANCO_DE_REGISTRADORES:inst3|REGISTRADORES[24][25]          ; 2       ;
; BANCO_DE_REGISTRADORES:inst3|REGISTRADORES[0][25]           ; 2       ;
; BANCO_DE_REGISTRADORES:inst3|REGISTRADORES[16][25]          ; 2       ;
; BANCO_DE_REGISTRADORES:inst3|REGISTRADORES[8][25]           ; 2       ;
; BANCO_DE_REGISTRADORES:inst3|REGISTRADORES[25][25]          ; 2       ;
; BANCO_DE_REGISTRADORES:inst3|REGISTRADORES[1][25]           ; 2       ;
; BANCO_DE_REGISTRADORES:inst3|REGISTRADORES[9][25]           ; 2       ;
; BANCO_DE_REGISTRADORES:inst3|REGISTRADORES[17][25]          ; 2       ;
; BANCO_DE_REGISTRADORES:inst3|DADO_LIDO2[26]~49              ; 2       ;
; BANCO_DE_REGISTRADORES:inst3|REGISTRADORES[24][26]          ; 2       ;
; BANCO_DE_REGISTRADORES:inst3|REGISTRADORES[0][26]           ; 2       ;
; BANCO_DE_REGISTRADORES:inst3|REGISTRADORES[16][26]          ; 2       ;
; BANCO_DE_REGISTRADORES:inst3|REGISTRADORES[8][26]           ; 2       ;
; BANCO_DE_REGISTRADORES:inst3|REGISTRADORES[25][26]          ; 2       ;
; BANCO_DE_REGISTRADORES:inst3|REGISTRADORES[1][26]           ; 2       ;
; BANCO_DE_REGISTRADORES:inst3|REGISTRADORES[9][26]           ; 2       ;
; BANCO_DE_REGISTRADORES:inst3|REGISTRADORES[17][26]          ; 2       ;
; BANCO_DE_REGISTRADORES:inst3|DADO_LIDO2[27]~41              ; 2       ;
; BANCO_DE_REGISTRADORES:inst3|REGISTRADORES[24][27]          ; 2       ;
; BANCO_DE_REGISTRADORES:inst3|REGISTRADORES[0][27]           ; 2       ;
; BANCO_DE_REGISTRADORES:inst3|REGISTRADORES[16][27]          ; 2       ;
; BANCO_DE_REGISTRADORES:inst3|REGISTRADORES[8][27]           ; 2       ;
; BANCO_DE_REGISTRADORES:inst3|REGISTRADORES[25][27]          ; 2       ;
; BANCO_DE_REGISTRADORES:inst3|REGISTRADORES[1][27]           ; 2       ;
; BANCO_DE_REGISTRADORES:inst3|REGISTRADORES[9][27]           ; 2       ;
; BANCO_DE_REGISTRADORES:inst3|REGISTRADORES[17][27]          ; 2       ;
; BANCO_DE_REGISTRADORES:inst3|DADO_LIDO2[28]~33              ; 2       ;
; BANCO_DE_REGISTRADORES:inst3|REGISTRADORES[24][28]          ; 2       ;
; BANCO_DE_REGISTRADORES:inst3|REGISTRADORES[0][28]           ; 2       ;
; BANCO_DE_REGISTRADORES:inst3|REGISTRADORES[16][28]          ; 2       ;
; BANCO_DE_REGISTRADORES:inst3|REGISTRADORES[8][28]           ; 2       ;
; BANCO_DE_REGISTRADORES:inst3|REGISTRADORES[25][28]          ; 2       ;
; BANCO_DE_REGISTRADORES:inst3|REGISTRADORES[1][28]           ; 2       ;
; BANCO_DE_REGISTRADORES:inst3|REGISTRADORES[9][28]           ; 2       ;
; BANCO_DE_REGISTRADORES:inst3|REGISTRADORES[17][28]          ; 2       ;
; BANCO_DE_REGISTRADORES:inst3|DADO_LIDO2[29]~25              ; 2       ;
; BANCO_DE_REGISTRADORES:inst3|REGISTRADORES[24][29]          ; 2       ;
; BANCO_DE_REGISTRADORES:inst3|REGISTRADORES[0][29]           ; 2       ;
; BANCO_DE_REGISTRADORES:inst3|REGISTRADORES[16][29]          ; 2       ;
; BANCO_DE_REGISTRADORES:inst3|REGISTRADORES[8][29]           ; 2       ;
; BANCO_DE_REGISTRADORES:inst3|REGISTRADORES[25][29]          ; 2       ;
; BANCO_DE_REGISTRADORES:inst3|REGISTRADORES[1][29]           ; 2       ;
; BANCO_DE_REGISTRADORES:inst3|REGISTRADORES[9][29]           ; 2       ;
; BANCO_DE_REGISTRADORES:inst3|REGISTRADORES[17][29]          ; 2       ;
; BANCO_DE_REGISTRADORES:inst3|DADO_LIDO2[30]~17              ; 2       ;
; BANCO_DE_REGISTRADORES:inst3|REGISTRADORES[24][30]          ; 2       ;
; BANCO_DE_REGISTRADORES:inst3|REGISTRADORES[0][30]           ; 2       ;
; BANCO_DE_REGISTRADORES:inst3|REGISTRADORES[16][30]          ; 2       ;
; BANCO_DE_REGISTRADORES:inst3|REGISTRADORES[8][30]           ; 2       ;
; BANCO_DE_REGISTRADORES:inst3|REGISTRADORES[25][30]          ; 2       ;
; BANCO_DE_REGISTRADORES:inst3|REGISTRADORES[1][30]           ; 2       ;
; BANCO_DE_REGISTRADORES:inst3|REGISTRADORES[9][30]           ; 2       ;
; BANCO_DE_REGISTRADORES:inst3|REGISTRADORES[17][30]          ; 2       ;
; MEMORIA_DE_INSTRUCAO:inst22|MEMORIA~26                      ; 2       ;
; BANCO_DE_REGISTRADORES:inst3|DADO_LIDO2[31]~9               ; 2       ;
; BANCO_DE_REGISTRADORES:inst3|REGISTRADORES[8][31]           ; 2       ;
; BANCO_DE_REGISTRADORES:inst3|REGISTRADORES[16][31]          ; 2       ;
; BANCO_DE_REGISTRADORES:inst3|REGISTRADORES[0][31]           ; 2       ;
; BANCO_DE_REGISTRADORES:inst3|REGISTRADORES[24][31]          ; 2       ;
; BANCO_DE_REGISTRADORES:inst3|REGISTRADORES[9][31]           ; 2       ;
; BANCO_DE_REGISTRADORES:inst3|REGISTRADORES[17][31]          ; 2       ;
; BANCO_DE_REGISTRADORES:inst3|REGISTRADORES[1][31]           ; 2       ;
; BANCO_DE_REGISTRADORES:inst3|REGISTRADORES[25][31]          ; 2       ;
; SOMADOR_MAIS_QUATRO:inst23|SAIDA[31]~58                     ; 2       ;
; SOMADOR_MAIS_QUATRO:inst23|SAIDA[30]~56                     ; 2       ;
; SOMADOR_MAIS_QUATRO:inst23|SAIDA[29]~54                     ; 2       ;
; SOMADOR_MAIS_QUATRO:inst23|SAIDA[28]~52                     ; 2       ;
; SOMADOR_MAIS_QUATRO:inst23|SAIDA[27]~50                     ; 2       ;
; SOMADOR_MAIS_QUATRO:inst23|SAIDA[25]~46                     ; 2       ;
; SOMADOR_MAIS_QUATRO:inst23|SAIDA[24]~44                     ; 2       ;
; SOMADOR_MAIS_QUATRO:inst23|SAIDA[23]~42                     ; 2       ;
; SOMADOR_MAIS_QUATRO:inst23|SAIDA[21]~38                     ; 2       ;
; SOMADOR_MAIS_QUATRO:inst23|SAIDA[20]~36                     ; 2       ;
; SOMADOR_MAIS_QUATRO:inst23|SAIDA[17]~30                     ; 2       ;
; SOMADOR_MAIS_QUATRO:inst23|SAIDA[16]~28                     ; 2       ;
; SOMADOR_MAIS_QUATRO:inst23|SAIDA[15]~26                     ; 2       ;
; SOMADOR_MAIS_QUATRO:inst23|SAIDA[14]~24                     ; 2       ;
; SOMADOR_MAIS_QUATRO:inst23|SAIDA[13]~22                     ; 2       ;
; SOMADOR_MAIS_QUATRO:inst23|SAIDA[12]~20                     ; 2       ;
; SOMADOR_MAIS_QUATRO:inst23|SAIDA[11]~18                     ; 2       ;
; SOMADOR_MAIS_QUATRO:inst23|SAIDA[10]~16                     ; 2       ;
; SOMADOR_MAIS_QUATRO:inst23|SAIDA[9]~14                      ; 2       ;
; SOMADOR_MAIS_QUATRO:inst23|SAIDA[8]~12                      ; 2       ;
; SOMADOR_MAIS_QUATRO:inst23|SAIDA[7]~10                      ; 2       ;
; SOMADOR_MAIS_QUATRO:inst23|SAIDA[6]~8                       ; 2       ;
; SOMADOR_MAIS_QUATRO:inst23|SAIDA[5]~6                       ; 2       ;
; SOMADOR_MAIS_QUATRO:inst23|SAIDA[3]~2                       ; 2       ;
; CONTADOR_DE_PROGRAMA_COM_RESET:inst21|ENDERECO_SAIDA[8]     ; 2       ;
; CONTADOR_DE_PROGRAMA_COM_RESET:inst21|ENDERECO_SAIDA[13]    ; 2       ;
; CONTADOR_DE_PROGRAMA_COM_RESET:inst21|ENDERECO_SAIDA[16]    ; 2       ;
; CONTADOR_DE_PROGRAMA_COM_RESET:inst21|ENDERECO_SAIDA[17]    ; 2       ;
; CONTADOR_DE_PROGRAMA_COM_RESET:inst21|ENDERECO_SAIDA[18]    ; 2       ;
; CONTADOR_DE_PROGRAMA_COM_RESET:inst21|ENDERECO_SAIDA[19]    ; 2       ;
; CONTADOR_DE_PROGRAMA_COM_RESET:inst21|ENDERECO_SAIDA[21]    ; 2       ;
; CONTADOR_DE_PROGRAMA_COM_RESET:inst21|ENDERECO_SAIDA[22]    ; 2       ;
; CONTADOR_DE_PROGRAMA_COM_RESET:inst21|ENDERECO_SAIDA[23]    ; 2       ;
; CONTADOR_DE_PROGRAMA_COM_RESET:inst21|ENDERECO_SAIDA[26]    ; 2       ;
; CONTADOR_DE_PROGRAMA_COM_RESET:inst21|ENDERECO_SAIDA[27]    ; 2       ;
; CONTADOR_DE_PROGRAMA_COM_RESET:inst21|ENDERECO_SAIDA[28]    ; 2       ;
; CONTADOR_DE_PROGRAMA_COM_RESET:inst21|ENDERECO_SAIDA[29]    ; 2       ;
; CONTADOR_DE_PROGRAMA_COM_RESET:inst21|ENDERECO_SAIDA[30]    ; 2       ;
; CONTADOR_DE_PROGRAMA_COM_RESET:inst21|ENDERECO_SAIDA[31]    ; 2       ;
; ULA:inst10|Add1~62                                          ; 2       ;
; ULA:inst10|Add0~62                                          ; 2       ;
; ULA:inst10|Add0~52                                          ; 2       ;
; ULA:inst10|Add1~52                                          ; 2       ;
; MEMORIA_DE_INSTRUCAO:inst22|MEMORIA~36_wirecell             ; 1       ;
; BANCO_DE_REGISTRADORES:inst3|DADO_LIDO2[0]~1                ; 1       ;
; BANCO_DE_REGISTRADORES:inst3|DADO_LIDO2[0]~0                ; 1       ;
; BANCO_DE_REGISTRADORES:inst3|REGISTRADORES[18][31]~50       ; 1       ;
; BANCO_DE_REGISTRADORES:inst3|REGISTRADORES[17][31]~42       ; 1       ;
; BANCO_DE_REGISTRADORES:inst3|REGISTRADORES[16][31]~29       ; 1       ;
; BANCO_DE_REGISTRADORES:inst3|REGISTRADORES[0][31]~17        ; 1       ;
; DECODIFICADOR_PRINCIPAL:inst13|Mux2~7                       ; 1       ;
; inst17~25                                                   ; 1       ;
; inst17~24                                                   ; 1       ;
; inst17~23                                                   ; 1       ;
; inst17~22                                                   ; 1       ;
; CONTADOR_DE_PROGRAMA_COM_RESET:inst21|ENDERECO_SAIDA~37     ; 1       ;
; CONTADOR_DE_PROGRAMA_COM_RESET:inst21|ENDERECO_SAIDA~36     ; 1       ;
; CONTADOR_DE_PROGRAMA_COM_RESET:inst21|ENDERECO_SAIDA~35     ; 1       ;
; CONTADOR_DE_PROGRAMA_COM_RESET:inst21|ENDERECO_SAIDA~34     ; 1       ;
; CONTADOR_DE_PROGRAMA_COM_RESET:inst21|ENDERECO_SAIDA~33     ; 1       ;
; CONTADOR_DE_PROGRAMA_COM_RESET:inst21|ENDERECO_SAIDA~32     ; 1       ;
; CONTADOR_DE_PROGRAMA_COM_RESET:inst21|ENDERECO_SAIDA[18]~31 ; 1       ;
; CONTADOR_DE_PROGRAMA_COM_RESET:inst21|ENDERECO_SAIDA[19]~30 ; 1       ;
; CONTADOR_DE_PROGRAMA_COM_RESET:inst21|ENDERECO_SAIDA~29     ; 1       ;
; CONTADOR_DE_PROGRAMA_COM_RESET:inst21|ENDERECO_SAIDA[22]~28 ; 1       ;
; CONTADOR_DE_PROGRAMA_COM_RESET:inst21|ENDERECO_SAIDA~27     ; 1       ;
; CONTADOR_DE_PROGRAMA_COM_RESET:inst21|ENDERECO_SAIDA~26     ; 1       ;
; CONTADOR_DE_PROGRAMA_COM_RESET:inst21|ENDERECO_SAIDA[26]~25 ; 1       ;
; CONTADOR_DE_PROGRAMA_COM_RESET:inst21|ENDERECO_SAIDA~24     ; 1       ;
; CONTADOR_DE_PROGRAMA_COM_RESET:inst21|ENDERECO_SAIDA~23     ; 1       ;
; CONTADOR_DE_PROGRAMA_COM_RESET:inst21|ENDERECO_SAIDA~22     ; 1       ;
; CONTADOR_DE_PROGRAMA_COM_RESET:inst21|ENDERECO_SAIDA~21     ; 1       ;
; CONTADOR_DE_PROGRAMA_COM_RESET:inst21|ENDERECO_SAIDA~19     ; 1       ;
; CONTADOR_DE_PROGRAMA_COM_RESET:inst21|ENDERECO_SAIDA[4]~17  ; 1       ;
; CONTADOR_DE_PROGRAMA_COM_RESET:inst21|ENDERECO_SAIDA[2]~16  ; 1       ;
; inst17~20                                                   ; 1       ;
; inst17~19                                                   ; 1       ;
; ULA:inst10|Mux0~3                                           ; 1       ;
; MULTIPLEXADOR_DOIS:inst12|SAIDA[0]~1374                     ; 1       ;
; MULTIPLEXADOR_DOIS:inst12|SAIDA[0]~1373                     ; 1       ;
; MULTIPLEXADOR_DOIS:inst12|SAIDA[0]~1372                     ; 1       ;
; MEMORIA_DE_DADOS:inst11|MEMORIA[63][0]                      ; 1       ;
; MULTIPLEXADOR_DOIS:inst12|SAIDA[0]~1371                     ; 1       ;
; MEMORIA_DE_DADOS:inst11|MEMORIA[15][0]                      ; 1       ;
; MEMORIA_DE_DADOS:inst11|MEMORIA[47][0]                      ; 1       ;
; MEMORIA_DE_DADOS:inst11|MEMORIA[31][0]                      ; 1       ;
; MULTIPLEXADOR_DOIS:inst12|SAIDA[0]~1370                     ; 1       ;
; MULTIPLEXADOR_DOIS:inst12|SAIDA[0]~1369                     ; 1       ;
; MEMORIA_DE_DADOS:inst11|MEMORIA[58][0]                      ; 1       ;
; MULTIPLEXADOR_DOIS:inst12|SAIDA[0]~1368                     ; 1       ;
; MEMORIA_DE_DADOS:inst11|MEMORIA[10][0]                      ; 1       ;
; MEMORIA_DE_DADOS:inst11|MEMORIA[26][0]                      ; 1       ;
; MEMORIA_DE_DADOS:inst11|MEMORIA[42][0]                      ; 1       ;
; MULTIPLEXADOR_DOIS:inst12|SAIDA[0]~1367                     ; 1       ;
; MEMORIA_DE_DADOS:inst11|MEMORIA[59][0]                      ; 1       ;
; MULTIPLEXADOR_DOIS:inst12|SAIDA[0]~1366                     ; 1       ;
; MEMORIA_DE_DADOS:inst11|MEMORIA[11][0]                      ; 1       ;
; MEMORIA_DE_DADOS:inst11|MEMORIA[27][0]                      ; 1       ;
; MEMORIA_DE_DADOS:inst11|MEMORIA[43][0]                      ; 1       ;
; MULTIPLEXADOR_DOIS:inst12|SAIDA[0]~1365                     ; 1       ;
; MEMORIA_DE_DADOS:inst11|MEMORIA[62][0]                      ; 1       ;
; MULTIPLEXADOR_DOIS:inst12|SAIDA[0]~1364                     ; 1       ;
; MEMORIA_DE_DADOS:inst11|MEMORIA[14][0]                      ; 1       ;
; MEMORIA_DE_DADOS:inst11|MEMORIA[46][0]                      ; 1       ;
; MEMORIA_DE_DADOS:inst11|MEMORIA[30][0]                      ; 1       ;
; MULTIPLEXADOR_DOIS:inst12|SAIDA[0]~1363                     ; 1       ;
; MULTIPLEXADOR_DOIS:inst12|SAIDA[0]~1362                     ; 1       ;
; MULTIPLEXADOR_DOIS:inst12|SAIDA[0]~1361                     ; 1       ;
; MEMORIA_DE_DADOS:inst11|MEMORIA[53][0]                      ; 1       ;
; MULTIPLEXADOR_DOIS:inst12|SAIDA[0]~1360                     ; 1       ;
; MEMORIA_DE_DADOS:inst11|MEMORIA[5][0]                       ; 1       ;
; MEMORIA_DE_DADOS:inst11|MEMORIA[37][0]                      ; 1       ;
; MEMORIA_DE_DADOS:inst11|MEMORIA[21][0]                      ; 1       ;
; MULTIPLEXADOR_DOIS:inst12|SAIDA[0]~1359                     ; 1       ;
; MULTIPLEXADOR_DOIS:inst12|SAIDA[0]~1358                     ; 1       ;
; MEMORIA_DE_DADOS:inst11|MEMORIA[48][0]                      ; 1       ;
; MULTIPLEXADOR_DOIS:inst12|SAIDA[0]~1357                     ; 1       ;
; MEMORIA_DE_DADOS:inst11|MEMORIA[0][0]                       ; 1       ;
; MEMORIA_DE_DADOS:inst11|MEMORIA[32][0]                      ; 1       ;
; MEMORIA_DE_DADOS:inst11|MEMORIA[16][0]                      ; 1       ;
; MULTIPLEXADOR_DOIS:inst12|SAIDA[0]~1356                     ; 1       ;
; MEMORIA_DE_DADOS:inst11|MEMORIA[49][0]                      ; 1       ;
; MULTIPLEXADOR_DOIS:inst12|SAIDA[0]~1355                     ; 1       ;
; MEMORIA_DE_DADOS:inst11|MEMORIA[1][0]                       ; 1       ;
; MEMORIA_DE_DADOS:inst11|MEMORIA[17][0]                      ; 1       ;
; MEMORIA_DE_DADOS:inst11|MEMORIA[33][0]                      ; 1       ;
; MULTIPLEXADOR_DOIS:inst12|SAIDA[0]~1354                     ; 1       ;
; MEMORIA_DE_DADOS:inst11|MEMORIA[52][0]                      ; 1       ;
; MULTIPLEXADOR_DOIS:inst12|SAIDA[0]~1353                     ; 1       ;
; MEMORIA_DE_DADOS:inst11|MEMORIA[4][0]                       ; 1       ;
; MEMORIA_DE_DADOS:inst11|MEMORIA[36][0]                      ; 1       ;
; MEMORIA_DE_DADOS:inst11|MEMORIA[20][0]                      ; 1       ;
; MULTIPLEXADOR_DOIS:inst12|SAIDA[0]~1352                     ; 1       ;
; MULTIPLEXADOR_DOIS:inst12|SAIDA[0]~1351                     ; 1       ;
; MEMORIA_DE_DADOS:inst11|MEMORIA[55][0]                      ; 1       ;
; MULTIPLEXADOR_DOIS:inst12|SAIDA[0]~1350                     ; 1       ;
; MEMORIA_DE_DADOS:inst11|MEMORIA[7][0]                       ; 1       ;
; MEMORIA_DE_DADOS:inst11|MEMORIA[39][0]                      ; 1       ;
; MEMORIA_DE_DADOS:inst11|MEMORIA[23][0]                      ; 1       ;
; MULTIPLEXADOR_DOIS:inst12|SAIDA[0]~1349                     ; 1       ;
; MULTIPLEXADOR_DOIS:inst12|SAIDA[0]~1348                     ; 1       ;
; MEMORIA_DE_DADOS:inst11|MEMORIA[50][0]                      ; 1       ;
; MULTIPLEXADOR_DOIS:inst12|SAIDA[0]~1347                     ; 1       ;
; MEMORIA_DE_DADOS:inst11|MEMORIA[2][0]                       ; 1       ;
; MEMORIA_DE_DADOS:inst11|MEMORIA[18][0]                      ; 1       ;
; MEMORIA_DE_DADOS:inst11|MEMORIA[34][0]                      ; 1       ;
; MULTIPLEXADOR_DOIS:inst12|SAIDA[0]~1346                     ; 1       ;
; MEMORIA_DE_DADOS:inst11|MEMORIA[51][0]                      ; 1       ;
; MULTIPLEXADOR_DOIS:inst12|SAIDA[0]~1345                     ; 1       ;
; MEMORIA_DE_DADOS:inst11|MEMORIA[3][0]                       ; 1       ;
; MEMORIA_DE_DADOS:inst11|MEMORIA[19][0]                      ; 1       ;
; MEMORIA_DE_DADOS:inst11|MEMORIA[35][0]                      ; 1       ;
; MULTIPLEXADOR_DOIS:inst12|SAIDA[0]~1344                     ; 1       ;
; MEMORIA_DE_DADOS:inst11|MEMORIA[54][0]                      ; 1       ;
; MULTIPLEXADOR_DOIS:inst12|SAIDA[0]~1343                     ; 1       ;
; MEMORIA_DE_DADOS:inst11|MEMORIA[6][0]                       ; 1       ;
; MEMORIA_DE_DADOS:inst11|MEMORIA[38][0]                      ; 1       ;
; MEMORIA_DE_DADOS:inst11|MEMORIA[22][0]                      ; 1       ;
; MULTIPLEXADOR_DOIS:inst12|SAIDA[0]~1342                     ; 1       ;
; MULTIPLEXADOR_DOIS:inst12|SAIDA[0]~1341                     ; 1       ;
; MEMORIA_DE_DADOS:inst11|MEMORIA[61][0]                      ; 1       ;
; MULTIPLEXADOR_DOIS:inst12|SAIDA[0]~1340                     ; 1       ;
; MEMORIA_DE_DADOS:inst11|MEMORIA[13][0]                      ; 1       ;
; MEMORIA_DE_DADOS:inst11|MEMORIA[45][0]                      ; 1       ;
; MEMORIA_DE_DADOS:inst11|MEMORIA[29][0]                      ; 1       ;
; MULTIPLEXADOR_DOIS:inst12|SAIDA[0]~1339                     ; 1       ;
; MULTIPLEXADOR_DOIS:inst12|SAIDA[0]~1338                     ; 1       ;
; MEMORIA_DE_DADOS:inst11|MEMORIA[56][0]                      ; 1       ;
; MULTIPLEXADOR_DOIS:inst12|SAIDA[0]~1337                     ; 1       ;
; MEMORIA_DE_DADOS:inst11|MEMORIA[8][0]                       ; 1       ;
; MEMORIA_DE_DADOS:inst11|MEMORIA[24][0]                      ; 1       ;
; MEMORIA_DE_DADOS:inst11|MEMORIA[40][0]                      ; 1       ;
; MULTIPLEXADOR_DOIS:inst12|SAIDA[0]~1336                     ; 1       ;
; MEMORIA_DE_DADOS:inst11|MEMORIA[57][0]                      ; 1       ;
; MULTIPLEXADOR_DOIS:inst12|SAIDA[0]~1335                     ; 1       ;
; MEMORIA_DE_DADOS:inst11|MEMORIA[9][0]                       ; 1       ;
; MEMORIA_DE_DADOS:inst11|MEMORIA[25][0]                      ; 1       ;
; MEMORIA_DE_DADOS:inst11|MEMORIA[41][0]                      ; 1       ;
; MULTIPLEXADOR_DOIS:inst12|SAIDA[0]~1334                     ; 1       ;
; MEMORIA_DE_DADOS:inst11|MEMORIA[60][0]                      ; 1       ;
; MULTIPLEXADOR_DOIS:inst12|SAIDA[0]~1333                     ; 1       ;
; MEMORIA_DE_DADOS:inst11|MEMORIA[12][0]                      ; 1       ;
; MEMORIA_DE_DADOS:inst11|MEMORIA[44][0]                      ; 1       ;
; MEMORIA_DE_DADOS:inst11|MEMORIA[28][0]                      ; 1       ;
; MULTIPLEXADOR_DOIS:inst12|SAIDA[1]~1331                     ; 1       ;
; MULTIPLEXADOR_DOIS:inst12|SAIDA[1]~1330                     ; 1       ;
; MULTIPLEXADOR_DOIS:inst12|SAIDA[1]~1329                     ; 1       ;
; MEMORIA_DE_DADOS:inst11|MEMORIA[63][1]                      ; 1       ;
; MULTIPLEXADOR_DOIS:inst12|SAIDA[1]~1328                     ; 1       ;
; MEMORIA_DE_DADOS:inst11|MEMORIA[54][1]                      ; 1       ;
; MEMORIA_DE_DADOS:inst11|MEMORIA[62][1]                      ; 1       ;
; MEMORIA_DE_DADOS:inst11|MEMORIA[55][1]                      ; 1       ;
; MULTIPLEXADOR_DOIS:inst12|SAIDA[1]~1327                     ; 1       ;
; MULTIPLEXADOR_DOIS:inst12|SAIDA[1]~1326                     ; 1       ;
; MEMORIA_DE_DADOS:inst11|MEMORIA[57][1]                      ; 1       ;
; MULTIPLEXADOR_DOIS:inst12|SAIDA[1]~1325                     ; 1       ;
; MEMORIA_DE_DADOS:inst11|MEMORIA[48][1]                      ; 1       ;
; MEMORIA_DE_DADOS:inst11|MEMORIA[56][1]                      ; 1       ;
; MEMORIA_DE_DADOS:inst11|MEMORIA[49][1]                      ; 1       ;
; MULTIPLEXADOR_DOIS:inst12|SAIDA[1]~1324                     ; 1       ;
; MEMORIA_DE_DADOS:inst11|MEMORIA[61][1]                      ; 1       ;
; MULTIPLEXADOR_DOIS:inst12|SAIDA[1]~1323                     ; 1       ;
; MEMORIA_DE_DADOS:inst11|MEMORIA[52][1]                      ; 1       ;
; MEMORIA_DE_DADOS:inst11|MEMORIA[60][1]                      ; 1       ;
; MEMORIA_DE_DADOS:inst11|MEMORIA[53][1]                      ; 1       ;
; MULTIPLEXADOR_DOIS:inst12|SAIDA[1]~1322                     ; 1       ;
; MEMORIA_DE_DADOS:inst11|MEMORIA[59][1]                      ; 1       ;
; MULTIPLEXADOR_DOIS:inst12|SAIDA[1]~1321                     ; 1       ;
; MEMORIA_DE_DADOS:inst11|MEMORIA[50][1]                      ; 1       ;
; MEMORIA_DE_DADOS:inst11|MEMORIA[58][1]                      ; 1       ;
; MEMORIA_DE_DADOS:inst11|MEMORIA[51][1]                      ; 1       ;
; MULTIPLEXADOR_DOIS:inst12|SAIDA[1]~1320                     ; 1       ;
; MULTIPLEXADOR_DOIS:inst12|SAIDA[1]~1319                     ; 1       ;
; MULTIPLEXADOR_DOIS:inst12|SAIDA[1]~1318                     ; 1       ;
; MEMORIA_DE_DADOS:inst11|MEMORIA[15][1]                      ; 1       ;
; MULTIPLEXADOR_DOIS:inst12|SAIDA[1]~1317                     ; 1       ;
; MEMORIA_DE_DADOS:inst11|MEMORIA[6][1]                       ; 1       ;
; MEMORIA_DE_DADOS:inst11|MEMORIA[14][1]                      ; 1       ;
; MEMORIA_DE_DADOS:inst11|MEMORIA[7][1]                       ; 1       ;
; MULTIPLEXADOR_DOIS:inst12|SAIDA[1]~1316                     ; 1       ;
; MULTIPLEXADOR_DOIS:inst12|SAIDA[1]~1315                     ; 1       ;
; MEMORIA_DE_DADOS:inst11|MEMORIA[9][1]                       ; 1       ;
; MULTIPLEXADOR_DOIS:inst12|SAIDA[1]~1314                     ; 1       ;
; MEMORIA_DE_DADOS:inst11|MEMORIA[0][1]                       ; 1       ;
; MEMORIA_DE_DADOS:inst11|MEMORIA[8][1]                       ; 1       ;
; MEMORIA_DE_DADOS:inst11|MEMORIA[1][1]                       ; 1       ;
; MULTIPLEXADOR_DOIS:inst12|SAIDA[1]~1313                     ; 1       ;
; MEMORIA_DE_DADOS:inst11|MEMORIA[13][1]                      ; 1       ;
; MULTIPLEXADOR_DOIS:inst12|SAIDA[1]~1312                     ; 1       ;
; MEMORIA_DE_DADOS:inst11|MEMORIA[4][1]                       ; 1       ;
; MEMORIA_DE_DADOS:inst11|MEMORIA[12][1]                      ; 1       ;
; MEMORIA_DE_DADOS:inst11|MEMORIA[5][1]                       ; 1       ;
; MULTIPLEXADOR_DOIS:inst12|SAIDA[1]~1311                     ; 1       ;
; MEMORIA_DE_DADOS:inst11|MEMORIA[11][1]                      ; 1       ;
; MULTIPLEXADOR_DOIS:inst12|SAIDA[1]~1310                     ; 1       ;
; MEMORIA_DE_DADOS:inst11|MEMORIA[2][1]                       ; 1       ;
; MEMORIA_DE_DADOS:inst11|MEMORIA[10][1]                      ; 1       ;
; MEMORIA_DE_DADOS:inst11|MEMORIA[3][1]                       ; 1       ;
; MULTIPLEXADOR_DOIS:inst12|SAIDA[1]~1309                     ; 1       ;
; MULTIPLEXADOR_DOIS:inst12|SAIDA[1]~1308                     ; 1       ;
; MEMORIA_DE_DADOS:inst11|MEMORIA[47][1]                      ; 1       ;
; MULTIPLEXADOR_DOIS:inst12|SAIDA[1]~1307                     ; 1       ;
; MEMORIA_DE_DADOS:inst11|MEMORIA[35][1]                      ; 1       ;
; MEMORIA_DE_DADOS:inst11|MEMORIA[43][1]                      ; 1       ;
; MEMORIA_DE_DADOS:inst11|MEMORIA[39][1]                      ; 1       ;
; MULTIPLEXADOR_DOIS:inst12|SAIDA[1]~1306                     ; 1       ;
; MULTIPLEXADOR_DOIS:inst12|SAIDA[1]~1305                     ; 1       ;
; MEMORIA_DE_DADOS:inst11|MEMORIA[44][1]                      ; 1       ;
; MULTIPLEXADOR_DOIS:inst12|SAIDA[1]~1304                     ; 1       ;
; MEMORIA_DE_DADOS:inst11|MEMORIA[32][1]                      ; 1       ;
; MEMORIA_DE_DADOS:inst11|MEMORIA[40][1]                      ; 1       ;
; MEMORIA_DE_DADOS:inst11|MEMORIA[36][1]                      ; 1       ;
; MULTIPLEXADOR_DOIS:inst12|SAIDA[1]~1303                     ; 1       ;
; MEMORIA_DE_DADOS:inst11|MEMORIA[46][1]                      ; 1       ;
; MULTIPLEXADOR_DOIS:inst12|SAIDA[1]~1302                     ; 1       ;
; MEMORIA_DE_DADOS:inst11|MEMORIA[34][1]                      ; 1       ;
; MEMORIA_DE_DADOS:inst11|MEMORIA[42][1]                      ; 1       ;
; MEMORIA_DE_DADOS:inst11|MEMORIA[38][1]                      ; 1       ;
; MULTIPLEXADOR_DOIS:inst12|SAIDA[1]~1301                     ; 1       ;
; MEMORIA_DE_DADOS:inst11|MEMORIA[45][1]                      ; 1       ;
; MULTIPLEXADOR_DOIS:inst12|SAIDA[1]~1300                     ; 1       ;
; MEMORIA_DE_DADOS:inst11|MEMORIA[33][1]                      ; 1       ;
; MEMORIA_DE_DADOS:inst11|MEMORIA[41][1]                      ; 1       ;
; MEMORIA_DE_DADOS:inst11|MEMORIA[37][1]                      ; 1       ;
; MULTIPLEXADOR_DOIS:inst12|SAIDA[1]~1299                     ; 1       ;
; MULTIPLEXADOR_DOIS:inst12|SAIDA[1]~1298                     ; 1       ;
; MEMORIA_DE_DADOS:inst11|MEMORIA[31][1]                      ; 1       ;
; MULTIPLEXADOR_DOIS:inst12|SAIDA[1]~1297                     ; 1       ;
; MEMORIA_DE_DADOS:inst11|MEMORIA[21][1]                      ; 1       ;
; MEMORIA_DE_DADOS:inst11|MEMORIA[29][1]                      ; 1       ;
; MEMORIA_DE_DADOS:inst11|MEMORIA[23][1]                      ; 1       ;
; MULTIPLEXADOR_DOIS:inst12|SAIDA[1]~1296                     ; 1       ;
; MULTIPLEXADOR_DOIS:inst12|SAIDA[1]~1295                     ; 1       ;
; MEMORIA_DE_DADOS:inst11|MEMORIA[26][1]                      ; 1       ;
; MULTIPLEXADOR_DOIS:inst12|SAIDA[1]~1294                     ; 1       ;
; MEMORIA_DE_DADOS:inst11|MEMORIA[16][1]                      ; 1       ;
; MEMORIA_DE_DADOS:inst11|MEMORIA[24][1]                      ; 1       ;
; MEMORIA_DE_DADOS:inst11|MEMORIA[18][1]                      ; 1       ;
; MULTIPLEXADOR_DOIS:inst12|SAIDA[1]~1293                     ; 1       ;
; MEMORIA_DE_DADOS:inst11|MEMORIA[27][1]                      ; 1       ;
; MULTIPLEXADOR_DOIS:inst12|SAIDA[1]~1292                     ; 1       ;
; MEMORIA_DE_DADOS:inst11|MEMORIA[17][1]                      ; 1       ;
; MEMORIA_DE_DADOS:inst11|MEMORIA[25][1]                      ; 1       ;
; MEMORIA_DE_DADOS:inst11|MEMORIA[19][1]                      ; 1       ;
; MULTIPLEXADOR_DOIS:inst12|SAIDA[1]~1291                     ; 1       ;
; MEMORIA_DE_DADOS:inst11|MEMORIA[30][1]                      ; 1       ;
; MULTIPLEXADOR_DOIS:inst12|SAIDA[1]~1290                     ; 1       ;
; MEMORIA_DE_DADOS:inst11|MEMORIA[20][1]                      ; 1       ;
; MEMORIA_DE_DADOS:inst11|MEMORIA[28][1]                      ; 1       ;
; MEMORIA_DE_DADOS:inst11|MEMORIA[22][1]                      ; 1       ;
; MULTIPLEXADOR_DOIS:inst12|SAIDA[2]~1288                     ; 1       ;
; MULTIPLEXADOR_DOIS:inst12|SAIDA[2]~1287                     ; 1       ;
; MULTIPLEXADOR_DOIS:inst12|SAIDA[2]~1286                     ; 1       ;
; MEMORIA_DE_DADOS:inst11|MEMORIA[63][2]                      ; 1       ;
; MULTIPLEXADOR_DOIS:inst12|SAIDA[2]~1285                     ; 1       ;
; MEMORIA_DE_DADOS:inst11|MEMORIA[23][2]                      ; 1       ;
; MEMORIA_DE_DADOS:inst11|MEMORIA[31][2]                      ; 1       ;
; MEMORIA_DE_DADOS:inst11|MEMORIA[55][2]                      ; 1       ;
; MULTIPLEXADOR_DOIS:inst12|SAIDA[2]~1284                     ; 1       ;
; MULTIPLEXADOR_DOIS:inst12|SAIDA[2]~1283                     ; 1       ;
; MEMORIA_DE_DADOS:inst11|MEMORIA[45][2]                      ; 1       ;
; MULTIPLEXADOR_DOIS:inst12|SAIDA[2]~1282                     ; 1       ;
; MEMORIA_DE_DADOS:inst11|MEMORIA[5][2]                       ; 1       ;
; MEMORIA_DE_DADOS:inst11|MEMORIA[13][2]                      ; 1       ;
; MEMORIA_DE_DADOS:inst11|MEMORIA[37][2]                      ; 1       ;
; MULTIPLEXADOR_DOIS:inst12|SAIDA[2]~1281                     ; 1       ;
; MEMORIA_DE_DADOS:inst11|MEMORIA[61][2]                      ; 1       ;
; MULTIPLEXADOR_DOIS:inst12|SAIDA[2]~1280                     ; 1       ;
; MEMORIA_DE_DADOS:inst11|MEMORIA[21][2]                      ; 1       ;
; MEMORIA_DE_DADOS:inst11|MEMORIA[29][2]                      ; 1       ;
; MEMORIA_DE_DADOS:inst11|MEMORIA[53][2]                      ; 1       ;
; MULTIPLEXADOR_DOIS:inst12|SAIDA[2]~1279                     ; 1       ;
; MEMORIA_DE_DADOS:inst11|MEMORIA[47][2]                      ; 1       ;
; MULTIPLEXADOR_DOIS:inst12|SAIDA[2]~1278                     ; 1       ;
; MEMORIA_DE_DADOS:inst11|MEMORIA[7][2]                       ; 1       ;
; MEMORIA_DE_DADOS:inst11|MEMORIA[15][2]                      ; 1       ;
; MEMORIA_DE_DADOS:inst11|MEMORIA[39][2]                      ; 1       ;
; MULTIPLEXADOR_DOIS:inst12|SAIDA[2]~1277                     ; 1       ;
; MULTIPLEXADOR_DOIS:inst12|SAIDA[2]~1276                     ; 1       ;
; MULTIPLEXADOR_DOIS:inst12|SAIDA[2]~1275                     ; 1       ;
; MEMORIA_DE_DADOS:inst11|MEMORIA[58][2]                      ; 1       ;
; MULTIPLEXADOR_DOIS:inst12|SAIDA[2]~1274                     ; 1       ;
; MEMORIA_DE_DADOS:inst11|MEMORIA[34][2]                      ; 1       ;
; MEMORIA_DE_DADOS:inst11|MEMORIA[50][2]                      ; 1       ;
; MEMORIA_DE_DADOS:inst11|MEMORIA[42][2]                      ; 1       ;
; MULTIPLEXADOR_DOIS:inst12|SAIDA[2]~1273                     ; 1       ;
; MULTIPLEXADOR_DOIS:inst12|SAIDA[2]~1272                     ; 1       ;
; MEMORIA_DE_DADOS:inst11|MEMORIA[24][2]                      ; 1       ;
; MULTIPLEXADOR_DOIS:inst12|SAIDA[2]~1271                     ; 1       ;
; MEMORIA_DE_DADOS:inst11|MEMORIA[0][2]                       ; 1       ;
; MEMORIA_DE_DADOS:inst11|MEMORIA[16][2]                      ; 1       ;
; MEMORIA_DE_DADOS:inst11|MEMORIA[8][2]                       ; 1       ;
; MULTIPLEXADOR_DOIS:inst12|SAIDA[2]~1270                     ; 1       ;
; MEMORIA_DE_DADOS:inst11|MEMORIA[56][2]                      ; 1       ;
; MULTIPLEXADOR_DOIS:inst12|SAIDA[2]~1269                     ; 1       ;
; MEMORIA_DE_DADOS:inst11|MEMORIA[32][2]                      ; 1       ;
; MEMORIA_DE_DADOS:inst11|MEMORIA[48][2]                      ; 1       ;
; MEMORIA_DE_DADOS:inst11|MEMORIA[40][2]                      ; 1       ;
; MULTIPLEXADOR_DOIS:inst12|SAIDA[2]~1268                     ; 1       ;
; MEMORIA_DE_DADOS:inst11|MEMORIA[26][2]                      ; 1       ;
; MULTIPLEXADOR_DOIS:inst12|SAIDA[2]~1267                     ; 1       ;
; MEMORIA_DE_DADOS:inst11|MEMORIA[2][2]                       ; 1       ;
; MEMORIA_DE_DADOS:inst11|MEMORIA[18][2]                      ; 1       ;
; MEMORIA_DE_DADOS:inst11|MEMORIA[10][2]                      ; 1       ;
; MULTIPLEXADOR_DOIS:inst12|SAIDA[2]~1266                     ; 1       ;
; MULTIPLEXADOR_DOIS:inst12|SAIDA[2]~1265                     ; 1       ;
; MEMORIA_DE_DADOS:inst11|MEMORIA[59][2]                      ; 1       ;
; MULTIPLEXADOR_DOIS:inst12|SAIDA[2]~1264                     ; 1       ;
; MEMORIA_DE_DADOS:inst11|MEMORIA[35][2]                      ; 1       ;
; MEMORIA_DE_DADOS:inst11|MEMORIA[43][2]                      ; 1       ;
; MEMORIA_DE_DADOS:inst11|MEMORIA[51][2]                      ; 1       ;
; MULTIPLEXADOR_DOIS:inst12|SAIDA[2]~1263                     ; 1       ;
; MULTIPLEXADOR_DOIS:inst12|SAIDA[2]~1262                     ; 1       ;
; MEMORIA_DE_DADOS:inst11|MEMORIA[25][2]                      ; 1       ;
; MULTIPLEXADOR_DOIS:inst12|SAIDA[2]~1261                     ; 1       ;
; MEMORIA_DE_DADOS:inst11|MEMORIA[1][2]                       ; 1       ;
; MEMORIA_DE_DADOS:inst11|MEMORIA[9][2]                       ; 1       ;
; MEMORIA_DE_DADOS:inst11|MEMORIA[17][2]                      ; 1       ;
; MULTIPLEXADOR_DOIS:inst12|SAIDA[2]~1260                     ; 1       ;
; MEMORIA_DE_DADOS:inst11|MEMORIA[57][2]                      ; 1       ;
; MULTIPLEXADOR_DOIS:inst12|SAIDA[2]~1259                     ; 1       ;
; MEMORIA_DE_DADOS:inst11|MEMORIA[33][2]                      ; 1       ;
; MEMORIA_DE_DADOS:inst11|MEMORIA[41][2]                      ; 1       ;
; MEMORIA_DE_DADOS:inst11|MEMORIA[49][2]                      ; 1       ;
; MULTIPLEXADOR_DOIS:inst12|SAIDA[2]~1258                     ; 1       ;
; MEMORIA_DE_DADOS:inst11|MEMORIA[27][2]                      ; 1       ;
; MULTIPLEXADOR_DOIS:inst12|SAIDA[2]~1257                     ; 1       ;
; MEMORIA_DE_DADOS:inst11|MEMORIA[3][2]                       ; 1       ;
; MEMORIA_DE_DADOS:inst11|MEMORIA[19][2]                      ; 1       ;
; MEMORIA_DE_DADOS:inst11|MEMORIA[11][2]                      ; 1       ;
; MULTIPLEXADOR_DOIS:inst12|SAIDA[2]~1256                     ; 1       ;
; MULTIPLEXADOR_DOIS:inst12|SAIDA[2]~1255                     ; 1       ;
; MEMORIA_DE_DADOS:inst11|MEMORIA[62][2]                      ; 1       ;
; MULTIPLEXADOR_DOIS:inst12|SAIDA[2]~1254                     ; 1       ;
; MEMORIA_DE_DADOS:inst11|MEMORIA[22][2]                      ; 1       ;
; MEMORIA_DE_DADOS:inst11|MEMORIA[54][2]                      ; 1       ;
; MEMORIA_DE_DADOS:inst11|MEMORIA[30][2]                      ; 1       ;
; MULTIPLEXADOR_DOIS:inst12|SAIDA[2]~1253                     ; 1       ;
; MULTIPLEXADOR_DOIS:inst12|SAIDA[2]~1252                     ; 1       ;
+-------------------------------------------------------------+---------+


+---------------------------------------------------+
; Routing Usage Summary                             ;
+-----------------------+---------------------------+
; Routing Resource Type ; Usage                     ;
+-----------------------+---------------------------+
; Block interconnects   ; 6,739 / 342,891 ( 2 % )   ;
; C16 interconnects     ; 446 / 10,120 ( 4 % )      ;
; C4 interconnects      ; 5,585 / 209,544 ( 3 % )   ;
; Direct links          ; 327 / 342,891 ( < 1 % )   ;
; Global clocks         ; 1 / 20 ( 5 % )            ;
; Local interconnects   ; 1,156 / 119,088 ( < 1 % ) ;
; R24 interconnects     ; 494 / 9,963 ( 5 % )       ;
; R4 interconnects      ; 6,498 / 289,782 ( 2 % )   ;
+-----------------------+---------------------------+


+-----------------------------------------------------------------------------+
; LAB Logic Elements                                                          ;
+---------------------------------------------+-------------------------------+
; Number of Logic Elements  (Average = 13.08) ; Number of LABs  (Total = 265) ;
+---------------------------------------------+-------------------------------+
; 1                                           ; 10                            ;
; 2                                           ; 8                             ;
; 3                                           ; 7                             ;
; 4                                           ; 6                             ;
; 5                                           ; 3                             ;
; 6                                           ; 5                             ;
; 7                                           ; 2                             ;
; 8                                           ; 6                             ;
; 9                                           ; 5                             ;
; 10                                          ; 3                             ;
; 11                                          ; 3                             ;
; 12                                          ; 10                            ;
; 13                                          ; 10                            ;
; 14                                          ; 20                            ;
; 15                                          ; 22                            ;
; 16                                          ; 145                           ;
+---------------------------------------------+-------------------------------+


+--------------------------------------------------------------------+
; LAB-wide Signals                                                   ;
+------------------------------------+-------------------------------+
; LAB-wide Signals  (Average = 2.02) ; Number of LABs  (Total = 265) ;
+------------------------------------+-------------------------------+
; 1 Clock                            ; 264                           ;
; 1 Clock enable                     ; 32                            ;
; 1 Sync. clear                      ; 8                             ;
; 1 Sync. load                       ; 6                             ;
; 2 Clock enables                    ; 226                           ;
+------------------------------------+-------------------------------+


+------------------------------------------------------------------------------+
; LAB Signals Sourced                                                          ;
+----------------------------------------------+-------------------------------+
; Number of Signals Sourced  (Average = 22.25) ; Number of LABs  (Total = 265) ;
+----------------------------------------------+-------------------------------+
; 0                                            ; 0                             ;
; 1                                            ; 1                             ;
; 2                                            ; 9                             ;
; 3                                            ; 1                             ;
; 4                                            ; 9                             ;
; 5                                            ; 1                             ;
; 6                                            ; 7                             ;
; 7                                            ; 1                             ;
; 8                                            ; 4                             ;
; 9                                            ; 1                             ;
; 10                                           ; 4                             ;
; 11                                           ; 1                             ;
; 12                                           ; 3                             ;
; 13                                           ; 1                             ;
; 14                                           ; 2                             ;
; 15                                           ; 3                             ;
; 16                                           ; 7                             ;
; 17                                           ; 14                            ;
; 18                                           ; 11                            ;
; 19                                           ; 13                            ;
; 20                                           ; 11                            ;
; 21                                           ; 9                             ;
; 22                                           ; 12                            ;
; 23                                           ; 9                             ;
; 24                                           ; 8                             ;
; 25                                           ; 3                             ;
; 26                                           ; 9                             ;
; 27                                           ; 7                             ;
; 28                                           ; 13                            ;
; 29                                           ; 8                             ;
; 30                                           ; 16                            ;
; 31                                           ; 14                            ;
; 32                                           ; 53                            ;
+----------------------------------------------+-------------------------------+


+---------------------------------------------------------------------------------+
; LAB Signals Sourced Out                                                         ;
+-------------------------------------------------+-------------------------------+
; Number of Signals Sourced Out  (Average = 9.96) ; Number of LABs  (Total = 265) ;
+-------------------------------------------------+-------------------------------+
; 0                                               ; 0                             ;
; 1                                               ; 15                            ;
; 2                                               ; 11                            ;
; 3                                               ; 12                            ;
; 4                                               ; 15                            ;
; 5                                               ; 10                            ;
; 6                                               ; 9                             ;
; 7                                               ; 11                            ;
; 8                                               ; 14                            ;
; 9                                               ; 23                            ;
; 10                                              ; 17                            ;
; 11                                              ; 14                            ;
; 12                                              ; 18                            ;
; 13                                              ; 26                            ;
; 14                                              ; 14                            ;
; 15                                              ; 24                            ;
; 16                                              ; 14                            ;
; 17                                              ; 2                             ;
; 18                                              ; 6                             ;
; 19                                              ; 6                             ;
; 20                                              ; 1                             ;
; 21                                              ; 1                             ;
; 22                                              ; 0                             ;
; 23                                              ; 0                             ;
; 24                                              ; 0                             ;
; 25                                              ; 1                             ;
; 26                                              ; 1                             ;
+-------------------------------------------------+-------------------------------+


+------------------------------------------------------------------------------+
; LAB Distinct Inputs                                                          ;
+----------------------------------------------+-------------------------------+
; Number of Distinct Inputs  (Average = 23.26) ; Number of LABs  (Total = 265) ;
+----------------------------------------------+-------------------------------+
; 0                                            ; 0                             ;
; 1                                            ; 0                             ;
; 2                                            ; 0                             ;
; 3                                            ; 8                             ;
; 4                                            ; 1                             ;
; 5                                            ; 3                             ;
; 6                                            ; 2                             ;
; 7                                            ; 0                             ;
; 8                                            ; 6                             ;
; 9                                            ; 5                             ;
; 10                                           ; 5                             ;
; 11                                           ; 3                             ;
; 12                                           ; 8                             ;
; 13                                           ; 7                             ;
; 14                                           ; 6                             ;
; 15                                           ; 2                             ;
; 16                                           ; 7                             ;
; 17                                           ; 8                             ;
; 18                                           ; 9                             ;
; 19                                           ; 8                             ;
; 20                                           ; 11                            ;
; 21                                           ; 11                            ;
; 22                                           ; 9                             ;
; 23                                           ; 5                             ;
; 24                                           ; 6                             ;
; 25                                           ; 6                             ;
; 26                                           ; 5                             ;
; 27                                           ; 9                             ;
; 28                                           ; 11                            ;
; 29                                           ; 6                             ;
; 30                                           ; 15                            ;
; 31                                           ; 20                            ;
; 32                                           ; 19                            ;
; 33                                           ; 38                            ;
; 34                                           ; 0                             ;
; 35                                           ; 0                             ;
; 36                                           ; 0                             ;
; 37                                           ; 3                             ;
; 38                                           ; 3                             ;
+----------------------------------------------+-------------------------------+


+------------------------------------------+
; I/O Rules Summary                        ;
+----------------------------------+-------+
; I/O Rules Statistic              ; Total ;
+----------------------------------+-------+
; Total I/O Rules                  ; 30    ;
; Number of I/O Rules Passed       ; 9     ;
; Number of I/O Rules Failed       ; 0     ;
; Number of I/O Rules Unchecked    ; 0     ;
; Number of I/O Rules Inapplicable ; 21    ;
+----------------------------------+-------+


+-----------------------------------------------------------------------------------------------------------------------------------------------------------------------------------------------------------------------------------------------------------------------------------------------------+
; I/O Rules Details                                                                                                                                                                                                                                                                                   ;
+--------------+-----------+-----------------------------------+------------------------------------------------------------------------------------------------------+----------+--------------------------------------------------------------------------+---------------------+-------------------+
; Status       ; ID        ; Category                          ; Rule Description                                                                                     ; Severity ; Information                                                              ; Area                ; Extra Information ;
+--------------+-----------+-----------------------------------+------------------------------------------------------------------------------------------------------+----------+--------------------------------------------------------------------------+---------------------+-------------------+
; Inapplicable ; IO_000001 ; Capacity Checks                   ; Number of pins in an I/O bank should not exceed the number of locations available.                   ; Critical ; No Location assignments found.                                           ; I/O                 ;                   ;
; Inapplicable ; IO_000002 ; Capacity Checks                   ; Number of clocks in an I/O bank should not exceed the number of clocks available.                    ; Critical ; No Global Signal assignments found.                                      ; I/O                 ;                   ;
; Inapplicable ; IO_000003 ; Capacity Checks                   ; Number of pins in a Vrefgroup should not exceed the number of locations available.                   ; Critical ; No Location assignments found.                                           ; I/O                 ;                   ;
; Inapplicable ; IO_000004 ; Voltage Compatibility Checks      ; The I/O bank should support the requested VCCIO.                                                     ; Critical ; No IOBANK_VCCIO assignments found.                                       ; I/O                 ;                   ;
; Inapplicable ; IO_000005 ; Voltage Compatibility Checks      ; The I/O bank should not have competing VREF values.                                                  ; Critical ; No VREF I/O Standard assignments found.                                  ; I/O                 ;                   ;
; Pass         ; IO_000006 ; Voltage Compatibility Checks      ; The I/O bank should not have competing VCCIO values.                                                 ; Critical ; 0 such failures found.                                                   ; I/O                 ;                   ;
; Inapplicable ; IO_000007 ; Valid Location Checks             ; Checks for unavailable locations.                                                                    ; Critical ; No Location assignments found.                                           ; I/O                 ;                   ;
; Inapplicable ; IO_000008 ; Valid Location Checks             ; Checks for reserved locations.                                                                       ; Critical ; No reserved LogicLock region found.                                      ; I/O                 ;                   ;
; Pass         ; IO_000009 ; I/O Properties Checks for One I/O ; The location should support the requested I/O standard.                                              ; Critical ; 0 such failures found.                                                   ; I/O                 ;                   ;
; Pass         ; IO_000010 ; I/O Properties Checks for One I/O ; The location should support the requested I/O direction.                                             ; Critical ; 0 such failures found.                                                   ; I/O                 ;                   ;
; Inapplicable ; IO_000011 ; I/O Properties Checks for One I/O ; The location should support the requested Current Strength.                                          ; Critical ; No Current Strength assignments found.                                   ; I/O                 ;                   ;
; Pass         ; IO_000012 ; I/O Properties Checks for One I/O ; The location should support the requested On Chip Termination value.                                 ; Critical ; 0 such failures found.                                                   ; I/O                 ;                   ;
; Inapplicable ; IO_000013 ; I/O Properties Checks for One I/O ; The location should support the requested Bus Hold value.                                            ; Critical ; No Enable Bus-Hold Circuitry assignments found.                          ; I/O                 ;                   ;
; Inapplicable ; IO_000014 ; I/O Properties Checks for One I/O ; The location should support the requested Weak Pull Up value.                                        ; Critical ; No Weak Pull-Up Resistor assignments found.                              ; I/O                 ;                   ;
; Pass         ; IO_000015 ; I/O Properties Checks for One I/O ; The location should support the requested PCI Clamp Diode.                                           ; Critical ; 0 such failures found.                                                   ; I/O                 ;                   ;
; Inapplicable ; IO_000018 ; I/O Properties Checks for One I/O ; The I/O standard should support the requested Current Strength.                                      ; Critical ; No Current Strength assignments found.                                   ; I/O                 ;                   ;
; Pass         ; IO_000019 ; I/O Properties Checks for One I/O ; The I/O standard should support the requested On Chip Termination value.                             ; Critical ; 0 such failures found.                                                   ; I/O                 ;                   ;
; Pass         ; IO_000020 ; I/O Properties Checks for One I/O ; The I/O standard should support the requested PCI Clamp Diode.                                       ; Critical ; 0 such failures found.                                                   ; I/O                 ;                   ;
; Inapplicable ; IO_000021 ; I/O Properties Checks for One I/O ; The I/O standard should support the requested Weak Pull Up value.                                    ; Critical ; No Weak Pull-Up Resistor assignments found.                              ; I/O                 ;                   ;
; Inapplicable ; IO_000022 ; I/O Properties Checks for One I/O ; The I/O standard should support the requested Bus Hold value.                                        ; Critical ; No Enable Bus-Hold Circuitry assignments found.                          ; I/O                 ;                   ;
; Inapplicable ; IO_000023 ; I/O Properties Checks for One I/O ; The I/O standard should support the Open Drain value.                                                ; Critical ; No open drain assignments found.                                         ; I/O                 ;                   ;
; Pass         ; IO_000024 ; I/O Properties Checks for One I/O ; The I/O direction should support the On Chip Termination value.                                      ; Critical ; 0 such failures found.                                                   ; I/O                 ;                   ;
; Inapplicable ; IO_000026 ; I/O Properties Checks for One I/O ; On Chip Termination and Current Strength should not be used at the same time.                        ; Critical ; No Current Strength assignments found.                                   ; I/O                 ;                   ;
; Inapplicable ; IO_000027 ; I/O Properties Checks for One I/O ; Weak Pull Up and Bus Hold should not be used at the same time.                                       ; Critical ; No Enable Bus-Hold Circuitry or Weak Pull-Up Resistor assignments found. ; I/O                 ;                   ;
; Inapplicable ; IO_000045 ; I/O Properties Checks for One I/O ; The I/O standard should support the requested Slew Rate value.                                       ; Critical ; No Slew Rate assignments found.                                          ; I/O                 ;                   ;
; Inapplicable ; IO_000046 ; I/O Properties Checks for One I/O ; The location should support the requested Slew Rate value.                                           ; Critical ; No Slew Rate assignments found.                                          ; I/O                 ;                   ;
; Inapplicable ; IO_000047 ; I/O Properties Checks for One I/O ; On Chip Termination and Slew Rate should not be used at the same time.                               ; Critical ; No Slew Rate assignments found.                                          ; I/O                 ;                   ;
; Pass         ; IO_000033 ; Electromigration Checks           ; Current density for consecutive I/Os should not exceed 240mA for row I/Os and 240mA for column I/Os. ; Critical ; 0 such failures found.                                                   ; I/O                 ;                   ;
; Inapplicable ; IO_000034 ; SI Related Distance Checks        ; Single-ended outputs should be 5 LAB row(s) away from a differential I/O.                            ; High     ; No Differential I/O Standard assignments found.                          ; I/O                 ;                   ;
; Inapplicable ; IO_000042 ; SI Related SSO Limit Checks       ; No more than 20 outputs are allowed in a VREF group when VREF is being read from.                    ; High     ; No VREF I/O Standard assignments found.                                  ; I/O                 ;                   ;
; ----         ; ----      ; Disclaimer                        ; OCT rules are checked but not reported.                                                              ; None     ; ----                                                                     ; On Chip Termination ;                   ;
+--------------+-----------+-----------------------------------+------------------------------------------------------------------------------------------------------+----------+--------------------------------------------------------------------------+---------------------+-------------------+


+------------------------------------------------------------------------------------------------------------------------------------------------------------------------------------------------------------------------------------------------------------------------------------------------------------------------------------------------------------------------------------------------------------------------------------------------------------------------------+
; I/O Rules Matrix                                                                                                                                                                                                                                                                                                                                                                                                                                                             ;
+------------------------+--------------+--------------+--------------+--------------+--------------+-----------+--------------+--------------+-----------+-----------+--------------+--------------+--------------+--------------+--------------+--------------+--------------+--------------+--------------+--------------+--------------+--------------+--------------+--------------+--------------+--------------+--------------+-----------+--------------+--------------+
; Pin/Rules              ; IO_000001    ; IO_000002    ; IO_000003    ; IO_000004    ; IO_000005    ; IO_000006 ; IO_000007    ; IO_000008    ; IO_000009 ; IO_000010 ; IO_000011    ; IO_000012    ; IO_000013    ; IO_000014    ; IO_000015    ; IO_000018    ; IO_000019    ; IO_000020    ; IO_000021    ; IO_000022    ; IO_000023    ; IO_000024    ; IO_000026    ; IO_000027    ; IO_000045    ; IO_000046    ; IO_000047    ; IO_000033 ; IO_000034    ; IO_000042    ;
+------------------------+--------------+--------------+--------------+--------------+--------------+-----------+--------------+--------------+-----------+-----------+--------------+--------------+--------------+--------------+--------------+--------------+--------------+--------------+--------------+--------------+--------------+--------------+--------------+--------------+--------------+--------------+--------------+-----------+--------------+--------------+
; Total Pass             ; 0            ; 0            ; 0            ; 0            ; 0            ; 261       ; 0            ; 0            ; 261       ; 261       ; 0            ; 259          ; 0            ; 0            ; 2            ; 0            ; 259          ; 2            ; 0            ; 0            ; 0            ; 259          ; 0            ; 0            ; 0            ; 0            ; 0            ; 261       ; 0            ; 0            ;
; Total Unchecked        ; 0            ; 0            ; 0            ; 0            ; 0            ; 0         ; 0            ; 0            ; 0         ; 0         ; 0            ; 0            ; 0            ; 0            ; 0            ; 0            ; 0            ; 0            ; 0            ; 0            ; 0            ; 0            ; 0            ; 0            ; 0            ; 0            ; 0            ; 0         ; 0            ; 0            ;
; Total Inapplicable     ; 261          ; 261          ; 261          ; 261          ; 261          ; 0         ; 261          ; 261          ; 0         ; 0         ; 261          ; 2            ; 261          ; 261          ; 259          ; 261          ; 2            ; 259          ; 261          ; 261          ; 261          ; 2            ; 261          ; 261          ; 261          ; 261          ; 261          ; 0         ; 261          ; 261          ;
; Total Fail             ; 0            ; 0            ; 0            ; 0            ; 0            ; 0         ; 0            ; 0            ; 0         ; 0         ; 0            ; 0            ; 0            ; 0            ; 0            ; 0            ; 0            ; 0            ; 0            ; 0            ; 0            ; 0            ; 0            ; 0            ; 0            ; 0            ; 0            ; 0         ; 0            ; 0            ;
; BranchResult           ; Inapplicable ; Inapplicable ; Inapplicable ; Inapplicable ; Inapplicable ; Pass      ; Inapplicable ; Inapplicable ; Pass      ; Pass      ; Inapplicable ; Pass         ; Inapplicable ; Inapplicable ; Inapplicable ; Inapplicable ; Pass         ; Inapplicable ; Inapplicable ; Inapplicable ; Inapplicable ; Pass         ; Inapplicable ; Inapplicable ; Inapplicable ; Inapplicable ; Inapplicable ; Pass      ; Inapplicable ; Inapplicable ;
; BranchSinal            ; Inapplicable ; Inapplicable ; Inapplicable ; Inapplicable ; Inapplicable ; Pass      ; Inapplicable ; Inapplicable ; Pass      ; Pass      ; Inapplicable ; Pass         ; Inapplicable ; Inapplicable ; Inapplicable ; Inapplicable ; Pass         ; Inapplicable ; Inapplicable ; Inapplicable ; Inapplicable ; Pass         ; Inapplicable ; Inapplicable ; Inapplicable ; Inapplicable ; Inapplicable ; Pass      ; Inapplicable ; Inapplicable ;
; JumpSinal              ; Inapplicable ; Inapplicable ; Inapplicable ; Inapplicable ; Inapplicable ; Pass      ; Inapplicable ; Inapplicable ; Pass      ; Pass      ; Inapplicable ; Pass         ; Inapplicable ; Inapplicable ; Inapplicable ; Inapplicable ; Pass         ; Inapplicable ; Inapplicable ; Inapplicable ; Inapplicable ; Pass         ; Inapplicable ; Inapplicable ; Inapplicable ; Inapplicable ; Inapplicable ; Pass      ; Inapplicable ; Inapplicable ;
; ENTRADA_SHIFT_LEFT[31] ; Inapplicable ; Inapplicable ; Inapplicable ; Inapplicable ; Inapplicable ; Pass      ; Inapplicable ; Inapplicable ; Pass      ; Pass      ; Inapplicable ; Pass         ; Inapplicable ; Inapplicable ; Inapplicable ; Inapplicable ; Pass         ; Inapplicable ; Inapplicable ; Inapplicable ; Inapplicable ; Pass         ; Inapplicable ; Inapplicable ; Inapplicable ; Inapplicable ; Inapplicable ; Pass      ; Inapplicable ; Inapplicable ;
; ENTRADA_SHIFT_LEFT[30] ; Inapplicable ; Inapplicable ; Inapplicable ; Inapplicable ; Inapplicable ; Pass      ; Inapplicable ; Inapplicable ; Pass      ; Pass      ; Inapplicable ; Pass         ; Inapplicable ; Inapplicable ; Inapplicable ; Inapplicable ; Pass         ; Inapplicable ; Inapplicable ; Inapplicable ; Inapplicable ; Pass         ; Inapplicable ; Inapplicable ; Inapplicable ; Inapplicable ; Inapplicable ; Pass      ; Inapplicable ; Inapplicable ;
; ENTRADA_SHIFT_LEFT[29] ; Inapplicable ; Inapplicable ; Inapplicable ; Inapplicable ; Inapplicable ; Pass      ; Inapplicable ; Inapplicable ; Pass      ; Pass      ; Inapplicable ; Pass         ; Inapplicable ; Inapplicable ; Inapplicable ; Inapplicable ; Pass         ; Inapplicable ; Inapplicable ; Inapplicable ; Inapplicable ; Pass         ; Inapplicable ; Inapplicable ; Inapplicable ; Inapplicable ; Inapplicable ; Pass      ; Inapplicable ; Inapplicable ;
; ENTRADA_SHIFT_LEFT[28] ; Inapplicable ; Inapplicable ; Inapplicable ; Inapplicable ; Inapplicable ; Pass      ; Inapplicable ; Inapplicable ; Pass      ; Pass      ; Inapplicable ; Pass         ; Inapplicable ; Inapplicable ; Inapplicable ; Inapplicable ; Pass         ; Inapplicable ; Inapplicable ; Inapplicable ; Inapplicable ; Pass         ; Inapplicable ; Inapplicable ; Inapplicable ; Inapplicable ; Inapplicable ; Pass      ; Inapplicable ; Inapplicable ;
; ENTRADA_SHIFT_LEFT[27] ; Inapplicable ; Inapplicable ; Inapplicable ; Inapplicable ; Inapplicable ; Pass      ; Inapplicable ; Inapplicable ; Pass      ; Pass      ; Inapplicable ; Pass         ; Inapplicable ; Inapplicable ; Inapplicable ; Inapplicable ; Pass         ; Inapplicable ; Inapplicable ; Inapplicable ; Inapplicable ; Pass         ; Inapplicable ; Inapplicable ; Inapplicable ; Inapplicable ; Inapplicable ; Pass      ; Inapplicable ; Inapplicable ;
; ENTRADA_SHIFT_LEFT[26] ; Inapplicable ; Inapplicable ; Inapplicable ; Inapplicable ; Inapplicable ; Pass      ; Inapplicable ; Inapplicable ; Pass      ; Pass      ; Inapplicable ; Pass         ; Inapplicable ; Inapplicable ; Inapplicable ; Inapplicable ; Pass         ; Inapplicable ; Inapplicable ; Inapplicable ; Inapplicable ; Pass         ; Inapplicable ; Inapplicable ; Inapplicable ; Inapplicable ; Inapplicable ; Pass      ; Inapplicable ; Inapplicable ;
; ENTRADA_SHIFT_LEFT[25] ; Inapplicable ; Inapplicable ; Inapplicable ; Inapplicable ; Inapplicable ; Pass      ; Inapplicable ; Inapplicable ; Pass      ; Pass      ; Inapplicable ; Pass         ; Inapplicable ; Inapplicable ; Inapplicable ; Inapplicable ; Pass         ; Inapplicable ; Inapplicable ; Inapplicable ; Inapplicable ; Pass         ; Inapplicable ; Inapplicable ; Inapplicable ; Inapplicable ; Inapplicable ; Pass      ; Inapplicable ; Inapplicable ;
; ENTRADA_SHIFT_LEFT[24] ; Inapplicable ; Inapplicable ; Inapplicable ; Inapplicable ; Inapplicable ; Pass      ; Inapplicable ; Inapplicable ; Pass      ; Pass      ; Inapplicable ; Pass         ; Inapplicable ; Inapplicable ; Inapplicable ; Inapplicable ; Pass         ; Inapplicable ; Inapplicable ; Inapplicable ; Inapplicable ; Pass         ; Inapplicable ; Inapplicable ; Inapplicable ; Inapplicable ; Inapplicable ; Pass      ; Inapplicable ; Inapplicable ;
; ENTRADA_SHIFT_LEFT[23] ; Inapplicable ; Inapplicable ; Inapplicable ; Inapplicable ; Inapplicable ; Pass      ; Inapplicable ; Inapplicable ; Pass      ; Pass      ; Inapplicable ; Pass         ; Inapplicable ; Inapplicable ; Inapplicable ; Inapplicable ; Pass         ; Inapplicable ; Inapplicable ; Inapplicable ; Inapplicable ; Pass         ; Inapplicable ; Inapplicable ; Inapplicable ; Inapplicable ; Inapplicable ; Pass      ; Inapplicable ; Inapplicable ;
; ENTRADA_SHIFT_LEFT[22] ; Inapplicable ; Inapplicable ; Inapplicable ; Inapplicable ; Inapplicable ; Pass      ; Inapplicable ; Inapplicable ; Pass      ; Pass      ; Inapplicable ; Pass         ; Inapplicable ; Inapplicable ; Inapplicable ; Inapplicable ; Pass         ; Inapplicable ; Inapplicable ; Inapplicable ; Inapplicable ; Pass         ; Inapplicable ; Inapplicable ; Inapplicable ; Inapplicable ; Inapplicable ; Pass      ; Inapplicable ; Inapplicable ;
; ENTRADA_SHIFT_LEFT[21] ; Inapplicable ; Inapplicable ; Inapplicable ; Inapplicable ; Inapplicable ; Pass      ; Inapplicable ; Inapplicable ; Pass      ; Pass      ; Inapplicable ; Pass         ; Inapplicable ; Inapplicable ; Inapplicable ; Inapplicable ; Pass         ; Inapplicable ; Inapplicable ; Inapplicable ; Inapplicable ; Pass         ; Inapplicable ; Inapplicable ; Inapplicable ; Inapplicable ; Inapplicable ; Pass      ; Inapplicable ; Inapplicable ;
; ENTRADA_SHIFT_LEFT[20] ; Inapplicable ; Inapplicable ; Inapplicable ; Inapplicable ; Inapplicable ; Pass      ; Inapplicable ; Inapplicable ; Pass      ; Pass      ; Inapplicable ; Pass         ; Inapplicable ; Inapplicable ; Inapplicable ; Inapplicable ; Pass         ; Inapplicable ; Inapplicable ; Inapplicable ; Inapplicable ; Pass         ; Inapplicable ; Inapplicable ; Inapplicable ; Inapplicable ; Inapplicable ; Pass      ; Inapplicable ; Inapplicable ;
; ENTRADA_SHIFT_LEFT[19] ; Inapplicable ; Inapplicable ; Inapplicable ; Inapplicable ; Inapplicable ; Pass      ; Inapplicable ; Inapplicable ; Pass      ; Pass      ; Inapplicable ; Pass         ; Inapplicable ; Inapplicable ; Inapplicable ; Inapplicable ; Pass         ; Inapplicable ; Inapplicable ; Inapplicable ; Inapplicable ; Pass         ; Inapplicable ; Inapplicable ; Inapplicable ; Inapplicable ; Inapplicable ; Pass      ; Inapplicable ; Inapplicable ;
; ENTRADA_SHIFT_LEFT[18] ; Inapplicable ; Inapplicable ; Inapplicable ; Inapplicable ; Inapplicable ; Pass      ; Inapplicable ; Inapplicable ; Pass      ; Pass      ; Inapplicable ; Pass         ; Inapplicable ; Inapplicable ; Inapplicable ; Inapplicable ; Pass         ; Inapplicable ; Inapplicable ; Inapplicable ; Inapplicable ; Pass         ; Inapplicable ; Inapplicable ; Inapplicable ; Inapplicable ; Inapplicable ; Pass      ; Inapplicable ; Inapplicable ;
; ENTRADA_SHIFT_LEFT[17] ; Inapplicable ; Inapplicable ; Inapplicable ; Inapplicable ; Inapplicable ; Pass      ; Inapplicable ; Inapplicable ; Pass      ; Pass      ; Inapplicable ; Pass         ; Inapplicable ; Inapplicable ; Inapplicable ; Inapplicable ; Pass         ; Inapplicable ; Inapplicable ; Inapplicable ; Inapplicable ; Pass         ; Inapplicable ; Inapplicable ; Inapplicable ; Inapplicable ; Inapplicable ; Pass      ; Inapplicable ; Inapplicable ;
; ENTRADA_SHIFT_LEFT[16] ; Inapplicable ; Inapplicable ; Inapplicable ; Inapplicable ; Inapplicable ; Pass      ; Inapplicable ; Inapplicable ; Pass      ; Pass      ; Inapplicable ; Pass         ; Inapplicable ; Inapplicable ; Inapplicable ; Inapplicable ; Pass         ; Inapplicable ; Inapplicable ; Inapplicable ; Inapplicable ; Pass         ; Inapplicable ; Inapplicable ; Inapplicable ; Inapplicable ; Inapplicable ; Pass      ; Inapplicable ; Inapplicable ;
; ENTRADA_SHIFT_LEFT[15] ; Inapplicable ; Inapplicable ; Inapplicable ; Inapplicable ; Inapplicable ; Pass      ; Inapplicable ; Inapplicable ; Pass      ; Pass      ; Inapplicable ; Pass         ; Inapplicable ; Inapplicable ; Inapplicable ; Inapplicable ; Pass         ; Inapplicable ; Inapplicable ; Inapplicable ; Inapplicable ; Pass         ; Inapplicable ; Inapplicable ; Inapplicable ; Inapplicable ; Inapplicable ; Pass      ; Inapplicable ; Inapplicable ;
; ENTRADA_SHIFT_LEFT[14] ; Inapplicable ; Inapplicable ; Inapplicable ; Inapplicable ; Inapplicable ; Pass      ; Inapplicable ; Inapplicable ; Pass      ; Pass      ; Inapplicable ; Pass         ; Inapplicable ; Inapplicable ; Inapplicable ; Inapplicable ; Pass         ; Inapplicable ; Inapplicable ; Inapplicable ; Inapplicable ; Pass         ; Inapplicable ; Inapplicable ; Inapplicable ; Inapplicable ; Inapplicable ; Pass      ; Inapplicable ; Inapplicable ;
; ENTRADA_SHIFT_LEFT[13] ; Inapplicable ; Inapplicable ; Inapplicable ; Inapplicable ; Inapplicable ; Pass      ; Inapplicable ; Inapplicable ; Pass      ; Pass      ; Inapplicable ; Pass         ; Inapplicable ; Inapplicable ; Inapplicable ; Inapplicable ; Pass         ; Inapplicable ; Inapplicable ; Inapplicable ; Inapplicable ; Pass         ; Inapplicable ; Inapplicable ; Inapplicable ; Inapplicable ; Inapplicable ; Pass      ; Inapplicable ; Inapplicable ;
; ENTRADA_SHIFT_LEFT[12] ; Inapplicable ; Inapplicable ; Inapplicable ; Inapplicable ; Inapplicable ; Pass      ; Inapplicable ; Inapplicable ; Pass      ; Pass      ; Inapplicable ; Pass         ; Inapplicable ; Inapplicable ; Inapplicable ; Inapplicable ; Pass         ; Inapplicable ; Inapplicable ; Inapplicable ; Inapplicable ; Pass         ; Inapplicable ; Inapplicable ; Inapplicable ; Inapplicable ; Inapplicable ; Pass      ; Inapplicable ; Inapplicable ;
; ENTRADA_SHIFT_LEFT[11] ; Inapplicable ; Inapplicable ; Inapplicable ; Inapplicable ; Inapplicable ; Pass      ; Inapplicable ; Inapplicable ; Pass      ; Pass      ; Inapplicable ; Pass         ; Inapplicable ; Inapplicable ; Inapplicable ; Inapplicable ; Pass         ; Inapplicable ; Inapplicable ; Inapplicable ; Inapplicable ; Pass         ; Inapplicable ; Inapplicable ; Inapplicable ; Inapplicable ; Inapplicable ; Pass      ; Inapplicable ; Inapplicable ;
; ENTRADA_SHIFT_LEFT[10] ; Inapplicable ; Inapplicable ; Inapplicable ; Inapplicable ; Inapplicable ; Pass      ; Inapplicable ; Inapplicable ; Pass      ; Pass      ; Inapplicable ; Pass         ; Inapplicable ; Inapplicable ; Inapplicable ; Inapplicable ; Pass         ; Inapplicable ; Inapplicable ; Inapplicable ; Inapplicable ; Pass         ; Inapplicable ; Inapplicable ; Inapplicable ; Inapplicable ; Inapplicable ; Pass      ; Inapplicable ; Inapplicable ;
; ENTRADA_SHIFT_LEFT[9]  ; Inapplicable ; Inapplicable ; Inapplicable ; Inapplicable ; Inapplicable ; Pass      ; Inapplicable ; Inapplicable ; Pass      ; Pass      ; Inapplicable ; Pass         ; Inapplicable ; Inapplicable ; Inapplicable ; Inapplicable ; Pass         ; Inapplicable ; Inapplicable ; Inapplicable ; Inapplicable ; Pass         ; Inapplicable ; Inapplicable ; Inapplicable ; Inapplicable ; Inapplicable ; Pass      ; Inapplicable ; Inapplicable ;
; ENTRADA_SHIFT_LEFT[8]  ; Inapplicable ; Inapplicable ; Inapplicable ; Inapplicable ; Inapplicable ; Pass      ; Inapplicable ; Inapplicable ; Pass      ; Pass      ; Inapplicable ; Pass         ; Inapplicable ; Inapplicable ; Inapplicable ; Inapplicable ; Pass         ; Inapplicable ; Inapplicable ; Inapplicable ; Inapplicable ; Pass         ; Inapplicable ; Inapplicable ; Inapplicable ; Inapplicable ; Inapplicable ; Pass      ; Inapplicable ; Inapplicable ;
; ENTRADA_SHIFT_LEFT[7]  ; Inapplicable ; Inapplicable ; Inapplicable ; Inapplicable ; Inapplicable ; Pass      ; Inapplicable ; Inapplicable ; Pass      ; Pass      ; Inapplicable ; Pass         ; Inapplicable ; Inapplicable ; Inapplicable ; Inapplicable ; Pass         ; Inapplicable ; Inapplicable ; Inapplicable ; Inapplicable ; Pass         ; Inapplicable ; Inapplicable ; Inapplicable ; Inapplicable ; Inapplicable ; Pass      ; Inapplicable ; Inapplicable ;
; ENTRADA_SHIFT_LEFT[6]  ; Inapplicable ; Inapplicable ; Inapplicable ; Inapplicable ; Inapplicable ; Pass      ; Inapplicable ; Inapplicable ; Pass      ; Pass      ; Inapplicable ; Pass         ; Inapplicable ; Inapplicable ; Inapplicable ; Inapplicable ; Pass         ; Inapplicable ; Inapplicable ; Inapplicable ; Inapplicable ; Pass         ; Inapplicable ; Inapplicable ; Inapplicable ; Inapplicable ; Inapplicable ; Pass      ; Inapplicable ; Inapplicable ;
; ENTRADA_SHIFT_LEFT[5]  ; Inapplicable ; Inapplicable ; Inapplicable ; Inapplicable ; Inapplicable ; Pass      ; Inapplicable ; Inapplicable ; Pass      ; Pass      ; Inapplicable ; Pass         ; Inapplicable ; Inapplicable ; Inapplicable ; Inapplicable ; Pass         ; Inapplicable ; Inapplicable ; Inapplicable ; Inapplicable ; Pass         ; Inapplicable ; Inapplicable ; Inapplicable ; Inapplicable ; Inapplicable ; Pass      ; Inapplicable ; Inapplicable ;
; ENTRADA_SHIFT_LEFT[4]  ; Inapplicable ; Inapplicable ; Inapplicable ; Inapplicable ; Inapplicable ; Pass      ; Inapplicable ; Inapplicable ; Pass      ; Pass      ; Inapplicable ; Pass         ; Inapplicable ; Inapplicable ; Inapplicable ; Inapplicable ; Pass         ; Inapplicable ; Inapplicable ; Inapplicable ; Inapplicable ; Pass         ; Inapplicable ; Inapplicable ; Inapplicable ; Inapplicable ; Inapplicable ; Pass      ; Inapplicable ; Inapplicable ;
; ENTRADA_SHIFT_LEFT[3]  ; Inapplicable ; Inapplicable ; Inapplicable ; Inapplicable ; Inapplicable ; Pass      ; Inapplicable ; Inapplicable ; Pass      ; Pass      ; Inapplicable ; Pass         ; Inapplicable ; Inapplicable ; Inapplicable ; Inapplicable ; Pass         ; Inapplicable ; Inapplicable ; Inapplicable ; Inapplicable ; Pass         ; Inapplicable ; Inapplicable ; Inapplicable ; Inapplicable ; Inapplicable ; Pass      ; Inapplicable ; Inapplicable ;
; ENTRADA_SHIFT_LEFT[2]  ; Inapplicable ; Inapplicable ; Inapplicable ; Inapplicable ; Inapplicable ; Pass      ; Inapplicable ; Inapplicable ; Pass      ; Pass      ; Inapplicable ; Pass         ; Inapplicable ; Inapplicable ; Inapplicable ; Inapplicable ; Pass         ; Inapplicable ; Inapplicable ; Inapplicable ; Inapplicable ; Pass         ; Inapplicable ; Inapplicable ; Inapplicable ; Inapplicable ; Inapplicable ; Pass      ; Inapplicable ; Inapplicable ;
; ENTRADA_SHIFT_LEFT[1]  ; Inapplicable ; Inapplicable ; Inapplicable ; Inapplicable ; Inapplicable ; Pass      ; Inapplicable ; Inapplicable ; Pass      ; Pass      ; Inapplicable ; Pass         ; Inapplicable ; Inapplicable ; Inapplicable ; Inapplicable ; Pass         ; Inapplicable ; Inapplicable ; Inapplicable ; Inapplicable ; Pass         ; Inapplicable ; Inapplicable ; Inapplicable ; Inapplicable ; Inapplicable ; Pass      ; Inapplicable ; Inapplicable ;
; ENTRADA_SHIFT_LEFT[0]  ; Inapplicable ; Inapplicable ; Inapplicable ; Inapplicable ; Inapplicable ; Pass      ; Inapplicable ; Inapplicable ; Pass      ; Pass      ; Inapplicable ; Pass         ; Inapplicable ; Inapplicable ; Inapplicable ; Inapplicable ; Pass         ; Inapplicable ; Inapplicable ; Inapplicable ; Inapplicable ; Pass         ; Inapplicable ; Inapplicable ; Inapplicable ; Inapplicable ; Inapplicable ; Pass      ; Inapplicable ; Inapplicable ;
; ENTRADA_ULA1[31]       ; Inapplicable ; Inapplicable ; Inapplicable ; Inapplicable ; Inapplicable ; Pass      ; Inapplicable ; Inapplicable ; Pass      ; Pass      ; Inapplicable ; Pass         ; Inapplicable ; Inapplicable ; Inapplicable ; Inapplicable ; Pass         ; Inapplicable ; Inapplicable ; Inapplicable ; Inapplicable ; Pass         ; Inapplicable ; Inapplicable ; Inapplicable ; Inapplicable ; Inapplicable ; Pass      ; Inapplicable ; Inapplicable ;
; ENTRADA_ULA1[30]       ; Inapplicable ; Inapplicable ; Inapplicable ; Inapplicable ; Inapplicable ; Pass      ; Inapplicable ; Inapplicable ; Pass      ; Pass      ; Inapplicable ; Pass         ; Inapplicable ; Inapplicable ; Inapplicable ; Inapplicable ; Pass         ; Inapplicable ; Inapplicable ; Inapplicable ; Inapplicable ; Pass         ; Inapplicable ; Inapplicable ; Inapplicable ; Inapplicable ; Inapplicable ; Pass      ; Inapplicable ; Inapplicable ;
; ENTRADA_ULA1[29]       ; Inapplicable ; Inapplicable ; Inapplicable ; Inapplicable ; Inapplicable ; Pass      ; Inapplicable ; Inapplicable ; Pass      ; Pass      ; Inapplicable ; Pass         ; Inapplicable ; Inapplicable ; Inapplicable ; Inapplicable ; Pass         ; Inapplicable ; Inapplicable ; Inapplicable ; Inapplicable ; Pass         ; Inapplicable ; Inapplicable ; Inapplicable ; Inapplicable ; Inapplicable ; Pass      ; Inapplicable ; Inapplicable ;
; ENTRADA_ULA1[28]       ; Inapplicable ; Inapplicable ; Inapplicable ; Inapplicable ; Inapplicable ; Pass      ; Inapplicable ; Inapplicable ; Pass      ; Pass      ; Inapplicable ; Pass         ; Inapplicable ; Inapplicable ; Inapplicable ; Inapplicable ; Pass         ; Inapplicable ; Inapplicable ; Inapplicable ; Inapplicable ; Pass         ; Inapplicable ; Inapplicable ; Inapplicable ; Inapplicable ; Inapplicable ; Pass      ; Inapplicable ; Inapplicable ;
; ENTRADA_ULA1[27]       ; Inapplicable ; Inapplicable ; Inapplicable ; Inapplicable ; Inapplicable ; Pass      ; Inapplicable ; Inapplicable ; Pass      ; Pass      ; Inapplicable ; Pass         ; Inapplicable ; Inapplicable ; Inapplicable ; Inapplicable ; Pass         ; Inapplicable ; Inapplicable ; Inapplicable ; Inapplicable ; Pass         ; Inapplicable ; Inapplicable ; Inapplicable ; Inapplicable ; Inapplicable ; Pass      ; Inapplicable ; Inapplicable ;
; ENTRADA_ULA1[26]       ; Inapplicable ; Inapplicable ; Inapplicable ; Inapplicable ; Inapplicable ; Pass      ; Inapplicable ; Inapplicable ; Pass      ; Pass      ; Inapplicable ; Pass         ; Inapplicable ; Inapplicable ; Inapplicable ; Inapplicable ; Pass         ; Inapplicable ; Inapplicable ; Inapplicable ; Inapplicable ; Pass         ; Inapplicable ; Inapplicable ; Inapplicable ; Inapplicable ; Inapplicable ; Pass      ; Inapplicable ; Inapplicable ;
; ENTRADA_ULA1[25]       ; Inapplicable ; Inapplicable ; Inapplicable ; Inapplicable ; Inapplicable ; Pass      ; Inapplicable ; Inapplicable ; Pass      ; Pass      ; Inapplicable ; Pass         ; Inapplicable ; Inapplicable ; Inapplicable ; Inapplicable ; Pass         ; Inapplicable ; Inapplicable ; Inapplicable ; Inapplicable ; Pass         ; Inapplicable ; Inapplicable ; Inapplicable ; Inapplicable ; Inapplicable ; Pass      ; Inapplicable ; Inapplicable ;
; ENTRADA_ULA1[24]       ; Inapplicable ; Inapplicable ; Inapplicable ; Inapplicable ; Inapplicable ; Pass      ; Inapplicable ; Inapplicable ; Pass      ; Pass      ; Inapplicable ; Pass         ; Inapplicable ; Inapplicable ; Inapplicable ; Inapplicable ; Pass         ; Inapplicable ; Inapplicable ; Inapplicable ; Inapplicable ; Pass         ; Inapplicable ; Inapplicable ; Inapplicable ; Inapplicable ; Inapplicable ; Pass      ; Inapplicable ; Inapplicable ;
; ENTRADA_ULA1[23]       ; Inapplicable ; Inapplicable ; Inapplicable ; Inapplicable ; Inapplicable ; Pass      ; Inapplicable ; Inapplicable ; Pass      ; Pass      ; Inapplicable ; Pass         ; Inapplicable ; Inapplicable ; Inapplicable ; Inapplicable ; Pass         ; Inapplicable ; Inapplicable ; Inapplicable ; Inapplicable ; Pass         ; Inapplicable ; Inapplicable ; Inapplicable ; Inapplicable ; Inapplicable ; Pass      ; Inapplicable ; Inapplicable ;
; ENTRADA_ULA1[22]       ; Inapplicable ; Inapplicable ; Inapplicable ; Inapplicable ; Inapplicable ; Pass      ; Inapplicable ; Inapplicable ; Pass      ; Pass      ; Inapplicable ; Pass         ; Inapplicable ; Inapplicable ; Inapplicable ; Inapplicable ; Pass         ; Inapplicable ; Inapplicable ; Inapplicable ; Inapplicable ; Pass         ; Inapplicable ; Inapplicable ; Inapplicable ; Inapplicable ; Inapplicable ; Pass      ; Inapplicable ; Inapplicable ;
; ENTRADA_ULA1[21]       ; Inapplicable ; Inapplicable ; Inapplicable ; Inapplicable ; Inapplicable ; Pass      ; Inapplicable ; Inapplicable ; Pass      ; Pass      ; Inapplicable ; Pass         ; Inapplicable ; Inapplicable ; Inapplicable ; Inapplicable ; Pass         ; Inapplicable ; Inapplicable ; Inapplicable ; Inapplicable ; Pass         ; Inapplicable ; Inapplicable ; Inapplicable ; Inapplicable ; Inapplicable ; Pass      ; Inapplicable ; Inapplicable ;
; ENTRADA_ULA1[20]       ; Inapplicable ; Inapplicable ; Inapplicable ; Inapplicable ; Inapplicable ; Pass      ; Inapplicable ; Inapplicable ; Pass      ; Pass      ; Inapplicable ; Pass         ; Inapplicable ; Inapplicable ; Inapplicable ; Inapplicable ; Pass         ; Inapplicable ; Inapplicable ; Inapplicable ; Inapplicable ; Pass         ; Inapplicable ; Inapplicable ; Inapplicable ; Inapplicable ; Inapplicable ; Pass      ; Inapplicable ; Inapplicable ;
; ENTRADA_ULA1[19]       ; Inapplicable ; Inapplicable ; Inapplicable ; Inapplicable ; Inapplicable ; Pass      ; Inapplicable ; Inapplicable ; Pass      ; Pass      ; Inapplicable ; Pass         ; Inapplicable ; Inapplicable ; Inapplicable ; Inapplicable ; Pass         ; Inapplicable ; Inapplicable ; Inapplicable ; Inapplicable ; Pass         ; Inapplicable ; Inapplicable ; Inapplicable ; Inapplicable ; Inapplicable ; Pass      ; Inapplicable ; Inapplicable ;
; ENTRADA_ULA1[18]       ; Inapplicable ; Inapplicable ; Inapplicable ; Inapplicable ; Inapplicable ; Pass      ; Inapplicable ; Inapplicable ; Pass      ; Pass      ; Inapplicable ; Pass         ; Inapplicable ; Inapplicable ; Inapplicable ; Inapplicable ; Pass         ; Inapplicable ; Inapplicable ; Inapplicable ; Inapplicable ; Pass         ; Inapplicable ; Inapplicable ; Inapplicable ; Inapplicable ; Inapplicable ; Pass      ; Inapplicable ; Inapplicable ;
; ENTRADA_ULA1[17]       ; Inapplicable ; Inapplicable ; Inapplicable ; Inapplicable ; Inapplicable ; Pass      ; Inapplicable ; Inapplicable ; Pass      ; Pass      ; Inapplicable ; Pass         ; Inapplicable ; Inapplicable ; Inapplicable ; Inapplicable ; Pass         ; Inapplicable ; Inapplicable ; Inapplicable ; Inapplicable ; Pass         ; Inapplicable ; Inapplicable ; Inapplicable ; Inapplicable ; Inapplicable ; Pass      ; Inapplicable ; Inapplicable ;
; ENTRADA_ULA1[16]       ; Inapplicable ; Inapplicable ; Inapplicable ; Inapplicable ; Inapplicable ; Pass      ; Inapplicable ; Inapplicable ; Pass      ; Pass      ; Inapplicable ; Pass         ; Inapplicable ; Inapplicable ; Inapplicable ; Inapplicable ; Pass         ; Inapplicable ; Inapplicable ; Inapplicable ; Inapplicable ; Pass         ; Inapplicable ; Inapplicable ; Inapplicable ; Inapplicable ; Inapplicable ; Pass      ; Inapplicable ; Inapplicable ;
; ENTRADA_ULA1[15]       ; Inapplicable ; Inapplicable ; Inapplicable ; Inapplicable ; Inapplicable ; Pass      ; Inapplicable ; Inapplicable ; Pass      ; Pass      ; Inapplicable ; Pass         ; Inapplicable ; Inapplicable ; Inapplicable ; Inapplicable ; Pass         ; Inapplicable ; Inapplicable ; Inapplicable ; Inapplicable ; Pass         ; Inapplicable ; Inapplicable ; Inapplicable ; Inapplicable ; Inapplicable ; Pass      ; Inapplicable ; Inapplicable ;
; ENTRADA_ULA1[14]       ; Inapplicable ; Inapplicable ; Inapplicable ; Inapplicable ; Inapplicable ; Pass      ; Inapplicable ; Inapplicable ; Pass      ; Pass      ; Inapplicable ; Pass         ; Inapplicable ; Inapplicable ; Inapplicable ; Inapplicable ; Pass         ; Inapplicable ; Inapplicable ; Inapplicable ; Inapplicable ; Pass         ; Inapplicable ; Inapplicable ; Inapplicable ; Inapplicable ; Inapplicable ; Pass      ; Inapplicable ; Inapplicable ;
; ENTRADA_ULA1[13]       ; Inapplicable ; Inapplicable ; Inapplicable ; Inapplicable ; Inapplicable ; Pass      ; Inapplicable ; Inapplicable ; Pass      ; Pass      ; Inapplicable ; Pass         ; Inapplicable ; Inapplicable ; Inapplicable ; Inapplicable ; Pass         ; Inapplicable ; Inapplicable ; Inapplicable ; Inapplicable ; Pass         ; Inapplicable ; Inapplicable ; Inapplicable ; Inapplicable ; Inapplicable ; Pass      ; Inapplicable ; Inapplicable ;
; ENTRADA_ULA1[12]       ; Inapplicable ; Inapplicable ; Inapplicable ; Inapplicable ; Inapplicable ; Pass      ; Inapplicable ; Inapplicable ; Pass      ; Pass      ; Inapplicable ; Pass         ; Inapplicable ; Inapplicable ; Inapplicable ; Inapplicable ; Pass         ; Inapplicable ; Inapplicable ; Inapplicable ; Inapplicable ; Pass         ; Inapplicable ; Inapplicable ; Inapplicable ; Inapplicable ; Inapplicable ; Pass      ; Inapplicable ; Inapplicable ;
; ENTRADA_ULA1[11]       ; Inapplicable ; Inapplicable ; Inapplicable ; Inapplicable ; Inapplicable ; Pass      ; Inapplicable ; Inapplicable ; Pass      ; Pass      ; Inapplicable ; Pass         ; Inapplicable ; Inapplicable ; Inapplicable ; Inapplicable ; Pass         ; Inapplicable ; Inapplicable ; Inapplicable ; Inapplicable ; Pass         ; Inapplicable ; Inapplicable ; Inapplicable ; Inapplicable ; Inapplicable ; Pass      ; Inapplicable ; Inapplicable ;
; ENTRADA_ULA1[10]       ; Inapplicable ; Inapplicable ; Inapplicable ; Inapplicable ; Inapplicable ; Pass      ; Inapplicable ; Inapplicable ; Pass      ; Pass      ; Inapplicable ; Pass         ; Inapplicable ; Inapplicable ; Inapplicable ; Inapplicable ; Pass         ; Inapplicable ; Inapplicable ; Inapplicable ; Inapplicable ; Pass         ; Inapplicable ; Inapplicable ; Inapplicable ; Inapplicable ; Inapplicable ; Pass      ; Inapplicable ; Inapplicable ;
; ENTRADA_ULA1[9]        ; Inapplicable ; Inapplicable ; Inapplicable ; Inapplicable ; Inapplicable ; Pass      ; Inapplicable ; Inapplicable ; Pass      ; Pass      ; Inapplicable ; Pass         ; Inapplicable ; Inapplicable ; Inapplicable ; Inapplicable ; Pass         ; Inapplicable ; Inapplicable ; Inapplicable ; Inapplicable ; Pass         ; Inapplicable ; Inapplicable ; Inapplicable ; Inapplicable ; Inapplicable ; Pass      ; Inapplicable ; Inapplicable ;
; ENTRADA_ULA1[8]        ; Inapplicable ; Inapplicable ; Inapplicable ; Inapplicable ; Inapplicable ; Pass      ; Inapplicable ; Inapplicable ; Pass      ; Pass      ; Inapplicable ; Pass         ; Inapplicable ; Inapplicable ; Inapplicable ; Inapplicable ; Pass         ; Inapplicable ; Inapplicable ; Inapplicable ; Inapplicable ; Pass         ; Inapplicable ; Inapplicable ; Inapplicable ; Inapplicable ; Inapplicable ; Pass      ; Inapplicable ; Inapplicable ;
; ENTRADA_ULA1[7]        ; Inapplicable ; Inapplicable ; Inapplicable ; Inapplicable ; Inapplicable ; Pass      ; Inapplicable ; Inapplicable ; Pass      ; Pass      ; Inapplicable ; Pass         ; Inapplicable ; Inapplicable ; Inapplicable ; Inapplicable ; Pass         ; Inapplicable ; Inapplicable ; Inapplicable ; Inapplicable ; Pass         ; Inapplicable ; Inapplicable ; Inapplicable ; Inapplicable ; Inapplicable ; Pass      ; Inapplicable ; Inapplicable ;
; ENTRADA_ULA1[6]        ; Inapplicable ; Inapplicable ; Inapplicable ; Inapplicable ; Inapplicable ; Pass      ; Inapplicable ; Inapplicable ; Pass      ; Pass      ; Inapplicable ; Pass         ; Inapplicable ; Inapplicable ; Inapplicable ; Inapplicable ; Pass         ; Inapplicable ; Inapplicable ; Inapplicable ; Inapplicable ; Pass         ; Inapplicable ; Inapplicable ; Inapplicable ; Inapplicable ; Inapplicable ; Pass      ; Inapplicable ; Inapplicable ;
; ENTRADA_ULA1[5]        ; Inapplicable ; Inapplicable ; Inapplicable ; Inapplicable ; Inapplicable ; Pass      ; Inapplicable ; Inapplicable ; Pass      ; Pass      ; Inapplicable ; Pass         ; Inapplicable ; Inapplicable ; Inapplicable ; Inapplicable ; Pass         ; Inapplicable ; Inapplicable ; Inapplicable ; Inapplicable ; Pass         ; Inapplicable ; Inapplicable ; Inapplicable ; Inapplicable ; Inapplicable ; Pass      ; Inapplicable ; Inapplicable ;
; ENTRADA_ULA1[4]        ; Inapplicable ; Inapplicable ; Inapplicable ; Inapplicable ; Inapplicable ; Pass      ; Inapplicable ; Inapplicable ; Pass      ; Pass      ; Inapplicable ; Pass         ; Inapplicable ; Inapplicable ; Inapplicable ; Inapplicable ; Pass         ; Inapplicable ; Inapplicable ; Inapplicable ; Inapplicable ; Pass         ; Inapplicable ; Inapplicable ; Inapplicable ; Inapplicable ; Inapplicable ; Pass      ; Inapplicable ; Inapplicable ;
; ENTRADA_ULA1[3]        ; Inapplicable ; Inapplicable ; Inapplicable ; Inapplicable ; Inapplicable ; Pass      ; Inapplicable ; Inapplicable ; Pass      ; Pass      ; Inapplicable ; Pass         ; Inapplicable ; Inapplicable ; Inapplicable ; Inapplicable ; Pass         ; Inapplicable ; Inapplicable ; Inapplicable ; Inapplicable ; Pass         ; Inapplicable ; Inapplicable ; Inapplicable ; Inapplicable ; Inapplicable ; Pass      ; Inapplicable ; Inapplicable ;
; ENTRADA_ULA1[2]        ; Inapplicable ; Inapplicable ; Inapplicable ; Inapplicable ; Inapplicable ; Pass      ; Inapplicable ; Inapplicable ; Pass      ; Pass      ; Inapplicable ; Pass         ; Inapplicable ; Inapplicable ; Inapplicable ; Inapplicable ; Pass         ; Inapplicable ; Inapplicable ; Inapplicable ; Inapplicable ; Pass         ; Inapplicable ; Inapplicable ; Inapplicable ; Inapplicable ; Inapplicable ; Pass      ; Inapplicable ; Inapplicable ;
; ENTRADA_ULA1[1]        ; Inapplicable ; Inapplicable ; Inapplicable ; Inapplicable ; Inapplicable ; Pass      ; Inapplicable ; Inapplicable ; Pass      ; Pass      ; Inapplicable ; Pass         ; Inapplicable ; Inapplicable ; Inapplicable ; Inapplicable ; Pass         ; Inapplicable ; Inapplicable ; Inapplicable ; Inapplicable ; Pass         ; Inapplicable ; Inapplicable ; Inapplicable ; Inapplicable ; Inapplicable ; Pass      ; Inapplicable ; Inapplicable ;
; ENTRADA_ULA1[0]        ; Inapplicable ; Inapplicable ; Inapplicable ; Inapplicable ; Inapplicable ; Pass      ; Inapplicable ; Inapplicable ; Pass      ; Pass      ; Inapplicable ; Pass         ; Inapplicable ; Inapplicable ; Inapplicable ; Inapplicable ; Pass         ; Inapplicable ; Inapplicable ; Inapplicable ; Inapplicable ; Pass         ; Inapplicable ; Inapplicable ; Inapplicable ; Inapplicable ; Inapplicable ; Pass      ; Inapplicable ; Inapplicable ;
; ENTRADA_ULA2[31]       ; Inapplicable ; Inapplicable ; Inapplicable ; Inapplicable ; Inapplicable ; Pass      ; Inapplicable ; Inapplicable ; Pass      ; Pass      ; Inapplicable ; Pass         ; Inapplicable ; Inapplicable ; Inapplicable ; Inapplicable ; Pass         ; Inapplicable ; Inapplicable ; Inapplicable ; Inapplicable ; Pass         ; Inapplicable ; Inapplicable ; Inapplicable ; Inapplicable ; Inapplicable ; Pass      ; Inapplicable ; Inapplicable ;
; ENTRADA_ULA2[30]       ; Inapplicable ; Inapplicable ; Inapplicable ; Inapplicable ; Inapplicable ; Pass      ; Inapplicable ; Inapplicable ; Pass      ; Pass      ; Inapplicable ; Pass         ; Inapplicable ; Inapplicable ; Inapplicable ; Inapplicable ; Pass         ; Inapplicable ; Inapplicable ; Inapplicable ; Inapplicable ; Pass         ; Inapplicable ; Inapplicable ; Inapplicable ; Inapplicable ; Inapplicable ; Pass      ; Inapplicable ; Inapplicable ;
; ENTRADA_ULA2[29]       ; Inapplicable ; Inapplicable ; Inapplicable ; Inapplicable ; Inapplicable ; Pass      ; Inapplicable ; Inapplicable ; Pass      ; Pass      ; Inapplicable ; Pass         ; Inapplicable ; Inapplicable ; Inapplicable ; Inapplicable ; Pass         ; Inapplicable ; Inapplicable ; Inapplicable ; Inapplicable ; Pass         ; Inapplicable ; Inapplicable ; Inapplicable ; Inapplicable ; Inapplicable ; Pass      ; Inapplicable ; Inapplicable ;
; ENTRADA_ULA2[28]       ; Inapplicable ; Inapplicable ; Inapplicable ; Inapplicable ; Inapplicable ; Pass      ; Inapplicable ; Inapplicable ; Pass      ; Pass      ; Inapplicable ; Pass         ; Inapplicable ; Inapplicable ; Inapplicable ; Inapplicable ; Pass         ; Inapplicable ; Inapplicable ; Inapplicable ; Inapplicable ; Pass         ; Inapplicable ; Inapplicable ; Inapplicable ; Inapplicable ; Inapplicable ; Pass      ; Inapplicable ; Inapplicable ;
; ENTRADA_ULA2[27]       ; Inapplicable ; Inapplicable ; Inapplicable ; Inapplicable ; Inapplicable ; Pass      ; Inapplicable ; Inapplicable ; Pass      ; Pass      ; Inapplicable ; Pass         ; Inapplicable ; Inapplicable ; Inapplicable ; Inapplicable ; Pass         ; Inapplicable ; Inapplicable ; Inapplicable ; Inapplicable ; Pass         ; Inapplicable ; Inapplicable ; Inapplicable ; Inapplicable ; Inapplicable ; Pass      ; Inapplicable ; Inapplicable ;
; ENTRADA_ULA2[26]       ; Inapplicable ; Inapplicable ; Inapplicable ; Inapplicable ; Inapplicable ; Pass      ; Inapplicable ; Inapplicable ; Pass      ; Pass      ; Inapplicable ; Pass         ; Inapplicable ; Inapplicable ; Inapplicable ; Inapplicable ; Pass         ; Inapplicable ; Inapplicable ; Inapplicable ; Inapplicable ; Pass         ; Inapplicable ; Inapplicable ; Inapplicable ; Inapplicable ; Inapplicable ; Pass      ; Inapplicable ; Inapplicable ;
; ENTRADA_ULA2[25]       ; Inapplicable ; Inapplicable ; Inapplicable ; Inapplicable ; Inapplicable ; Pass      ; Inapplicable ; Inapplicable ; Pass      ; Pass      ; Inapplicable ; Pass         ; Inapplicable ; Inapplicable ; Inapplicable ; Inapplicable ; Pass         ; Inapplicable ; Inapplicable ; Inapplicable ; Inapplicable ; Pass         ; Inapplicable ; Inapplicable ; Inapplicable ; Inapplicable ; Inapplicable ; Pass      ; Inapplicable ; Inapplicable ;
; ENTRADA_ULA2[24]       ; Inapplicable ; Inapplicable ; Inapplicable ; Inapplicable ; Inapplicable ; Pass      ; Inapplicable ; Inapplicable ; Pass      ; Pass      ; Inapplicable ; Pass         ; Inapplicable ; Inapplicable ; Inapplicable ; Inapplicable ; Pass         ; Inapplicable ; Inapplicable ; Inapplicable ; Inapplicable ; Pass         ; Inapplicable ; Inapplicable ; Inapplicable ; Inapplicable ; Inapplicable ; Pass      ; Inapplicable ; Inapplicable ;
; ENTRADA_ULA2[23]       ; Inapplicable ; Inapplicable ; Inapplicable ; Inapplicable ; Inapplicable ; Pass      ; Inapplicable ; Inapplicable ; Pass      ; Pass      ; Inapplicable ; Pass         ; Inapplicable ; Inapplicable ; Inapplicable ; Inapplicable ; Pass         ; Inapplicable ; Inapplicable ; Inapplicable ; Inapplicable ; Pass         ; Inapplicable ; Inapplicable ; Inapplicable ; Inapplicable ; Inapplicable ; Pass      ; Inapplicable ; Inapplicable ;
; ENTRADA_ULA2[22]       ; Inapplicable ; Inapplicable ; Inapplicable ; Inapplicable ; Inapplicable ; Pass      ; Inapplicable ; Inapplicable ; Pass      ; Pass      ; Inapplicable ; Pass         ; Inapplicable ; Inapplicable ; Inapplicable ; Inapplicable ; Pass         ; Inapplicable ; Inapplicable ; Inapplicable ; Inapplicable ; Pass         ; Inapplicable ; Inapplicable ; Inapplicable ; Inapplicable ; Inapplicable ; Pass      ; Inapplicable ; Inapplicable ;
; ENTRADA_ULA2[21]       ; Inapplicable ; Inapplicable ; Inapplicable ; Inapplicable ; Inapplicable ; Pass      ; Inapplicable ; Inapplicable ; Pass      ; Pass      ; Inapplicable ; Pass         ; Inapplicable ; Inapplicable ; Inapplicable ; Inapplicable ; Pass         ; Inapplicable ; Inapplicable ; Inapplicable ; Inapplicable ; Pass         ; Inapplicable ; Inapplicable ; Inapplicable ; Inapplicable ; Inapplicable ; Pass      ; Inapplicable ; Inapplicable ;
; ENTRADA_ULA2[20]       ; Inapplicable ; Inapplicable ; Inapplicable ; Inapplicable ; Inapplicable ; Pass      ; Inapplicable ; Inapplicable ; Pass      ; Pass      ; Inapplicable ; Pass         ; Inapplicable ; Inapplicable ; Inapplicable ; Inapplicable ; Pass         ; Inapplicable ; Inapplicable ; Inapplicable ; Inapplicable ; Pass         ; Inapplicable ; Inapplicable ; Inapplicable ; Inapplicable ; Inapplicable ; Pass      ; Inapplicable ; Inapplicable ;
; ENTRADA_ULA2[19]       ; Inapplicable ; Inapplicable ; Inapplicable ; Inapplicable ; Inapplicable ; Pass      ; Inapplicable ; Inapplicable ; Pass      ; Pass      ; Inapplicable ; Pass         ; Inapplicable ; Inapplicable ; Inapplicable ; Inapplicable ; Pass         ; Inapplicable ; Inapplicable ; Inapplicable ; Inapplicable ; Pass         ; Inapplicable ; Inapplicable ; Inapplicable ; Inapplicable ; Inapplicable ; Pass      ; Inapplicable ; Inapplicable ;
; ENTRADA_ULA2[18]       ; Inapplicable ; Inapplicable ; Inapplicable ; Inapplicable ; Inapplicable ; Pass      ; Inapplicable ; Inapplicable ; Pass      ; Pass      ; Inapplicable ; Pass         ; Inapplicable ; Inapplicable ; Inapplicable ; Inapplicable ; Pass         ; Inapplicable ; Inapplicable ; Inapplicable ; Inapplicable ; Pass         ; Inapplicable ; Inapplicable ; Inapplicable ; Inapplicable ; Inapplicable ; Pass      ; Inapplicable ; Inapplicable ;
; ENTRADA_ULA2[17]       ; Inapplicable ; Inapplicable ; Inapplicable ; Inapplicable ; Inapplicable ; Pass      ; Inapplicable ; Inapplicable ; Pass      ; Pass      ; Inapplicable ; Pass         ; Inapplicable ; Inapplicable ; Inapplicable ; Inapplicable ; Pass         ; Inapplicable ; Inapplicable ; Inapplicable ; Inapplicable ; Pass         ; Inapplicable ; Inapplicable ; Inapplicable ; Inapplicable ; Inapplicable ; Pass      ; Inapplicable ; Inapplicable ;
; ENTRADA_ULA2[16]       ; Inapplicable ; Inapplicable ; Inapplicable ; Inapplicable ; Inapplicable ; Pass      ; Inapplicable ; Inapplicable ; Pass      ; Pass      ; Inapplicable ; Pass         ; Inapplicable ; Inapplicable ; Inapplicable ; Inapplicable ; Pass         ; Inapplicable ; Inapplicable ; Inapplicable ; Inapplicable ; Pass         ; Inapplicable ; Inapplicable ; Inapplicable ; Inapplicable ; Inapplicable ; Pass      ; Inapplicable ; Inapplicable ;
; ENTRADA_ULA2[15]       ; Inapplicable ; Inapplicable ; Inapplicable ; Inapplicable ; Inapplicable ; Pass      ; Inapplicable ; Inapplicable ; Pass      ; Pass      ; Inapplicable ; Pass         ; Inapplicable ; Inapplicable ; Inapplicable ; Inapplicable ; Pass         ; Inapplicable ; Inapplicable ; Inapplicable ; Inapplicable ; Pass         ; Inapplicable ; Inapplicable ; Inapplicable ; Inapplicable ; Inapplicable ; Pass      ; Inapplicable ; Inapplicable ;
; ENTRADA_ULA2[14]       ; Inapplicable ; Inapplicable ; Inapplicable ; Inapplicable ; Inapplicable ; Pass      ; Inapplicable ; Inapplicable ; Pass      ; Pass      ; Inapplicable ; Pass         ; Inapplicable ; Inapplicable ; Inapplicable ; Inapplicable ; Pass         ; Inapplicable ; Inapplicable ; Inapplicable ; Inapplicable ; Pass         ; Inapplicable ; Inapplicable ; Inapplicable ; Inapplicable ; Inapplicable ; Pass      ; Inapplicable ; Inapplicable ;
; ENTRADA_ULA2[13]       ; Inapplicable ; Inapplicable ; Inapplicable ; Inapplicable ; Inapplicable ; Pass      ; Inapplicable ; Inapplicable ; Pass      ; Pass      ; Inapplicable ; Pass         ; Inapplicable ; Inapplicable ; Inapplicable ; Inapplicable ; Pass         ; Inapplicable ; Inapplicable ; Inapplicable ; Inapplicable ; Pass         ; Inapplicable ; Inapplicable ; Inapplicable ; Inapplicable ; Inapplicable ; Pass      ; Inapplicable ; Inapplicable ;
; ENTRADA_ULA2[12]       ; Inapplicable ; Inapplicable ; Inapplicable ; Inapplicable ; Inapplicable ; Pass      ; Inapplicable ; Inapplicable ; Pass      ; Pass      ; Inapplicable ; Pass         ; Inapplicable ; Inapplicable ; Inapplicable ; Inapplicable ; Pass         ; Inapplicable ; Inapplicable ; Inapplicable ; Inapplicable ; Pass         ; Inapplicable ; Inapplicable ; Inapplicable ; Inapplicable ; Inapplicable ; Pass      ; Inapplicable ; Inapplicable ;
; ENTRADA_ULA2[11]       ; Inapplicable ; Inapplicable ; Inapplicable ; Inapplicable ; Inapplicable ; Pass      ; Inapplicable ; Inapplicable ; Pass      ; Pass      ; Inapplicable ; Pass         ; Inapplicable ; Inapplicable ; Inapplicable ; Inapplicable ; Pass         ; Inapplicable ; Inapplicable ; Inapplicable ; Inapplicable ; Pass         ; Inapplicable ; Inapplicable ; Inapplicable ; Inapplicable ; Inapplicable ; Pass      ; Inapplicable ; Inapplicable ;
; ENTRADA_ULA2[10]       ; Inapplicable ; Inapplicable ; Inapplicable ; Inapplicable ; Inapplicable ; Pass      ; Inapplicable ; Inapplicable ; Pass      ; Pass      ; Inapplicable ; Pass         ; Inapplicable ; Inapplicable ; Inapplicable ; Inapplicable ; Pass         ; Inapplicable ; Inapplicable ; Inapplicable ; Inapplicable ; Pass         ; Inapplicable ; Inapplicable ; Inapplicable ; Inapplicable ; Inapplicable ; Pass      ; Inapplicable ; Inapplicable ;
; ENTRADA_ULA2[9]        ; Inapplicable ; Inapplicable ; Inapplicable ; Inapplicable ; Inapplicable ; Pass      ; Inapplicable ; Inapplicable ; Pass      ; Pass      ; Inapplicable ; Pass         ; Inapplicable ; Inapplicable ; Inapplicable ; Inapplicable ; Pass         ; Inapplicable ; Inapplicable ; Inapplicable ; Inapplicable ; Pass         ; Inapplicable ; Inapplicable ; Inapplicable ; Inapplicable ; Inapplicable ; Pass      ; Inapplicable ; Inapplicable ;
; ENTRADA_ULA2[8]        ; Inapplicable ; Inapplicable ; Inapplicable ; Inapplicable ; Inapplicable ; Pass      ; Inapplicable ; Inapplicable ; Pass      ; Pass      ; Inapplicable ; Pass         ; Inapplicable ; Inapplicable ; Inapplicable ; Inapplicable ; Pass         ; Inapplicable ; Inapplicable ; Inapplicable ; Inapplicable ; Pass         ; Inapplicable ; Inapplicable ; Inapplicable ; Inapplicable ; Inapplicable ; Pass      ; Inapplicable ; Inapplicable ;
; ENTRADA_ULA2[7]        ; Inapplicable ; Inapplicable ; Inapplicable ; Inapplicable ; Inapplicable ; Pass      ; Inapplicable ; Inapplicable ; Pass      ; Pass      ; Inapplicable ; Pass         ; Inapplicable ; Inapplicable ; Inapplicable ; Inapplicable ; Pass         ; Inapplicable ; Inapplicable ; Inapplicable ; Inapplicable ; Pass         ; Inapplicable ; Inapplicable ; Inapplicable ; Inapplicable ; Inapplicable ; Pass      ; Inapplicable ; Inapplicable ;
; ENTRADA_ULA2[6]        ; Inapplicable ; Inapplicable ; Inapplicable ; Inapplicable ; Inapplicable ; Pass      ; Inapplicable ; Inapplicable ; Pass      ; Pass      ; Inapplicable ; Pass         ; Inapplicable ; Inapplicable ; Inapplicable ; Inapplicable ; Pass         ; Inapplicable ; Inapplicable ; Inapplicable ; Inapplicable ; Pass         ; Inapplicable ; Inapplicable ; Inapplicable ; Inapplicable ; Inapplicable ; Pass      ; Inapplicable ; Inapplicable ;
; ENTRADA_ULA2[5]        ; Inapplicable ; Inapplicable ; Inapplicable ; Inapplicable ; Inapplicable ; Pass      ; Inapplicable ; Inapplicable ; Pass      ; Pass      ; Inapplicable ; Pass         ; Inapplicable ; Inapplicable ; Inapplicable ; Inapplicable ; Pass         ; Inapplicable ; Inapplicable ; Inapplicable ; Inapplicable ; Pass         ; Inapplicable ; Inapplicable ; Inapplicable ; Inapplicable ; Inapplicable ; Pass      ; Inapplicable ; Inapplicable ;
; ENTRADA_ULA2[4]        ; Inapplicable ; Inapplicable ; Inapplicable ; Inapplicable ; Inapplicable ; Pass      ; Inapplicable ; Inapplicable ; Pass      ; Pass      ; Inapplicable ; Pass         ; Inapplicable ; Inapplicable ; Inapplicable ; Inapplicable ; Pass         ; Inapplicable ; Inapplicable ; Inapplicable ; Inapplicable ; Pass         ; Inapplicable ; Inapplicable ; Inapplicable ; Inapplicable ; Inapplicable ; Pass      ; Inapplicable ; Inapplicable ;
; ENTRADA_ULA2[3]        ; Inapplicable ; Inapplicable ; Inapplicable ; Inapplicable ; Inapplicable ; Pass      ; Inapplicable ; Inapplicable ; Pass      ; Pass      ; Inapplicable ; Pass         ; Inapplicable ; Inapplicable ; Inapplicable ; Inapplicable ; Pass         ; Inapplicable ; Inapplicable ; Inapplicable ; Inapplicable ; Pass         ; Inapplicable ; Inapplicable ; Inapplicable ; Inapplicable ; Inapplicable ; Pass      ; Inapplicable ; Inapplicable ;
; ENTRADA_ULA2[2]        ; Inapplicable ; Inapplicable ; Inapplicable ; Inapplicable ; Inapplicable ; Pass      ; Inapplicable ; Inapplicable ; Pass      ; Pass      ; Inapplicable ; Pass         ; Inapplicable ; Inapplicable ; Inapplicable ; Inapplicable ; Pass         ; Inapplicable ; Inapplicable ; Inapplicable ; Inapplicable ; Pass         ; Inapplicable ; Inapplicable ; Inapplicable ; Inapplicable ; Inapplicable ; Pass      ; Inapplicable ; Inapplicable ;
; ENTRADA_ULA2[1]        ; Inapplicable ; Inapplicable ; Inapplicable ; Inapplicable ; Inapplicable ; Pass      ; Inapplicable ; Inapplicable ; Pass      ; Pass      ; Inapplicable ; Pass         ; Inapplicable ; Inapplicable ; Inapplicable ; Inapplicable ; Pass         ; Inapplicable ; Inapplicable ; Inapplicable ; Inapplicable ; Pass         ; Inapplicable ; Inapplicable ; Inapplicable ; Inapplicable ; Inapplicable ; Pass      ; Inapplicable ; Inapplicable ;
; ENTRADA_ULA2[0]        ; Inapplicable ; Inapplicable ; Inapplicable ; Inapplicable ; Inapplicable ; Pass      ; Inapplicable ; Inapplicable ; Pass      ; Pass      ; Inapplicable ; Pass         ; Inapplicable ; Inapplicable ; Inapplicable ; Inapplicable ; Pass         ; Inapplicable ; Inapplicable ; Inapplicable ; Inapplicable ; Pass         ; Inapplicable ; Inapplicable ; Inapplicable ; Inapplicable ; Inapplicable ; Pass      ; Inapplicable ; Inapplicable ;
; INSTR[31]              ; Inapplicable ; Inapplicable ; Inapplicable ; Inapplicable ; Inapplicable ; Pass      ; Inapplicable ; Inapplicable ; Pass      ; Pass      ; Inapplicable ; Pass         ; Inapplicable ; Inapplicable ; Inapplicable ; Inapplicable ; Pass         ; Inapplicable ; Inapplicable ; Inapplicable ; Inapplicable ; Pass         ; Inapplicable ; Inapplicable ; Inapplicable ; Inapplicable ; Inapplicable ; Pass      ; Inapplicable ; Inapplicable ;
; INSTR[30]              ; Inapplicable ; Inapplicable ; Inapplicable ; Inapplicable ; Inapplicable ; Pass      ; Inapplicable ; Inapplicable ; Pass      ; Pass      ; Inapplicable ; Pass         ; Inapplicable ; Inapplicable ; Inapplicable ; Inapplicable ; Pass         ; Inapplicable ; Inapplicable ; Inapplicable ; Inapplicable ; Pass         ; Inapplicable ; Inapplicable ; Inapplicable ; Inapplicable ; Inapplicable ; Pass      ; Inapplicable ; Inapplicable ;
; INSTR[29]              ; Inapplicable ; Inapplicable ; Inapplicable ; Inapplicable ; Inapplicable ; Pass      ; Inapplicable ; Inapplicable ; Pass      ; Pass      ; Inapplicable ; Pass         ; Inapplicable ; Inapplicable ; Inapplicable ; Inapplicable ; Pass         ; Inapplicable ; Inapplicable ; Inapplicable ; Inapplicable ; Pass         ; Inapplicable ; Inapplicable ; Inapplicable ; Inapplicable ; Inapplicable ; Pass      ; Inapplicable ; Inapplicable ;
; INSTR[28]              ; Inapplicable ; Inapplicable ; Inapplicable ; Inapplicable ; Inapplicable ; Pass      ; Inapplicable ; Inapplicable ; Pass      ; Pass      ; Inapplicable ; Pass         ; Inapplicable ; Inapplicable ; Inapplicable ; Inapplicable ; Pass         ; Inapplicable ; Inapplicable ; Inapplicable ; Inapplicable ; Pass         ; Inapplicable ; Inapplicable ; Inapplicable ; Inapplicable ; Inapplicable ; Pass      ; Inapplicable ; Inapplicable ;
; INSTR[27]              ; Inapplicable ; Inapplicable ; Inapplicable ; Inapplicable ; Inapplicable ; Pass      ; Inapplicable ; Inapplicable ; Pass      ; Pass      ; Inapplicable ; Pass         ; Inapplicable ; Inapplicable ; Inapplicable ; Inapplicable ; Pass         ; Inapplicable ; Inapplicable ; Inapplicable ; Inapplicable ; Pass         ; Inapplicable ; Inapplicable ; Inapplicable ; Inapplicable ; Inapplicable ; Pass      ; Inapplicable ; Inapplicable ;
; INSTR[26]              ; Inapplicable ; Inapplicable ; Inapplicable ; Inapplicable ; Inapplicable ; Pass      ; Inapplicable ; Inapplicable ; Pass      ; Pass      ; Inapplicable ; Pass         ; Inapplicable ; Inapplicable ; Inapplicable ; Inapplicable ; Pass         ; Inapplicable ; Inapplicable ; Inapplicable ; Inapplicable ; Pass         ; Inapplicable ; Inapplicable ; Inapplicable ; Inapplicable ; Inapplicable ; Pass      ; Inapplicable ; Inapplicable ;
; INSTR[25]              ; Inapplicable ; Inapplicable ; Inapplicable ; Inapplicable ; Inapplicable ; Pass      ; Inapplicable ; Inapplicable ; Pass      ; Pass      ; Inapplicable ; Pass         ; Inapplicable ; Inapplicable ; Inapplicable ; Inapplicable ; Pass         ; Inapplicable ; Inapplicable ; Inapplicable ; Inapplicable ; Pass         ; Inapplicable ; Inapplicable ; Inapplicable ; Inapplicable ; Inapplicable ; Pass      ; Inapplicable ; Inapplicable ;
; INSTR[24]              ; Inapplicable ; Inapplicable ; Inapplicable ; Inapplicable ; Inapplicable ; Pass      ; Inapplicable ; Inapplicable ; Pass      ; Pass      ; Inapplicable ; Pass         ; Inapplicable ; Inapplicable ; Inapplicable ; Inapplicable ; Pass         ; Inapplicable ; Inapplicable ; Inapplicable ; Inapplicable ; Pass         ; Inapplicable ; Inapplicable ; Inapplicable ; Inapplicable ; Inapplicable ; Pass      ; Inapplicable ; Inapplicable ;
; INSTR[23]              ; Inapplicable ; Inapplicable ; Inapplicable ; Inapplicable ; Inapplicable ; Pass      ; Inapplicable ; Inapplicable ; Pass      ; Pass      ; Inapplicable ; Pass         ; Inapplicable ; Inapplicable ; Inapplicable ; Inapplicable ; Pass         ; Inapplicable ; Inapplicable ; Inapplicable ; Inapplicable ; Pass         ; Inapplicable ; Inapplicable ; Inapplicable ; Inapplicable ; Inapplicable ; Pass      ; Inapplicable ; Inapplicable ;
; INSTR[22]              ; Inapplicable ; Inapplicable ; Inapplicable ; Inapplicable ; Inapplicable ; Pass      ; Inapplicable ; Inapplicable ; Pass      ; Pass      ; Inapplicable ; Pass         ; Inapplicable ; Inapplicable ; Inapplicable ; Inapplicable ; Pass         ; Inapplicable ; Inapplicable ; Inapplicable ; Inapplicable ; Pass         ; Inapplicable ; Inapplicable ; Inapplicable ; Inapplicable ; Inapplicable ; Pass      ; Inapplicable ; Inapplicable ;
; INSTR[21]              ; Inapplicable ; Inapplicable ; Inapplicable ; Inapplicable ; Inapplicable ; Pass      ; Inapplicable ; Inapplicable ; Pass      ; Pass      ; Inapplicable ; Pass         ; Inapplicable ; Inapplicable ; Inapplicable ; Inapplicable ; Pass         ; Inapplicable ; Inapplicable ; Inapplicable ; Inapplicable ; Pass         ; Inapplicable ; Inapplicable ; Inapplicable ; Inapplicable ; Inapplicable ; Pass      ; Inapplicable ; Inapplicable ;
; INSTR[20]              ; Inapplicable ; Inapplicable ; Inapplicable ; Inapplicable ; Inapplicable ; Pass      ; Inapplicable ; Inapplicable ; Pass      ; Pass      ; Inapplicable ; Pass         ; Inapplicable ; Inapplicable ; Inapplicable ; Inapplicable ; Pass         ; Inapplicable ; Inapplicable ; Inapplicable ; Inapplicable ; Pass         ; Inapplicable ; Inapplicable ; Inapplicable ; Inapplicable ; Inapplicable ; Pass      ; Inapplicable ; Inapplicable ;
; INSTR[19]              ; Inapplicable ; Inapplicable ; Inapplicable ; Inapplicable ; Inapplicable ; Pass      ; Inapplicable ; Inapplicable ; Pass      ; Pass      ; Inapplicable ; Pass         ; Inapplicable ; Inapplicable ; Inapplicable ; Inapplicable ; Pass         ; Inapplicable ; Inapplicable ; Inapplicable ; Inapplicable ; Pass         ; Inapplicable ; Inapplicable ; Inapplicable ; Inapplicable ; Inapplicable ; Pass      ; Inapplicable ; Inapplicable ;
; INSTR[18]              ; Inapplicable ; Inapplicable ; Inapplicable ; Inapplicable ; Inapplicable ; Pass      ; Inapplicable ; Inapplicable ; Pass      ; Pass      ; Inapplicable ; Pass         ; Inapplicable ; Inapplicable ; Inapplicable ; Inapplicable ; Pass         ; Inapplicable ; Inapplicable ; Inapplicable ; Inapplicable ; Pass         ; Inapplicable ; Inapplicable ; Inapplicable ; Inapplicable ; Inapplicable ; Pass      ; Inapplicable ; Inapplicable ;
; INSTR[17]              ; Inapplicable ; Inapplicable ; Inapplicable ; Inapplicable ; Inapplicable ; Pass      ; Inapplicable ; Inapplicable ; Pass      ; Pass      ; Inapplicable ; Pass         ; Inapplicable ; Inapplicable ; Inapplicable ; Inapplicable ; Pass         ; Inapplicable ; Inapplicable ; Inapplicable ; Inapplicable ; Pass         ; Inapplicable ; Inapplicable ; Inapplicable ; Inapplicable ; Inapplicable ; Pass      ; Inapplicable ; Inapplicable ;
; INSTR[16]              ; Inapplicable ; Inapplicable ; Inapplicable ; Inapplicable ; Inapplicable ; Pass      ; Inapplicable ; Inapplicable ; Pass      ; Pass      ; Inapplicable ; Pass         ; Inapplicable ; Inapplicable ; Inapplicable ; Inapplicable ; Pass         ; Inapplicable ; Inapplicable ; Inapplicable ; Inapplicable ; Pass         ; Inapplicable ; Inapplicable ; Inapplicable ; Inapplicable ; Inapplicable ; Pass      ; Inapplicable ; Inapplicable ;
; INSTR[15]              ; Inapplicable ; Inapplicable ; Inapplicable ; Inapplicable ; Inapplicable ; Pass      ; Inapplicable ; Inapplicable ; Pass      ; Pass      ; Inapplicable ; Pass         ; Inapplicable ; Inapplicable ; Inapplicable ; Inapplicable ; Pass         ; Inapplicable ; Inapplicable ; Inapplicable ; Inapplicable ; Pass         ; Inapplicable ; Inapplicable ; Inapplicable ; Inapplicable ; Inapplicable ; Pass      ; Inapplicable ; Inapplicable ;
; INSTR[14]              ; Inapplicable ; Inapplicable ; Inapplicable ; Inapplicable ; Inapplicable ; Pass      ; Inapplicable ; Inapplicable ; Pass      ; Pass      ; Inapplicable ; Pass         ; Inapplicable ; Inapplicable ; Inapplicable ; Inapplicable ; Pass         ; Inapplicable ; Inapplicable ; Inapplicable ; Inapplicable ; Pass         ; Inapplicable ; Inapplicable ; Inapplicable ; Inapplicable ; Inapplicable ; Pass      ; Inapplicable ; Inapplicable ;
; INSTR[13]              ; Inapplicable ; Inapplicable ; Inapplicable ; Inapplicable ; Inapplicable ; Pass      ; Inapplicable ; Inapplicable ; Pass      ; Pass      ; Inapplicable ; Pass         ; Inapplicable ; Inapplicable ; Inapplicable ; Inapplicable ; Pass         ; Inapplicable ; Inapplicable ; Inapplicable ; Inapplicable ; Pass         ; Inapplicable ; Inapplicable ; Inapplicable ; Inapplicable ; Inapplicable ; Pass      ; Inapplicable ; Inapplicable ;
; INSTR[12]              ; Inapplicable ; Inapplicable ; Inapplicable ; Inapplicable ; Inapplicable ; Pass      ; Inapplicable ; Inapplicable ; Pass      ; Pass      ; Inapplicable ; Pass         ; Inapplicable ; Inapplicable ; Inapplicable ; Inapplicable ; Pass         ; Inapplicable ; Inapplicable ; Inapplicable ; Inapplicable ; Pass         ; Inapplicable ; Inapplicable ; Inapplicable ; Inapplicable ; Inapplicable ; Pass      ; Inapplicable ; Inapplicable ;
; INSTR[11]              ; Inapplicable ; Inapplicable ; Inapplicable ; Inapplicable ; Inapplicable ; Pass      ; Inapplicable ; Inapplicable ; Pass      ; Pass      ; Inapplicable ; Pass         ; Inapplicable ; Inapplicable ; Inapplicable ; Inapplicable ; Pass         ; Inapplicable ; Inapplicable ; Inapplicable ; Inapplicable ; Pass         ; Inapplicable ; Inapplicable ; Inapplicable ; Inapplicable ; Inapplicable ; Pass      ; Inapplicable ; Inapplicable ;
; INSTR[10]              ; Inapplicable ; Inapplicable ; Inapplicable ; Inapplicable ; Inapplicable ; Pass      ; Inapplicable ; Inapplicable ; Pass      ; Pass      ; Inapplicable ; Pass         ; Inapplicable ; Inapplicable ; Inapplicable ; Inapplicable ; Pass         ; Inapplicable ; Inapplicable ; Inapplicable ; Inapplicable ; Pass         ; Inapplicable ; Inapplicable ; Inapplicable ; Inapplicable ; Inapplicable ; Pass      ; Inapplicable ; Inapplicable ;
; INSTR[9]               ; Inapplicable ; Inapplicable ; Inapplicable ; Inapplicable ; Inapplicable ; Pass      ; Inapplicable ; Inapplicable ; Pass      ; Pass      ; Inapplicable ; Pass         ; Inapplicable ; Inapplicable ; Inapplicable ; Inapplicable ; Pass         ; Inapplicable ; Inapplicable ; Inapplicable ; Inapplicable ; Pass         ; Inapplicable ; Inapplicable ; Inapplicable ; Inapplicable ; Inapplicable ; Pass      ; Inapplicable ; Inapplicable ;
; INSTR[8]               ; Inapplicable ; Inapplicable ; Inapplicable ; Inapplicable ; Inapplicable ; Pass      ; Inapplicable ; Inapplicable ; Pass      ; Pass      ; Inapplicable ; Pass         ; Inapplicable ; Inapplicable ; Inapplicable ; Inapplicable ; Pass         ; Inapplicable ; Inapplicable ; Inapplicable ; Inapplicable ; Pass         ; Inapplicable ; Inapplicable ; Inapplicable ; Inapplicable ; Inapplicable ; Pass      ; Inapplicable ; Inapplicable ;
; INSTR[7]               ; Inapplicable ; Inapplicable ; Inapplicable ; Inapplicable ; Inapplicable ; Pass      ; Inapplicable ; Inapplicable ; Pass      ; Pass      ; Inapplicable ; Pass         ; Inapplicable ; Inapplicable ; Inapplicable ; Inapplicable ; Pass         ; Inapplicable ; Inapplicable ; Inapplicable ; Inapplicable ; Pass         ; Inapplicable ; Inapplicable ; Inapplicable ; Inapplicable ; Inapplicable ; Pass      ; Inapplicable ; Inapplicable ;
; INSTR[6]               ; Inapplicable ; Inapplicable ; Inapplicable ; Inapplicable ; Inapplicable ; Pass      ; Inapplicable ; Inapplicable ; Pass      ; Pass      ; Inapplicable ; Pass         ; Inapplicable ; Inapplicable ; Inapplicable ; Inapplicable ; Pass         ; Inapplicable ; Inapplicable ; Inapplicable ; Inapplicable ; Pass         ; Inapplicable ; Inapplicable ; Inapplicable ; Inapplicable ; Inapplicable ; Pass      ; Inapplicable ; Inapplicable ;
; INSTR[5]               ; Inapplicable ; Inapplicable ; Inapplicable ; Inapplicable ; Inapplicable ; Pass      ; Inapplicable ; Inapplicable ; Pass      ; Pass      ; Inapplicable ; Pass         ; Inapplicable ; Inapplicable ; Inapplicable ; Inapplicable ; Pass         ; Inapplicable ; Inapplicable ; Inapplicable ; Inapplicable ; Pass         ; Inapplicable ; Inapplicable ; Inapplicable ; Inapplicable ; Inapplicable ; Pass      ; Inapplicable ; Inapplicable ;
; INSTR[4]               ; Inapplicable ; Inapplicable ; Inapplicable ; Inapplicable ; Inapplicable ; Pass      ; Inapplicable ; Inapplicable ; Pass      ; Pass      ; Inapplicable ; Pass         ; Inapplicable ; Inapplicable ; Inapplicable ; Inapplicable ; Pass         ; Inapplicable ; Inapplicable ; Inapplicable ; Inapplicable ; Pass         ; Inapplicable ; Inapplicable ; Inapplicable ; Inapplicable ; Inapplicable ; Pass      ; Inapplicable ; Inapplicable ;
; INSTR[3]               ; Inapplicable ; Inapplicable ; Inapplicable ; Inapplicable ; Inapplicable ; Pass      ; Inapplicable ; Inapplicable ; Pass      ; Pass      ; Inapplicable ; Pass         ; Inapplicable ; Inapplicable ; Inapplicable ; Inapplicable ; Pass         ; Inapplicable ; Inapplicable ; Inapplicable ; Inapplicable ; Pass         ; Inapplicable ; Inapplicable ; Inapplicable ; Inapplicable ; Inapplicable ; Pass      ; Inapplicable ; Inapplicable ;
; INSTR[2]               ; Inapplicable ; Inapplicable ; Inapplicable ; Inapplicable ; Inapplicable ; Pass      ; Inapplicable ; Inapplicable ; Pass      ; Pass      ; Inapplicable ; Pass         ; Inapplicable ; Inapplicable ; Inapplicable ; Inapplicable ; Pass         ; Inapplicable ; Inapplicable ; Inapplicable ; Inapplicable ; Pass         ; Inapplicable ; Inapplicable ; Inapplicable ; Inapplicable ; Inapplicable ; Pass      ; Inapplicable ; Inapplicable ;
; INSTR[1]               ; Inapplicable ; Inapplicable ; Inapplicable ; Inapplicable ; Inapplicable ; Pass      ; Inapplicable ; Inapplicable ; Pass      ; Pass      ; Inapplicable ; Pass         ; Inapplicable ; Inapplicable ; Inapplicable ; Inapplicable ; Pass         ; Inapplicable ; Inapplicable ; Inapplicable ; Inapplicable ; Pass         ; Inapplicable ; Inapplicable ; Inapplicable ; Inapplicable ; Inapplicable ; Pass      ; Inapplicable ; Inapplicable ;
; INSTR[0]               ; Inapplicable ; Inapplicable ; Inapplicable ; Inapplicable ; Inapplicable ; Pass      ; Inapplicable ; Inapplicable ; Pass      ; Pass      ; Inapplicable ; Pass         ; Inapplicable ; Inapplicable ; Inapplicable ; Inapplicable ; Pass         ; Inapplicable ; Inapplicable ; Inapplicable ; Inapplicable ; Pass         ; Inapplicable ; Inapplicable ; Inapplicable ; Inapplicable ; Inapplicable ; Pass      ; Inapplicable ; Inapplicable ;
; PC[31]                 ; Inapplicable ; Inapplicable ; Inapplicable ; Inapplicable ; Inapplicable ; Pass      ; Inapplicable ; Inapplicable ; Pass      ; Pass      ; Inapplicable ; Pass         ; Inapplicable ; Inapplicable ; Inapplicable ; Inapplicable ; Pass         ; Inapplicable ; Inapplicable ; Inapplicable ; Inapplicable ; Pass         ; Inapplicable ; Inapplicable ; Inapplicable ; Inapplicable ; Inapplicable ; Pass      ; Inapplicable ; Inapplicable ;
; PC[30]                 ; Inapplicable ; Inapplicable ; Inapplicable ; Inapplicable ; Inapplicable ; Pass      ; Inapplicable ; Inapplicable ; Pass      ; Pass      ; Inapplicable ; Pass         ; Inapplicable ; Inapplicable ; Inapplicable ; Inapplicable ; Pass         ; Inapplicable ; Inapplicable ; Inapplicable ; Inapplicable ; Pass         ; Inapplicable ; Inapplicable ; Inapplicable ; Inapplicable ; Inapplicable ; Pass      ; Inapplicable ; Inapplicable ;
; PC[29]                 ; Inapplicable ; Inapplicable ; Inapplicable ; Inapplicable ; Inapplicable ; Pass      ; Inapplicable ; Inapplicable ; Pass      ; Pass      ; Inapplicable ; Pass         ; Inapplicable ; Inapplicable ; Inapplicable ; Inapplicable ; Pass         ; Inapplicable ; Inapplicable ; Inapplicable ; Inapplicable ; Pass         ; Inapplicable ; Inapplicable ; Inapplicable ; Inapplicable ; Inapplicable ; Pass      ; Inapplicable ; Inapplicable ;
; PC[28]                 ; Inapplicable ; Inapplicable ; Inapplicable ; Inapplicable ; Inapplicable ; Pass      ; Inapplicable ; Inapplicable ; Pass      ; Pass      ; Inapplicable ; Pass         ; Inapplicable ; Inapplicable ; Inapplicable ; Inapplicable ; Pass         ; Inapplicable ; Inapplicable ; Inapplicable ; Inapplicable ; Pass         ; Inapplicable ; Inapplicable ; Inapplicable ; Inapplicable ; Inapplicable ; Pass      ; Inapplicable ; Inapplicable ;
; PC[27]                 ; Inapplicable ; Inapplicable ; Inapplicable ; Inapplicable ; Inapplicable ; Pass      ; Inapplicable ; Inapplicable ; Pass      ; Pass      ; Inapplicable ; Pass         ; Inapplicable ; Inapplicable ; Inapplicable ; Inapplicable ; Pass         ; Inapplicable ; Inapplicable ; Inapplicable ; Inapplicable ; Pass         ; Inapplicable ; Inapplicable ; Inapplicable ; Inapplicable ; Inapplicable ; Pass      ; Inapplicable ; Inapplicable ;
; PC[26]                 ; Inapplicable ; Inapplicable ; Inapplicable ; Inapplicable ; Inapplicable ; Pass      ; Inapplicable ; Inapplicable ; Pass      ; Pass      ; Inapplicable ; Pass         ; Inapplicable ; Inapplicable ; Inapplicable ; Inapplicable ; Pass         ; Inapplicable ; Inapplicable ; Inapplicable ; Inapplicable ; Pass         ; Inapplicable ; Inapplicable ; Inapplicable ; Inapplicable ; Inapplicable ; Pass      ; Inapplicable ; Inapplicable ;
; PC[25]                 ; Inapplicable ; Inapplicable ; Inapplicable ; Inapplicable ; Inapplicable ; Pass      ; Inapplicable ; Inapplicable ; Pass      ; Pass      ; Inapplicable ; Pass         ; Inapplicable ; Inapplicable ; Inapplicable ; Inapplicable ; Pass         ; Inapplicable ; Inapplicable ; Inapplicable ; Inapplicable ; Pass         ; Inapplicable ; Inapplicable ; Inapplicable ; Inapplicable ; Inapplicable ; Pass      ; Inapplicable ; Inapplicable ;
; PC[24]                 ; Inapplicable ; Inapplicable ; Inapplicable ; Inapplicable ; Inapplicable ; Pass      ; Inapplicable ; Inapplicable ; Pass      ; Pass      ; Inapplicable ; Pass         ; Inapplicable ; Inapplicable ; Inapplicable ; Inapplicable ; Pass         ; Inapplicable ; Inapplicable ; Inapplicable ; Inapplicable ; Pass         ; Inapplicable ; Inapplicable ; Inapplicable ; Inapplicable ; Inapplicable ; Pass      ; Inapplicable ; Inapplicable ;
; PC[23]                 ; Inapplicable ; Inapplicable ; Inapplicable ; Inapplicable ; Inapplicable ; Pass      ; Inapplicable ; Inapplicable ; Pass      ; Pass      ; Inapplicable ; Pass         ; Inapplicable ; Inapplicable ; Inapplicable ; Inapplicable ; Pass         ; Inapplicable ; Inapplicable ; Inapplicable ; Inapplicable ; Pass         ; Inapplicable ; Inapplicable ; Inapplicable ; Inapplicable ; Inapplicable ; Pass      ; Inapplicable ; Inapplicable ;
; PC[22]                 ; Inapplicable ; Inapplicable ; Inapplicable ; Inapplicable ; Inapplicable ; Pass      ; Inapplicable ; Inapplicable ; Pass      ; Pass      ; Inapplicable ; Pass         ; Inapplicable ; Inapplicable ; Inapplicable ; Inapplicable ; Pass         ; Inapplicable ; Inapplicable ; Inapplicable ; Inapplicable ; Pass         ; Inapplicable ; Inapplicable ; Inapplicable ; Inapplicable ; Inapplicable ; Pass      ; Inapplicable ; Inapplicable ;
; PC[21]                 ; Inapplicable ; Inapplicable ; Inapplicable ; Inapplicable ; Inapplicable ; Pass      ; Inapplicable ; Inapplicable ; Pass      ; Pass      ; Inapplicable ; Pass         ; Inapplicable ; Inapplicable ; Inapplicable ; Inapplicable ; Pass         ; Inapplicable ; Inapplicable ; Inapplicable ; Inapplicable ; Pass         ; Inapplicable ; Inapplicable ; Inapplicable ; Inapplicable ; Inapplicable ; Pass      ; Inapplicable ; Inapplicable ;
; PC[20]                 ; Inapplicable ; Inapplicable ; Inapplicable ; Inapplicable ; Inapplicable ; Pass      ; Inapplicable ; Inapplicable ; Pass      ; Pass      ; Inapplicable ; Pass         ; Inapplicable ; Inapplicable ; Inapplicable ; Inapplicable ; Pass         ; Inapplicable ; Inapplicable ; Inapplicable ; Inapplicable ; Pass         ; Inapplicable ; Inapplicable ; Inapplicable ; Inapplicable ; Inapplicable ; Pass      ; Inapplicable ; Inapplicable ;
; PC[19]                 ; Inapplicable ; Inapplicable ; Inapplicable ; Inapplicable ; Inapplicable ; Pass      ; Inapplicable ; Inapplicable ; Pass      ; Pass      ; Inapplicable ; Pass         ; Inapplicable ; Inapplicable ; Inapplicable ; Inapplicable ; Pass         ; Inapplicable ; Inapplicable ; Inapplicable ; Inapplicable ; Pass         ; Inapplicable ; Inapplicable ; Inapplicable ; Inapplicable ; Inapplicable ; Pass      ; Inapplicable ; Inapplicable ;
; PC[18]                 ; Inapplicable ; Inapplicable ; Inapplicable ; Inapplicable ; Inapplicable ; Pass      ; Inapplicable ; Inapplicable ; Pass      ; Pass      ; Inapplicable ; Pass         ; Inapplicable ; Inapplicable ; Inapplicable ; Inapplicable ; Pass         ; Inapplicable ; Inapplicable ; Inapplicable ; Inapplicable ; Pass         ; Inapplicable ; Inapplicable ; Inapplicable ; Inapplicable ; Inapplicable ; Pass      ; Inapplicable ; Inapplicable ;
; PC[17]                 ; Inapplicable ; Inapplicable ; Inapplicable ; Inapplicable ; Inapplicable ; Pass      ; Inapplicable ; Inapplicable ; Pass      ; Pass      ; Inapplicable ; Pass         ; Inapplicable ; Inapplicable ; Inapplicable ; Inapplicable ; Pass         ; Inapplicable ; Inapplicable ; Inapplicable ; Inapplicable ; Pass         ; Inapplicable ; Inapplicable ; Inapplicable ; Inapplicable ; Inapplicable ; Pass      ; Inapplicable ; Inapplicable ;
; PC[16]                 ; Inapplicable ; Inapplicable ; Inapplicable ; Inapplicable ; Inapplicable ; Pass      ; Inapplicable ; Inapplicable ; Pass      ; Pass      ; Inapplicable ; Pass         ; Inapplicable ; Inapplicable ; Inapplicable ; Inapplicable ; Pass         ; Inapplicable ; Inapplicable ; Inapplicable ; Inapplicable ; Pass         ; Inapplicable ; Inapplicable ; Inapplicable ; Inapplicable ; Inapplicable ; Pass      ; Inapplicable ; Inapplicable ;
; PC[15]                 ; Inapplicable ; Inapplicable ; Inapplicable ; Inapplicable ; Inapplicable ; Pass      ; Inapplicable ; Inapplicable ; Pass      ; Pass      ; Inapplicable ; Pass         ; Inapplicable ; Inapplicable ; Inapplicable ; Inapplicable ; Pass         ; Inapplicable ; Inapplicable ; Inapplicable ; Inapplicable ; Pass         ; Inapplicable ; Inapplicable ; Inapplicable ; Inapplicable ; Inapplicable ; Pass      ; Inapplicable ; Inapplicable ;
; PC[14]                 ; Inapplicable ; Inapplicable ; Inapplicable ; Inapplicable ; Inapplicable ; Pass      ; Inapplicable ; Inapplicable ; Pass      ; Pass      ; Inapplicable ; Pass         ; Inapplicable ; Inapplicable ; Inapplicable ; Inapplicable ; Pass         ; Inapplicable ; Inapplicable ; Inapplicable ; Inapplicable ; Pass         ; Inapplicable ; Inapplicable ; Inapplicable ; Inapplicable ; Inapplicable ; Pass      ; Inapplicable ; Inapplicable ;
; PC[13]                 ; Inapplicable ; Inapplicable ; Inapplicable ; Inapplicable ; Inapplicable ; Pass      ; Inapplicable ; Inapplicable ; Pass      ; Pass      ; Inapplicable ; Pass         ; Inapplicable ; Inapplicable ; Inapplicable ; Inapplicable ; Pass         ; Inapplicable ; Inapplicable ; Inapplicable ; Inapplicable ; Pass         ; Inapplicable ; Inapplicable ; Inapplicable ; Inapplicable ; Inapplicable ; Pass      ; Inapplicable ; Inapplicable ;
; PC[12]                 ; Inapplicable ; Inapplicable ; Inapplicable ; Inapplicable ; Inapplicable ; Pass      ; Inapplicable ; Inapplicable ; Pass      ; Pass      ; Inapplicable ; Pass         ; Inapplicable ; Inapplicable ; Inapplicable ; Inapplicable ; Pass         ; Inapplicable ; Inapplicable ; Inapplicable ; Inapplicable ; Pass         ; Inapplicable ; Inapplicable ; Inapplicable ; Inapplicable ; Inapplicable ; Pass      ; Inapplicable ; Inapplicable ;
; PC[11]                 ; Inapplicable ; Inapplicable ; Inapplicable ; Inapplicable ; Inapplicable ; Pass      ; Inapplicable ; Inapplicable ; Pass      ; Pass      ; Inapplicable ; Pass         ; Inapplicable ; Inapplicable ; Inapplicable ; Inapplicable ; Pass         ; Inapplicable ; Inapplicable ; Inapplicable ; Inapplicable ; Pass         ; Inapplicable ; Inapplicable ; Inapplicable ; Inapplicable ; Inapplicable ; Pass      ; Inapplicable ; Inapplicable ;
; PC[10]                 ; Inapplicable ; Inapplicable ; Inapplicable ; Inapplicable ; Inapplicable ; Pass      ; Inapplicable ; Inapplicable ; Pass      ; Pass      ; Inapplicable ; Pass         ; Inapplicable ; Inapplicable ; Inapplicable ; Inapplicable ; Pass         ; Inapplicable ; Inapplicable ; Inapplicable ; Inapplicable ; Pass         ; Inapplicable ; Inapplicable ; Inapplicable ; Inapplicable ; Inapplicable ; Pass      ; Inapplicable ; Inapplicable ;
; PC[9]                  ; Inapplicable ; Inapplicable ; Inapplicable ; Inapplicable ; Inapplicable ; Pass      ; Inapplicable ; Inapplicable ; Pass      ; Pass      ; Inapplicable ; Pass         ; Inapplicable ; Inapplicable ; Inapplicable ; Inapplicable ; Pass         ; Inapplicable ; Inapplicable ; Inapplicable ; Inapplicable ; Pass         ; Inapplicable ; Inapplicable ; Inapplicable ; Inapplicable ; Inapplicable ; Pass      ; Inapplicable ; Inapplicable ;
; PC[8]                  ; Inapplicable ; Inapplicable ; Inapplicable ; Inapplicable ; Inapplicable ; Pass      ; Inapplicable ; Inapplicable ; Pass      ; Pass      ; Inapplicable ; Pass         ; Inapplicable ; Inapplicable ; Inapplicable ; Inapplicable ; Pass         ; Inapplicable ; Inapplicable ; Inapplicable ; Inapplicable ; Pass         ; Inapplicable ; Inapplicable ; Inapplicable ; Inapplicable ; Inapplicable ; Pass      ; Inapplicable ; Inapplicable ;
; PC[7]                  ; Inapplicable ; Inapplicable ; Inapplicable ; Inapplicable ; Inapplicable ; Pass      ; Inapplicable ; Inapplicable ; Pass      ; Pass      ; Inapplicable ; Pass         ; Inapplicable ; Inapplicable ; Inapplicable ; Inapplicable ; Pass         ; Inapplicable ; Inapplicable ; Inapplicable ; Inapplicable ; Pass         ; Inapplicable ; Inapplicable ; Inapplicable ; Inapplicable ; Inapplicable ; Pass      ; Inapplicable ; Inapplicable ;
; PC[6]                  ; Inapplicable ; Inapplicable ; Inapplicable ; Inapplicable ; Inapplicable ; Pass      ; Inapplicable ; Inapplicable ; Pass      ; Pass      ; Inapplicable ; Pass         ; Inapplicable ; Inapplicable ; Inapplicable ; Inapplicable ; Pass         ; Inapplicable ; Inapplicable ; Inapplicable ; Inapplicable ; Pass         ; Inapplicable ; Inapplicable ; Inapplicable ; Inapplicable ; Inapplicable ; Pass      ; Inapplicable ; Inapplicable ;
; PC[5]                  ; Inapplicable ; Inapplicable ; Inapplicable ; Inapplicable ; Inapplicable ; Pass      ; Inapplicable ; Inapplicable ; Pass      ; Pass      ; Inapplicable ; Pass         ; Inapplicable ; Inapplicable ; Inapplicable ; Inapplicable ; Pass         ; Inapplicable ; Inapplicable ; Inapplicable ; Inapplicable ; Pass         ; Inapplicable ; Inapplicable ; Inapplicable ; Inapplicable ; Inapplicable ; Pass      ; Inapplicable ; Inapplicable ;
; PC[4]                  ; Inapplicable ; Inapplicable ; Inapplicable ; Inapplicable ; Inapplicable ; Pass      ; Inapplicable ; Inapplicable ; Pass      ; Pass      ; Inapplicable ; Pass         ; Inapplicable ; Inapplicable ; Inapplicable ; Inapplicable ; Pass         ; Inapplicable ; Inapplicable ; Inapplicable ; Inapplicable ; Pass         ; Inapplicable ; Inapplicable ; Inapplicable ; Inapplicable ; Inapplicable ; Pass      ; Inapplicable ; Inapplicable ;
; PC[3]                  ; Inapplicable ; Inapplicable ; Inapplicable ; Inapplicable ; Inapplicable ; Pass      ; Inapplicable ; Inapplicable ; Pass      ; Pass      ; Inapplicable ; Pass         ; Inapplicable ; Inapplicable ; Inapplicable ; Inapplicable ; Pass         ; Inapplicable ; Inapplicable ; Inapplicable ; Inapplicable ; Pass         ; Inapplicable ; Inapplicable ; Inapplicable ; Inapplicable ; Inapplicable ; Pass      ; Inapplicable ; Inapplicable ;
; PC[2]                  ; Inapplicable ; Inapplicable ; Inapplicable ; Inapplicable ; Inapplicable ; Pass      ; Inapplicable ; Inapplicable ; Pass      ; Pass      ; Inapplicable ; Pass         ; Inapplicable ; Inapplicable ; Inapplicable ; Inapplicable ; Pass         ; Inapplicable ; Inapplicable ; Inapplicable ; Inapplicable ; Pass         ; Inapplicable ; Inapplicable ; Inapplicable ; Inapplicable ; Inapplicable ; Pass      ; Inapplicable ; Inapplicable ;
; PC[1]                  ; Inapplicable ; Inapplicable ; Inapplicable ; Inapplicable ; Inapplicable ; Pass      ; Inapplicable ; Inapplicable ; Pass      ; Pass      ; Inapplicable ; Pass         ; Inapplicable ; Inapplicable ; Inapplicable ; Inapplicable ; Pass         ; Inapplicable ; Inapplicable ; Inapplicable ; Inapplicable ; Pass         ; Inapplicable ; Inapplicable ; Inapplicable ; Inapplicable ; Inapplicable ; Pass      ; Inapplicable ; Inapplicable ;
; PC[0]                  ; Inapplicable ; Inapplicable ; Inapplicable ; Inapplicable ; Inapplicable ; Pass      ; Inapplicable ; Inapplicable ; Pass      ; Pass      ; Inapplicable ; Pass         ; Inapplicable ; Inapplicable ; Inapplicable ; Inapplicable ; Pass         ; Inapplicable ; Inapplicable ; Inapplicable ; Inapplicable ; Pass         ; Inapplicable ; Inapplicable ; Inapplicable ; Inapplicable ; Inapplicable ; Pass      ; Inapplicable ; Inapplicable ;
; RESULTADO[31]          ; Inapplicable ; Inapplicable ; Inapplicable ; Inapplicable ; Inapplicable ; Pass      ; Inapplicable ; Inapplicable ; Pass      ; Pass      ; Inapplicable ; Pass         ; Inapplicable ; Inapplicable ; Inapplicable ; Inapplicable ; Pass         ; Inapplicable ; Inapplicable ; Inapplicable ; Inapplicable ; Pass         ; Inapplicable ; Inapplicable ; Inapplicable ; Inapplicable ; Inapplicable ; Pass      ; Inapplicable ; Inapplicable ;
; RESULTADO[30]          ; Inapplicable ; Inapplicable ; Inapplicable ; Inapplicable ; Inapplicable ; Pass      ; Inapplicable ; Inapplicable ; Pass      ; Pass      ; Inapplicable ; Pass         ; Inapplicable ; Inapplicable ; Inapplicable ; Inapplicable ; Pass         ; Inapplicable ; Inapplicable ; Inapplicable ; Inapplicable ; Pass         ; Inapplicable ; Inapplicable ; Inapplicable ; Inapplicable ; Inapplicable ; Pass      ; Inapplicable ; Inapplicable ;
; RESULTADO[29]          ; Inapplicable ; Inapplicable ; Inapplicable ; Inapplicable ; Inapplicable ; Pass      ; Inapplicable ; Inapplicable ; Pass      ; Pass      ; Inapplicable ; Pass         ; Inapplicable ; Inapplicable ; Inapplicable ; Inapplicable ; Pass         ; Inapplicable ; Inapplicable ; Inapplicable ; Inapplicable ; Pass         ; Inapplicable ; Inapplicable ; Inapplicable ; Inapplicable ; Inapplicable ; Pass      ; Inapplicable ; Inapplicable ;
; RESULTADO[28]          ; Inapplicable ; Inapplicable ; Inapplicable ; Inapplicable ; Inapplicable ; Pass      ; Inapplicable ; Inapplicable ; Pass      ; Pass      ; Inapplicable ; Pass         ; Inapplicable ; Inapplicable ; Inapplicable ; Inapplicable ; Pass         ; Inapplicable ; Inapplicable ; Inapplicable ; Inapplicable ; Pass         ; Inapplicable ; Inapplicable ; Inapplicable ; Inapplicable ; Inapplicable ; Pass      ; Inapplicable ; Inapplicable ;
; RESULTADO[27]          ; Inapplicable ; Inapplicable ; Inapplicable ; Inapplicable ; Inapplicable ; Pass      ; Inapplicable ; Inapplicable ; Pass      ; Pass      ; Inapplicable ; Pass         ; Inapplicable ; Inapplicable ; Inapplicable ; Inapplicable ; Pass         ; Inapplicable ; Inapplicable ; Inapplicable ; Inapplicable ; Pass         ; Inapplicable ; Inapplicable ; Inapplicable ; Inapplicable ; Inapplicable ; Pass      ; Inapplicable ; Inapplicable ;
; RESULTADO[26]          ; Inapplicable ; Inapplicable ; Inapplicable ; Inapplicable ; Inapplicable ; Pass      ; Inapplicable ; Inapplicable ; Pass      ; Pass      ; Inapplicable ; Pass         ; Inapplicable ; Inapplicable ; Inapplicable ; Inapplicable ; Pass         ; Inapplicable ; Inapplicable ; Inapplicable ; Inapplicable ; Pass         ; Inapplicable ; Inapplicable ; Inapplicable ; Inapplicable ; Inapplicable ; Pass      ; Inapplicable ; Inapplicable ;
; RESULTADO[25]          ; Inapplicable ; Inapplicable ; Inapplicable ; Inapplicable ; Inapplicable ; Pass      ; Inapplicable ; Inapplicable ; Pass      ; Pass      ; Inapplicable ; Pass         ; Inapplicable ; Inapplicable ; Inapplicable ; Inapplicable ; Pass         ; Inapplicable ; Inapplicable ; Inapplicable ; Inapplicable ; Pass         ; Inapplicable ; Inapplicable ; Inapplicable ; Inapplicable ; Inapplicable ; Pass      ; Inapplicable ; Inapplicable ;
; RESULTADO[24]          ; Inapplicable ; Inapplicable ; Inapplicable ; Inapplicable ; Inapplicable ; Pass      ; Inapplicable ; Inapplicable ; Pass      ; Pass      ; Inapplicable ; Pass         ; Inapplicable ; Inapplicable ; Inapplicable ; Inapplicable ; Pass         ; Inapplicable ; Inapplicable ; Inapplicable ; Inapplicable ; Pass         ; Inapplicable ; Inapplicable ; Inapplicable ; Inapplicable ; Inapplicable ; Pass      ; Inapplicable ; Inapplicable ;
; RESULTADO[23]          ; Inapplicable ; Inapplicable ; Inapplicable ; Inapplicable ; Inapplicable ; Pass      ; Inapplicable ; Inapplicable ; Pass      ; Pass      ; Inapplicable ; Pass         ; Inapplicable ; Inapplicable ; Inapplicable ; Inapplicable ; Pass         ; Inapplicable ; Inapplicable ; Inapplicable ; Inapplicable ; Pass         ; Inapplicable ; Inapplicable ; Inapplicable ; Inapplicable ; Inapplicable ; Pass      ; Inapplicable ; Inapplicable ;
; RESULTADO[22]          ; Inapplicable ; Inapplicable ; Inapplicable ; Inapplicable ; Inapplicable ; Pass      ; Inapplicable ; Inapplicable ; Pass      ; Pass      ; Inapplicable ; Pass         ; Inapplicable ; Inapplicable ; Inapplicable ; Inapplicable ; Pass         ; Inapplicable ; Inapplicable ; Inapplicable ; Inapplicable ; Pass         ; Inapplicable ; Inapplicable ; Inapplicable ; Inapplicable ; Inapplicable ; Pass      ; Inapplicable ; Inapplicable ;
; RESULTADO[21]          ; Inapplicable ; Inapplicable ; Inapplicable ; Inapplicable ; Inapplicable ; Pass      ; Inapplicable ; Inapplicable ; Pass      ; Pass      ; Inapplicable ; Pass         ; Inapplicable ; Inapplicable ; Inapplicable ; Inapplicable ; Pass         ; Inapplicable ; Inapplicable ; Inapplicable ; Inapplicable ; Pass         ; Inapplicable ; Inapplicable ; Inapplicable ; Inapplicable ; Inapplicable ; Pass      ; Inapplicable ; Inapplicable ;
; RESULTADO[20]          ; Inapplicable ; Inapplicable ; Inapplicable ; Inapplicable ; Inapplicable ; Pass      ; Inapplicable ; Inapplicable ; Pass      ; Pass      ; Inapplicable ; Pass         ; Inapplicable ; Inapplicable ; Inapplicable ; Inapplicable ; Pass         ; Inapplicable ; Inapplicable ; Inapplicable ; Inapplicable ; Pass         ; Inapplicable ; Inapplicable ; Inapplicable ; Inapplicable ; Inapplicable ; Pass      ; Inapplicable ; Inapplicable ;
; RESULTADO[19]          ; Inapplicable ; Inapplicable ; Inapplicable ; Inapplicable ; Inapplicable ; Pass      ; Inapplicable ; Inapplicable ; Pass      ; Pass      ; Inapplicable ; Pass         ; Inapplicable ; Inapplicable ; Inapplicable ; Inapplicable ; Pass         ; Inapplicable ; Inapplicable ; Inapplicable ; Inapplicable ; Pass         ; Inapplicable ; Inapplicable ; Inapplicable ; Inapplicable ; Inapplicable ; Pass      ; Inapplicable ; Inapplicable ;
; RESULTADO[18]          ; Inapplicable ; Inapplicable ; Inapplicable ; Inapplicable ; Inapplicable ; Pass      ; Inapplicable ; Inapplicable ; Pass      ; Pass      ; Inapplicable ; Pass         ; Inapplicable ; Inapplicable ; Inapplicable ; Inapplicable ; Pass         ; Inapplicable ; Inapplicable ; Inapplicable ; Inapplicable ; Pass         ; Inapplicable ; Inapplicable ; Inapplicable ; Inapplicable ; Inapplicable ; Pass      ; Inapplicable ; Inapplicable ;
; RESULTADO[17]          ; Inapplicable ; Inapplicable ; Inapplicable ; Inapplicable ; Inapplicable ; Pass      ; Inapplicable ; Inapplicable ; Pass      ; Pass      ; Inapplicable ; Pass         ; Inapplicable ; Inapplicable ; Inapplicable ; Inapplicable ; Pass         ; Inapplicable ; Inapplicable ; Inapplicable ; Inapplicable ; Pass         ; Inapplicable ; Inapplicable ; Inapplicable ; Inapplicable ; Inapplicable ; Pass      ; Inapplicable ; Inapplicable ;
; RESULTADO[16]          ; Inapplicable ; Inapplicable ; Inapplicable ; Inapplicable ; Inapplicable ; Pass      ; Inapplicable ; Inapplicable ; Pass      ; Pass      ; Inapplicable ; Pass         ; Inapplicable ; Inapplicable ; Inapplicable ; Inapplicable ; Pass         ; Inapplicable ; Inapplicable ; Inapplicable ; Inapplicable ; Pass         ; Inapplicable ; Inapplicable ; Inapplicable ; Inapplicable ; Inapplicable ; Pass      ; Inapplicable ; Inapplicable ;
; RESULTADO[15]          ; Inapplicable ; Inapplicable ; Inapplicable ; Inapplicable ; Inapplicable ; Pass      ; Inapplicable ; Inapplicable ; Pass      ; Pass      ; Inapplicable ; Pass         ; Inapplicable ; Inapplicable ; Inapplicable ; Inapplicable ; Pass         ; Inapplicable ; Inapplicable ; Inapplicable ; Inapplicable ; Pass         ; Inapplicable ; Inapplicable ; Inapplicable ; Inapplicable ; Inapplicable ; Pass      ; Inapplicable ; Inapplicable ;
; RESULTADO[14]          ; Inapplicable ; Inapplicable ; Inapplicable ; Inapplicable ; Inapplicable ; Pass      ; Inapplicable ; Inapplicable ; Pass      ; Pass      ; Inapplicable ; Pass         ; Inapplicable ; Inapplicable ; Inapplicable ; Inapplicable ; Pass         ; Inapplicable ; Inapplicable ; Inapplicable ; Inapplicable ; Pass         ; Inapplicable ; Inapplicable ; Inapplicable ; Inapplicable ; Inapplicable ; Pass      ; Inapplicable ; Inapplicable ;
; RESULTADO[13]          ; Inapplicable ; Inapplicable ; Inapplicable ; Inapplicable ; Inapplicable ; Pass      ; Inapplicable ; Inapplicable ; Pass      ; Pass      ; Inapplicable ; Pass         ; Inapplicable ; Inapplicable ; Inapplicable ; Inapplicable ; Pass         ; Inapplicable ; Inapplicable ; Inapplicable ; Inapplicable ; Pass         ; Inapplicable ; Inapplicable ; Inapplicable ; Inapplicable ; Inapplicable ; Pass      ; Inapplicable ; Inapplicable ;
; RESULTADO[12]          ; Inapplicable ; Inapplicable ; Inapplicable ; Inapplicable ; Inapplicable ; Pass      ; Inapplicable ; Inapplicable ; Pass      ; Pass      ; Inapplicable ; Pass         ; Inapplicable ; Inapplicable ; Inapplicable ; Inapplicable ; Pass         ; Inapplicable ; Inapplicable ; Inapplicable ; Inapplicable ; Pass         ; Inapplicable ; Inapplicable ; Inapplicable ; Inapplicable ; Inapplicable ; Pass      ; Inapplicable ; Inapplicable ;
; RESULTADO[11]          ; Inapplicable ; Inapplicable ; Inapplicable ; Inapplicable ; Inapplicable ; Pass      ; Inapplicable ; Inapplicable ; Pass      ; Pass      ; Inapplicable ; Pass         ; Inapplicable ; Inapplicable ; Inapplicable ; Inapplicable ; Pass         ; Inapplicable ; Inapplicable ; Inapplicable ; Inapplicable ; Pass         ; Inapplicable ; Inapplicable ; Inapplicable ; Inapplicable ; Inapplicable ; Pass      ; Inapplicable ; Inapplicable ;
; RESULTADO[10]          ; Inapplicable ; Inapplicable ; Inapplicable ; Inapplicable ; Inapplicable ; Pass      ; Inapplicable ; Inapplicable ; Pass      ; Pass      ; Inapplicable ; Pass         ; Inapplicable ; Inapplicable ; Inapplicable ; Inapplicable ; Pass         ; Inapplicable ; Inapplicable ; Inapplicable ; Inapplicable ; Pass         ; Inapplicable ; Inapplicable ; Inapplicable ; Inapplicable ; Inapplicable ; Pass      ; Inapplicable ; Inapplicable ;
; RESULTADO[9]           ; Inapplicable ; Inapplicable ; Inapplicable ; Inapplicable ; Inapplicable ; Pass      ; Inapplicable ; Inapplicable ; Pass      ; Pass      ; Inapplicable ; Pass         ; Inapplicable ; Inapplicable ; Inapplicable ; Inapplicable ; Pass         ; Inapplicable ; Inapplicable ; Inapplicable ; Inapplicable ; Pass         ; Inapplicable ; Inapplicable ; Inapplicable ; Inapplicable ; Inapplicable ; Pass      ; Inapplicable ; Inapplicable ;
; RESULTADO[8]           ; Inapplicable ; Inapplicable ; Inapplicable ; Inapplicable ; Inapplicable ; Pass      ; Inapplicable ; Inapplicable ; Pass      ; Pass      ; Inapplicable ; Pass         ; Inapplicable ; Inapplicable ; Inapplicable ; Inapplicable ; Pass         ; Inapplicable ; Inapplicable ; Inapplicable ; Inapplicable ; Pass         ; Inapplicable ; Inapplicable ; Inapplicable ; Inapplicable ; Inapplicable ; Pass      ; Inapplicable ; Inapplicable ;
; RESULTADO[7]           ; Inapplicable ; Inapplicable ; Inapplicable ; Inapplicable ; Inapplicable ; Pass      ; Inapplicable ; Inapplicable ; Pass      ; Pass      ; Inapplicable ; Pass         ; Inapplicable ; Inapplicable ; Inapplicable ; Inapplicable ; Pass         ; Inapplicable ; Inapplicable ; Inapplicable ; Inapplicable ; Pass         ; Inapplicable ; Inapplicable ; Inapplicable ; Inapplicable ; Inapplicable ; Pass      ; Inapplicable ; Inapplicable ;
; RESULTADO[6]           ; Inapplicable ; Inapplicable ; Inapplicable ; Inapplicable ; Inapplicable ; Pass      ; Inapplicable ; Inapplicable ; Pass      ; Pass      ; Inapplicable ; Pass         ; Inapplicable ; Inapplicable ; Inapplicable ; Inapplicable ; Pass         ; Inapplicable ; Inapplicable ; Inapplicable ; Inapplicable ; Pass         ; Inapplicable ; Inapplicable ; Inapplicable ; Inapplicable ; Inapplicable ; Pass      ; Inapplicable ; Inapplicable ;
; RESULTADO[5]           ; Inapplicable ; Inapplicable ; Inapplicable ; Inapplicable ; Inapplicable ; Pass      ; Inapplicable ; Inapplicable ; Pass      ; Pass      ; Inapplicable ; Pass         ; Inapplicable ; Inapplicable ; Inapplicable ; Inapplicable ; Pass         ; Inapplicable ; Inapplicable ; Inapplicable ; Inapplicable ; Pass         ; Inapplicable ; Inapplicable ; Inapplicable ; Inapplicable ; Inapplicable ; Pass      ; Inapplicable ; Inapplicable ;
; RESULTADO[4]           ; Inapplicable ; Inapplicable ; Inapplicable ; Inapplicable ; Inapplicable ; Pass      ; Inapplicable ; Inapplicable ; Pass      ; Pass      ; Inapplicable ; Pass         ; Inapplicable ; Inapplicable ; Inapplicable ; Inapplicable ; Pass         ; Inapplicable ; Inapplicable ; Inapplicable ; Inapplicable ; Pass         ; Inapplicable ; Inapplicable ; Inapplicable ; Inapplicable ; Inapplicable ; Pass      ; Inapplicable ; Inapplicable ;
; RESULTADO[3]           ; Inapplicable ; Inapplicable ; Inapplicable ; Inapplicable ; Inapplicable ; Pass      ; Inapplicable ; Inapplicable ; Pass      ; Pass      ; Inapplicable ; Pass         ; Inapplicable ; Inapplicable ; Inapplicable ; Inapplicable ; Pass         ; Inapplicable ; Inapplicable ; Inapplicable ; Inapplicable ; Pass         ; Inapplicable ; Inapplicable ; Inapplicable ; Inapplicable ; Inapplicable ; Pass      ; Inapplicable ; Inapplicable ;
; RESULTADO[2]           ; Inapplicable ; Inapplicable ; Inapplicable ; Inapplicable ; Inapplicable ; Pass      ; Inapplicable ; Inapplicable ; Pass      ; Pass      ; Inapplicable ; Pass         ; Inapplicable ; Inapplicable ; Inapplicable ; Inapplicable ; Pass         ; Inapplicable ; Inapplicable ; Inapplicable ; Inapplicable ; Pass         ; Inapplicable ; Inapplicable ; Inapplicable ; Inapplicable ; Inapplicable ; Pass      ; Inapplicable ; Inapplicable ;
; RESULTADO[1]           ; Inapplicable ; Inapplicable ; Inapplicable ; Inapplicable ; Inapplicable ; Pass      ; Inapplicable ; Inapplicable ; Pass      ; Pass      ; Inapplicable ; Pass         ; Inapplicable ; Inapplicable ; Inapplicable ; Inapplicable ; Pass         ; Inapplicable ; Inapplicable ; Inapplicable ; Inapplicable ; Pass         ; Inapplicable ; Inapplicable ; Inapplicable ; Inapplicable ; Inapplicable ; Pass      ; Inapplicable ; Inapplicable ;
; RESULTADO[0]           ; Inapplicable ; Inapplicable ; Inapplicable ; Inapplicable ; Inapplicable ; Pass      ; Inapplicable ; Inapplicable ; Pass      ; Pass      ; Inapplicable ; Pass         ; Inapplicable ; Inapplicable ; Inapplicable ; Inapplicable ; Pass         ; Inapplicable ; Inapplicable ; Inapplicable ; Inapplicable ; Pass         ; Inapplicable ; Inapplicable ; Inapplicable ; Inapplicable ; Inapplicable ; Pass      ; Inapplicable ; Inapplicable ;
; SAIDA_EXTENSOR[31]     ; Inapplicable ; Inapplicable ; Inapplicable ; Inapplicable ; Inapplicable ; Pass      ; Inapplicable ; Inapplicable ; Pass      ; Pass      ; Inapplicable ; Pass         ; Inapplicable ; Inapplicable ; Inapplicable ; Inapplicable ; Pass         ; Inapplicable ; Inapplicable ; Inapplicable ; Inapplicable ; Pass         ; Inapplicable ; Inapplicable ; Inapplicable ; Inapplicable ; Inapplicable ; Pass      ; Inapplicable ; Inapplicable ;
; SAIDA_EXTENSOR[30]     ; Inapplicable ; Inapplicable ; Inapplicable ; Inapplicable ; Inapplicable ; Pass      ; Inapplicable ; Inapplicable ; Pass      ; Pass      ; Inapplicable ; Pass         ; Inapplicable ; Inapplicable ; Inapplicable ; Inapplicable ; Pass         ; Inapplicable ; Inapplicable ; Inapplicable ; Inapplicable ; Pass         ; Inapplicable ; Inapplicable ; Inapplicable ; Inapplicable ; Inapplicable ; Pass      ; Inapplicable ; Inapplicable ;
; SAIDA_EXTENSOR[29]     ; Inapplicable ; Inapplicable ; Inapplicable ; Inapplicable ; Inapplicable ; Pass      ; Inapplicable ; Inapplicable ; Pass      ; Pass      ; Inapplicable ; Pass         ; Inapplicable ; Inapplicable ; Inapplicable ; Inapplicable ; Pass         ; Inapplicable ; Inapplicable ; Inapplicable ; Inapplicable ; Pass         ; Inapplicable ; Inapplicable ; Inapplicable ; Inapplicable ; Inapplicable ; Pass      ; Inapplicable ; Inapplicable ;
; SAIDA_EXTENSOR[28]     ; Inapplicable ; Inapplicable ; Inapplicable ; Inapplicable ; Inapplicable ; Pass      ; Inapplicable ; Inapplicable ; Pass      ; Pass      ; Inapplicable ; Pass         ; Inapplicable ; Inapplicable ; Inapplicable ; Inapplicable ; Pass         ; Inapplicable ; Inapplicable ; Inapplicable ; Inapplicable ; Pass         ; Inapplicable ; Inapplicable ; Inapplicable ; Inapplicable ; Inapplicable ; Pass      ; Inapplicable ; Inapplicable ;
; SAIDA_EXTENSOR[27]     ; Inapplicable ; Inapplicable ; Inapplicable ; Inapplicable ; Inapplicable ; Pass      ; Inapplicable ; Inapplicable ; Pass      ; Pass      ; Inapplicable ; Pass         ; Inapplicable ; Inapplicable ; Inapplicable ; Inapplicable ; Pass         ; Inapplicable ; Inapplicable ; Inapplicable ; Inapplicable ; Pass         ; Inapplicable ; Inapplicable ; Inapplicable ; Inapplicable ; Inapplicable ; Pass      ; Inapplicable ; Inapplicable ;
; SAIDA_EXTENSOR[26]     ; Inapplicable ; Inapplicable ; Inapplicable ; Inapplicable ; Inapplicable ; Pass      ; Inapplicable ; Inapplicable ; Pass      ; Pass      ; Inapplicable ; Pass         ; Inapplicable ; Inapplicable ; Inapplicable ; Inapplicable ; Pass         ; Inapplicable ; Inapplicable ; Inapplicable ; Inapplicable ; Pass         ; Inapplicable ; Inapplicable ; Inapplicable ; Inapplicable ; Inapplicable ; Pass      ; Inapplicable ; Inapplicable ;
; SAIDA_EXTENSOR[25]     ; Inapplicable ; Inapplicable ; Inapplicable ; Inapplicable ; Inapplicable ; Pass      ; Inapplicable ; Inapplicable ; Pass      ; Pass      ; Inapplicable ; Pass         ; Inapplicable ; Inapplicable ; Inapplicable ; Inapplicable ; Pass         ; Inapplicable ; Inapplicable ; Inapplicable ; Inapplicable ; Pass         ; Inapplicable ; Inapplicable ; Inapplicable ; Inapplicable ; Inapplicable ; Pass      ; Inapplicable ; Inapplicable ;
; SAIDA_EXTENSOR[24]     ; Inapplicable ; Inapplicable ; Inapplicable ; Inapplicable ; Inapplicable ; Pass      ; Inapplicable ; Inapplicable ; Pass      ; Pass      ; Inapplicable ; Pass         ; Inapplicable ; Inapplicable ; Inapplicable ; Inapplicable ; Pass         ; Inapplicable ; Inapplicable ; Inapplicable ; Inapplicable ; Pass         ; Inapplicable ; Inapplicable ; Inapplicable ; Inapplicable ; Inapplicable ; Pass      ; Inapplicable ; Inapplicable ;
; SAIDA_EXTENSOR[23]     ; Inapplicable ; Inapplicable ; Inapplicable ; Inapplicable ; Inapplicable ; Pass      ; Inapplicable ; Inapplicable ; Pass      ; Pass      ; Inapplicable ; Pass         ; Inapplicable ; Inapplicable ; Inapplicable ; Inapplicable ; Pass         ; Inapplicable ; Inapplicable ; Inapplicable ; Inapplicable ; Pass         ; Inapplicable ; Inapplicable ; Inapplicable ; Inapplicable ; Inapplicable ; Pass      ; Inapplicable ; Inapplicable ;
; SAIDA_EXTENSOR[22]     ; Inapplicable ; Inapplicable ; Inapplicable ; Inapplicable ; Inapplicable ; Pass      ; Inapplicable ; Inapplicable ; Pass      ; Pass      ; Inapplicable ; Pass         ; Inapplicable ; Inapplicable ; Inapplicable ; Inapplicable ; Pass         ; Inapplicable ; Inapplicable ; Inapplicable ; Inapplicable ; Pass         ; Inapplicable ; Inapplicable ; Inapplicable ; Inapplicable ; Inapplicable ; Pass      ; Inapplicable ; Inapplicable ;
; SAIDA_EXTENSOR[21]     ; Inapplicable ; Inapplicable ; Inapplicable ; Inapplicable ; Inapplicable ; Pass      ; Inapplicable ; Inapplicable ; Pass      ; Pass      ; Inapplicable ; Pass         ; Inapplicable ; Inapplicable ; Inapplicable ; Inapplicable ; Pass         ; Inapplicable ; Inapplicable ; Inapplicable ; Inapplicable ; Pass         ; Inapplicable ; Inapplicable ; Inapplicable ; Inapplicable ; Inapplicable ; Pass      ; Inapplicable ; Inapplicable ;
; SAIDA_EXTENSOR[20]     ; Inapplicable ; Inapplicable ; Inapplicable ; Inapplicable ; Inapplicable ; Pass      ; Inapplicable ; Inapplicable ; Pass      ; Pass      ; Inapplicable ; Pass         ; Inapplicable ; Inapplicable ; Inapplicable ; Inapplicable ; Pass         ; Inapplicable ; Inapplicable ; Inapplicable ; Inapplicable ; Pass         ; Inapplicable ; Inapplicable ; Inapplicable ; Inapplicable ; Inapplicable ; Pass      ; Inapplicable ; Inapplicable ;
; SAIDA_EXTENSOR[19]     ; Inapplicable ; Inapplicable ; Inapplicable ; Inapplicable ; Inapplicable ; Pass      ; Inapplicable ; Inapplicable ; Pass      ; Pass      ; Inapplicable ; Pass         ; Inapplicable ; Inapplicable ; Inapplicable ; Inapplicable ; Pass         ; Inapplicable ; Inapplicable ; Inapplicable ; Inapplicable ; Pass         ; Inapplicable ; Inapplicable ; Inapplicable ; Inapplicable ; Inapplicable ; Pass      ; Inapplicable ; Inapplicable ;
; SAIDA_EXTENSOR[18]     ; Inapplicable ; Inapplicable ; Inapplicable ; Inapplicable ; Inapplicable ; Pass      ; Inapplicable ; Inapplicable ; Pass      ; Pass      ; Inapplicable ; Pass         ; Inapplicable ; Inapplicable ; Inapplicable ; Inapplicable ; Pass         ; Inapplicable ; Inapplicable ; Inapplicable ; Inapplicable ; Pass         ; Inapplicable ; Inapplicable ; Inapplicable ; Inapplicable ; Inapplicable ; Pass      ; Inapplicable ; Inapplicable ;
; SAIDA_EXTENSOR[17]     ; Inapplicable ; Inapplicable ; Inapplicable ; Inapplicable ; Inapplicable ; Pass      ; Inapplicable ; Inapplicable ; Pass      ; Pass      ; Inapplicable ; Pass         ; Inapplicable ; Inapplicable ; Inapplicable ; Inapplicable ; Pass         ; Inapplicable ; Inapplicable ; Inapplicable ; Inapplicable ; Pass         ; Inapplicable ; Inapplicable ; Inapplicable ; Inapplicable ; Inapplicable ; Pass      ; Inapplicable ; Inapplicable ;
; SAIDA_EXTENSOR[16]     ; Inapplicable ; Inapplicable ; Inapplicable ; Inapplicable ; Inapplicable ; Pass      ; Inapplicable ; Inapplicable ; Pass      ; Pass      ; Inapplicable ; Pass         ; Inapplicable ; Inapplicable ; Inapplicable ; Inapplicable ; Pass         ; Inapplicable ; Inapplicable ; Inapplicable ; Inapplicable ; Pass         ; Inapplicable ; Inapplicable ; Inapplicable ; Inapplicable ; Inapplicable ; Pass      ; Inapplicable ; Inapplicable ;
; SAIDA_EXTENSOR[15]     ; Inapplicable ; Inapplicable ; Inapplicable ; Inapplicable ; Inapplicable ; Pass      ; Inapplicable ; Inapplicable ; Pass      ; Pass      ; Inapplicable ; Pass         ; Inapplicable ; Inapplicable ; Inapplicable ; Inapplicable ; Pass         ; Inapplicable ; Inapplicable ; Inapplicable ; Inapplicable ; Pass         ; Inapplicable ; Inapplicable ; Inapplicable ; Inapplicable ; Inapplicable ; Pass      ; Inapplicable ; Inapplicable ;
; SAIDA_EXTENSOR[14]     ; Inapplicable ; Inapplicable ; Inapplicable ; Inapplicable ; Inapplicable ; Pass      ; Inapplicable ; Inapplicable ; Pass      ; Pass      ; Inapplicable ; Pass         ; Inapplicable ; Inapplicable ; Inapplicable ; Inapplicable ; Pass         ; Inapplicable ; Inapplicable ; Inapplicable ; Inapplicable ; Pass         ; Inapplicable ; Inapplicable ; Inapplicable ; Inapplicable ; Inapplicable ; Pass      ; Inapplicable ; Inapplicable ;
; SAIDA_EXTENSOR[13]     ; Inapplicable ; Inapplicable ; Inapplicable ; Inapplicable ; Inapplicable ; Pass      ; Inapplicable ; Inapplicable ; Pass      ; Pass      ; Inapplicable ; Pass         ; Inapplicable ; Inapplicable ; Inapplicable ; Inapplicable ; Pass         ; Inapplicable ; Inapplicable ; Inapplicable ; Inapplicable ; Pass         ; Inapplicable ; Inapplicable ; Inapplicable ; Inapplicable ; Inapplicable ; Pass      ; Inapplicable ; Inapplicable ;
; SAIDA_EXTENSOR[12]     ; Inapplicable ; Inapplicable ; Inapplicable ; Inapplicable ; Inapplicable ; Pass      ; Inapplicable ; Inapplicable ; Pass      ; Pass      ; Inapplicable ; Pass         ; Inapplicable ; Inapplicable ; Inapplicable ; Inapplicable ; Pass         ; Inapplicable ; Inapplicable ; Inapplicable ; Inapplicable ; Pass         ; Inapplicable ; Inapplicable ; Inapplicable ; Inapplicable ; Inapplicable ; Pass      ; Inapplicable ; Inapplicable ;
; SAIDA_EXTENSOR[11]     ; Inapplicable ; Inapplicable ; Inapplicable ; Inapplicable ; Inapplicable ; Pass      ; Inapplicable ; Inapplicable ; Pass      ; Pass      ; Inapplicable ; Pass         ; Inapplicable ; Inapplicable ; Inapplicable ; Inapplicable ; Pass         ; Inapplicable ; Inapplicable ; Inapplicable ; Inapplicable ; Pass         ; Inapplicable ; Inapplicable ; Inapplicable ; Inapplicable ; Inapplicable ; Pass      ; Inapplicable ; Inapplicable ;
; SAIDA_EXTENSOR[10]     ; Inapplicable ; Inapplicable ; Inapplicable ; Inapplicable ; Inapplicable ; Pass      ; Inapplicable ; Inapplicable ; Pass      ; Pass      ; Inapplicable ; Pass         ; Inapplicable ; Inapplicable ; Inapplicable ; Inapplicable ; Pass         ; Inapplicable ; Inapplicable ; Inapplicable ; Inapplicable ; Pass         ; Inapplicable ; Inapplicable ; Inapplicable ; Inapplicable ; Inapplicable ; Pass      ; Inapplicable ; Inapplicable ;
; SAIDA_EXTENSOR[9]      ; Inapplicable ; Inapplicable ; Inapplicable ; Inapplicable ; Inapplicable ; Pass      ; Inapplicable ; Inapplicable ; Pass      ; Pass      ; Inapplicable ; Pass         ; Inapplicable ; Inapplicable ; Inapplicable ; Inapplicable ; Pass         ; Inapplicable ; Inapplicable ; Inapplicable ; Inapplicable ; Pass         ; Inapplicable ; Inapplicable ; Inapplicable ; Inapplicable ; Inapplicable ; Pass      ; Inapplicable ; Inapplicable ;
; SAIDA_EXTENSOR[8]      ; Inapplicable ; Inapplicable ; Inapplicable ; Inapplicable ; Inapplicable ; Pass      ; Inapplicable ; Inapplicable ; Pass      ; Pass      ; Inapplicable ; Pass         ; Inapplicable ; Inapplicable ; Inapplicable ; Inapplicable ; Pass         ; Inapplicable ; Inapplicable ; Inapplicable ; Inapplicable ; Pass         ; Inapplicable ; Inapplicable ; Inapplicable ; Inapplicable ; Inapplicable ; Pass      ; Inapplicable ; Inapplicable ;
; SAIDA_EXTENSOR[7]      ; Inapplicable ; Inapplicable ; Inapplicable ; Inapplicable ; Inapplicable ; Pass      ; Inapplicable ; Inapplicable ; Pass      ; Pass      ; Inapplicable ; Pass         ; Inapplicable ; Inapplicable ; Inapplicable ; Inapplicable ; Pass         ; Inapplicable ; Inapplicable ; Inapplicable ; Inapplicable ; Pass         ; Inapplicable ; Inapplicable ; Inapplicable ; Inapplicable ; Inapplicable ; Pass      ; Inapplicable ; Inapplicable ;
; SAIDA_EXTENSOR[6]      ; Inapplicable ; Inapplicable ; Inapplicable ; Inapplicable ; Inapplicable ; Pass      ; Inapplicable ; Inapplicable ; Pass      ; Pass      ; Inapplicable ; Pass         ; Inapplicable ; Inapplicable ; Inapplicable ; Inapplicable ; Pass         ; Inapplicable ; Inapplicable ; Inapplicable ; Inapplicable ; Pass         ; Inapplicable ; Inapplicable ; Inapplicable ; Inapplicable ; Inapplicable ; Pass      ; Inapplicable ; Inapplicable ;
; SAIDA_EXTENSOR[5]      ; Inapplicable ; Inapplicable ; Inapplicable ; Inapplicable ; Inapplicable ; Pass      ; Inapplicable ; Inapplicable ; Pass      ; Pass      ; Inapplicable ; Pass         ; Inapplicable ; Inapplicable ; Inapplicable ; Inapplicable ; Pass         ; Inapplicable ; Inapplicable ; Inapplicable ; Inapplicable ; Pass         ; Inapplicable ; Inapplicable ; Inapplicable ; Inapplicable ; Inapplicable ; Pass      ; Inapplicable ; Inapplicable ;
; SAIDA_EXTENSOR[4]      ; Inapplicable ; Inapplicable ; Inapplicable ; Inapplicable ; Inapplicable ; Pass      ; Inapplicable ; Inapplicable ; Pass      ; Pass      ; Inapplicable ; Pass         ; Inapplicable ; Inapplicable ; Inapplicable ; Inapplicable ; Pass         ; Inapplicable ; Inapplicable ; Inapplicable ; Inapplicable ; Pass         ; Inapplicable ; Inapplicable ; Inapplicable ; Inapplicable ; Inapplicable ; Pass      ; Inapplicable ; Inapplicable ;
; SAIDA_EXTENSOR[3]      ; Inapplicable ; Inapplicable ; Inapplicable ; Inapplicable ; Inapplicable ; Pass      ; Inapplicable ; Inapplicable ; Pass      ; Pass      ; Inapplicable ; Pass         ; Inapplicable ; Inapplicable ; Inapplicable ; Inapplicable ; Pass         ; Inapplicable ; Inapplicable ; Inapplicable ; Inapplicable ; Pass         ; Inapplicable ; Inapplicable ; Inapplicable ; Inapplicable ; Inapplicable ; Pass      ; Inapplicable ; Inapplicable ;
; SAIDA_EXTENSOR[2]      ; Inapplicable ; Inapplicable ; Inapplicable ; Inapplicable ; Inapplicable ; Pass      ; Inapplicable ; Inapplicable ; Pass      ; Pass      ; Inapplicable ; Pass         ; Inapplicable ; Inapplicable ; Inapplicable ; Inapplicable ; Pass         ; Inapplicable ; Inapplicable ; Inapplicable ; Inapplicable ; Pass         ; Inapplicable ; Inapplicable ; Inapplicable ; Inapplicable ; Inapplicable ; Pass      ; Inapplicable ; Inapplicable ;
; SAIDA_EXTENSOR[1]      ; Inapplicable ; Inapplicable ; Inapplicable ; Inapplicable ; Inapplicable ; Pass      ; Inapplicable ; Inapplicable ; Pass      ; Pass      ; Inapplicable ; Pass         ; Inapplicable ; Inapplicable ; Inapplicable ; Inapplicable ; Pass         ; Inapplicable ; Inapplicable ; Inapplicable ; Inapplicable ; Pass         ; Inapplicable ; Inapplicable ; Inapplicable ; Inapplicable ; Inapplicable ; Pass      ; Inapplicable ; Inapplicable ;
; SAIDA_EXTENSOR[0]      ; Inapplicable ; Inapplicable ; Inapplicable ; Inapplicable ; Inapplicable ; Pass      ; Inapplicable ; Inapplicable ; Pass      ; Pass      ; Inapplicable ; Pass         ; Inapplicable ; Inapplicable ; Inapplicable ; Inapplicable ; Pass         ; Inapplicable ; Inapplicable ; Inapplicable ; Inapplicable ; Pass         ; Inapplicable ; Inapplicable ; Inapplicable ; Inapplicable ; Inapplicable ; Pass      ; Inapplicable ; Inapplicable ;
; SAIDA_SHIFT2L[31]      ; Inapplicable ; Inapplicable ; Inapplicable ; Inapplicable ; Inapplicable ; Pass      ; Inapplicable ; Inapplicable ; Pass      ; Pass      ; Inapplicable ; Pass         ; Inapplicable ; Inapplicable ; Inapplicable ; Inapplicable ; Pass         ; Inapplicable ; Inapplicable ; Inapplicable ; Inapplicable ; Pass         ; Inapplicable ; Inapplicable ; Inapplicable ; Inapplicable ; Inapplicable ; Pass      ; Inapplicable ; Inapplicable ;
; SAIDA_SHIFT2L[30]      ; Inapplicable ; Inapplicable ; Inapplicable ; Inapplicable ; Inapplicable ; Pass      ; Inapplicable ; Inapplicable ; Pass      ; Pass      ; Inapplicable ; Pass         ; Inapplicable ; Inapplicable ; Inapplicable ; Inapplicable ; Pass         ; Inapplicable ; Inapplicable ; Inapplicable ; Inapplicable ; Pass         ; Inapplicable ; Inapplicable ; Inapplicable ; Inapplicable ; Inapplicable ; Pass      ; Inapplicable ; Inapplicable ;
; SAIDA_SHIFT2L[29]      ; Inapplicable ; Inapplicable ; Inapplicable ; Inapplicable ; Inapplicable ; Pass      ; Inapplicable ; Inapplicable ; Pass      ; Pass      ; Inapplicable ; Pass         ; Inapplicable ; Inapplicable ; Inapplicable ; Inapplicable ; Pass         ; Inapplicable ; Inapplicable ; Inapplicable ; Inapplicable ; Pass         ; Inapplicable ; Inapplicable ; Inapplicable ; Inapplicable ; Inapplicable ; Pass      ; Inapplicable ; Inapplicable ;
; SAIDA_SHIFT2L[28]      ; Inapplicable ; Inapplicable ; Inapplicable ; Inapplicable ; Inapplicable ; Pass      ; Inapplicable ; Inapplicable ; Pass      ; Pass      ; Inapplicable ; Pass         ; Inapplicable ; Inapplicable ; Inapplicable ; Inapplicable ; Pass         ; Inapplicable ; Inapplicable ; Inapplicable ; Inapplicable ; Pass         ; Inapplicable ; Inapplicable ; Inapplicable ; Inapplicable ; Inapplicable ; Pass      ; Inapplicable ; Inapplicable ;
; SAIDA_SHIFT2L[27]      ; Inapplicable ; Inapplicable ; Inapplicable ; Inapplicable ; Inapplicable ; Pass      ; Inapplicable ; Inapplicable ; Pass      ; Pass      ; Inapplicable ; Pass         ; Inapplicable ; Inapplicable ; Inapplicable ; Inapplicable ; Pass         ; Inapplicable ; Inapplicable ; Inapplicable ; Inapplicable ; Pass         ; Inapplicable ; Inapplicable ; Inapplicable ; Inapplicable ; Inapplicable ; Pass      ; Inapplicable ; Inapplicable ;
; SAIDA_SHIFT2L[26]      ; Inapplicable ; Inapplicable ; Inapplicable ; Inapplicable ; Inapplicable ; Pass      ; Inapplicable ; Inapplicable ; Pass      ; Pass      ; Inapplicable ; Pass         ; Inapplicable ; Inapplicable ; Inapplicable ; Inapplicable ; Pass         ; Inapplicable ; Inapplicable ; Inapplicable ; Inapplicable ; Pass         ; Inapplicable ; Inapplicable ; Inapplicable ; Inapplicable ; Inapplicable ; Pass      ; Inapplicable ; Inapplicable ;
; SAIDA_SHIFT2L[25]      ; Inapplicable ; Inapplicable ; Inapplicable ; Inapplicable ; Inapplicable ; Pass      ; Inapplicable ; Inapplicable ; Pass      ; Pass      ; Inapplicable ; Pass         ; Inapplicable ; Inapplicable ; Inapplicable ; Inapplicable ; Pass         ; Inapplicable ; Inapplicable ; Inapplicable ; Inapplicable ; Pass         ; Inapplicable ; Inapplicable ; Inapplicable ; Inapplicable ; Inapplicable ; Pass      ; Inapplicable ; Inapplicable ;
; SAIDA_SHIFT2L[24]      ; Inapplicable ; Inapplicable ; Inapplicable ; Inapplicable ; Inapplicable ; Pass      ; Inapplicable ; Inapplicable ; Pass      ; Pass      ; Inapplicable ; Pass         ; Inapplicable ; Inapplicable ; Inapplicable ; Inapplicable ; Pass         ; Inapplicable ; Inapplicable ; Inapplicable ; Inapplicable ; Pass         ; Inapplicable ; Inapplicable ; Inapplicable ; Inapplicable ; Inapplicable ; Pass      ; Inapplicable ; Inapplicable ;
; SAIDA_SHIFT2L[23]      ; Inapplicable ; Inapplicable ; Inapplicable ; Inapplicable ; Inapplicable ; Pass      ; Inapplicable ; Inapplicable ; Pass      ; Pass      ; Inapplicable ; Pass         ; Inapplicable ; Inapplicable ; Inapplicable ; Inapplicable ; Pass         ; Inapplicable ; Inapplicable ; Inapplicable ; Inapplicable ; Pass         ; Inapplicable ; Inapplicable ; Inapplicable ; Inapplicable ; Inapplicable ; Pass      ; Inapplicable ; Inapplicable ;
; SAIDA_SHIFT2L[22]      ; Inapplicable ; Inapplicable ; Inapplicable ; Inapplicable ; Inapplicable ; Pass      ; Inapplicable ; Inapplicable ; Pass      ; Pass      ; Inapplicable ; Pass         ; Inapplicable ; Inapplicable ; Inapplicable ; Inapplicable ; Pass         ; Inapplicable ; Inapplicable ; Inapplicable ; Inapplicable ; Pass         ; Inapplicable ; Inapplicable ; Inapplicable ; Inapplicable ; Inapplicable ; Pass      ; Inapplicable ; Inapplicable ;
; SAIDA_SHIFT2L[21]      ; Inapplicable ; Inapplicable ; Inapplicable ; Inapplicable ; Inapplicable ; Pass      ; Inapplicable ; Inapplicable ; Pass      ; Pass      ; Inapplicable ; Pass         ; Inapplicable ; Inapplicable ; Inapplicable ; Inapplicable ; Pass         ; Inapplicable ; Inapplicable ; Inapplicable ; Inapplicable ; Pass         ; Inapplicable ; Inapplicable ; Inapplicable ; Inapplicable ; Inapplicable ; Pass      ; Inapplicable ; Inapplicable ;
; SAIDA_SHIFT2L[20]      ; Inapplicable ; Inapplicable ; Inapplicable ; Inapplicable ; Inapplicable ; Pass      ; Inapplicable ; Inapplicable ; Pass      ; Pass      ; Inapplicable ; Pass         ; Inapplicable ; Inapplicable ; Inapplicable ; Inapplicable ; Pass         ; Inapplicable ; Inapplicable ; Inapplicable ; Inapplicable ; Pass         ; Inapplicable ; Inapplicable ; Inapplicable ; Inapplicable ; Inapplicable ; Pass      ; Inapplicable ; Inapplicable ;
; SAIDA_SHIFT2L[19]      ; Inapplicable ; Inapplicable ; Inapplicable ; Inapplicable ; Inapplicable ; Pass      ; Inapplicable ; Inapplicable ; Pass      ; Pass      ; Inapplicable ; Pass         ; Inapplicable ; Inapplicable ; Inapplicable ; Inapplicable ; Pass         ; Inapplicable ; Inapplicable ; Inapplicable ; Inapplicable ; Pass         ; Inapplicable ; Inapplicable ; Inapplicable ; Inapplicable ; Inapplicable ; Pass      ; Inapplicable ; Inapplicable ;
; SAIDA_SHIFT2L[18]      ; Inapplicable ; Inapplicable ; Inapplicable ; Inapplicable ; Inapplicable ; Pass      ; Inapplicable ; Inapplicable ; Pass      ; Pass      ; Inapplicable ; Pass         ; Inapplicable ; Inapplicable ; Inapplicable ; Inapplicable ; Pass         ; Inapplicable ; Inapplicable ; Inapplicable ; Inapplicable ; Pass         ; Inapplicable ; Inapplicable ; Inapplicable ; Inapplicable ; Inapplicable ; Pass      ; Inapplicable ; Inapplicable ;
; SAIDA_SHIFT2L[17]      ; Inapplicable ; Inapplicable ; Inapplicable ; Inapplicable ; Inapplicable ; Pass      ; Inapplicable ; Inapplicable ; Pass      ; Pass      ; Inapplicable ; Pass         ; Inapplicable ; Inapplicable ; Inapplicable ; Inapplicable ; Pass         ; Inapplicable ; Inapplicable ; Inapplicable ; Inapplicable ; Pass         ; Inapplicable ; Inapplicable ; Inapplicable ; Inapplicable ; Inapplicable ; Pass      ; Inapplicable ; Inapplicable ;
; SAIDA_SHIFT2L[16]      ; Inapplicable ; Inapplicable ; Inapplicable ; Inapplicable ; Inapplicable ; Pass      ; Inapplicable ; Inapplicable ; Pass      ; Pass      ; Inapplicable ; Pass         ; Inapplicable ; Inapplicable ; Inapplicable ; Inapplicable ; Pass         ; Inapplicable ; Inapplicable ; Inapplicable ; Inapplicable ; Pass         ; Inapplicable ; Inapplicable ; Inapplicable ; Inapplicable ; Inapplicable ; Pass      ; Inapplicable ; Inapplicable ;
; SAIDA_SHIFT2L[15]      ; Inapplicable ; Inapplicable ; Inapplicable ; Inapplicable ; Inapplicable ; Pass      ; Inapplicable ; Inapplicable ; Pass      ; Pass      ; Inapplicable ; Pass         ; Inapplicable ; Inapplicable ; Inapplicable ; Inapplicable ; Pass         ; Inapplicable ; Inapplicable ; Inapplicable ; Inapplicable ; Pass         ; Inapplicable ; Inapplicable ; Inapplicable ; Inapplicable ; Inapplicable ; Pass      ; Inapplicable ; Inapplicable ;
; SAIDA_SHIFT2L[14]      ; Inapplicable ; Inapplicable ; Inapplicable ; Inapplicable ; Inapplicable ; Pass      ; Inapplicable ; Inapplicable ; Pass      ; Pass      ; Inapplicable ; Pass         ; Inapplicable ; Inapplicable ; Inapplicable ; Inapplicable ; Pass         ; Inapplicable ; Inapplicable ; Inapplicable ; Inapplicable ; Pass         ; Inapplicable ; Inapplicable ; Inapplicable ; Inapplicable ; Inapplicable ; Pass      ; Inapplicable ; Inapplicable ;
; SAIDA_SHIFT2L[13]      ; Inapplicable ; Inapplicable ; Inapplicable ; Inapplicable ; Inapplicable ; Pass      ; Inapplicable ; Inapplicable ; Pass      ; Pass      ; Inapplicable ; Pass         ; Inapplicable ; Inapplicable ; Inapplicable ; Inapplicable ; Pass         ; Inapplicable ; Inapplicable ; Inapplicable ; Inapplicable ; Pass         ; Inapplicable ; Inapplicable ; Inapplicable ; Inapplicable ; Inapplicable ; Pass      ; Inapplicable ; Inapplicable ;
; SAIDA_SHIFT2L[12]      ; Inapplicable ; Inapplicable ; Inapplicable ; Inapplicable ; Inapplicable ; Pass      ; Inapplicable ; Inapplicable ; Pass      ; Pass      ; Inapplicable ; Pass         ; Inapplicable ; Inapplicable ; Inapplicable ; Inapplicable ; Pass         ; Inapplicable ; Inapplicable ; Inapplicable ; Inapplicable ; Pass         ; Inapplicable ; Inapplicable ; Inapplicable ; Inapplicable ; Inapplicable ; Pass      ; Inapplicable ; Inapplicable ;
; SAIDA_SHIFT2L[11]      ; Inapplicable ; Inapplicable ; Inapplicable ; Inapplicable ; Inapplicable ; Pass      ; Inapplicable ; Inapplicable ; Pass      ; Pass      ; Inapplicable ; Pass         ; Inapplicable ; Inapplicable ; Inapplicable ; Inapplicable ; Pass         ; Inapplicable ; Inapplicable ; Inapplicable ; Inapplicable ; Pass         ; Inapplicable ; Inapplicable ; Inapplicable ; Inapplicable ; Inapplicable ; Pass      ; Inapplicable ; Inapplicable ;
; SAIDA_SHIFT2L[10]      ; Inapplicable ; Inapplicable ; Inapplicable ; Inapplicable ; Inapplicable ; Pass      ; Inapplicable ; Inapplicable ; Pass      ; Pass      ; Inapplicable ; Pass         ; Inapplicable ; Inapplicable ; Inapplicable ; Inapplicable ; Pass         ; Inapplicable ; Inapplicable ; Inapplicable ; Inapplicable ; Pass         ; Inapplicable ; Inapplicable ; Inapplicable ; Inapplicable ; Inapplicable ; Pass      ; Inapplicable ; Inapplicable ;
; SAIDA_SHIFT2L[9]       ; Inapplicable ; Inapplicable ; Inapplicable ; Inapplicable ; Inapplicable ; Pass      ; Inapplicable ; Inapplicable ; Pass      ; Pass      ; Inapplicable ; Pass         ; Inapplicable ; Inapplicable ; Inapplicable ; Inapplicable ; Pass         ; Inapplicable ; Inapplicable ; Inapplicable ; Inapplicable ; Pass         ; Inapplicable ; Inapplicable ; Inapplicable ; Inapplicable ; Inapplicable ; Pass      ; Inapplicable ; Inapplicable ;
; SAIDA_SHIFT2L[8]       ; Inapplicable ; Inapplicable ; Inapplicable ; Inapplicable ; Inapplicable ; Pass      ; Inapplicable ; Inapplicable ; Pass      ; Pass      ; Inapplicable ; Pass         ; Inapplicable ; Inapplicable ; Inapplicable ; Inapplicable ; Pass         ; Inapplicable ; Inapplicable ; Inapplicable ; Inapplicable ; Pass         ; Inapplicable ; Inapplicable ; Inapplicable ; Inapplicable ; Inapplicable ; Pass      ; Inapplicable ; Inapplicable ;
; SAIDA_SHIFT2L[7]       ; Inapplicable ; Inapplicable ; Inapplicable ; Inapplicable ; Inapplicable ; Pass      ; Inapplicable ; Inapplicable ; Pass      ; Pass      ; Inapplicable ; Pass         ; Inapplicable ; Inapplicable ; Inapplicable ; Inapplicable ; Pass         ; Inapplicable ; Inapplicable ; Inapplicable ; Inapplicable ; Pass         ; Inapplicable ; Inapplicable ; Inapplicable ; Inapplicable ; Inapplicable ; Pass      ; Inapplicable ; Inapplicable ;
; SAIDA_SHIFT2L[6]       ; Inapplicable ; Inapplicable ; Inapplicable ; Inapplicable ; Inapplicable ; Pass      ; Inapplicable ; Inapplicable ; Pass      ; Pass      ; Inapplicable ; Pass         ; Inapplicable ; Inapplicable ; Inapplicable ; Inapplicable ; Pass         ; Inapplicable ; Inapplicable ; Inapplicable ; Inapplicable ; Pass         ; Inapplicable ; Inapplicable ; Inapplicable ; Inapplicable ; Inapplicable ; Pass      ; Inapplicable ; Inapplicable ;
; SAIDA_SHIFT2L[5]       ; Inapplicable ; Inapplicable ; Inapplicable ; Inapplicable ; Inapplicable ; Pass      ; Inapplicable ; Inapplicable ; Pass      ; Pass      ; Inapplicable ; Pass         ; Inapplicable ; Inapplicable ; Inapplicable ; Inapplicable ; Pass         ; Inapplicable ; Inapplicable ; Inapplicable ; Inapplicable ; Pass         ; Inapplicable ; Inapplicable ; Inapplicable ; Inapplicable ; Inapplicable ; Pass      ; Inapplicable ; Inapplicable ;
; SAIDA_SHIFT2L[4]       ; Inapplicable ; Inapplicable ; Inapplicable ; Inapplicable ; Inapplicable ; Pass      ; Inapplicable ; Inapplicable ; Pass      ; Pass      ; Inapplicable ; Pass         ; Inapplicable ; Inapplicable ; Inapplicable ; Inapplicable ; Pass         ; Inapplicable ; Inapplicable ; Inapplicable ; Inapplicable ; Pass         ; Inapplicable ; Inapplicable ; Inapplicable ; Inapplicable ; Inapplicable ; Pass      ; Inapplicable ; Inapplicable ;
; SAIDA_SHIFT2L[3]       ; Inapplicable ; Inapplicable ; Inapplicable ; Inapplicable ; Inapplicable ; Pass      ; Inapplicable ; Inapplicable ; Pass      ; Pass      ; Inapplicable ; Pass         ; Inapplicable ; Inapplicable ; Inapplicable ; Inapplicable ; Pass         ; Inapplicable ; Inapplicable ; Inapplicable ; Inapplicable ; Pass         ; Inapplicable ; Inapplicable ; Inapplicable ; Inapplicable ; Inapplicable ; Pass      ; Inapplicable ; Inapplicable ;
; SAIDA_SHIFT2L[2]       ; Inapplicable ; Inapplicable ; Inapplicable ; Inapplicable ; Inapplicable ; Pass      ; Inapplicable ; Inapplicable ; Pass      ; Pass      ; Inapplicable ; Pass         ; Inapplicable ; Inapplicable ; Inapplicable ; Inapplicable ; Pass         ; Inapplicable ; Inapplicable ; Inapplicable ; Inapplicable ; Pass         ; Inapplicable ; Inapplicable ; Inapplicable ; Inapplicable ; Inapplicable ; Pass      ; Inapplicable ; Inapplicable ;
; SAIDA_SHIFT2L[1]       ; Inapplicable ; Inapplicable ; Inapplicable ; Inapplicable ; Inapplicable ; Pass      ; Inapplicable ; Inapplicable ; Pass      ; Pass      ; Inapplicable ; Pass         ; Inapplicable ; Inapplicable ; Inapplicable ; Inapplicable ; Pass         ; Inapplicable ; Inapplicable ; Inapplicable ; Inapplicable ; Pass         ; Inapplicable ; Inapplicable ; Inapplicable ; Inapplicable ; Inapplicable ; Pass      ; Inapplicable ; Inapplicable ;
; SAIDA_SHIFT2L[0]       ; Inapplicable ; Inapplicable ; Inapplicable ; Inapplicable ; Inapplicable ; Pass      ; Inapplicable ; Inapplicable ; Pass      ; Pass      ; Inapplicable ; Pass         ; Inapplicable ; Inapplicable ; Inapplicable ; Inapplicable ; Pass         ; Inapplicable ; Inapplicable ; Inapplicable ; Inapplicable ; Pass         ; Inapplicable ; Inapplicable ; Inapplicable ; Inapplicable ; Inapplicable ; Pass      ; Inapplicable ; Inapplicable ;
; CLK                    ; Inapplicable ; Inapplicable ; Inapplicable ; Inapplicable ; Inapplicable ; Pass      ; Inapplicable ; Inapplicable ; Pass      ; Pass      ; Inapplicable ; Inapplicable ; Inapplicable ; Inapplicable ; Pass         ; Inapplicable ; Inapplicable ; Pass         ; Inapplicable ; Inapplicable ; Inapplicable ; Inapplicable ; Inapplicable ; Inapplicable ; Inapplicable ; Inapplicable ; Inapplicable ; Pass      ; Inapplicable ; Inapplicable ;
; RESET                  ; Inapplicable ; Inapplicable ; Inapplicable ; Inapplicable ; Inapplicable ; Pass      ; Inapplicable ; Inapplicable ; Pass      ; Pass      ; Inapplicable ; Inapplicable ; Inapplicable ; Inapplicable ; Pass         ; Inapplicable ; Inapplicable ; Pass         ; Inapplicable ; Inapplicable ; Inapplicable ; Inapplicable ; Inapplicable ; Inapplicable ; Inapplicable ; Inapplicable ; Inapplicable ; Pass      ; Inapplicable ; Inapplicable ;
+------------------------+--------------+--------------+--------------+--------------+--------------+-----------+--------------+--------------+-----------+-----------+--------------+--------------+--------------+--------------+--------------+--------------+--------------+--------------+--------------+--------------+--------------+--------------+--------------+--------------+--------------+--------------+--------------+-----------+--------------+--------------+


+---------------------------------------------------------------------------------------------+
; Fitter Device Options                                                                       ;
+------------------------------------------------------------------+--------------------------+
; Option                                                           ; Setting                  ;
+------------------------------------------------------------------+--------------------------+
; Enable user-supplied start-up clock (CLKUSR)                     ; Off                      ;
; Enable device-wide reset (DEV_CLRn)                              ; Off                      ;
; Enable device-wide output enable (DEV_OE)                        ; Off                      ;
; Enable INIT_DONE output                                          ; Off                      ;
; Configuration scheme                                             ; Active Serial            ;
; Error detection CRC                                              ; Off                      ;
; Enable open drain on CRC_ERROR pin                               ; Off                      ;
; Enable input tri-state on active configuration pins in user mode ; Off                      ;
; Configuration Voltage Level                                      ; Auto                     ;
; Force Configuration Voltage Level                                ; Off                      ;
; nCEO                                                             ; As output driving ground ;
; Data[0]                                                          ; As input tri-stated      ;
; Data[1]/ASDO                                                     ; As input tri-stated      ;
; Data[7..2]                                                       ; Unreserved               ;
; FLASH_nCE/nCSO                                                   ; As input tri-stated      ;
; Other Active Parallel pins                                       ; Unreserved               ;
; DCLK                                                             ; As output driving ground ;
; Base pin-out file on sameframe device                            ; Off                      ;
+------------------------------------------------------------------+--------------------------+


+------------------------------------+
; Operating Settings and Conditions  ;
+---------------------------+--------+
; Setting                   ; Value  ;
+---------------------------+--------+
; Nominal Core Voltage      ; 1.20 V ;
; Low Junction Temperature  ; 0 °C   ;
; High Junction Temperature ; 85 °C  ;
+---------------------------+--------+


+-----------------+
; Fitter Messages ;
+-----------------+
Warning (20028): Parallel compilation is not licensed and has been disabled
Info (119006): Selected device EP4CE115F29C7 for design "processador_mips"
Info (21077): Core supply voltage is 1.2V
Info (21077): Low junction temperature is 0 degrees C
Info (21077): High junction temperature is 85 degrees C
Info (171003): Fitter is performing an Auto Fit compilation, which may decrease Fitter effort to reduce compilation time
Warning (292013): Feature LogicLock is only available with a valid subscription license. You can purchase a software subscription to gain full access to this feature.
Info (176444): Device migration not selected. If you intend to use device migration later, you may need to change the pin assignments as they may be incompatible with other devices
    Info (176445): Device EP4CE40F29C7 is compatible
    Info (176445): Device EP4CE40F29I7 is compatible
    Info (176445): Device EP4CE30F29C7 is compatible
    Info (176445): Device EP4CE30F29I7 is compatible
    Info (176445): Device EP4CE55F29C7 is compatible
    Info (176445): Device EP4CE55F29I7 is compatible
    Info (176445): Device EP4CE75F29C7 is compatible
    Info (176445): Device EP4CE75F29I7 is compatible
    Info (176445): Device EP4CE115F29I7 is compatible
Info (169124): Fitter converted 5 user pins into dedicated programming pins
    Info (169125): Pin ~ALTERA_ASDO_DATA1~ is reserved at location F4
    Info (169125): Pin ~ALTERA_FLASH_nCE_nCSO~ is reserved at location E2
    Info (169125): Pin ~ALTERA_DCLK~ is reserved at location P3
    Info (169125): Pin ~ALTERA_DATA0~ is reserved at location N7
    Info (169125): Pin ~ALTERA_nCEO~ is reserved at location P28
Warning (15714): Some pins have incomplete I/O assignments. Refer to the I/O Assignment Warnings report for details
Critical Warning (169085): No exact pin location assignment(s) for 261 pins of 261 total pins
    Info (169086): Pin BranchResult not assigned to an exact location on the device
    Info (169086): Pin BranchSinal not assigned to an exact location on the device
    Info (169086): Pin JumpSinal not assigned to an exact location on the device
    Info (169086): Pin ENTRADA_SHIFT_LEFT[31] not assigned to an exact location on the device
    Info (169086): Pin ENTRADA_SHIFT_LEFT[30] not assigned to an exact location on the device
    Info (169086): Pin ENTRADA_SHIFT_LEFT[29] not assigned to an exact location on the device
    Info (169086): Pin ENTRADA_SHIFT_LEFT[28] not assigned to an exact location on the device
    Info (169086): Pin ENTRADA_SHIFT_LEFT[27] not assigned to an exact location on the device
    Info (169086): Pin ENTRADA_SHIFT_LEFT[26] not assigned to an exact location on the device
    Info (169086): Pin ENTRADA_SHIFT_LEFT[25] not assigned to an exact location on the device
    Info (169086): Pin ENTRADA_SHIFT_LEFT[24] not assigned to an exact location on the device
    Info (169086): Pin ENTRADA_SHIFT_LEFT[23] not assigned to an exact location on the device
    Info (169086): Pin ENTRADA_SHIFT_LEFT[22] not assigned to an exact location on the device
    Info (169086): Pin ENTRADA_SHIFT_LEFT[21] not assigned to an exact location on the device
    Info (169086): Pin ENTRADA_SHIFT_LEFT[20] not assigned to an exact location on the device
    Info (169086): Pin ENTRADA_SHIFT_LEFT[19] not assigned to an exact location on the device
    Info (169086): Pin ENTRADA_SHIFT_LEFT[18] not assigned to an exact location on the device
    Info (169086): Pin ENTRADA_SHIFT_LEFT[17] not assigned to an exact location on the device
    Info (169086): Pin ENTRADA_SHIFT_LEFT[16] not assigned to an exact location on the device
    Info (169086): Pin ENTRADA_SHIFT_LEFT[15] not assigned to an exact location on the device
    Info (169086): Pin ENTRADA_SHIFT_LEFT[14] not assigned to an exact location on the device
    Info (169086): Pin ENTRADA_SHIFT_LEFT[13] not assigned to an exact location on the device
    Info (169086): Pin ENTRADA_SHIFT_LEFT[12] not assigned to an exact location on the device
    Info (169086): Pin ENTRADA_SHIFT_LEFT[11] not assigned to an exact location on the device
    Info (169086): Pin ENTRADA_SHIFT_LEFT[10] not assigned to an exact location on the device
    Info (169086): Pin ENTRADA_SHIFT_LEFT[9] not assigned to an exact location on the device
    Info (169086): Pin ENTRADA_SHIFT_LEFT[8] not assigned to an exact location on the device
    Info (169086): Pin ENTRADA_SHIFT_LEFT[7] not assigned to an exact location on the device
    Info (169086): Pin ENTRADA_SHIFT_LEFT[6] not assigned to an exact location on the device
    Info (169086): Pin ENTRADA_SHIFT_LEFT[5] not assigned to an exact location on the device
    Info (169086): Pin ENTRADA_SHIFT_LEFT[4] not assigned to an exact location on the device
    Info (169086): Pin ENTRADA_SHIFT_LEFT[3] not assigned to an exact location on the device
    Info (169086): Pin ENTRADA_SHIFT_LEFT[2] not assigned to an exact location on the device
    Info (169086): Pin ENTRADA_SHIFT_LEFT[1] not assigned to an exact location on the device
    Info (169086): Pin ENTRADA_SHIFT_LEFT[0] not assigned to an exact location on the device
    Info (169086): Pin ENTRADA_ULA1[31] not assigned to an exact location on the device
    Info (169086): Pin ENTRADA_ULA1[30] not assigned to an exact location on the device
    Info (169086): Pin ENTRADA_ULA1[29] not assigned to an exact location on the device
    Info (169086): Pin ENTRADA_ULA1[28] not assigned to an exact location on the device
    Info (169086): Pin ENTRADA_ULA1[27] not assigned to an exact location on the device
    Info (169086): Pin ENTRADA_ULA1[26] not assigned to an exact location on the device
    Info (169086): Pin ENTRADA_ULA1[25] not assigned to an exact location on the device
    Info (169086): Pin ENTRADA_ULA1[24] not assigned to an exact location on the device
    Info (169086): Pin ENTRADA_ULA1[23] not assigned to an exact location on the device
    Info (169086): Pin ENTRADA_ULA1[22] not assigned to an exact location on the device
    Info (169086): Pin ENTRADA_ULA1[21] not assigned to an exact location on the device
    Info (169086): Pin ENTRADA_ULA1[20] not assigned to an exact location on the device
    Info (169086): Pin ENTRADA_ULA1[19] not assigned to an exact location on the device
    Info (169086): Pin ENTRADA_ULA1[18] not assigned to an exact location on the device
    Info (169086): Pin ENTRADA_ULA1[17] not assigned to an exact location on the device
    Info (169086): Pin ENTRADA_ULA1[16] not assigned to an exact location on the device
    Info (169086): Pin ENTRADA_ULA1[15] not assigned to an exact location on the device
    Info (169086): Pin ENTRADA_ULA1[14] not assigned to an exact location on the device
    Info (169086): Pin ENTRADA_ULA1[13] not assigned to an exact location on the device
    Info (169086): Pin ENTRADA_ULA1[12] not assigned to an exact location on the device
    Info (169086): Pin ENTRADA_ULA1[11] not assigned to an exact location on the device
    Info (169086): Pin ENTRADA_ULA1[10] not assigned to an exact location on the device
    Info (169086): Pin ENTRADA_ULA1[9] not assigned to an exact location on the device
    Info (169086): Pin ENTRADA_ULA1[8] not assigned to an exact location on the device
    Info (169086): Pin ENTRADA_ULA1[7] not assigned to an exact location on the device
    Info (169086): Pin ENTRADA_ULA1[6] not assigned to an exact location on the device
    Info (169086): Pin ENTRADA_ULA1[5] not assigned to an exact location on the device
    Info (169086): Pin ENTRADA_ULA1[4] not assigned to an exact location on the device
    Info (169086): Pin ENTRADA_ULA1[3] not assigned to an exact location on the device
    Info (169086): Pin ENTRADA_ULA1[2] not assigned to an exact location on the device
    Info (169086): Pin ENTRADA_ULA1[1] not assigned to an exact location on the device
    Info (169086): Pin ENTRADA_ULA1[0] not assigned to an exact location on the device
    Info (169086): Pin ENTRADA_ULA2[31] not assigned to an exact location on the device
    Info (169086): Pin ENTRADA_ULA2[30] not assigned to an exact location on the device
    Info (169086): Pin ENTRADA_ULA2[29] not assigned to an exact location on the device
    Info (169086): Pin ENTRADA_ULA2[28] not assigned to an exact location on the device
    Info (169086): Pin ENTRADA_ULA2[27] not assigned to an exact location on the device
    Info (169086): Pin ENTRADA_ULA2[26] not assigned to an exact location on the device
    Info (169086): Pin ENTRADA_ULA2[25] not assigned to an exact location on the device
    Info (169086): Pin ENTRADA_ULA2[24] not assigned to an exact location on the device
    Info (169086): Pin ENTRADA_ULA2[23] not assigned to an exact location on the device
    Info (169086): Pin ENTRADA_ULA2[22] not assigned to an exact location on the device
    Info (169086): Pin ENTRADA_ULA2[21] not assigned to an exact location on the device
    Info (169086): Pin ENTRADA_ULA2[20] not assigned to an exact location on the device
    Info (169086): Pin ENTRADA_ULA2[19] not assigned to an exact location on the device
    Info (169086): Pin ENTRADA_ULA2[18] not assigned to an exact location on the device
    Info (169086): Pin ENTRADA_ULA2[17] not assigned to an exact location on the device
    Info (169086): Pin ENTRADA_ULA2[16] not assigned to an exact location on the device
    Info (169086): Pin ENTRADA_ULA2[15] not assigned to an exact location on the device
    Info (169086): Pin ENTRADA_ULA2[14] not assigned to an exact location on the device
    Info (169086): Pin ENTRADA_ULA2[13] not assigned to an exact location on the device
    Info (169086): Pin ENTRADA_ULA2[12] not assigned to an exact location on the device
    Info (169086): Pin ENTRADA_ULA2[11] not assigned to an exact location on the device
    Info (169086): Pin ENTRADA_ULA2[10] not assigned to an exact location on the device
    Info (169086): Pin ENTRADA_ULA2[9] not assigned to an exact location on the device
    Info (169086): Pin ENTRADA_ULA2[8] not assigned to an exact location on the device
    Info (169086): Pin ENTRADA_ULA2[7] not assigned to an exact location on the device
    Info (169086): Pin ENTRADA_ULA2[6] not assigned to an exact location on the device
    Info (169086): Pin ENTRADA_ULA2[5] not assigned to an exact location on the device
    Info (169086): Pin ENTRADA_ULA2[4] not assigned to an exact location on the device
    Info (169086): Pin ENTRADA_ULA2[3] not assigned to an exact location on the device
    Info (169086): Pin ENTRADA_ULA2[2] not assigned to an exact location on the device
    Info (169086): Pin ENTRADA_ULA2[1] not assigned to an exact location on the device
    Info (169086): Pin ENTRADA_ULA2[0] not assigned to an exact location on the device
    Info (169086): Pin INSTR[31] not assigned to an exact location on the device
    Info (169086): Pin INSTR[30] not assigned to an exact location on the device
    Info (169086): Pin INSTR[29] not assigned to an exact location on the device
    Info (169086): Pin INSTR[28] not assigned to an exact location on the device
    Info (169086): Pin INSTR[27] not assigned to an exact location on the device
    Info (169086): Pin INSTR[26] not assigned to an exact location on the device
    Info (169086): Pin INSTR[25] not assigned to an exact location on the device
    Info (169086): Pin INSTR[24] not assigned to an exact location on the device
    Info (169086): Pin INSTR[23] not assigned to an exact location on the device
    Info (169086): Pin INSTR[22] not assigned to an exact location on the device
    Info (169086): Pin INSTR[21] not assigned to an exact location on the device
    Info (169086): Pin INSTR[20] not assigned to an exact location on the device
    Info (169086): Pin INSTR[19] not assigned to an exact location on the device
    Info (169086): Pin INSTR[18] not assigned to an exact location on the device
    Info (169086): Pin INSTR[17] not assigned to an exact location on the device
    Info (169086): Pin INSTR[16] not assigned to an exact location on the device
    Info (169086): Pin INSTR[15] not assigned to an exact location on the device
    Info (169086): Pin INSTR[14] not assigned to an exact location on the device
    Info (169086): Pin INSTR[13] not assigned to an exact location on the device
    Info (169086): Pin INSTR[12] not assigned to an exact location on the device
    Info (169086): Pin INSTR[11] not assigned to an exact location on the device
    Info (169086): Pin INSTR[10] not assigned to an exact location on the device
    Info (169086): Pin INSTR[9] not assigned to an exact location on the device
    Info (169086): Pin INSTR[8] not assigned to an exact location on the device
    Info (169086): Pin INSTR[7] not assigned to an exact location on the device
    Info (169086): Pin INSTR[6] not assigned to an exact location on the device
    Info (169086): Pin INSTR[5] not assigned to an exact location on the device
    Info (169086): Pin INSTR[4] not assigned to an exact location on the device
    Info (169086): Pin INSTR[3] not assigned to an exact location on the device
    Info (169086): Pin INSTR[2] not assigned to an exact location on the device
    Info (169086): Pin INSTR[1] not assigned to an exact location on the device
    Info (169086): Pin INSTR[0] not assigned to an exact location on the device
    Info (169086): Pin PC[31] not assigned to an exact location on the device
    Info (169086): Pin PC[30] not assigned to an exact location on the device
    Info (169086): Pin PC[29] not assigned to an exact location on the device
    Info (169086): Pin PC[28] not assigned to an exact location on the device
    Info (169086): Pin PC[27] not assigned to an exact location on the device
    Info (169086): Pin PC[26] not assigned to an exact location on the device
    Info (169086): Pin PC[25] not assigned to an exact location on the device
    Info (169086): Pin PC[24] not assigned to an exact location on the device
    Info (169086): Pin PC[23] not assigned to an exact location on the device
    Info (169086): Pin PC[22] not assigned to an exact location on the device
    Info (169086): Pin PC[21] not assigned to an exact location on the device
    Info (169086): Pin PC[20] not assigned to an exact location on the device
    Info (169086): Pin PC[19] not assigned to an exact location on the device
    Info (169086): Pin PC[18] not assigned to an exact location on the device
    Info (169086): Pin PC[17] not assigned to an exact location on the device
    Info (169086): Pin PC[16] not assigned to an exact location on the device
    Info (169086): Pin PC[15] not assigned to an exact location on the device
    Info (169086): Pin PC[14] not assigned to an exact location on the device
    Info (169086): Pin PC[13] not assigned to an exact location on the device
    Info (169086): Pin PC[12] not assigned to an exact location on the device
    Info (169086): Pin PC[11] not assigned to an exact location on the device
    Info (169086): Pin PC[10] not assigned to an exact location on the device
    Info (169086): Pin PC[9] not assigned to an exact location on the device
    Info (169086): Pin PC[8] not assigned to an exact location on the device
    Info (169086): Pin PC[7] not assigned to an exact location on the device
    Info (169086): Pin PC[6] not assigned to an exact location on the device
    Info (169086): Pin PC[5] not assigned to an exact location on the device
    Info (169086): Pin PC[4] not assigned to an exact location on the device
    Info (169086): Pin PC[3] not assigned to an exact location on the device
    Info (169086): Pin PC[2] not assigned to an exact location on the device
    Info (169086): Pin PC[1] not assigned to an exact location on the device
    Info (169086): Pin PC[0] not assigned to an exact location on the device
    Info (169086): Pin RESULTADO[31] not assigned to an exact location on the device
    Info (169086): Pin RESULTADO[30] not assigned to an exact location on the device
    Info (169086): Pin RESULTADO[29] not assigned to an exact location on the device
    Info (169086): Pin RESULTADO[28] not assigned to an exact location on the device
    Info (169086): Pin RESULTADO[27] not assigned to an exact location on the device
    Info (169086): Pin RESULTADO[26] not assigned to an exact location on the device
    Info (169086): Pin RESULTADO[25] not assigned to an exact location on the device
    Info (169086): Pin RESULTADO[24] not assigned to an exact location on the device
    Info (169086): Pin RESULTADO[23] not assigned to an exact location on the device
    Info (169086): Pin RESULTADO[22] not assigned to an exact location on the device
    Info (169086): Pin RESULTADO[21] not assigned to an exact location on the device
    Info (169086): Pin RESULTADO[20] not assigned to an exact location on the device
    Info (169086): Pin RESULTADO[19] not assigned to an exact location on the device
    Info (169086): Pin RESULTADO[18] not assigned to an exact location on the device
    Info (169086): Pin RESULTADO[17] not assigned to an exact location on the device
    Info (169086): Pin RESULTADO[16] not assigned to an exact location on the device
    Info (169086): Pin RESULTADO[15] not assigned to an exact location on the device
    Info (169086): Pin RESULTADO[14] not assigned to an exact location on the device
    Info (169086): Pin RESULTADO[13] not assigned to an exact location on the device
    Info (169086): Pin RESULTADO[12] not assigned to an exact location on the device
    Info (169086): Pin RESULTADO[11] not assigned to an exact location on the device
    Info (169086): Pin RESULTADO[10] not assigned to an exact location on the device
    Info (169086): Pin RESULTADO[9] not assigned to an exact location on the device
    Info (169086): Pin RESULTADO[8] not assigned to an exact location on the device
    Info (169086): Pin RESULTADO[7] not assigned to an exact location on the device
    Info (169086): Pin RESULTADO[6] not assigned to an exact location on the device
    Info (169086): Pin RESULTADO[5] not assigned to an exact location on the device
    Info (169086): Pin RESULTADO[4] not assigned to an exact location on the device
    Info (169086): Pin RESULTADO[3] not assigned to an exact location on the device
    Info (169086): Pin RESULTADO[2] not assigned to an exact location on the device
    Info (169086): Pin RESULTADO[1] not assigned to an exact location on the device
    Info (169086): Pin RESULTADO[0] not assigned to an exact location on the device
    Info (169086): Pin SAIDA_EXTENSOR[31] not assigned to an exact location on the device
    Info (169086): Pin SAIDA_EXTENSOR[30] not assigned to an exact location on the device
    Info (169086): Pin SAIDA_EXTENSOR[29] not assigned to an exact location on the device
    Info (169086): Pin SAIDA_EXTENSOR[28] not assigned to an exact location on the device
    Info (169086): Pin SAIDA_EXTENSOR[27] not assigned to an exact location on the device
    Info (169086): Pin SAIDA_EXTENSOR[26] not assigned to an exact location on the device
    Info (169086): Pin SAIDA_EXTENSOR[25] not assigned to an exact location on the device
    Info (169086): Pin SAIDA_EXTENSOR[24] not assigned to an exact location on the device
    Info (169086): Pin SAIDA_EXTENSOR[23] not assigned to an exact location on the device
    Info (169086): Pin SAIDA_EXTENSOR[22] not assigned to an exact location on the device
    Info (169086): Pin SAIDA_EXTENSOR[21] not assigned to an exact location on the device
    Info (169086): Pin SAIDA_EXTENSOR[20] not assigned to an exact location on the device
    Info (169086): Pin SAIDA_EXTENSOR[19] not assigned to an exact location on the device
    Info (169086): Pin SAIDA_EXTENSOR[18] not assigned to an exact location on the device
    Info (169086): Pin SAIDA_EXTENSOR[17] not assigned to an exact location on the device
    Info (169086): Pin SAIDA_EXTENSOR[16] not assigned to an exact location on the device
    Info (169086): Pin SAIDA_EXTENSOR[15] not assigned to an exact location on the device
    Info (169086): Pin SAIDA_EXTENSOR[14] not assigned to an exact location on the device
    Info (169086): Pin SAIDA_EXTENSOR[13] not assigned to an exact location on the device
    Info (169086): Pin SAIDA_EXTENSOR[12] not assigned to an exact location on the device
    Info (169086): Pin SAIDA_EXTENSOR[11] not assigned to an exact location on the device
    Info (169086): Pin SAIDA_EXTENSOR[10] not assigned to an exact location on the device
    Info (169086): Pin SAIDA_EXTENSOR[9] not assigned to an exact location on the device
    Info (169086): Pin SAIDA_EXTENSOR[8] not assigned to an exact location on the device
    Info (169086): Pin SAIDA_EXTENSOR[7] not assigned to an exact location on the device
    Info (169086): Pin SAIDA_EXTENSOR[6] not assigned to an exact location on the device
    Info (169086): Pin SAIDA_EXTENSOR[5] not assigned to an exact location on the device
    Info (169086): Pin SAIDA_EXTENSOR[4] not assigned to an exact location on the device
    Info (169086): Pin SAIDA_EXTENSOR[3] not assigned to an exact location on the device
    Info (169086): Pin SAIDA_EXTENSOR[2] not assigned to an exact location on the device
    Info (169086): Pin SAIDA_EXTENSOR[1] not assigned to an exact location on the device
    Info (169086): Pin SAIDA_EXTENSOR[0] not assigned to an exact location on the device
    Info (169086): Pin SAIDA_SHIFT2L[31] not assigned to an exact location on the device
    Info (169086): Pin SAIDA_SHIFT2L[30] not assigned to an exact location on the device
    Info (169086): Pin SAIDA_SHIFT2L[29] not assigned to an exact location on the device
    Info (169086): Pin SAIDA_SHIFT2L[28] not assigned to an exact location on the device
    Info (169086): Pin SAIDA_SHIFT2L[27] not assigned to an exact location on the device
    Info (169086): Pin SAIDA_SHIFT2L[26] not assigned to an exact location on the device
    Info (169086): Pin SAIDA_SHIFT2L[25] not assigned to an exact location on the device
    Info (169086): Pin SAIDA_SHIFT2L[24] not assigned to an exact location on the device
    Info (169086): Pin SAIDA_SHIFT2L[23] not assigned to an exact location on the device
    Info (169086): Pin SAIDA_SHIFT2L[22] not assigned to an exact location on the device
    Info (169086): Pin SAIDA_SHIFT2L[21] not assigned to an exact location on the device
    Info (169086): Pin SAIDA_SHIFT2L[20] not assigned to an exact location on the device
    Info (169086): Pin SAIDA_SHIFT2L[19] not assigned to an exact location on the device
    Info (169086): Pin SAIDA_SHIFT2L[18] not assigned to an exact location on the device
    Info (169086): Pin SAIDA_SHIFT2L[17] not assigned to an exact location on the device
    Info (169086): Pin SAIDA_SHIFT2L[16] not assigned to an exact location on the device
    Info (169086): Pin SAIDA_SHIFT2L[15] not assigned to an exact location on the device
    Info (169086): Pin SAIDA_SHIFT2L[14] not assigned to an exact location on the device
    Info (169086): Pin SAIDA_SHIFT2L[13] not assigned to an exact location on the device
    Info (169086): Pin SAIDA_SHIFT2L[12] not assigned to an exact location on the device
    Info (169086): Pin SAIDA_SHIFT2L[11] not assigned to an exact location on the device
    Info (169086): Pin SAIDA_SHIFT2L[10] not assigned to an exact location on the device
    Info (169086): Pin SAIDA_SHIFT2L[9] not assigned to an exact location on the device
    Info (169086): Pin SAIDA_SHIFT2L[8] not assigned to an exact location on the device
    Info (169086): Pin SAIDA_SHIFT2L[7] not assigned to an exact location on the device
    Info (169086): Pin SAIDA_SHIFT2L[6] not assigned to an exact location on the device
    Info (169086): Pin SAIDA_SHIFT2L[5] not assigned to an exact location on the device
    Info (169086): Pin SAIDA_SHIFT2L[4] not assigned to an exact location on the device
    Info (169086): Pin SAIDA_SHIFT2L[3] not assigned to an exact location on the device
    Info (169086): Pin SAIDA_SHIFT2L[2] not assigned to an exact location on the device
    Info (169086): Pin SAIDA_SHIFT2L[1] not assigned to an exact location on the device
    Info (169086): Pin SAIDA_SHIFT2L[0] not assigned to an exact location on the device
    Info (169086): Pin CLK not assigned to an exact location on the device
    Info (169086): Pin RESET not assigned to an exact location on the device
Critical Warning (332012): Synopsys Design Constraints File file not found: 'processador_mips.sdc'. A Synopsys Design Constraints File is required by the TimeQuest Timing Analyzer to get proper timing constraints. Without it, the Compiler will not properly optimize the design.
Info (332144): No user constrained base clocks found in the design
Info (332143): No user constrained clock uncertainty found in the design. Calling "derive_clock_uncertainty"
Info (332154): The derive_clock_uncertainty command did not apply clock uncertainty to any clock-to-clock transfers.
Info (332130): Timing requirements not specified -- quality metrics such as performance may be sacrificed to reduce compilation time.
Info (176353): Automatically promoted node CLK~input (placed in PIN J1 (CLK1, DIFFCLK_0n))
    Info (176355): Automatically promoted destinations to use location or clock signal Global Clock CLKCTRL_G2
Info (176233): Starting register packing
Info (176235): Finished register packing
    Extra Info (176219): No registers were packed into other blocks
Info (176214): Statistics of I/O pins that need to be placed that use the same VCCIO and VREF, before I/O pin placement
    Info (176211): Number of I/O pins in group: 260 (unused VREF, 2.5V VCCIO, 1 input, 259 output, 0 bidirectional)
        Info (176212): I/O standards used: 2.5 V.
Info (176215): I/O bank details before I/O pin placement
    Info (176214): Statistics of I/O banks
        Info (176213): I/O bank number 1 does not use VREF pins and has undetermined VCCIO pins. 5 total pin(s) used --  51 pins available
        Info (176213): I/O bank number 2 does not use VREF pins and has undetermined VCCIO pins. 0 total pin(s) used --  63 pins available
        Info (176213): I/O bank number 3 does not use VREF pins and has undetermined VCCIO pins. 0 total pin(s) used --  73 pins available
        Info (176213): I/O bank number 4 does not use VREF pins and has undetermined VCCIO pins. 0 total pin(s) used --  71 pins available
        Info (176213): I/O bank number 5 does not use VREF pins and has undetermined VCCIO pins. 0 total pin(s) used --  65 pins available
        Info (176213): I/O bank number 6 does not use VREF pins and has undetermined VCCIO pins. 1 total pin(s) used --  57 pins available
        Info (176213): I/O bank number 7 does not use VREF pins and has undetermined VCCIO pins. 0 total pin(s) used --  72 pins available
        Info (176213): I/O bank number 8 does not use VREF pins and has undetermined VCCIO pins. 0 total pin(s) used --  71 pins available
Info (171121): Fitter preparation operations ending: elapsed time is 00:00:03
Info (170189): Fitter placement preparation operations beginning
Info (170190): Fitter placement preparation operations ending: elapsed time is 00:00:01
Info (170191): Fitter placement operations beginning
Info (170137): Fitter placement was successful
Info (170192): Fitter placement operations ending: elapsed time is 00:00:15
Info (170193): Fitter routing operations beginning
Info (170195): Router estimated average interconnect usage is 2% of the available device resources
    Info (170196): Router estimated peak interconnect usage is 37% of the available device resources in the region that extends from location X46_Y37 to location X57_Y48
Info (170194): Fitter routing operations ending: elapsed time is 00:01:16
Info (170199): The Fitter performed an Auto Fit compilation.  Optimizations were skipped to reduce compilation time.
    Info (170201): Optimizations that may affect the design's routability were skipped
Info (11888): Total time spent on timing analysis during the Fitter is 3.30 seconds.
Info (334003): Started post-fitting delay annotation
Info (334004): Delay annotation completed successfully
Info (334003): Started post-fitting delay annotation
Info (334004): Delay annotation completed successfully
Info (11218): Fitter post-fit operations ending: elapsed time is 00:00:03
Info (144001): Generated suppressed messages file C:/Users/gabri/backupSSD/AreaDeTrabalhoAntiga/Unesp/5semestre/LaboratorioCircuitosDigitais/Projeto/ProjetoGit/output_files/processador_mips.fit.smsg
Info: Quartus II 64-Bit Fitter was successful. 0 errors, 5 warnings
    Info: Peak virtual memory: 5167 megabytes
    Info: Processing ended: Thu Jul 03 23:55:17 2025
    Info: Elapsed time: 00:01:51
    Info: Total CPU time (on all processors): 00:01:50


+----------------------------+
; Fitter Suppressed Messages ;
+----------------------------+
The suppressed messages can be found in C:/Users/gabri/backupSSD/AreaDeTrabalhoAntiga/Unesp/5semestre/LaboratorioCircuitosDigitais/Projeto/ProjetoGit/output_files/processador_mips.fit.smsg.


