Fitter report for PROJETO
Wed Jun 25 20:52:26 2025
Quartus II 64-Bit Version 13.0.1 Build 232 06/12/2013 Service Pack 1 SJ Web Edition


---------------------
; Table of Contents ;
---------------------
  1. Legal Notice
  2. Fitter Summary
  3. Fitter Settings
  4. Parallel Compilation
  5. I/O Assignment Warnings
  6. Incremental Compilation Preservation Summary
  7. Incremental Compilation Partition Settings
  8. Incremental Compilation Placement Preservation
  9. Pin-Out File
 10. Fitter Resource Usage Summary
 11. Fitter Partition Statistics
 12. Input Pins
 13. Output Pins
 14. Dual Purpose and Dedicated Pins
 15. I/O Bank Usage
 16. All Package Pins
 17. Fitter Resource Utilization by Entity
 18. Delay Chain Summary
 19. Pad To Core Delay Chain Fanout
 20. Control Signals
 21. Global & Other Fast Signals
 22. Non-Global High Fan-Out Signals
 23. Other Routing Usage Summary
 24. LAB Logic Elements
 25. LAB-wide Signals
 26. LAB Signals Sourced
 27. LAB Signals Sourced Out
 28. LAB Distinct Inputs
 29. I/O Rules Summary
 30. I/O Rules Details
 31. I/O Rules Matrix
 32. Fitter Device Options
 33. Operating Settings and Conditions
 34. Fitter Messages
 35. Fitter Suppressed Messages



----------------
; Legal Notice ;
----------------
Copyright (C) 1991-2013 Altera Corporation
Your use of Altera Corporation's design tools, logic functions 
and other software and tools, and its AMPP partner logic 
functions, and any output files from any of the foregoing 
(including device programming or simulation files), and any 
associated documentation or information are expressly subject 
to the terms and conditions of the Altera Program License 
Subscription Agreement, Altera MegaCore Function License 
Agreement, or other applicable license agreement, including, 
without limitation, that your use is for the sole purpose of 
programming logic devices manufactured by Altera and sold by 
Altera or its authorized distributors.  Please refer to the 
applicable agreement for further details.



+--------------------------------------------------------------------------------------+
; Fitter Summary                                                                       ;
+------------------------------------+-------------------------------------------------+
; Fitter Status                      ; Successful - Wed Jun 25 20:52:26 2025           ;
; Quartus II 64-Bit Version          ; 13.0.1 Build 232 06/12/2013 SP 1 SJ Web Edition ;
; Revision Name                      ; PROJETO                                         ;
; Top-level Entity Name              ; PROJETO                                         ;
; Family                             ; Cyclone IV E                                    ;
; Device                             ; EP4CE115F29C7                                   ;
; Timing Models                      ; Final                                           ;
; Total logic elements               ; 11,466 / 114,480 ( 10 % )                       ;
;     Total combinational functions  ; 11,449 / 114,480 ( 10 % )                       ;
;     Dedicated logic registers      ; 136 / 114,480 ( < 1 % )                         ;
; Total registers                    ; 136                                             ;
; Total pins                         ; 342 / 529 ( 65 % )                              ;
; Total virtual pins                 ; 0                                               ;
; Total memory bits                  ; 0 / 3,981,312 ( 0 % )                           ;
; Embedded Multiplier 9-bit elements ; 0 / 532 ( 0 % )                                 ;
; Total PLLs                         ; 0 / 4 ( 0 % )                                   ;
+------------------------------------+-------------------------------------------------+


+------------------------------------------------------------------------------------------------------------------------------------------------------------+
; Fitter Settings                                                                                                                                            ;
+----------------------------------------------------------------------------+---------------------------------------+---------------------------------------+
; Option                                                                     ; Setting                               ; Default Value                         ;
+----------------------------------------------------------------------------+---------------------------------------+---------------------------------------+
; Device                                                                     ; EP4CE115F29C7                         ;                                       ;
; Nominal Core Supply Voltage                                                ; 1.2V                                  ;                                       ;
; Minimum Core Junction Temperature                                          ; 0                                     ;                                       ;
; Maximum Core Junction Temperature                                          ; 85                                    ;                                       ;
; Fit Attempts to Skip                                                       ; 0                                     ; 0.0                                   ;
; Device I/O Standard                                                        ; 2.5 V                                 ;                                       ;
; Use smart compilation                                                      ; Off                                   ; Off                                   ;
; Enable parallel Assembler and TimeQuest Timing Analyzer during compilation ; On                                    ; On                                    ;
; Enable compact report table                                                ; Off                                   ; Off                                   ;
; Auto Merge PLLs                                                            ; On                                    ; On                                    ;
; Router Timing Optimization Level                                           ; Normal                                ; Normal                                ;
; Perform Clocking Topology Analysis During Routing                          ; Off                                   ; Off                                   ;
; Placement Effort Multiplier                                                ; 1.0                                   ; 1.0                                   ;
; Router Effort Multiplier                                                   ; 1.0                                   ; 1.0                                   ;
; Optimize Hold Timing                                                       ; All Paths                             ; All Paths                             ;
; Optimize Multi-Corner Timing                                               ; On                                    ; On                                    ;
; PowerPlay Power Optimization                                               ; Normal compilation                    ; Normal compilation                    ;
; SSN Optimization                                                           ; Off                                   ; Off                                   ;
; Optimize Timing                                                            ; Normal compilation                    ; Normal compilation                    ;
; Optimize Timing for ECOs                                                   ; Off                                   ; Off                                   ;
; Regenerate full fit report during ECO compiles                             ; Off                                   ; Off                                   ;
; Optimize IOC Register Placement for Timing                                 ; Normal                                ; Normal                                ;
; Limit to One Fitting Attempt                                               ; Off                                   ; Off                                   ;
; Final Placement Optimizations                                              ; Automatically                         ; Automatically                         ;
; Fitter Aggressive Routability Optimizations                                ; Automatically                         ; Automatically                         ;
; Fitter Initial Placement Seed                                              ; 1                                     ; 1                                     ;
; PCI I/O                                                                    ; Off                                   ; Off                                   ;
; Weak Pull-Up Resistor                                                      ; Off                                   ; Off                                   ;
; Enable Bus-Hold Circuitry                                                  ; Off                                   ; Off                                   ;
; Auto Packed Registers                                                      ; Auto                                  ; Auto                                  ;
; Auto Delay Chains                                                          ; On                                    ; On                                    ;
; Auto Delay Chains for High Fanout Input Pins                               ; Off                                   ; Off                                   ;
; Allow Single-ended Buffer for Differential-XSTL Input                      ; Off                                   ; Off                                   ;
; Treat Bidirectional Pin as Output Pin                                      ; Off                                   ; Off                                   ;
; Perform Physical Synthesis for Combinational Logic for Fitting             ; Off                                   ; Off                                   ;
; Perform Physical Synthesis for Combinational Logic for Performance         ; Off                                   ; Off                                   ;
; Perform Register Duplication for Performance                               ; Off                                   ; Off                                   ;
; Perform Logic to Memory Mapping for Fitting                                ; Off                                   ; Off                                   ;
; Perform Register Retiming for Performance                                  ; Off                                   ; Off                                   ;
; Perform Asynchronous Signal Pipelining                                     ; Off                                   ; Off                                   ;
; Fitter Effort                                                              ; Auto Fit                              ; Auto Fit                              ;
; Physical Synthesis Effort Level                                            ; Normal                                ; Normal                                ;
; Logic Cell Insertion - Logic Duplication                                   ; Auto                                  ; Auto                                  ;
; Auto Register Duplication                                                  ; Auto                                  ; Auto                                  ;
; Auto Global Clock                                                          ; On                                    ; On                                    ;
; Auto Global Register Control Signals                                       ; On                                    ; On                                    ;
; Reserve all unused pins                                                    ; As input tri-stated with weak pull-up ; As input tri-stated with weak pull-up ;
; Synchronizer Identification                                                ; Off                                   ; Off                                   ;
; Enable Beneficial Skew Optimization                                        ; On                                    ; On                                    ;
; Optimize Design for Metastability                                          ; On                                    ; On                                    ;
; Force Fitter to Avoid Periphery Placement Warnings                         ; Off                                   ; Off                                   ;
; Enable input tri-state on active configuration pins in user mode           ; Off                                   ; Off                                   ;
+----------------------------------------------------------------------------+---------------------------------------+---------------------------------------+


Parallel compilation was disabled, but you have multiple processors available. Enable parallel compilation to reduce compilation time.
+-------------------------------------+
; Parallel Compilation                ;
+----------------------------+--------+
; Processors                 ; Number ;
+----------------------------+--------+
; Number detected on machine ; 12     ;
; Maximum allowed            ; 1      ;
+----------------------------+--------+


+-------------------------------------------------------+
; I/O Assignment Warnings                               ;
+----------------+--------------------------------------+
; Pin Name       ; Reason                               ;
+----------------+--------------------------------------+
; ALU_result[31] ; Missing drive strength and slew rate ;
; ALU_result[30] ; Missing drive strength and slew rate ;
; ALU_result[29] ; Missing drive strength and slew rate ;
; ALU_result[28] ; Missing drive strength and slew rate ;
; ALU_result[27] ; Missing drive strength and slew rate ;
; ALU_result[26] ; Missing drive strength and slew rate ;
; ALU_result[25] ; Missing drive strength and slew rate ;
; ALU_result[24] ; Missing drive strength and slew rate ;
; ALU_result[23] ; Missing drive strength and slew rate ;
; ALU_result[22] ; Missing drive strength and slew rate ;
; ALU_result[21] ; Missing drive strength and slew rate ;
; ALU_result[20] ; Missing drive strength and slew rate ;
; ALU_result[19] ; Missing drive strength and slew rate ;
; ALU_result[18] ; Missing drive strength and slew rate ;
; ALU_result[17] ; Missing drive strength and slew rate ;
; ALU_result[16] ; Missing drive strength and slew rate ;
; ALU_result[15] ; Missing drive strength and slew rate ;
; ALU_result[14] ; Missing drive strength and slew rate ;
; ALU_result[13] ; Missing drive strength and slew rate ;
; ALU_result[12] ; Missing drive strength and slew rate ;
; ALU_result[11] ; Missing drive strength and slew rate ;
; ALU_result[10] ; Missing drive strength and slew rate ;
; ALU_result[9]  ; Missing drive strength and slew rate ;
; ALU_result[8]  ; Missing drive strength and slew rate ;
; ALU_result[7]  ; Missing drive strength and slew rate ;
; ALU_result[6]  ; Missing drive strength and slew rate ;
; ALU_result[5]  ; Missing drive strength and slew rate ;
; ALU_result[4]  ; Missing drive strength and slew rate ;
; ALU_result[3]  ; Missing drive strength and slew rate ;
; ALU_result[2]  ; Missing drive strength and slew rate ;
; ALU_result[1]  ; Missing drive strength and slew rate ;
; ALU_result[0]  ; Missing drive strength and slew rate ;
; HEX0[6]        ; Missing drive strength and slew rate ;
; HEX0[5]        ; Missing drive strength and slew rate ;
; HEX0[4]        ; Missing drive strength and slew rate ;
; HEX0[3]        ; Missing drive strength and slew rate ;
; HEX0[2]        ; Missing drive strength and slew rate ;
; HEX0[1]        ; Missing drive strength and slew rate ;
; HEX0[0]        ; Missing drive strength and slew rate ;
; HEX1[6]        ; Missing drive strength and slew rate ;
; HEX1[5]        ; Missing drive strength and slew rate ;
; HEX1[4]        ; Missing drive strength and slew rate ;
; HEX1[3]        ; Missing drive strength and slew rate ;
; HEX1[2]        ; Missing drive strength and slew rate ;
; HEX1[1]        ; Missing drive strength and slew rate ;
; HEX1[0]        ; Missing drive strength and slew rate ;
; HEX2[6]        ; Missing drive strength and slew rate ;
; HEX2[5]        ; Missing drive strength and slew rate ;
; HEX2[4]        ; Missing drive strength and slew rate ;
; HEX2[3]        ; Missing drive strength and slew rate ;
; HEX2[2]        ; Missing drive strength and slew rate ;
; HEX2[1]        ; Missing drive strength and slew rate ;
; HEX2[0]        ; Missing drive strength and slew rate ;
; HEX3[6]        ; Missing drive strength and slew rate ;
; HEX3[5]        ; Missing drive strength and slew rate ;
; HEX3[4]        ; Missing drive strength and slew rate ;
; HEX3[3]        ; Missing drive strength and slew rate ;
; HEX3[2]        ; Missing drive strength and slew rate ;
; HEX3[1]        ; Missing drive strength and slew rate ;
; HEX3[0]        ; Missing drive strength and slew rate ;
; HEX4[6]        ; Missing drive strength and slew rate ;
; HEX4[5]        ; Missing drive strength and slew rate ;
; HEX4[4]        ; Missing drive strength and slew rate ;
; HEX4[3]        ; Missing drive strength and slew rate ;
; HEX4[2]        ; Missing drive strength and slew rate ;
; HEX4[1]        ; Missing drive strength and slew rate ;
; HEX4[0]        ; Missing drive strength and slew rate ;
; HEX5[6]        ; Missing drive strength and slew rate ;
; HEX5[5]        ; Missing drive strength and slew rate ;
; HEX5[4]        ; Missing drive strength and slew rate ;
; HEX5[3]        ; Missing drive strength and slew rate ;
; HEX5[2]        ; Missing drive strength and slew rate ;
; HEX5[1]        ; Missing drive strength and slew rate ;
; HEX5[0]        ; Missing drive strength and slew rate ;
; HEX6[6]        ; Missing drive strength and slew rate ;
; HEX6[5]        ; Missing drive strength and slew rate ;
; HEX6[4]        ; Missing drive strength and slew rate ;
; HEX6[3]        ; Missing drive strength and slew rate ;
; HEX6[2]        ; Missing drive strength and slew rate ;
; HEX6[1]        ; Missing drive strength and slew rate ;
; HEX6[0]        ; Missing drive strength and slew rate ;
; HEX7[6]        ; Missing drive strength and slew rate ;
; HEX7[5]        ; Missing drive strength and slew rate ;
; HEX7[4]        ; Missing drive strength and slew rate ;
; HEX7[3]        ; Missing drive strength and slew rate ;
; HEX7[2]        ; Missing drive strength and slew rate ;
; HEX7[1]        ; Missing drive strength and slew rate ;
; HEX7[0]        ; Missing drive strength and slew rate ;
; MUX_INPUT1[31] ; Missing drive strength and slew rate ;
; MUX_INPUT1[30] ; Missing drive strength and slew rate ;
; MUX_INPUT1[29] ; Missing drive strength and slew rate ;
; MUX_INPUT1[28] ; Missing drive strength and slew rate ;
; MUX_INPUT1[27] ; Missing drive strength and slew rate ;
; MUX_INPUT1[26] ; Missing drive strength and slew rate ;
; MUX_INPUT1[25] ; Missing drive strength and slew rate ;
; MUX_INPUT1[24] ; Missing drive strength and slew rate ;
; MUX_INPUT1[23] ; Missing drive strength and slew rate ;
; MUX_INPUT1[22] ; Missing drive strength and slew rate ;
; MUX_INPUT1[21] ; Missing drive strength and slew rate ;
; MUX_INPUT1[20] ; Missing drive strength and slew rate ;
; MUX_INPUT1[19] ; Missing drive strength and slew rate ;
; MUX_INPUT1[18] ; Missing drive strength and slew rate ;
; MUX_INPUT1[17] ; Missing drive strength and slew rate ;
; MUX_INPUT1[16] ; Missing drive strength and slew rate ;
; MUX_INPUT1[15] ; Missing drive strength and slew rate ;
; MUX_INPUT1[14] ; Missing drive strength and slew rate ;
; MUX_INPUT1[13] ; Missing drive strength and slew rate ;
; MUX_INPUT1[12] ; Missing drive strength and slew rate ;
; MUX_INPUT1[11] ; Missing drive strength and slew rate ;
; MUX_INPUT1[10] ; Missing drive strength and slew rate ;
; MUX_INPUT1[9]  ; Missing drive strength and slew rate ;
; MUX_INPUT1[8]  ; Missing drive strength and slew rate ;
; MUX_INPUT1[7]  ; Missing drive strength and slew rate ;
; MUX_INPUT1[6]  ; Missing drive strength and slew rate ;
; MUX_INPUT1[5]  ; Missing drive strength and slew rate ;
; MUX_INPUT1[4]  ; Missing drive strength and slew rate ;
; MUX_INPUT1[3]  ; Missing drive strength and slew rate ;
; MUX_INPUT1[2]  ; Missing drive strength and slew rate ;
; MUX_INPUT1[1]  ; Missing drive strength and slew rate ;
; MUX_INPUT1[0]  ; Missing drive strength and slew rate ;
; MUX_INPUT2[31] ; Missing drive strength and slew rate ;
; MUX_INPUT2[30] ; Missing drive strength and slew rate ;
; MUX_INPUT2[29] ; Missing drive strength and slew rate ;
; MUX_INPUT2[28] ; Missing drive strength and slew rate ;
; MUX_INPUT2[27] ; Missing drive strength and slew rate ;
; MUX_INPUT2[26] ; Missing drive strength and slew rate ;
; MUX_INPUT2[25] ; Missing drive strength and slew rate ;
; MUX_INPUT2[24] ; Missing drive strength and slew rate ;
; MUX_INPUT2[23] ; Missing drive strength and slew rate ;
; MUX_INPUT2[22] ; Missing drive strength and slew rate ;
; MUX_INPUT2[21] ; Missing drive strength and slew rate ;
; MUX_INPUT2[20] ; Missing drive strength and slew rate ;
; MUX_INPUT2[19] ; Missing drive strength and slew rate ;
; MUX_INPUT2[18] ; Missing drive strength and slew rate ;
; MUX_INPUT2[17] ; Missing drive strength and slew rate ;
; MUX_INPUT2[16] ; Missing drive strength and slew rate ;
; MUX_INPUT2[15] ; Missing drive strength and slew rate ;
; MUX_INPUT2[14] ; Missing drive strength and slew rate ;
; MUX_INPUT2[13] ; Missing drive strength and slew rate ;
; MUX_INPUT2[12] ; Missing drive strength and slew rate ;
; MUX_INPUT2[11] ; Missing drive strength and slew rate ;
; MUX_INPUT2[10] ; Missing drive strength and slew rate ;
; MUX_INPUT2[9]  ; Missing drive strength and slew rate ;
; MUX_INPUT2[8]  ; Missing drive strength and slew rate ;
; MUX_INPUT2[7]  ; Missing drive strength and slew rate ;
; MUX_INPUT2[6]  ; Missing drive strength and slew rate ;
; MUX_INPUT2[5]  ; Missing drive strength and slew rate ;
; MUX_INPUT2[4]  ; Missing drive strength and slew rate ;
; MUX_INPUT2[3]  ; Missing drive strength and slew rate ;
; MUX_INPUT2[2]  ; Missing drive strength and slew rate ;
; MUX_INPUT2[1]  ; Missing drive strength and slew rate ;
; MUX_INPUT2[0]  ; Missing drive strength and slew rate ;
; MUX_INPUT3[27] ; Missing drive strength and slew rate ;
; MUX_INPUT3[26] ; Missing drive strength and slew rate ;
; MUX_INPUT3[25] ; Missing drive strength and slew rate ;
; MUX_INPUT3[24] ; Missing drive strength and slew rate ;
; MUX_INPUT3[23] ; Missing drive strength and slew rate ;
; MUX_INPUT3[22] ; Missing drive strength and slew rate ;
; MUX_INPUT3[21] ; Missing drive strength and slew rate ;
; MUX_INPUT3[20] ; Missing drive strength and slew rate ;
; MUX_INPUT3[19] ; Missing drive strength and slew rate ;
; MUX_INPUT3[18] ; Missing drive strength and slew rate ;
; MUX_INPUT3[17] ; Missing drive strength and slew rate ;
; MUX_INPUT3[16] ; Missing drive strength and slew rate ;
; MUX_INPUT3[15] ; Missing drive strength and slew rate ;
; MUX_INPUT3[14] ; Missing drive strength and slew rate ;
; MUX_INPUT3[13] ; Missing drive strength and slew rate ;
; MUX_INPUT3[12] ; Missing drive strength and slew rate ;
; MUX_INPUT3[11] ; Missing drive strength and slew rate ;
; MUX_INPUT3[10] ; Missing drive strength and slew rate ;
; MUX_INPUT3[9]  ; Missing drive strength and slew rate ;
; MUX_INPUT3[8]  ; Missing drive strength and slew rate ;
; MUX_INPUT3[7]  ; Missing drive strength and slew rate ;
; MUX_INPUT3[6]  ; Missing drive strength and slew rate ;
; MUX_INPUT3[5]  ; Missing drive strength and slew rate ;
; MUX_INPUT3[4]  ; Missing drive strength and slew rate ;
; MUX_INPUT3[3]  ; Missing drive strength and slew rate ;
; MUX_INPUT3[2]  ; Missing drive strength and slew rate ;
; MUX_INPUT3[1]  ; Missing drive strength and slew rate ;
; MUX_INPUT3[0]  ; Missing drive strength and slew rate ;
; MUX_INPUT4[31] ; Missing drive strength and slew rate ;
; MUX_INPUT4[30] ; Missing drive strength and slew rate ;
; MUX_INPUT4[29] ; Missing drive strength and slew rate ;
; MUX_INPUT4[28] ; Missing drive strength and slew rate ;
; MUX_INPUT4[27] ; Missing drive strength and slew rate ;
; MUX_INPUT4[26] ; Missing drive strength and slew rate ;
; MUX_INPUT4[25] ; Missing drive strength and slew rate ;
; MUX_INPUT4[24] ; Missing drive strength and slew rate ;
; MUX_INPUT4[23] ; Missing drive strength and slew rate ;
; MUX_INPUT4[22] ; Missing drive strength and slew rate ;
; MUX_INPUT4[21] ; Missing drive strength and slew rate ;
; MUX_INPUT4[20] ; Missing drive strength and slew rate ;
; MUX_INPUT4[19] ; Missing drive strength and slew rate ;
; MUX_INPUT4[18] ; Missing drive strength and slew rate ;
; MUX_INPUT4[17] ; Missing drive strength and slew rate ;
; MUX_INPUT4[16] ; Missing drive strength and slew rate ;
; MUX_INPUT4[15] ; Missing drive strength and slew rate ;
; MUX_INPUT4[14] ; Missing drive strength and slew rate ;
; MUX_INPUT4[13] ; Missing drive strength and slew rate ;
; MUX_INPUT4[12] ; Missing drive strength and slew rate ;
; MUX_INPUT4[11] ; Missing drive strength and slew rate ;
; MUX_INPUT4[10] ; Missing drive strength and slew rate ;
; MUX_INPUT4[9]  ; Missing drive strength and slew rate ;
; MUX_INPUT4[8]  ; Missing drive strength and slew rate ;
; MUX_INPUT4[7]  ; Missing drive strength and slew rate ;
; MUX_INPUT4[6]  ; Missing drive strength and slew rate ;
; MUX_INPUT4[5]  ; Missing drive strength and slew rate ;
; MUX_INPUT4[4]  ; Missing drive strength and slew rate ;
; MUX_INPUT4[3]  ; Missing drive strength and slew rate ;
; MUX_INPUT4[2]  ; Missing drive strength and slew rate ;
; MUX_INPUT4[1]  ; Missing drive strength and slew rate ;
; MUX_INPUT4[0]  ; Missing drive strength and slew rate ;
; PC[31]         ; Missing drive strength and slew rate ;
; PC[30]         ; Missing drive strength and slew rate ;
; PC[29]         ; Missing drive strength and slew rate ;
; PC[28]         ; Missing drive strength and slew rate ;
; PC[27]         ; Missing drive strength and slew rate ;
; PC[26]         ; Missing drive strength and slew rate ;
; PC[25]         ; Missing drive strength and slew rate ;
; PC[24]         ; Missing drive strength and slew rate ;
; PC[23]         ; Missing drive strength and slew rate ;
; PC[22]         ; Missing drive strength and slew rate ;
; PC[21]         ; Missing drive strength and slew rate ;
; PC[20]         ; Missing drive strength and slew rate ;
; PC[19]         ; Missing drive strength and slew rate ;
; PC[18]         ; Missing drive strength and slew rate ;
; PC[17]         ; Missing drive strength and slew rate ;
; PC[16]         ; Missing drive strength and slew rate ;
; PC[15]         ; Missing drive strength and slew rate ;
; PC[14]         ; Missing drive strength and slew rate ;
; PC[13]         ; Missing drive strength and slew rate ;
; PC[12]         ; Missing drive strength and slew rate ;
; PC[11]         ; Missing drive strength and slew rate ;
; PC[10]         ; Missing drive strength and slew rate ;
; PC[9]          ; Missing drive strength and slew rate ;
; PC[8]          ; Missing drive strength and slew rate ;
; PC[7]          ; Missing drive strength and slew rate ;
; PC[6]          ; Missing drive strength and slew rate ;
; PC[5]          ; Missing drive strength and slew rate ;
; PC[4]          ; Missing drive strength and slew rate ;
; PC[3]          ; Missing drive strength and slew rate ;
; PC[2]          ; Missing drive strength and slew rate ;
; PC[1]          ; Missing drive strength and slew rate ;
; PC[0]          ; Missing drive strength and slew rate ;
; PCplus4[31]    ; Missing drive strength and slew rate ;
; PCplus4[30]    ; Missing drive strength and slew rate ;
; PCplus4[29]    ; Missing drive strength and slew rate ;
; PCplus4[28]    ; Missing drive strength and slew rate ;
; PCplus4[27]    ; Missing drive strength and slew rate ;
; PCplus4[26]    ; Missing drive strength and slew rate ;
; PCplus4[25]    ; Missing drive strength and slew rate ;
; PCplus4[24]    ; Missing drive strength and slew rate ;
; PCplus4[23]    ; Missing drive strength and slew rate ;
; PCplus4[22]    ; Missing drive strength and slew rate ;
; PCplus4[21]    ; Missing drive strength and slew rate ;
; PCplus4[20]    ; Missing drive strength and slew rate ;
; PCplus4[19]    ; Missing drive strength and slew rate ;
; PCplus4[18]    ; Missing drive strength and slew rate ;
; PCplus4[17]    ; Missing drive strength and slew rate ;
; PCplus4[16]    ; Missing drive strength and slew rate ;
; PCplus4[15]    ; Missing drive strength and slew rate ;
; PCplus4[14]    ; Missing drive strength and slew rate ;
; PCplus4[13]    ; Missing drive strength and slew rate ;
; PCplus4[12]    ; Missing drive strength and slew rate ;
; PCplus4[11]    ; Missing drive strength and slew rate ;
; PCplus4[10]    ; Missing drive strength and slew rate ;
; PCplus4[9]     ; Missing drive strength and slew rate ;
; PCplus4[8]     ; Missing drive strength and slew rate ;
; PCplus4[7]     ; Missing drive strength and slew rate ;
; PCplus4[6]     ; Missing drive strength and slew rate ;
; PCplus4[5]     ; Missing drive strength and slew rate ;
; PCplus4[4]     ; Missing drive strength and slew rate ;
; PCplus4[3]     ; Missing drive strength and slew rate ;
; PCplus4[2]     ; Missing drive strength and slew rate ;
; PCplus4[1]     ; Missing drive strength and slew rate ;
; PCplus4[0]     ; Missing drive strength and slew rate ;
; RD1[31]        ; Missing drive strength and slew rate ;
; RD1[30]        ; Missing drive strength and slew rate ;
; RD1[29]        ; Missing drive strength and slew rate ;
; RD1[28]        ; Missing drive strength and slew rate ;
; RD1[27]        ; Missing drive strength and slew rate ;
; RD1[26]        ; Missing drive strength and slew rate ;
; RD1[25]        ; Missing drive strength and slew rate ;
; RD1[24]        ; Missing drive strength and slew rate ;
; RD1[23]        ; Missing drive strength and slew rate ;
; RD1[22]        ; Missing drive strength and slew rate ;
; RD1[21]        ; Missing drive strength and slew rate ;
; RD1[20]        ; Missing drive strength and slew rate ;
; RD1[19]        ; Missing drive strength and slew rate ;
; RD1[18]        ; Missing drive strength and slew rate ;
; RD1[17]        ; Missing drive strength and slew rate ;
; RD1[16]        ; Missing drive strength and slew rate ;
; RD1[15]        ; Missing drive strength and slew rate ;
; RD1[14]        ; Missing drive strength and slew rate ;
; RD1[13]        ; Missing drive strength and slew rate ;
; RD1[12]        ; Missing drive strength and slew rate ;
; RD1[11]        ; Missing drive strength and slew rate ;
; RD1[10]        ; Missing drive strength and slew rate ;
; RD1[9]         ; Missing drive strength and slew rate ;
; RD1[8]         ; Missing drive strength and slew rate ;
; RD1[7]         ; Missing drive strength and slew rate ;
; RD1[6]         ; Missing drive strength and slew rate ;
; RD1[5]         ; Missing drive strength and slew rate ;
; RD1[4]         ; Missing drive strength and slew rate ;
; RD1[3]         ; Missing drive strength and slew rate ;
; RD1[2]         ; Missing drive strength and slew rate ;
; RD1[1]         ; Missing drive strength and slew rate ;
; RD1[0]         ; Missing drive strength and slew rate ;
; RD2[31]        ; Missing drive strength and slew rate ;
; RD2[30]        ; Missing drive strength and slew rate ;
; RD2[29]        ; Missing drive strength and slew rate ;
; RD2[28]        ; Missing drive strength and slew rate ;
; RD2[27]        ; Missing drive strength and slew rate ;
; RD2[26]        ; Missing drive strength and slew rate ;
; RD2[25]        ; Missing drive strength and slew rate ;
; RD2[24]        ; Missing drive strength and slew rate ;
; RD2[23]        ; Missing drive strength and slew rate ;
; RD2[22]        ; Missing drive strength and slew rate ;
; RD2[21]        ; Missing drive strength and slew rate ;
; RD2[20]        ; Missing drive strength and slew rate ;
; RD2[19]        ; Missing drive strength and slew rate ;
; RD2[18]        ; Missing drive strength and slew rate ;
; RD2[17]        ; Missing drive strength and slew rate ;
; RD2[16]        ; Missing drive strength and slew rate ;
; RD2[15]        ; Missing drive strength and slew rate ;
; RD2[14]        ; Missing drive strength and slew rate ;
; RD2[13]        ; Missing drive strength and slew rate ;
; RD2[12]        ; Missing drive strength and slew rate ;
; RD2[11]        ; Missing drive strength and slew rate ;
; RD2[10]        ; Missing drive strength and slew rate ;
; RD2[9]         ; Missing drive strength and slew rate ;
; RD2[8]         ; Missing drive strength and slew rate ;
; RD2[7]         ; Missing drive strength and slew rate ;
; RD2[6]         ; Missing drive strength and slew rate ;
; RD2[5]         ; Missing drive strength and slew rate ;
; RD2[4]         ; Missing drive strength and slew rate ;
; RD2[3]         ; Missing drive strength and slew rate ;
; RD2[2]         ; Missing drive strength and slew rate ;
; RD2[1]         ; Missing drive strength and slew rate ;
; RD2[0]         ; Missing drive strength and slew rate ;
+----------------+--------------------------------------+


+----------------------------------------------+
; Incremental Compilation Preservation Summary ;
+---------------------+------------------------+
; Type                ; Value                  ;
+---------------------+------------------------+
; Placement (by node) ;                        ;
;     -- Requested    ; 0 / 12282 ( 0.00 % )   ;
;     -- Achieved     ; 0 / 12282 ( 0.00 % )   ;
;                     ;                        ;
; Routing (by net)    ;                        ;
;     -- Requested    ; 0 / 0 ( 0.00 % )       ;
;     -- Achieved     ; 0 / 0 ( 0.00 % )       ;
+---------------------+------------------------+


+----------------------------------------------------------------------------------------------------------------------------------------------------------------------------------------+
; Incremental Compilation Partition Settings                                                                                                                                             ;
+--------------------------------+----------------+-------------------+-------------------------+------------------------+------------------------------+--------------------------------+
; Partition Name                 ; Partition Type ; Netlist Type Used ; Preservation Level Used ; Netlist Type Requested ; Preservation Level Requested ; Contents                       ;
+--------------------------------+----------------+-------------------+-------------------------+------------------------+------------------------------+--------------------------------+
; Top                            ; User-created   ; Source File       ; N/A                     ; Source File            ; N/A                          ;                                ;
; hard_block:auto_generated_inst ; Auto-generated ; Source File       ; N/A                     ; Source File            ; N/A                          ; hard_block:auto_generated_inst ;
+--------------------------------+----------------+-------------------+-------------------------+------------------------+------------------------------+--------------------------------+


+------------------------------------------------------------------------------------------------------------+
; Incremental Compilation Placement Preservation                                                             ;
+--------------------------------+---------+-------------------+-------------------------+-------------------+
; Partition Name                 ; # Nodes ; # Preserved Nodes ; Preservation Level Used ; Netlist Type Used ;
+--------------------------------+---------+-------------------+-------------------------+-------------------+
; Top                            ; 12272   ; 0                 ; N/A                     ; Source File       ;
; hard_block:auto_generated_inst ; 10      ; 0                 ; N/A                     ; Source File       ;
+--------------------------------+---------+-------------------+-------------------------+-------------------+


+--------------+
; Pin-Out File ;
+--------------+
The pin-out file can be found in C:/Users/aluno/Documents/PINTO/MIPS-Project/output_files/PROJETO.pin.


+-------------------------------------------------------------------------+
; Fitter Resource Usage Summary                                           ;
+---------------------------------------------+---------------------------+
; Resource                                    ; Usage                     ;
+---------------------------------------------+---------------------------+
; Total logic elements                        ; 11,466 / 114,480 ( 10 % ) ;
;     -- Combinational with no register       ; 11330                     ;
;     -- Register only                        ; 17                        ;
;     -- Combinational with a register        ; 119                       ;
;                                             ;                           ;
; Logic element usage by number of LUT inputs ;                           ;
;     -- 4 input functions                    ; 3227                      ;
;     -- 3 input functions                    ; 3579                      ;
;     -- <=2 input functions                  ; 4643                      ;
;     -- Register only                        ; 17                        ;
;                                             ;                           ;
; Logic elements by mode                      ;                           ;
;     -- normal mode                          ; 7751                      ;
;     -- arithmetic mode                      ; 3698                      ;
;                                             ;                           ;
; Total registers*                            ; 136 / 117,053 ( < 1 % )   ;
;     -- Dedicated logic registers            ; 136 / 114,480 ( < 1 % )   ;
;     -- I/O registers                        ; 0 / 2,573 ( 0 % )         ;
;                                             ;                           ;
; Total LABs:  partially or completely used   ; 845 / 7,155 ( 12 % )      ;
; Virtual pins                                ; 0                         ;
; I/O pins                                    ; 342 / 529 ( 65 % )        ;
;     -- Clock pins                           ; 2 / 7 ( 29 % )            ;
;     -- Dedicated input pins                 ; 0 / 9 ( 0 % )             ;
;                                             ;                           ;
; Global signals                              ; 2                         ;
; M9Ks                                        ; 0 / 432 ( 0 % )           ;
; Total block memory bits                     ; 0 / 3,981,312 ( 0 % )     ;
; Total block memory implementation bits      ; 0 / 3,981,312 ( 0 % )     ;
; Embedded Multiplier 9-bit elements          ; 0 / 532 ( 0 % )           ;
; PLLs                                        ; 0 / 4 ( 0 % )             ;
; Global clocks                               ; 2 / 20 ( 10 % )           ;
; JTAGs                                       ; 0 / 1 ( 0 % )             ;
; CRC blocks                                  ; 0 / 1 ( 0 % )             ;
; ASMI blocks                                 ; 0 / 1 ( 0 % )             ;
; Impedance control blocks                    ; 0 / 4 ( 0 % )             ;
; Average interconnect usage (total/H/V)      ; 2% / 2% / 3%              ;
; Peak interconnect usage (total/H/V)         ; 18% / 16% / 19%           ;
; Maximum fan-out                             ; 136                       ;
; Highest non-global fan-out                  ; 90                        ;
; Total fan-out                               ; 33042                     ;
; Average fan-out                             ; 2.69                      ;
+---------------------------------------------+---------------------------+
*  Register count does not include registers inside RAM blocks or DSP blocks.



+--------------------------------------------------------------------------------------------------------+
; Fitter Partition Statistics                                                                            ;
+---------------------------------------------+-------------------------+--------------------------------+
; Statistic                                   ; Top                     ; hard_block:auto_generated_inst ;
+---------------------------------------------+-------------------------+--------------------------------+
; Difficulty Clustering Region                ; Low                     ; Low                            ;
;                                             ;                         ;                                ;
; Total logic elements                        ; 11466 / 114480 ( 10 % ) ; 0 / 114480 ( 0 % )             ;
;     -- Combinational with no register       ; 11330                   ; 0                              ;
;     -- Register only                        ; 17                      ; 0                              ;
;     -- Combinational with a register        ; 119                     ; 0                              ;
;                                             ;                         ;                                ;
; Logic element usage by number of LUT inputs ;                         ;                                ;
;     -- 4 input functions                    ; 3227                    ; 0                              ;
;     -- 3 input functions                    ; 3579                    ; 0                              ;
;     -- <=2 input functions                  ; 4643                    ; 0                              ;
;     -- Register only                        ; 17                      ; 0                              ;
;                                             ;                         ;                                ;
; Logic elements by mode                      ;                         ;                                ;
;     -- normal mode                          ; 7751                    ; 0                              ;
;     -- arithmetic mode                      ; 3698                    ; 0                              ;
;                                             ;                         ;                                ;
; Total registers                             ; 136                     ; 0                              ;
;     -- Dedicated logic registers            ; 136 / 114480 ( < 1 % )  ; 0 / 114480 ( 0 % )             ;
;                                             ;                         ;                                ;
; Total LABs:  partially or completely used   ; 845 / 7155 ( 12 % )     ; 0 / 7155 ( 0 % )               ;
;                                             ;                         ;                                ;
; Virtual pins                                ; 0                       ; 0                              ;
; I/O pins                                    ; 342                     ; 0                              ;
; Embedded Multiplier 9-bit elements          ; 0 / 532 ( 0 % )         ; 0 / 532 ( 0 % )                ;
; Total memory bits                           ; 0                       ; 0                              ;
; Total RAM block bits                        ; 0                       ; 0                              ;
; Clock control block                         ; 2 / 24 ( 8 % )          ; 0 / 24 ( 0 % )                 ;
;                                             ;                         ;                                ;
; Connections                                 ;                         ;                                ;
;     -- Input Connections                    ; 0                       ; 0                              ;
;     -- Registered Input Connections         ; 0                       ; 0                              ;
;     -- Output Connections                   ; 0                       ; 0                              ;
;     -- Registered Output Connections        ; 0                       ; 0                              ;
;                                             ;                         ;                                ;
; Internal Connections                        ;                         ;                                ;
;     -- Total Connections                    ; 33037                   ; 5                              ;
;     -- Registered Connections               ; 471                     ; 0                              ;
;                                             ;                         ;                                ;
; External Connections                        ;                         ;                                ;
;     -- Top                                  ; 0                       ; 0                              ;
;     -- hard_block:auto_generated_inst       ; 0                       ; 0                              ;
;                                             ;                         ;                                ;
; Partition Interface                         ;                         ;                                ;
;     -- Input Ports                          ; 2                       ; 0                              ;
;     -- Output Ports                         ; 340                     ; 0                              ;
;     -- Bidir Ports                          ; 0                       ; 0                              ;
;                                             ;                         ;                                ;
; Registered Ports                            ;                         ;                                ;
;     -- Registered Input Ports               ; 0                       ; 0                              ;
;     -- Registered Output Ports              ; 0                       ; 0                              ;
;                                             ;                         ;                                ;
; Port Connectivity                           ;                         ;                                ;
;     -- Input Ports driven by GND            ; 0                       ; 0                              ;
;     -- Output Ports driven by GND           ; 0                       ; 0                              ;
;     -- Input Ports driven by VCC            ; 0                       ; 0                              ;
;     -- Output Ports driven by VCC           ; 0                       ; 0                              ;
;     -- Input Ports with no Source           ; 0                       ; 0                              ;
;     -- Output Ports with no Source          ; 0                       ; 0                              ;
;     -- Input Ports with no Fanout           ; 0                       ; 0                              ;
;     -- Output Ports with no Fanout          ; 0                       ; 0                              ;
+---------------------------------------------+-------------------------+--------------------------------+


+----------------------------------------------------------------------------------------------------------------------------------------------------------------------------------------------------------------------------------------------------------------------------+
; Input Pins                                                                                                                                                                                                                                                                 ;
+-------+-------+----------+--------------+--------------+--------------+-----------------------+--------------------+--------+----------------+---------------+-----------------+----------+--------------+--------------+---------------------------+----------------------+
; Name  ; Pin # ; I/O Bank ; X coordinate ; Y coordinate ; Z coordinate ; Combinational Fan-Out ; Registered Fan-Out ; Global ; Input Register ; Power Up High ; PCI I/O Enabled ; Bus Hold ; Weak Pull Up ; I/O Standard ; Termination Control Block ; Location assigned by ;
+-------+-------+----------+--------------+--------------+--------------+-----------------------+--------------------+--------+----------------+---------------+-----------------+----------+--------------+--------------+---------------------------+----------------------+
; Clock ; J1    ; 1        ; 0            ; 36           ; 7            ; 136                   ; 0                  ; yes    ; no             ; no            ; yes             ; no       ; Off          ; 2.5 V        ; --                        ; Fitter               ;
; Reset ; Y2    ; 2        ; 0            ; 36           ; 14           ; 8                     ; 0                  ; yes    ; no             ; no            ; yes             ; no       ; Off          ; 2.5 V        ; --                        ; Fitter               ;
+-------+-------+----------+--------------+--------------+--------------+-----------------------+--------------------+--------+----------------+---------------+-----------------+----------+--------------+--------------+---------------------------+----------------------+


+-----------------------------------------------------------------------------------------------------------------------------------------------------------------------------------------------------------------------------------------------------------------------------------------------------------------------------------------------------------------------------------------------------------------------------------------------------------------+
; Output Pins                                                                                                                                                                                                                                                                                                                                                                                                                                                     ;
+----------------+-------+----------+--------------+--------------+--------------+-----------------+------------------------+---------------+-----------+-----------------+------------+---------------+----------+--------------+--------------+------------------+-----------------------------------+---------------------------+----------------------------+-----------------------------+----------------------+----------------------+---------------------+
; Name           ; Pin # ; I/O Bank ; X coordinate ; Y coordinate ; Z coordinate ; Output Register ; Output Enable Register ; Power Up High ; Slew Rate ; PCI I/O Enabled ; Open Drain ; TRI Primitive ; Bus Hold ; Weak Pull Up ; I/O Standard ; Current Strength ; Termination                       ; Termination Control Block ; Output Buffer Pre-emphasis ; Voltage Output Differential ; Location assigned by ; Output Enable Source ; Output Enable Group ;
+----------------+-------+----------+--------------+--------------+--------------+-----------------+------------------------+---------------+-----------+-----------------+------------+---------------+----------+--------------+--------------+------------------+-----------------------------------+---------------------------+----------------------------+-----------------------------+----------------------+----------------------+---------------------+
; ALU_result[0]  ; B7    ; 8        ; 29           ; 73           ; 7            ; no              ; no                     ; no            ; 2         ; no              ; no         ; no            ; no       ; Off          ; 2.5 V        ; Default          ; Series 50 Ohm without Calibration ; --                        ; no                         ; no                          ; Fitter               ; -                    ; -                   ;
; ALU_result[10] ; A10   ; 8        ; 38           ; 73           ; 0            ; no              ; no                     ; no            ; 2         ; no              ; no         ; no            ; no       ; Off          ; 2.5 V        ; Default          ; Series 50 Ohm without Calibration ; --                        ; no                         ; no                          ; Fitter               ; -                    ; -                   ;
; ALU_result[11] ; G13   ; 8        ; 38           ; 73           ; 14           ; no              ; no                     ; no            ; 2         ; no              ; no         ; no            ; no       ; Off          ; 2.5 V        ; Default          ; Series 50 Ohm without Calibration ; --                        ; no                         ; no                          ; Fitter               ; -                    ; -                   ;
; ALU_result[12] ; J12   ; 8        ; 40           ; 73           ; 7            ; no              ; no                     ; no            ; 2         ; no              ; no         ; no            ; no       ; Off          ; 2.5 V        ; Default          ; Series 50 Ohm without Calibration ; --                        ; no                         ; no                          ; Fitter               ; -                    ; -                   ;
; ALU_result[13] ; J13   ; 8        ; 40           ; 73           ; 0            ; no              ; no                     ; no            ; 2         ; no              ; no         ; no            ; no       ; Off          ; 2.5 V        ; Default          ; Series 50 Ohm without Calibration ; --                        ; no                         ; no                          ; Fitter               ; -                    ; -                   ;
; ALU_result[14] ; B10   ; 8        ; 38           ; 73           ; 7            ; no              ; no                     ; no            ; 2         ; no              ; no         ; no            ; no       ; Off          ; 2.5 V        ; Default          ; Series 50 Ohm without Calibration ; --                        ; no                         ; no                          ; Fitter               ; -                    ; -                   ;
; ALU_result[15] ; A11   ; 8        ; 42           ; 73           ; 0            ; no              ; no                     ; no            ; 2         ; no              ; no         ; no            ; no       ; Off          ; 2.5 V        ; Default          ; Series 50 Ohm without Calibration ; --                        ; no                         ; no                          ; Fitter               ; -                    ; -                   ;
; ALU_result[16] ; F14   ; 8        ; 45           ; 73           ; 0            ; no              ; no                     ; no            ; 2         ; no              ; no         ; no            ; no       ; Off          ; 2.5 V        ; Default          ; Series 50 Ohm without Calibration ; --                        ; no                         ; no                          ; Fitter               ; -                    ; -                   ;
; ALU_result[17] ; E14   ; 8        ; 45           ; 73           ; 7            ; no              ; no                     ; no            ; 2         ; no              ; no         ; no            ; no       ; Off          ; 2.5 V        ; Default          ; Series 50 Ohm without Calibration ; --                        ; no                         ; no                          ; Fitter               ; -                    ; -                   ;
; ALU_result[18] ; D15   ; 7        ; 58           ; 73           ; 21           ; no              ; no                     ; no            ; 2         ; no              ; no         ; no            ; no       ; Off          ; 2.5 V        ; Default          ; Series 50 Ohm without Calibration ; --                        ; no                         ; no                          ; Fitter               ; -                    ; -                   ;
; ALU_result[19] ; G15   ; 7        ; 65           ; 73           ; 7            ; no              ; no                     ; no            ; 2         ; no              ; no         ; no            ; no       ; Off          ; 2.5 V        ; Default          ; Series 50 Ohm without Calibration ; --                        ; no                         ; no                          ; Fitter               ; -                    ; -                   ;
; ALU_result[1]  ; A6    ; 8        ; 27           ; 73           ; 14           ; no              ; no                     ; no            ; 2         ; no              ; no         ; no            ; no       ; Off          ; 2.5 V        ; Default          ; Series 50 Ohm without Calibration ; --                        ; no                         ; no                          ; Fitter               ; -                    ; -                   ;
; ALU_result[20] ; C15   ; 7        ; 58           ; 73           ; 14           ; no              ; no                     ; no            ; 2         ; no              ; no         ; no            ; no       ; Off          ; 2.5 V        ; Default          ; Series 50 Ohm without Calibration ; --                        ; no                         ; no                          ; Fitter               ; -                    ; -                   ;
; ALU_result[21] ; F15   ; 7        ; 58           ; 73           ; 0            ; no              ; no                     ; no            ; 2         ; no              ; no         ; no            ; no       ; Off          ; 2.5 V        ; Default          ; Series 50 Ohm without Calibration ; --                        ; no                         ; no                          ; Fitter               ; -                    ; -                   ;
; ALU_result[22] ; D13   ; 8        ; 54           ; 73           ; 7            ; no              ; no                     ; no            ; 2         ; no              ; no         ; no            ; no       ; Off          ; 2.5 V        ; Default          ; Series 50 Ohm without Calibration ; --                        ; no                         ; no                          ; Fitter               ; -                    ; -                   ;
; ALU_result[23] ; D12   ; 8        ; 52           ; 73           ; 21           ; no              ; no                     ; no            ; 2         ; no              ; no         ; no            ; no       ; Off          ; 2.5 V        ; Default          ; Series 50 Ohm without Calibration ; --                        ; no                         ; no                          ; Fitter               ; -                    ; -                   ;
; ALU_result[24] ; C14   ; 8        ; 52           ; 73           ; 0            ; no              ; no                     ; no            ; 2         ; no              ; no         ; no            ; no       ; Off          ; 2.5 V        ; Default          ; Series 50 Ohm without Calibration ; --                        ; no                         ; no                          ; Fitter               ; -                    ; -                   ;
; ALU_result[25] ; H15   ; 7        ; 60           ; 73           ; 14           ; no              ; no                     ; no            ; 2         ; no              ; no         ; no            ; no       ; Off          ; 2.5 V        ; Default          ; Series 50 Ohm without Calibration ; --                        ; no                         ; no                          ; Fitter               ; -                    ; -                   ;
; ALU_result[26] ; C13   ; 8        ; 54           ; 73           ; 0            ; no              ; no                     ; no            ; 2         ; no              ; no         ; no            ; no       ; Off          ; 2.5 V        ; Default          ; Series 50 Ohm without Calibration ; --                        ; no                         ; no                          ; Fitter               ; -                    ; -                   ;
; ALU_result[27] ; D14   ; 8        ; 52           ; 73           ; 7            ; no              ; no                     ; no            ; 2         ; no              ; no         ; no            ; no       ; Off          ; 2.5 V        ; Default          ; Series 50 Ohm without Calibration ; --                        ; no                         ; no                          ; Fitter               ; -                    ; -                   ;
; ALU_result[28] ; E15   ; 7        ; 58           ; 73           ; 7            ; no              ; no                     ; no            ; 2         ; no              ; no         ; no            ; no       ; Off          ; 2.5 V        ; Default          ; Series 50 Ohm without Calibration ; --                        ; no                         ; no                          ; Fitter               ; -                    ; -                   ;
; ALU_result[29] ; J15   ; 7        ; 60           ; 73           ; 21           ; no              ; no                     ; no            ; 2         ; no              ; no         ; no            ; no       ; Off          ; 2.5 V        ; Default          ; Series 50 Ohm without Calibration ; --                        ; no                         ; no                          ; Fitter               ; -                    ; -                   ;
; ALU_result[2]  ; F8    ; 8        ; 11           ; 73           ; 7            ; no              ; no                     ; no            ; 2         ; no              ; no         ; no            ; no       ; Off          ; 2.5 V        ; Default          ; Series 50 Ohm without Calibration ; --                        ; no                         ; no                          ; Fitter               ; -                    ; -                   ;
; ALU_result[30] ; C16   ; 7        ; 62           ; 73           ; 14           ; no              ; no                     ; no            ; 2         ; no              ; no         ; no            ; no       ; Off          ; 2.5 V        ; Default          ; Series 50 Ohm without Calibration ; --                        ; no                         ; no                          ; Fitter               ; -                    ; -                   ;
; ALU_result[31] ; H16   ; 7        ; 65           ; 73           ; 21           ; no              ; no                     ; no            ; 2         ; no              ; no         ; no            ; no       ; Off          ; 2.5 V        ; Default          ; Series 50 Ohm without Calibration ; --                        ; no                         ; no                          ; Fitter               ; -                    ; -                   ;
; ALU_result[3]  ; F11   ; 8        ; 31           ; 73           ; 7            ; no              ; no                     ; no            ; 2         ; no              ; no         ; no            ; no       ; Off          ; 2.5 V        ; Default          ; Series 50 Ohm without Calibration ; --                        ; no                         ; no                          ; Fitter               ; -                    ; -                   ;
; ALU_result[4]  ; C11   ; 8        ; 23           ; 73           ; 0            ; no              ; no                     ; no            ; 2         ; no              ; no         ; no            ; no       ; Off          ; 2.5 V        ; Default          ; Series 50 Ohm without Calibration ; --                        ; no                         ; no                          ; Fitter               ; -                    ; -                   ;
; ALU_result[5]  ; A17   ; 7        ; 60           ; 73           ; 0            ; no              ; no                     ; no            ; 2         ; no              ; no         ; no            ; no       ; Off          ; 2.5 V        ; Default          ; Series 50 Ohm without Calibration ; --                        ; no                         ; no                          ; Fitter               ; -                    ; -                   ;
; ALU_result[6]  ; F12   ; 8        ; 33           ; 73           ; 7            ; no              ; no                     ; no            ; 2         ; no              ; no         ; no            ; no       ; Off          ; 2.5 V        ; Default          ; Series 50 Ohm without Calibration ; --                        ; no                         ; no                          ; Fitter               ; -                    ; -                   ;
; ALU_result[7]  ; E11   ; 8        ; 31           ; 73           ; 0            ; no              ; no                     ; no            ; 2         ; no              ; no         ; no            ; no       ; Off          ; 2.5 V        ; Default          ; Series 50 Ohm without Calibration ; --                        ; no                         ; no                          ; Fitter               ; -                    ; -                   ;
; ALU_result[8]  ; C10   ; 8        ; 35           ; 73           ; 14           ; no              ; no                     ; no            ; 2         ; no              ; no         ; no            ; no       ; Off          ; 2.5 V        ; Default          ; Series 50 Ohm without Calibration ; --                        ; no                         ; no                          ; Fitter               ; -                    ; -                   ;
; ALU_result[9]  ; E12   ; 8        ; 33           ; 73           ; 0            ; no              ; no                     ; no            ; 2         ; no              ; no         ; no            ; no       ; Off          ; 2.5 V        ; Default          ; Series 50 Ohm without Calibration ; --                        ; no                         ; no                          ; Fitter               ; -                    ; -                   ;
; HEX0[0]        ; H7    ; 1        ; 0            ; 68           ; 14           ; no              ; no                     ; no            ; 2         ; no              ; no         ; no            ; no       ; Off          ; 2.5 V        ; Default          ; Series 50 Ohm without Calibration ; --                        ; no                         ; no                          ; Fitter               ; -                    ; -                   ;
; HEX0[1]        ; C9    ; 8        ; 23           ; 73           ; 14           ; no              ; no                     ; no            ; 2         ; no              ; no         ; no            ; no       ; Off          ; 2.5 V        ; Default          ; Series 50 Ohm without Calibration ; --                        ; no                         ; no                          ; Fitter               ; -                    ; -                   ;
; HEX0[2]        ; B6    ; 8        ; 27           ; 73           ; 21           ; no              ; no                     ; no            ; 2         ; no              ; no         ; no            ; no       ; Off          ; 2.5 V        ; Default          ; Series 50 Ohm without Calibration ; --                        ; no                         ; no                          ; Fitter               ; -                    ; -                   ;
; HEX0[3]        ; D5    ; 8        ; 3            ; 73           ; 0            ; no              ; no                     ; no            ; 2         ; no              ; no         ; no            ; no       ; Off          ; 2.5 V        ; Default          ; Series 50 Ohm without Calibration ; --                        ; no                         ; no                          ; Fitter               ; -                    ; -                   ;
; HEX0[4]        ; D2    ; 1        ; 0            ; 68           ; 0            ; no              ; no                     ; no            ; 2         ; no              ; no         ; no            ; no       ; Off          ; 2.5 V        ; Default          ; Series 50 Ohm without Calibration ; --                        ; no                         ; no                          ; Fitter               ; -                    ; -                   ;
; HEX0[5]        ; A4    ; 8        ; 7            ; 73           ; 14           ; no              ; no                     ; no            ; 2         ; no              ; no         ; no            ; no       ; Off          ; 2.5 V        ; Default          ; Series 50 Ohm without Calibration ; --                        ; no                         ; no                          ; Fitter               ; -                    ; -                   ;
; HEX0[6]        ; G12   ; 8        ; 27           ; 73           ; 7            ; no              ; no                     ; no            ; 2         ; no              ; no         ; no            ; no       ; Off          ; 2.5 V        ; Default          ; Series 50 Ohm without Calibration ; --                        ; no                         ; no                          ; Fitter               ; -                    ; -                   ;
; HEX1[0]        ; C21   ; 7        ; 91           ; 73           ; 14           ; no              ; no                     ; no            ; 2         ; no              ; no         ; no            ; no       ; Off          ; 2.5 V        ; Default          ; Series 50 Ohm without Calibration ; --                        ; no                         ; no                          ; Fitter               ; -                    ; -                   ;
; HEX1[1]        ; H17   ; 7        ; 67           ; 73           ; 7            ; no              ; no                     ; no            ; 2         ; no              ; no         ; no            ; no       ; Off          ; 2.5 V        ; Default          ; Series 50 Ohm without Calibration ; --                        ; no                         ; no                          ; Fitter               ; -                    ; -                   ;
; HEX1[2]        ; D21   ; 7        ; 96           ; 73           ; 21           ; no              ; no                     ; no            ; 2         ; no              ; no         ; no            ; no       ; Off          ; 2.5 V        ; Default          ; Series 50 Ohm without Calibration ; --                        ; no                         ; no                          ; Fitter               ; -                    ; -                   ;
; HEX1[3]        ; G19   ; 7        ; 69           ; 73           ; 14           ; no              ; no                     ; no            ; 2         ; no              ; no         ; no            ; no       ; Off          ; 2.5 V        ; Default          ; Series 50 Ohm without Calibration ; --                        ; no                         ; no                          ; Fitter               ; -                    ; -                   ;
; HEX1[4]        ; E19   ; 7        ; 94           ; 73           ; 7            ; no              ; no                     ; no            ; 2         ; no              ; no         ; no            ; no       ; Off          ; 2.5 V        ; Default          ; Series 50 Ohm without Calibration ; --                        ; no                         ; no                          ; Fitter               ; -                    ; -                   ;
; HEX1[5]        ; G18   ; 7        ; 69           ; 73           ; 21           ; no              ; no                     ; no            ; 2         ; no              ; no         ; no            ; no       ; Off          ; 2.5 V        ; Default          ; Series 50 Ohm without Calibration ; --                        ; no                         ; no                          ; Fitter               ; -                    ; -                   ;
; HEX1[6]        ; G16   ; 7        ; 67           ; 73           ; 0            ; no              ; no                     ; no            ; 2         ; no              ; no         ; no            ; no       ; Off          ; 2.5 V        ; Default          ; Series 50 Ohm without Calibration ; --                        ; no                         ; no                          ; Fitter               ; -                    ; -                   ;
; HEX2[0]        ; C19   ; 7        ; 83           ; 73           ; 7            ; no              ; no                     ; no            ; 2         ; no              ; no         ; no            ; no       ; Off          ; 2.5 V        ; Default          ; Series 50 Ohm without Calibration ; --                        ; no                         ; no                          ; Fitter               ; -                    ; -                   ;
; HEX2[1]        ; J5    ; 1        ; 0            ; 50           ; 21           ; no              ; no                     ; no            ; 2         ; no              ; no         ; no            ; no       ; Off          ; 2.5 V        ; Default          ; Series 50 Ohm without Calibration ; --                        ; no                         ; no                          ; Fitter               ; -                    ; -                   ;
; HEX2[2]        ; E18   ; 7        ; 87           ; 73           ; 7            ; no              ; no                     ; no            ; 2         ; no              ; no         ; no            ; no       ; Off          ; 2.5 V        ; Default          ; Series 50 Ohm without Calibration ; --                        ; no                         ; no                          ; Fitter               ; -                    ; -                   ;
; HEX2[3]        ; D19   ; 7        ; 83           ; 73           ; 14           ; no              ; no                     ; no            ; 2         ; no              ; no         ; no            ; no       ; Off          ; 2.5 V        ; Default          ; Series 50 Ohm without Calibration ; --                        ; no                         ; no                          ; Fitter               ; -                    ; -                   ;
; HEX2[4]        ; E17   ; 7        ; 67           ; 73           ; 21           ; no              ; no                     ; no            ; 2         ; no              ; no         ; no            ; no       ; Off          ; 2.5 V        ; Default          ; Series 50 Ohm without Calibration ; --                        ; no                         ; no                          ; Fitter               ; -                    ; -                   ;
; HEX2[5]        ; AC14  ; 3        ; 56           ; 0            ; 21           ; no              ; no                     ; no            ; 2         ; no              ; no         ; no            ; no       ; Off          ; 2.5 V        ; Default          ; Series 50 Ohm without Calibration ; --                        ; no                         ; no                          ; Fitter               ; -                    ; -                   ;
; HEX2[6]        ; AH12  ; 3        ; 54           ; 0            ; 0            ; no              ; no                     ; no            ; 2         ; no              ; no         ; no            ; no       ; Off          ; 2.5 V        ; Default          ; Series 50 Ohm without Calibration ; --                        ; no                         ; no                          ; Fitter               ; -                    ; -                   ;
; HEX3[0]        ; R28   ; 5        ; 115          ; 34           ; 21           ; no              ; no                     ; no            ; 2         ; no              ; no         ; no            ; no       ; Off          ; 2.5 V        ; Default          ; Series 50 Ohm without Calibration ; --                        ; no                         ; no                          ; Fitter               ; -                    ; -                   ;
; HEX3[1]        ; P21   ; 5        ; 115          ; 36           ; 0            ; no              ; no                     ; no            ; 2         ; no              ; no         ; no            ; no       ; Off          ; 2.5 V        ; Default          ; Series 50 Ohm without Calibration ; --                        ; no                         ; no                          ; Fitter               ; -                    ; -                   ;
; HEX3[2]        ; R22   ; 5        ; 115          ; 36           ; 14           ; no              ; no                     ; no            ; 2         ; no              ; no         ; no            ; no       ; Off          ; 2.5 V        ; Default          ; Series 50 Ohm without Calibration ; --                        ; no                         ; no                          ; Fitter               ; -                    ; -                   ;
; HEX3[3]        ; R21   ; 5        ; 115          ; 36           ; 7            ; no              ; no                     ; no            ; 2         ; no              ; no         ; no            ; no       ; Off          ; 2.5 V        ; Default          ; Series 50 Ohm without Calibration ; --                        ; no                         ; no                          ; Fitter               ; -                    ; -                   ;
; HEX3[4]        ; R24   ; 5        ; 115          ; 35           ; 21           ; no              ; no                     ; no            ; 2         ; no              ; no         ; no            ; no       ; Off          ; 2.5 V        ; Default          ; Series 50 Ohm without Calibration ; --                        ; no                         ; no                          ; Fitter               ; -                    ; -                   ;
; HEX3[5]        ; R23   ; 5        ; 115          ; 35           ; 14           ; no              ; no                     ; no            ; 2         ; no              ; no         ; no            ; no       ; Off          ; 2.5 V        ; Default          ; Series 50 Ohm without Calibration ; --                        ; no                         ; no                          ; Fitter               ; -                    ; -                   ;
; HEX3[6]        ; AH23  ; 4        ; 81           ; 0            ; 14           ; no              ; no                     ; no            ; 2         ; no              ; no         ; no            ; no       ; Off          ; 2.5 V        ; Default          ; Series 50 Ohm without Calibration ; --                        ; no                         ; no                          ; Fitter               ; -                    ; -                   ;
; HEX4[0]        ; W22   ; 5        ; 115          ; 30           ; 0            ; no              ; no                     ; no            ; 2         ; no              ; no         ; no            ; no       ; Off          ; 2.5 V        ; Default          ; Series 50 Ohm without Calibration ; --                        ; no                         ; no                          ; Fitter               ; -                    ; -                   ;
; HEX4[1]        ; AH19  ; 4        ; 72           ; 0            ; 0            ; no              ; no                     ; no            ; 2         ; no              ; no         ; no            ; no       ; Off          ; 2.5 V        ; Default          ; Series 50 Ohm without Calibration ; --                        ; no                         ; no                          ; Fitter               ; -                    ; -                   ;
; HEX4[2]        ; T26   ; 5        ; 115          ; 31           ; 7            ; no              ; no                     ; no            ; 2         ; no              ; no         ; no            ; no       ; Off          ; 2.5 V        ; Default          ; Series 50 Ohm without Calibration ; --                        ; no                         ; no                          ; Fitter               ; -                    ; -                   ;
; HEX4[3]        ; T22   ; 5        ; 115          ; 32           ; 7            ; no              ; no                     ; no            ; 2         ; no              ; no         ; no            ; no       ; Off          ; 2.5 V        ; Default          ; Series 50 Ohm without Calibration ; --                        ; no                         ; no                          ; Fitter               ; -                    ; -                   ;
; HEX4[4]        ; T21   ; 5        ; 115          ; 32           ; 0            ; no              ; no                     ; no            ; 2         ; no              ; no         ; no            ; no       ; Off          ; 2.5 V        ; Default          ; Series 50 Ohm without Calibration ; --                        ; no                         ; no                          ; Fitter               ; -                    ; -                   ;
; HEX4[5]        ; T25   ; 5        ; 115          ; 31           ; 0            ; no              ; no                     ; no            ; 2         ; no              ; no         ; no            ; no       ; Off          ; 2.5 V        ; Default          ; Series 50 Ohm without Calibration ; --                        ; no                         ; no                          ; Fitter               ; -                    ; -                   ;
; HEX4[6]        ; Y22   ; 5        ; 115          ; 30           ; 7            ; no              ; no                     ; no            ; 2         ; no              ; no         ; no            ; no       ; Off          ; 2.5 V        ; Default          ; Series 50 Ohm without Calibration ; --                        ; no                         ; no                          ; Fitter               ; -                    ; -                   ;
; HEX5[0]        ; AE15  ; 4        ; 60           ; 0            ; 7            ; no              ; no                     ; no            ; 2         ; no              ; no         ; no            ; no       ; Off          ; 2.5 V        ; Default          ; Series 50 Ohm without Calibration ; --                        ; no                         ; no                          ; Fitter               ; -                    ; -                   ;
; HEX5[1]        ; AF15  ; 4        ; 60           ; 0            ; 0            ; no              ; no                     ; no            ; 2         ; no              ; no         ; no            ; no       ; Off          ; 2.5 V        ; Default          ; Series 50 Ohm without Calibration ; --                        ; no                         ; no                          ; Fitter               ; -                    ; -                   ;
; HEX5[2]        ; AD15  ; 4        ; 60           ; 0            ; 14           ; no              ; no                     ; no            ; 2         ; no              ; no         ; no            ; no       ; Off          ; 2.5 V        ; Default          ; Series 50 Ohm without Calibration ; --                        ; no                         ; no                          ; Fitter               ; -                    ; -                   ;
; HEX5[3]        ; AG17  ; 4        ; 62           ; 0            ; 21           ; no              ; no                     ; no            ; 2         ; no              ; no         ; no            ; no       ; Off          ; 2.5 V        ; Default          ; Series 50 Ohm without Calibration ; --                        ; no                         ; no                          ; Fitter               ; -                    ; -                   ;
; HEX5[4]        ; AC15  ; 4        ; 60           ; 0            ; 21           ; no              ; no                     ; no            ; 2         ; no              ; no         ; no            ; no       ; Off          ; 2.5 V        ; Default          ; Series 50 Ohm without Calibration ; --                        ; no                         ; no                          ; Fitter               ; -                    ; -                   ;
; HEX5[5]        ; AH17  ; 4        ; 62           ; 0            ; 14           ; no              ; no                     ; no            ; 2         ; no              ; no         ; no            ; no       ; Off          ; 2.5 V        ; Default          ; Series 50 Ohm without Calibration ; --                        ; no                         ; no                          ; Fitter               ; -                    ; -                   ;
; HEX5[6]        ; U26   ; 5        ; 115          ; 27           ; 7            ; no              ; no                     ; no            ; 2         ; no              ; no         ; no            ; no       ; Off          ; 2.5 V        ; Default          ; Series 50 Ohm without Calibration ; --                        ; no                         ; no                          ; Fitter               ; -                    ; -                   ;
; HEX6[0]        ; AB16  ; 4        ; 65           ; 0            ; 0            ; no              ; no                     ; no            ; 2         ; no              ; no         ; no            ; no       ; Off          ; 2.5 V        ; Default          ; Series 50 Ohm without Calibration ; --                        ; no                         ; no                          ; Fitter               ; -                    ; -                   ;
; HEX6[1]        ; AA15  ; 4        ; 67           ; 0            ; 21           ; no              ; no                     ; no            ; 2         ; no              ; no         ; no            ; no       ; Off          ; 2.5 V        ; Default          ; Series 50 Ohm without Calibration ; --                        ; no                         ; no                          ; Fitter               ; -                    ; -                   ;
; HEX6[2]        ; AB15  ; 4        ; 67           ; 0            ; 14           ; no              ; no                     ; no            ; 2         ; no              ; no         ; no            ; no       ; Off          ; 2.5 V        ; Default          ; Series 50 Ohm without Calibration ; --                        ; no                         ; no                          ; Fitter               ; -                    ; -                   ;
; HEX6[3]        ; AA16  ; 4        ; 65           ; 0            ; 7            ; no              ; no                     ; no            ; 2         ; no              ; no         ; no            ; no       ; Off          ; 2.5 V        ; Default          ; Series 50 Ohm without Calibration ; --                        ; no                         ; no                          ; Fitter               ; -                    ; -                   ;
; HEX6[4]        ; AF16  ; 4        ; 65           ; 0            ; 14           ; no              ; no                     ; no            ; 2         ; no              ; no         ; no            ; no       ; Off          ; 2.5 V        ; Default          ; Series 50 Ohm without Calibration ; --                        ; no                         ; no                          ; Fitter               ; -                    ; -                   ;
; HEX6[5]        ; AE16  ; 4        ; 65           ; 0            ; 21           ; no              ; no                     ; no            ; 2         ; no              ; no         ; no            ; no       ; Off          ; 2.5 V        ; Default          ; Series 50 Ohm without Calibration ; --                        ; no                         ; no                          ; Fitter               ; -                    ; -                   ;
; HEX6[6]        ; AE17  ; 4        ; 67           ; 0            ; 7            ; no              ; no                     ; no            ; 2         ; no              ; no         ; no            ; no       ; Off          ; 2.5 V        ; Default          ; Series 50 Ohm without Calibration ; --                        ; no                         ; no                          ; Fitter               ; -                    ; -                   ;
; HEX7[0]        ; Y13   ; 3        ; 52           ; 0            ; 7            ; no              ; no                     ; no            ; 2         ; no              ; no         ; no            ; no       ; Off          ; 2.5 V        ; Default          ; Series 50 Ohm without Calibration ; --                        ; no                         ; no                          ; Fitter               ; -                    ; -                   ;
; HEX7[1]        ; AG12  ; 3        ; 54           ; 0            ; 7            ; no              ; no                     ; no            ; 2         ; no              ; no         ; no            ; no       ; Off          ; 2.5 V        ; Default          ; Series 50 Ohm without Calibration ; --                        ; no                         ; no                          ; Fitter               ; -                    ; -                   ;
; HEX7[2]        ; AA14  ; 3        ; 54           ; 0            ; 21           ; no              ; no                     ; no            ; 2         ; no              ; no         ; no            ; no       ; Off          ; 2.5 V        ; Default          ; Series 50 Ohm without Calibration ; --                        ; no                         ; no                          ; Fitter               ; -                    ; -                   ;
; HEX7[3]        ; AA13  ; 3        ; 52           ; 0            ; 0            ; no              ; no                     ; no            ; 2         ; no              ; no         ; no            ; no       ; Off          ; 2.5 V        ; Default          ; Series 50 Ohm without Calibration ; --                        ; no                         ; no                          ; Fitter               ; -                    ; -                   ;
; HEX7[4]        ; Y12   ; 3        ; 52           ; 0            ; 21           ; no              ; no                     ; no            ; 2         ; no              ; no         ; no            ; no       ; Off          ; 2.5 V        ; Default          ; Series 50 Ohm without Calibration ; --                        ; no                         ; no                          ; Fitter               ; -                    ; -                   ;
; HEX7[5]        ; AB14  ; 3        ; 54           ; 0            ; 14           ; no              ; no                     ; no            ; 2         ; no              ; no         ; no            ; no       ; Off          ; 2.5 V        ; Default          ; Series 50 Ohm without Calibration ; --                        ; no                         ; no                          ; Fitter               ; -                    ; -                   ;
; HEX7[6]        ; AA12  ; 3        ; 52           ; 0            ; 14           ; no              ; no                     ; no            ; 2         ; no              ; no         ; no            ; no       ; Off          ; 2.5 V        ; Default          ; Series 50 Ohm without Calibration ; --                        ; no                         ; no                          ; Fitter               ; -                    ; -                   ;
; MUX_INPUT1[0]  ; AE24  ; 4        ; 100          ; 0            ; 14           ; no              ; no                     ; no            ; 2         ; no              ; no         ; no            ; no       ; Off          ; 2.5 V        ; Default          ; Series 50 Ohm without Calibration ; --                        ; no                         ; no                          ; Fitter               ; -                    ; -                   ;
; MUX_INPUT1[10] ; AA19  ; 4        ; 107          ; 0            ; 7            ; no              ; no                     ; no            ; 2         ; no              ; no         ; no            ; no       ; Off          ; 2.5 V        ; Default          ; Series 50 Ohm without Calibration ; --                        ; no                         ; no                          ; Fitter               ; -                    ; -                   ;
; MUX_INPUT1[11] ; W7    ; 2        ; 0            ; 12           ; 21           ; no              ; no                     ; no            ; 2         ; no              ; no         ; no            ; no       ; Off          ; 2.5 V        ; Default          ; Series 50 Ohm without Calibration ; --                        ; no                         ; no                          ; Fitter               ; -                    ; -                   ;
; MUX_INPUT1[12] ; M28   ; 6        ; 115          ; 45           ; 14           ; no              ; no                     ; no            ; 2         ; no              ; no         ; no            ; no       ; Off          ; 2.5 V        ; Default          ; Series 50 Ohm without Calibration ; --                        ; no                         ; no                          ; Fitter               ; -                    ; -                   ;
; MUX_INPUT1[13] ; V8    ; 2        ; 0            ; 15           ; 21           ; no              ; no                     ; no            ; 2         ; no              ; no         ; no            ; no       ; Off          ; 2.5 V        ; Default          ; Series 50 Ohm without Calibration ; --                        ; no                         ; no                          ; Fitter               ; -                    ; -                   ;
; MUX_INPUT1[14] ; M3    ; 1        ; 0            ; 51           ; 14           ; no              ; no                     ; no            ; 2         ; no              ; no         ; no            ; no       ; Off          ; 2.5 V        ; Default          ; Series 50 Ohm without Calibration ; --                        ; no                         ; no                          ; Fitter               ; -                    ; -                   ;
; MUX_INPUT1[15] ; AF12  ; 3        ; 33           ; 0            ; 0            ; no              ; no                     ; no            ; 2         ; no              ; no         ; no            ; no       ; Off          ; 2.5 V        ; Default          ; Series 50 Ohm without Calibration ; --                        ; no                         ; no                          ; Fitter               ; -                    ; -                   ;
; MUX_INPUT1[16] ; C26   ; 7        ; 113          ; 73           ; 0            ; no              ; no                     ; no            ; 2         ; no              ; no         ; no            ; no       ; Off          ; 2.5 V        ; Default          ; Series 50 Ohm without Calibration ; --                        ; no                         ; no                          ; Fitter               ; -                    ; -                   ;
; MUX_INPUT1[17] ; AE13  ; 3        ; 42           ; 0            ; 21           ; no              ; no                     ; no            ; 2         ; no              ; no         ; no            ; no       ; Off          ; 2.5 V        ; Default          ; Series 50 Ohm without Calibration ; --                        ; no                         ; no                          ; Fitter               ; -                    ; -                   ;
; MUX_INPUT1[18] ; C4    ; 8        ; 3            ; 73           ; 21           ; no              ; no                     ; no            ; 2         ; no              ; no         ; no            ; no       ; Off          ; 2.5 V        ; Default          ; Series 50 Ohm without Calibration ; --                        ; no                         ; no                          ; Fitter               ; -                    ; -                   ;
; MUX_INPUT1[19] ; A3    ; 8        ; 5            ; 73           ; 7            ; no              ; no                     ; no            ; 2         ; no              ; no         ; no            ; no       ; Off          ; 2.5 V        ; Default          ; Series 50 Ohm without Calibration ; --                        ; no                         ; no                          ; Fitter               ; -                    ; -                   ;
; MUX_INPUT1[1]  ; AF5   ; 3        ; 5            ; 0            ; 14           ; no              ; no                     ; no            ; 2         ; no              ; no         ; no            ; no       ; Off          ; 2.5 V        ; Default          ; Series 50 Ohm without Calibration ; --                        ; no                         ; no                          ; Fitter               ; -                    ; -                   ;
; MUX_INPUT1[20] ; AH18  ; 4        ; 69           ; 0            ; 0            ; no              ; no                     ; no            ; 2         ; no              ; no         ; no            ; no       ; Off          ; 2.5 V        ; Default          ; Series 50 Ohm without Calibration ; --                        ; no                         ; no                          ; Fitter               ; -                    ; -                   ;
; MUX_INPUT1[21] ; AF27  ; 5        ; 115          ; 8            ; 21           ; no              ; no                     ; no            ; 2         ; no              ; no         ; no            ; no       ; Off          ; 2.5 V        ; Default          ; Series 50 Ohm without Calibration ; --                        ; no                         ; no                          ; Fitter               ; -                    ; -                   ;
; MUX_INPUT1[22] ; D24   ; 7        ; 98           ; 73           ; 21           ; no              ; no                     ; no            ; 2         ; no              ; no         ; no            ; no       ; Off          ; 2.5 V        ; Default          ; Series 50 Ohm without Calibration ; --                        ; no                         ; no                          ; Fitter               ; -                    ; -                   ;
; MUX_INPUT1[23] ; AB13  ; 3        ; 47           ; 0            ; 7            ; no              ; no                     ; no            ; 2         ; no              ; no         ; no            ; no       ; Off          ; 2.5 V        ; Default          ; Series 50 Ohm without Calibration ; --                        ; no                         ; no                          ; Fitter               ; -                    ; -                   ;
; MUX_INPUT1[24] ; AE12  ; 3        ; 33           ; 0            ; 7            ; no              ; no                     ; no            ; 2         ; no              ; no         ; no            ; no       ; Off          ; 2.5 V        ; Default          ; Series 50 Ohm without Calibration ; --                        ; no                         ; no                          ; Fitter               ; -                    ; -                   ;
; MUX_INPUT1[25] ; L21   ; 6        ; 115          ; 62           ; 7            ; no              ; no                     ; no            ; 2         ; no              ; no         ; no            ; no       ; Off          ; 2.5 V        ; Default          ; Series 50 Ohm without Calibration ; --                        ; no                         ; no                          ; Fitter               ; -                    ; -                   ;
; MUX_INPUT1[26] ; AE6   ; 3        ; 1            ; 0            ; 14           ; no              ; no                     ; no            ; 2         ; no              ; no         ; no            ; no       ; Off          ; 2.5 V        ; Default          ; Series 50 Ohm without Calibration ; --                        ; no                         ; no                          ; Fitter               ; -                    ; -                   ;
; MUX_INPUT1[27] ; D1    ; 1        ; 0            ; 68           ; 7            ; no              ; no                     ; no            ; 2         ; no              ; no         ; no            ; no       ; Off          ; 2.5 V        ; Default          ; Series 50 Ohm without Calibration ; --                        ; no                         ; no                          ; Fitter               ; -                    ; -                   ;
; MUX_INPUT1[28] ; G24   ; 6        ; 115          ; 69           ; 21           ; no              ; no                     ; no            ; 2         ; no              ; no         ; no            ; no       ; Off          ; 2.5 V        ; Default          ; Series 50 Ohm without Calibration ; --                        ; no                         ; no                          ; Fitter               ; -                    ; -                   ;
; MUX_INPUT1[29] ; AB3   ; 2        ; 0            ; 21           ; 21           ; no              ; no                     ; no            ; 2         ; no              ; no         ; no            ; no       ; Off          ; 2.5 V        ; Default          ; Series 50 Ohm without Calibration ; --                        ; no                         ; no                          ; Fitter               ; -                    ; -                   ;
; MUX_INPUT1[2]  ; B21   ; 7        ; 87           ; 73           ; 0            ; no              ; no                     ; no            ; 2         ; no              ; no         ; no            ; no       ; Off          ; 2.5 V        ; Default          ; Series 50 Ohm without Calibration ; --                        ; no                         ; no                          ; Fitter               ; -                    ; -                   ;
; MUX_INPUT1[30] ; J7    ; 1        ; 0            ; 49           ; 0            ; no              ; no                     ; no            ; 2         ; no              ; no         ; no            ; no       ; Off          ; 2.5 V        ; Default          ; Series 50 Ohm without Calibration ; --                        ; no                         ; no                          ; Fitter               ; -                    ; -                   ;
; MUX_INPUT1[31] ; AG23  ; 4        ; 81           ; 0            ; 21           ; no              ; no                     ; no            ; 2         ; no              ; no         ; no            ; no       ; Off          ; 2.5 V        ; Default          ; Series 50 Ohm without Calibration ; --                        ; no                         ; no                          ; Fitter               ; -                    ; -                   ;
; MUX_INPUT1[3]  ; F21   ; 7        ; 107          ; 73           ; 14           ; no              ; no                     ; no            ; 2         ; no              ; no         ; no            ; no       ; Off          ; 2.5 V        ; Default          ; Series 50 Ohm without Calibration ; --                        ; no                         ; no                          ; Fitter               ; -                    ; -                   ;
; MUX_INPUT1[4]  ; AC12  ; 3        ; 45           ; 0            ; 21           ; no              ; no                     ; no            ; 2         ; no              ; no         ; no            ; no       ; Off          ; 2.5 V        ; Default          ; Series 50 Ohm without Calibration ; --                        ; no                         ; no                          ; Fitter               ; -                    ; -                   ;
; MUX_INPUT1[5]  ; AC1   ; 2        ; 0            ; 23           ; 14           ; no              ; no                     ; no            ; 2         ; no              ; no         ; no            ; no       ; Off          ; 2.5 V        ; Default          ; Series 50 Ohm without Calibration ; --                        ; no                         ; no                          ; Fitter               ; -                    ; -                   ;
; MUX_INPUT1[6]  ; E5    ; 8        ; 1            ; 73           ; 14           ; no              ; no                     ; no            ; 2         ; no              ; no         ; no            ; no       ; Off          ; 2.5 V        ; Default          ; Series 50 Ohm without Calibration ; --                        ; no                         ; no                          ; Fitter               ; -                    ; -                   ;
; MUX_INPUT1[7]  ; AE7   ; 3        ; 20           ; 0            ; 14           ; no              ; no                     ; no            ; 2         ; no              ; no         ; no            ; no       ; Off          ; 2.5 V        ; Default          ; Series 50 Ohm without Calibration ; --                        ; no                         ; no                          ; Fitter               ; -                    ; -                   ;
; MUX_INPUT1[8]  ; AG4   ; 3        ; 9            ; 0            ; 21           ; no              ; no                     ; no            ; 2         ; no              ; no         ; no            ; no       ; Off          ; 2.5 V        ; Default          ; Series 50 Ohm without Calibration ; --                        ; no                         ; no                          ; Fitter               ; -                    ; -                   ;
; MUX_INPUT1[9]  ; K27   ; 6        ; 115          ; 50           ; 7            ; no              ; no                     ; no            ; 2         ; no              ; no         ; no            ; no       ; Off          ; 2.5 V        ; Default          ; Series 50 Ohm without Calibration ; --                        ; no                         ; no                          ; Fitter               ; -                    ; -                   ;
; MUX_INPUT2[0]  ; U22   ; 5        ; 115          ; 26           ; 14           ; no              ; no                     ; no            ; 2         ; no              ; no         ; no            ; no       ; Off          ; 2.5 V        ; Default          ; Series 50 Ohm without Calibration ; --                        ; no                         ; no                          ; Fitter               ; -                    ; -                   ;
; MUX_INPUT2[10] ; AB7   ; 3        ; 16           ; 0            ; 0            ; no              ; no                     ; no            ; 2         ; no              ; no         ; no            ; no       ; Off          ; 2.5 V        ; Default          ; Series 50 Ohm without Calibration ; --                        ; no                         ; no                          ; Fitter               ; -                    ; -                   ;
; MUX_INPUT2[11] ; AG25  ; 4        ; 91           ; 0            ; 21           ; no              ; no                     ; no            ; 2         ; no              ; no         ; no            ; no       ; Off          ; 2.5 V        ; Default          ; Series 50 Ohm without Calibration ; --                        ; no                         ; no                          ; Fitter               ; -                    ; -                   ;
; MUX_INPUT2[12] ; AF6   ; 3        ; 7            ; 0            ; 14           ; no              ; no                     ; no            ; 2         ; no              ; no         ; no            ; no       ; Off          ; 2.5 V        ; Default          ; Series 50 Ohm without Calibration ; --                        ; no                         ; no                          ; Fitter               ; -                    ; -                   ;
; MUX_INPUT2[13] ; K7    ; 1        ; 0            ; 49           ; 7            ; no              ; no                     ; no            ; 2         ; no              ; no         ; no            ; no       ; Off          ; 2.5 V        ; Default          ; Series 50 Ohm without Calibration ; --                        ; no                         ; no                          ; Fitter               ; -                    ; -                   ;
; MUX_INPUT2[14] ; AD3   ; 2        ; 0            ; 22           ; 14           ; no              ; no                     ; no            ; 2         ; no              ; no         ; no            ; no       ; Off          ; 2.5 V        ; Default          ; Series 50 Ohm without Calibration ; --                        ; no                         ; no                          ; Fitter               ; -                    ; -                   ;
; MUX_INPUT2[15] ; J24   ; 6        ; 115          ; 63           ; 7            ; no              ; no                     ; no            ; 2         ; no              ; no         ; no            ; no       ; Off          ; 2.5 V        ; Default          ; Series 50 Ohm without Calibration ; --                        ; no                         ; no                          ; Fitter               ; -                    ; -                   ;
; MUX_INPUT2[16] ; V5    ; 2        ; 0            ; 15           ; 14           ; no              ; no                     ; no            ; 2         ; no              ; no         ; no            ; no       ; Off          ; 2.5 V        ; Default          ; Series 50 Ohm without Calibration ; --                        ; no                         ; no                          ; Fitter               ; -                    ; -                   ;
; MUX_INPUT2[17] ; J25   ; 6        ; 115          ; 51           ; 0            ; no              ; no                     ; no            ; 2         ; no              ; no         ; no            ; no       ; Off          ; 2.5 V        ; Default          ; Series 50 Ohm without Calibration ; --                        ; no                         ; no                          ; Fitter               ; -                    ; -                   ;
; MUX_INPUT2[18] ; J3    ; 1        ; 0            ; 57           ; 21           ; no              ; no                     ; no            ; 2         ; no              ; no         ; no            ; no       ; Off          ; 2.5 V        ; Default          ; Series 50 Ohm without Calibration ; --                        ; no                         ; no                          ; Fitter               ; -                    ; -                   ;
; MUX_INPUT2[19] ; G5    ; 1        ; 0            ; 67           ; 21           ; no              ; no                     ; no            ; 2         ; no              ; no         ; no            ; no       ; Off          ; 2.5 V        ; Default          ; Series 50 Ohm without Calibration ; --                        ; no                         ; no                          ; Fitter               ; -                    ; -                   ;
; MUX_INPUT2[1]  ; N21   ; 6        ; 115          ; 42           ; 14           ; no              ; no                     ; no            ; 2         ; no              ; no         ; no            ; no       ; Off          ; 2.5 V        ; Default          ; Series 50 Ohm without Calibration ; --                        ; no                         ; no                          ; Fitter               ; -                    ; -                   ;
; MUX_INPUT2[20] ; L27   ; 6        ; 115          ; 48           ; 7            ; no              ; no                     ; no            ; 2         ; no              ; no         ; no            ; no       ; Off          ; 2.5 V        ; Default          ; Series 50 Ohm without Calibration ; --                        ; no                         ; no                          ; Fitter               ; -                    ; -                   ;
; MUX_INPUT2[21] ; AD11  ; 3        ; 49           ; 0            ; 0            ; no              ; no                     ; no            ; 2         ; no              ; no         ; no            ; no       ; Off          ; 2.5 V        ; Default          ; Series 50 Ohm without Calibration ; --                        ; no                         ; no                          ; Fitter               ; -                    ; -                   ;
; MUX_INPUT2[22] ; H5    ; 1        ; 0            ; 59           ; 21           ; no              ; no                     ; no            ; 2         ; no              ; no         ; no            ; no       ; Off          ; 2.5 V        ; Default          ; Series 50 Ohm without Calibration ; --                        ; no                         ; no                          ; Fitter               ; -                    ; -                   ;
; MUX_INPUT2[23] ; AH26  ; 4        ; 113          ; 0            ; 0            ; no              ; no                     ; no            ; 2         ; no              ; no         ; no            ; no       ; Off          ; 2.5 V        ; Default          ; Series 50 Ohm without Calibration ; --                        ; no                         ; no                          ; Fitter               ; -                    ; -                   ;
; MUX_INPUT2[24] ; AA23  ; 5        ; 115          ; 10           ; 7            ; no              ; no                     ; no            ; 2         ; no              ; no         ; no            ; no       ; Off          ; 2.5 V        ; Default          ; Series 50 Ohm without Calibration ; --                        ; no                         ; no                          ; Fitter               ; -                    ; -                   ;
; MUX_INPUT2[25] ; AF3   ; 3        ; 7            ; 0            ; 21           ; no              ; no                     ; no            ; 2         ; no              ; no         ; no            ; no       ; Off          ; 2.5 V        ; Default          ; Series 50 Ohm without Calibration ; --                        ; no                         ; no                          ; Fitter               ; -                    ; -                   ;
; MUX_INPUT2[26] ; E22   ; 7        ; 111          ; 73           ; 7            ; no              ; no                     ; no            ; 2         ; no              ; no         ; no            ; no       ; Off          ; 2.5 V        ; Default          ; Series 50 Ohm without Calibration ; --                        ; no                         ; no                          ; Fitter               ; -                    ; -                   ;
; MUX_INPUT2[27] ; H6    ; 1        ; 0            ; 64           ; 0            ; no              ; no                     ; no            ; 2         ; no              ; no         ; no            ; no       ; Off          ; 2.5 V        ; Default          ; Series 50 Ohm without Calibration ; --                        ; no                         ; no                          ; Fitter               ; -                    ; -                   ;
; MUX_INPUT2[28] ; V6    ; 2        ; 0            ; 16           ; 21           ; no              ; no                     ; no            ; 2         ; no              ; no         ; no            ; no       ; Off          ; 2.5 V        ; Default          ; Series 50 Ohm without Calibration ; --                        ; no                         ; no                          ; Fitter               ; -                    ; -                   ;
; MUX_INPUT2[29] ; Y3    ; 2        ; 0            ; 24           ; 14           ; no              ; no                     ; no            ; 2         ; no              ; no         ; no            ; no       ; Off          ; 2.5 V        ; Default          ; Series 50 Ohm without Calibration ; --                        ; no                         ; no                          ; Fitter               ; -                    ; -                   ;
; MUX_INPUT2[2]  ; H3    ; 1        ; 0            ; 62           ; 21           ; no              ; no                     ; no            ; 2         ; no              ; no         ; no            ; no       ; Off          ; 2.5 V        ; Default          ; Series 50 Ohm without Calibration ; --                        ; no                         ; no                          ; Fitter               ; -                    ; -                   ;
; MUX_INPUT2[30] ; L25   ; 6        ; 115          ; 54           ; 14           ; no              ; no                     ; no            ; 2         ; no              ; no         ; no            ; no       ; Off          ; 2.5 V        ; Default          ; Series 50 Ohm without Calibration ; --                        ; no                         ; no                          ; Fitter               ; -                    ; -                   ;
; MUX_INPUT2[31] ; G23   ; 6        ; 115          ; 69           ; 14           ; no              ; no                     ; no            ; 2         ; no              ; no         ; no            ; no       ; Off          ; 2.5 V        ; Default          ; Series 50 Ohm without Calibration ; --                        ; no                         ; no                          ; Fitter               ; -                    ; -                   ;
; MUX_INPUT2[3]  ; D4    ; 8        ; 1            ; 73           ; 0            ; no              ; no                     ; no            ; 2         ; no              ; no         ; no            ; no       ; Off          ; 2.5 V        ; Default          ; Series 50 Ohm without Calibration ; --                        ; no                         ; no                          ; Fitter               ; -                    ; -                   ;
; MUX_INPUT2[4]  ; M4    ; 1        ; 0            ; 52           ; 21           ; no              ; no                     ; no            ; 2         ; no              ; no         ; no            ; no       ; Off          ; 2.5 V        ; Default          ; Series 50 Ohm without Calibration ; --                        ; no                         ; no                          ; Fitter               ; -                    ; -                   ;
; MUX_INPUT2[5]  ; AF7   ; 3        ; 20           ; 0            ; 7            ; no              ; no                     ; no            ; 2         ; no              ; no         ; no            ; no       ; Off          ; 2.5 V        ; Default          ; Series 50 Ohm without Calibration ; --                        ; no                         ; no                          ; Fitter               ; -                    ; -                   ;
; MUX_INPUT2[6]  ; J26   ; 6        ; 115          ; 51           ; 7            ; no              ; no                     ; no            ; 2         ; no              ; no         ; no            ; no       ; Off          ; 2.5 V        ; Default          ; Series 50 Ohm without Calibration ; --                        ; no                         ; no                          ; Fitter               ; -                    ; -                   ;
; MUX_INPUT2[7]  ; AH7   ; 3        ; 16           ; 0            ; 7            ; no              ; no                     ; no            ; 2         ; no              ; no         ; no            ; no       ; Off          ; 2.5 V        ; Default          ; Series 50 Ohm without Calibration ; --                        ; no                         ; no                          ; Fitter               ; -                    ; -                   ;
; MUX_INPUT2[8]  ; G27   ; 6        ; 115          ; 52           ; 0            ; no              ; no                     ; no            ; 2         ; no              ; no         ; no            ; no       ; Off          ; 2.5 V        ; Default          ; Series 50 Ohm without Calibration ; --                        ; no                         ; no                          ; Fitter               ; -                    ; -                   ;
; MUX_INPUT2[9]  ; AB20  ; 4        ; 100          ; 0            ; 0            ; no              ; no                     ; no            ; 2         ; no              ; no         ; no            ; no       ; Off          ; 2.5 V        ; Default          ; Series 50 Ohm without Calibration ; --                        ; no                         ; no                          ; Fitter               ; -                    ; -                   ;
; MUX_INPUT3[0]  ; AF17  ; 4        ; 67           ; 0            ; 0            ; no              ; no                     ; no            ; 2         ; no              ; no         ; no            ; no       ; Off          ; 2.5 V        ; Default          ; Series 50 Ohm without Calibration ; --                        ; no                         ; no                          ; Fitter               ; -                    ; -                   ;
; MUX_INPUT3[10] ; AE19  ; 4        ; 83           ; 0            ; 21           ; no              ; no                     ; no            ; 2         ; no              ; no         ; no            ; no       ; Off          ; 2.5 V        ; Default          ; Series 50 Ohm without Calibration ; --                        ; no                         ; no                          ; Fitter               ; -                    ; -                   ;
; MUX_INPUT3[11] ; AF20  ; 4        ; 85           ; 0            ; 14           ; no              ; no                     ; no            ; 2         ; no              ; no         ; no            ; no       ; Off          ; 2.5 V        ; Default          ; Series 50 Ohm without Calibration ; --                        ; no                         ; no                          ; Fitter               ; -                    ; -                   ;
; MUX_INPUT3[12] ; Y25   ; 5        ; 115          ; 19           ; 7            ; no              ; no                     ; no            ; 2         ; no              ; no         ; no            ; no       ; Off          ; 2.5 V        ; Default          ; Series 50 Ohm without Calibration ; --                        ; no                         ; no                          ; Fitter               ; -                    ; -                   ;
; MUX_INPUT3[13] ; AA10  ; 3        ; 18           ; 0            ; 7            ; no              ; no                     ; no            ; 2         ; no              ; no         ; no            ; no       ; Off          ; 2.5 V        ; Default          ; Series 50 Ohm without Calibration ; --                        ; no                         ; no                          ; Fitter               ; -                    ; -                   ;
; MUX_INPUT3[14] ; AE14  ; 3        ; 49           ; 0            ; 21           ; no              ; no                     ; no            ; 2         ; no              ; no         ; no            ; no       ; Off          ; 2.5 V        ; Default          ; Series 50 Ohm without Calibration ; --                        ; no                         ; no                          ; Fitter               ; -                    ; -                   ;
; MUX_INPUT3[15] ; AB9   ; 3        ; 11           ; 0            ; 7            ; no              ; no                     ; no            ; 2         ; no              ; no         ; no            ; no       ; Off          ; 2.5 V        ; Default          ; Series 50 Ohm without Calibration ; --                        ; no                         ; no                          ; Fitter               ; -                    ; -                   ;
; MUX_INPUT3[16] ; B25   ; 7        ; 107          ; 73           ; 0            ; no              ; no                     ; no            ; 2         ; no              ; no         ; no            ; no       ; Off          ; 2.5 V        ; Default          ; Series 50 Ohm without Calibration ; --                        ; no                         ; no                          ; Fitter               ; -                    ; -                   ;
; MUX_INPUT3[17] ; J4    ; 1        ; 0            ; 57           ; 14           ; no              ; no                     ; no            ; 2         ; no              ; no         ; no            ; no       ; Off          ; 2.5 V        ; Default          ; Series 50 Ohm without Calibration ; --                        ; no                         ; no                          ; Fitter               ; -                    ; -                   ;
; MUX_INPUT3[18] ; B3    ; 8        ; 5            ; 73           ; 0            ; no              ; no                     ; no            ; 2         ; no              ; no         ; no            ; no       ; Off          ; 2.5 V        ; Default          ; Series 50 Ohm without Calibration ; --                        ; no                         ; no                          ; Fitter               ; -                    ; -                   ;
; MUX_INPUT3[19] ; C5    ; 8        ; 3            ; 73           ; 7            ; no              ; no                     ; no            ; 2         ; no              ; no         ; no            ; no       ; Off          ; 2.5 V        ; Default          ; Series 50 Ohm without Calibration ; --                        ; no                         ; no                          ; Fitter               ; -                    ; -                   ;
; MUX_INPUT3[1]  ; W4    ; 2        ; 0            ; 14           ; 7            ; no              ; no                     ; no            ; 2         ; no              ; no         ; no            ; no       ; Off          ; 2.5 V        ; Default          ; Series 50 Ohm without Calibration ; --                        ; no                         ; no                          ; Fitter               ; -                    ; -                   ;
; MUX_INPUT3[20] ; AF24  ; 4        ; 83           ; 0            ; 7            ; no              ; no                     ; no            ; 2         ; no              ; no         ; no            ; no       ; Off          ; 2.5 V        ; Default          ; Series 50 Ohm without Calibration ; --                        ; no                         ; no                          ; Fitter               ; -                    ; -                   ;
; MUX_INPUT3[21] ; AF19  ; 4        ; 83           ; 0            ; 14           ; no              ; no                     ; no            ; 2         ; no              ; no         ; no            ; no       ; Off          ; 2.5 V        ; Default          ; Series 50 Ohm without Calibration ; --                        ; no                         ; no                          ; Fitter               ; -                    ; -                   ;
; MUX_INPUT3[22] ; C24   ; 7        ; 98           ; 73           ; 14           ; no              ; no                     ; no            ; 2         ; no              ; no         ; no            ; no       ; Off          ; 2.5 V        ; Default          ; Series 50 Ohm without Calibration ; --                        ; no                         ; no                          ; Fitter               ; -                    ; -                   ;
; MUX_INPUT3[23] ; AB6   ; 2        ; 0            ; 4            ; 7            ; no              ; no                     ; no            ; 2         ; no              ; no         ; no            ; no       ; Off          ; 2.5 V        ; Default          ; Series 50 Ohm without Calibration ; --                        ; no                         ; no                          ; Fitter               ; -                    ; -                   ;
; MUX_INPUT3[24] ; M1    ; 1        ; 0            ; 44           ; 21           ; no              ; no                     ; no            ; 2         ; no              ; no         ; no            ; no       ; Off          ; 2.5 V        ; Default          ; Series 50 Ohm without Calibration ; --                        ; no                         ; no                          ; Fitter               ; -                    ; -                   ;
; MUX_INPUT3[25] ; R1    ; 2        ; 0            ; 35           ; 7            ; no              ; no                     ; no            ; 2         ; no              ; no         ; no            ; no       ; Off          ; 2.5 V        ; Default          ; Series 50 Ohm without Calibration ; --                        ; no                         ; no                          ; Fitter               ; -                    ; -                   ;
; MUX_INPUT3[26] ; AA7   ; 2        ; 0            ; 9            ; 14           ; no              ; no                     ; no            ; 2         ; no              ; no         ; no            ; no       ; Off          ; 2.5 V        ; Default          ; Series 50 Ohm without Calibration ; --                        ; no                         ; no                          ; Fitter               ; -                    ; -                   ;
; MUX_INPUT3[27] ; G6    ; 1        ; 0            ; 67           ; 14           ; no              ; no                     ; no            ; 2         ; no              ; no         ; no            ; no       ; Off          ; 2.5 V        ; Default          ; Series 50 Ohm without Calibration ; --                        ; no                         ; no                          ; Fitter               ; -                    ; -                   ;
; MUX_INPUT3[2]  ; B22   ; 7        ; 89           ; 73           ; 14           ; no              ; no                     ; no            ; 2         ; no              ; no         ; no            ; no       ; Off          ; 2.5 V        ; Default          ; Series 50 Ohm without Calibration ; --                        ; no                         ; no                          ; Fitter               ; -                    ; -                   ;
; MUX_INPUT3[3]  ; C22   ; 7        ; 96           ; 73           ; 14           ; no              ; no                     ; no            ; 2         ; no              ; no         ; no            ; no       ; Off          ; 2.5 V        ; Default          ; Series 50 Ohm without Calibration ; --                        ; no                         ; no                          ; Fitter               ; -                    ; -                   ;
; MUX_INPUT3[4]  ; AB12  ; 3        ; 45           ; 0            ; 14           ; no              ; no                     ; no            ; 2         ; no              ; no         ; no            ; no       ; Off          ; 2.5 V        ; Default          ; Series 50 Ohm without Calibration ; --                        ; no                         ; no                          ; Fitter               ; -                    ; -                   ;
; MUX_INPUT3[5]  ; R3    ; 2        ; 0            ; 34           ; 21           ; no              ; no                     ; no            ; 2         ; no              ; no         ; no            ; no       ; Off          ; 2.5 V        ; Default          ; Series 50 Ohm without Calibration ; --                        ; no                         ; no                          ; Fitter               ; -                    ; -                   ;
; MUX_INPUT3[6]  ; AB24  ; 5        ; 115          ; 5            ; 14           ; no              ; no                     ; no            ; 2         ; no              ; no         ; no            ; no       ; Off          ; 2.5 V        ; Default          ; Series 50 Ohm without Calibration ; --                        ; no                         ; no                          ; Fitter               ; -                    ; -                   ;
; MUX_INPUT3[7]  ; W8    ; 2        ; 0            ; 11           ; 14           ; no              ; no                     ; no            ; 2         ; no              ; no         ; no            ; no       ; Off          ; 2.5 V        ; Default          ; Series 50 Ohm without Calibration ; --                        ; no                         ; no                          ; Fitter               ; -                    ; -                   ;
; MUX_INPUT3[8]  ; E28   ; 6        ; 115          ; 57           ; 21           ; no              ; no                     ; no            ; 2         ; no              ; no         ; no            ; no       ; Off          ; 2.5 V        ; Default          ; Series 50 Ohm without Calibration ; --                        ; no                         ; no                          ; Fitter               ; -                    ; -                   ;
; MUX_INPUT3[9]  ; R25   ; 5        ; 115          ; 33           ; 0            ; no              ; no                     ; no            ; 2         ; no              ; no         ; no            ; no       ; Off          ; 2.5 V        ; Default          ; Series 50 Ohm without Calibration ; --                        ; no                         ; no                          ; Fitter               ; -                    ; -                   ;
; MUX_INPUT4[0]  ; AF21  ; 4        ; 87           ; 0            ; 21           ; no              ; no                     ; no            ; 2         ; no              ; no         ; no            ; no       ; Off          ; 2.5 V        ; Default          ; Series 50 Ohm without Calibration ; --                        ; no                         ; no                          ; Fitter               ; -                    ; -                   ;
; MUX_INPUT4[10] ; AE8   ; 3        ; 23           ; 0            ; 21           ; no              ; no                     ; no            ; 2         ; no              ; no         ; no            ; no       ; Off          ; 2.5 V        ; Default          ; Series 50 Ohm without Calibration ; --                        ; no                         ; no                          ; Fitter               ; -                    ; -                   ;
; MUX_INPUT4[11] ; AA17  ; 4        ; 89           ; 0            ; 21           ; no              ; no                     ; no            ; 2         ; no              ; no         ; no            ; no       ; Off          ; 2.5 V        ; Default          ; Series 50 Ohm without Calibration ; --                        ; no                         ; no                          ; Fitter               ; -                    ; -                   ;
; MUX_INPUT4[12] ; AE9   ; 3        ; 27           ; 0            ; 21           ; no              ; no                     ; no            ; 2         ; no              ; no         ; no            ; no       ; Off          ; 2.5 V        ; Default          ; Series 50 Ohm without Calibration ; --                        ; no                         ; no                          ; Fitter               ; -                    ; -                   ;
; MUX_INPUT4[13] ; U5    ; 2        ; 0            ; 24           ; 0            ; no              ; no                     ; no            ; 2         ; no              ; no         ; no            ; no       ; Off          ; 2.5 V        ; Default          ; Series 50 Ohm without Calibration ; --                        ; no                         ; no                          ; Fitter               ; -                    ; -                   ;
; MUX_INPUT4[14] ; P2    ; 1        ; 0            ; 43           ; 14           ; no              ; no                     ; no            ; 2         ; no              ; no         ; no            ; no       ; Off          ; 2.5 V        ; Default          ; Series 50 Ohm without Calibration ; --                        ; no                         ; no                          ; Fitter               ; -                    ; -                   ;
; MUX_INPUT4[15] ; W3    ; 2        ; 0            ; 13           ; 0            ; no              ; no                     ; no            ; 2         ; no              ; no         ; no            ; no       ; Off          ; 2.5 V        ; Default          ; Series 50 Ohm without Calibration ; --                        ; no                         ; no                          ; Fitter               ; -                    ; -                   ;
; MUX_INPUT4[16] ; AA6   ; 2        ; 0            ; 10           ; 14           ; no              ; no                     ; no            ; 2         ; no              ; no         ; no            ; no       ; Off          ; 2.5 V        ; Default          ; Series 50 Ohm without Calibration ; --                        ; no                         ; no                          ; Fitter               ; -                    ; -                   ;
; MUX_INPUT4[17] ; T3    ; 2        ; 0            ; 32           ; 14           ; no              ; no                     ; no            ; 2         ; no              ; no         ; no            ; no       ; Off          ; 2.5 V        ; Default          ; Series 50 Ohm without Calibration ; --                        ; no                         ; no                          ; Fitter               ; -                    ; -                   ;
; MUX_INPUT4[18] ; G2    ; 1        ; 0            ; 55           ; 7            ; no              ; no                     ; no            ; 2         ; no              ; no         ; no            ; no       ; Off          ; 2.5 V        ; Default          ; Series 50 Ohm without Calibration ; --                        ; no                         ; no                          ; Fitter               ; -                    ; -                   ;
; MUX_INPUT4[19] ; F5    ; 1        ; 0            ; 65           ; 14           ; no              ; no                     ; no            ; 2         ; no              ; no         ; no            ; no       ; Off          ; 2.5 V        ; Default          ; Series 50 Ohm without Calibration ; --                        ; no                         ; no                          ; Fitter               ; -                    ; -                   ;
; MUX_INPUT4[1]  ; Y23   ; 5        ; 115          ; 14           ; 7            ; no              ; no                     ; no            ; 2         ; no              ; no         ; no            ; no       ; Off          ; 2.5 V        ; Default          ; Series 50 Ohm without Calibration ; --                        ; no                         ; no                          ; Fitter               ; -                    ; -                   ;
; MUX_INPUT4[20] ; A26   ; 7        ; 109          ; 73           ; 0            ; no              ; no                     ; no            ; 2         ; no              ; no         ; no            ; no       ; Off          ; 2.5 V        ; Default          ; Series 50 Ohm without Calibration ; --                        ; no                         ; no                          ; Fitter               ; -                    ; -                   ;
; MUX_INPUT4[21] ; U2    ; 2        ; 0            ; 30           ; 0            ; no              ; no                     ; no            ; 2         ; no              ; no         ; no            ; no       ; Off          ; 2.5 V        ; Default          ; Series 50 Ohm without Calibration ; --                        ; no                         ; no                          ; Fitter               ; -                    ; -                   ;
; MUX_INPUT4[22] ; L5    ; 1        ; 0            ; 58           ; 14           ; no              ; no                     ; no            ; 2         ; no              ; no         ; no            ; no       ; Off          ; 2.5 V        ; Default          ; Series 50 Ohm without Calibration ; --                        ; no                         ; no                          ; Fitter               ; -                    ; -                   ;
; MUX_INPUT4[23] ; AB4   ; 2        ; 0            ; 8            ; 21           ; no              ; no                     ; no            ; 2         ; no              ; no         ; no            ; no       ; Off          ; 2.5 V        ; Default          ; Series 50 Ohm without Calibration ; --                        ; no                         ; no                          ; Fitter               ; -                    ; -                   ;
; MUX_INPUT4[24] ; AF23  ; 4        ; 105          ; 0            ; 7            ; no              ; no                     ; no            ; 2         ; no              ; no         ; no            ; no       ; Off          ; 2.5 V        ; Default          ; Series 50 Ohm without Calibration ; --                        ; no                         ; no                          ; Fitter               ; -                    ; -                   ;
; MUX_INPUT4[25] ; AC3   ; 2        ; 0            ; 23           ; 21           ; no              ; no                     ; no            ; 2         ; no              ; no         ; no            ; no       ; Off          ; 2.5 V        ; Default          ; Series 50 Ohm without Calibration ; --                        ; no                         ; no                          ; Fitter               ; -                    ; -                   ;
; MUX_INPUT4[26] ; AG7   ; 3        ; 16           ; 0            ; 21           ; no              ; no                     ; no            ; 2         ; no              ; no         ; no            ; no       ; Off          ; 2.5 V        ; Default          ; Series 50 Ohm without Calibration ; --                        ; no                         ; no                          ; Fitter               ; -                    ; -                   ;
; MUX_INPUT4[27] ; G3    ; 1        ; 0            ; 63           ; 21           ; no              ; no                     ; no            ; 2         ; no              ; no         ; no            ; no       ; Off          ; 2.5 V        ; Default          ; Series 50 Ohm without Calibration ; --                        ; no                         ; no                          ; Fitter               ; -                    ; -                   ;
; MUX_INPUT4[28] ; K28   ; 6        ; 115          ; 49           ; 0            ; no              ; no                     ; no            ; 2         ; no              ; no         ; no            ; no       ; Off          ; 2.5 V        ; Default          ; Series 50 Ohm without Calibration ; --                        ; no                         ; no                          ; Fitter               ; -                    ; -                   ;
; MUX_INPUT4[29] ; AE1   ; 2        ; 0            ; 16           ; 14           ; no              ; no                     ; no            ; 2         ; no              ; no         ; no            ; no       ; Off          ; 2.5 V        ; Default          ; Series 50 Ohm without Calibration ; --                        ; no                         ; no                          ; Fitter               ; -                    ; -                   ;
; MUX_INPUT4[2]  ; H4    ; 1        ; 0            ; 62           ; 14           ; no              ; no                     ; no            ; 2         ; no              ; no         ; no            ; no       ; Off          ; 2.5 V        ; Default          ; Series 50 Ohm without Calibration ; --                        ; no                         ; no                          ; Fitter               ; -                    ; -                   ;
; MUX_INPUT4[30] ; AH8   ; 3        ; 20           ; 0            ; 21           ; no              ; no                     ; no            ; 2         ; no              ; no         ; no            ; no       ; Off          ; 2.5 V        ; Default          ; Series 50 Ohm without Calibration ; --                        ; no                         ; no                          ; Fitter               ; -                    ; -                   ;
; MUX_INPUT4[31] ; AB18  ; 4        ; 98           ; 0            ; 14           ; no              ; no                     ; no            ; 2         ; no              ; no         ; no            ; no       ; Off          ; 2.5 V        ; Default          ; Series 50 Ohm without Calibration ; --                        ; no                         ; no                          ; Fitter               ; -                    ; -                   ;
; MUX_INPUT4[3]  ; E4    ; 8        ; 1            ; 73           ; 7            ; no              ; no                     ; no            ; 2         ; no              ; no         ; no            ; no       ; Off          ; 2.5 V        ; Default          ; Series 50 Ohm without Calibration ; --                        ; no                         ; no                          ; Fitter               ; -                    ; -                   ;
; MUX_INPUT4[4]  ; L4    ; 1        ; 0            ; 52           ; 0            ; no              ; no                     ; no            ; 2         ; no              ; no         ; no            ; no       ; Off          ; 2.5 V        ; Default          ; Series 50 Ohm without Calibration ; --                        ; no                         ; no                          ; Fitter               ; -                    ; -                   ;
; MUX_INPUT4[5]  ; AF8   ; 3        ; 23           ; 0            ; 14           ; no              ; no                     ; no            ; 2         ; no              ; no         ; no            ; no       ; Off          ; 2.5 V        ; Default          ; Series 50 Ohm without Calibration ; --                        ; no                         ; no                          ; Fitter               ; -                    ; -                   ;
; MUX_INPUT4[6]  ; AB8   ; 3        ; 11           ; 0            ; 0            ; no              ; no                     ; no            ; 2         ; no              ; no         ; no            ; no       ; Off          ; 2.5 V        ; Default          ; Series 50 Ohm without Calibration ; --                        ; no                         ; no                          ; Fitter               ; -                    ; -                   ;
; MUX_INPUT4[7]  ; R4    ; 2        ; 0            ; 33           ; 14           ; no              ; no                     ; no            ; 2         ; no              ; no         ; no            ; no       ; Off          ; 2.5 V        ; Default          ; Series 50 Ohm without Calibration ; --                        ; no                         ; no                          ; Fitter               ; -                    ; -                   ;
; MUX_INPUT4[8]  ; P1    ; 1        ; 0            ; 42           ; 0            ; no              ; no                     ; no            ; 2         ; no              ; no         ; no            ; no       ; Off          ; 2.5 V        ; Default          ; Series 50 Ohm without Calibration ; --                        ; no                         ; no                          ; Fitter               ; -                    ; -                   ;
; MUX_INPUT4[9]  ; AA5   ; 2        ; 0            ; 10           ; 21           ; no              ; no                     ; no            ; 2         ; no              ; no         ; no            ; no       ; Off          ; 2.5 V        ; Default          ; Series 50 Ohm without Calibration ; --                        ; no                         ; no                          ; Fitter               ; -                    ; -                   ;
; PC[0]          ; AB21  ; 4        ; 109          ; 0            ; 7            ; no              ; no                     ; no            ; 2         ; no              ; no         ; no            ; no       ; Off          ; 2.5 V        ; Default          ; Series 50 Ohm without Calibration ; --                        ; no                         ; no                          ; Fitter               ; -                    ; -                   ;
; PC[10]         ; AE3   ; 2        ; 0            ; 7            ; 7            ; no              ; no                     ; no            ; 2         ; no              ; no         ; no            ; no       ; Off          ; 2.5 V        ; Default          ; Series 50 Ohm without Calibration ; --                        ; no                         ; no                          ; Fitter               ; -                    ; -                   ;
; PC[11]         ; A25   ; 7        ; 109          ; 73           ; 7            ; no              ; no                     ; no            ; 2         ; no              ; no         ; no            ; no       ; Off          ; 2.5 V        ; Default          ; Series 50 Ohm without Calibration ; --                        ; no                         ; no                          ; Fitter               ; -                    ; -                   ;
; PC[12]         ; AG18  ; 4        ; 69           ; 0            ; 7            ; no              ; no                     ; no            ; 2         ; no              ; no         ; no            ; no       ; Off          ; 2.5 V        ; Default          ; Series 50 Ohm without Calibration ; --                        ; no                         ; no                          ; Fitter               ; -                    ; -                   ;
; PC[13]         ; F24   ; 6        ; 115          ; 68           ; 14           ; no              ; no                     ; no            ; 2         ; no              ; no         ; no            ; no       ; Off          ; 2.5 V        ; Default          ; Series 50 Ohm without Calibration ; --                        ; no                         ; no                          ; Fitter               ; -                    ; -                   ;
; PC[14]         ; M7    ; 1        ; 0            ; 45           ; 21           ; no              ; no                     ; no            ; 2         ; no              ; no         ; no            ; no       ; Off          ; 2.5 V        ; Default          ; Series 50 Ohm without Calibration ; --                        ; no                         ; no                          ; Fitter               ; -                    ; -                   ;
; PC[15]         ; AH10  ; 3        ; 31           ; 0            ; 0            ; no              ; no                     ; no            ; 2         ; no              ; no         ; no            ; no       ; Off          ; 2.5 V        ; Default          ; Series 50 Ohm without Calibration ; --                        ; no                         ; no                          ; Fitter               ; -                    ; -                   ;
; PC[16]         ; AE4   ; 3        ; 3            ; 0            ; 21           ; no              ; no                     ; no            ; 2         ; no              ; no         ; no            ; no       ; Off          ; 2.5 V        ; Default          ; Series 50 Ohm without Calibration ; --                        ; no                         ; no                          ; Fitter               ; -                    ; -                   ;
; PC[17]         ; AC22  ; 4        ; 109          ; 0            ; 0            ; no              ; no                     ; no            ; 2         ; no              ; no         ; no            ; no       ; Off          ; 2.5 V        ; Default          ; Series 50 Ohm without Calibration ; --                        ; no                         ; no                          ; Fitter               ; -                    ; -                   ;
; PC[18]         ; F1    ; 1        ; 0            ; 59           ; 14           ; no              ; no                     ; no            ; 2         ; no              ; no         ; no            ; no       ; Off          ; 2.5 V        ; Default          ; Series 50 Ohm without Calibration ; --                        ; no                         ; no                          ; Fitter               ; -                    ; -                   ;
; PC[19]         ; F3    ; 1        ; 0            ; 66           ; 21           ; no              ; no                     ; no            ; 2         ; no              ; no         ; no            ; no       ; Off          ; 2.5 V        ; Default          ; Series 50 Ohm without Calibration ; --                        ; no                         ; no                          ; Fitter               ; -                    ; -                   ;
; PC[1]          ; Y10   ; 3        ; 7            ; 0            ; 7            ; no              ; no                     ; no            ; 2         ; no              ; no         ; no            ; no       ; Off          ; 2.5 V        ; Default          ; Series 50 Ohm without Calibration ; --                        ; no                         ; no                          ; Fitter               ; -                    ; -                   ;
; PC[20]         ; AB5   ; 2        ; 0            ; 4            ; 21           ; no              ; no                     ; no            ; 2         ; no              ; no         ; no            ; no       ; Off          ; 2.5 V        ; Default          ; Series 50 Ohm without Calibration ; --                        ; no                         ; no                          ; Fitter               ; -                    ; -                   ;
; PC[21]         ; B26   ; 7        ; 113          ; 73           ; 7            ; no              ; no                     ; no            ; 2         ; no              ; no         ; no            ; no       ; Off          ; 2.5 V        ; Default          ; Series 50 Ohm without Calibration ; --                        ; no                         ; no                          ; Fitter               ; -                    ; -                   ;
; PC[22]         ; K4    ; 1        ; 0            ; 53           ; 0            ; no              ; no                     ; no            ; 2         ; no              ; no         ; no            ; no       ; Off          ; 2.5 V        ; Default          ; Series 50 Ohm without Calibration ; --                        ; no                         ; no                          ; Fitter               ; -                    ; -                   ;
; PC[23]         ; T4    ; 2        ; 0            ; 33           ; 21           ; no              ; no                     ; no            ; 2         ; no              ; no         ; no            ; no       ; Off          ; 2.5 V        ; Default          ; Series 50 Ohm without Calibration ; --                        ; no                         ; no                          ; Fitter               ; -                    ; -                   ;
; PC[24]         ; AD10  ; 3        ; 13           ; 0            ; 21           ; no              ; no                     ; no            ; 2         ; no              ; no         ; no            ; no       ; Off          ; 2.5 V        ; Default          ; Series 50 Ohm without Calibration ; --                        ; no                         ; no                          ; Fitter               ; -                    ; -                   ;
; PC[25]         ; C3    ; 8        ; 1            ; 73           ; 21           ; no              ; no                     ; no            ; 2         ; no              ; no         ; no            ; no       ; Off          ; 2.5 V        ; Default          ; Series 50 Ohm without Calibration ; --                        ; no                         ; no                          ; Fitter               ; -                    ; -                   ;
; PC[26]         ; AF25  ; 4        ; 83           ; 0            ; 0            ; no              ; no                     ; no            ; 2         ; no              ; no         ; no            ; no       ; Off          ; 2.5 V        ; Default          ; Series 50 Ohm without Calibration ; --                        ; no                         ; no                          ; Fitter               ; -                    ; -                   ;
; PC[27]         ; E1    ; 1        ; 0            ; 61           ; 21           ; no              ; no                     ; no            ; 2         ; no              ; no         ; no            ; no       ; Off          ; 2.5 V        ; Default          ; Series 50 Ohm without Calibration ; --                        ; no                         ; no                          ; Fitter               ; -                    ; -                   ;
; PC[28]         ; AB26  ; 5        ; 115          ; 15           ; 0            ; no              ; no                     ; no            ; 2         ; no              ; no         ; no            ; no       ; Off          ; 2.5 V        ; Default          ; Series 50 Ohm without Calibration ; --                        ; no                         ; no                          ; Fitter               ; -                    ; -                   ;
; PC[29]         ; H24   ; 6        ; 115          ; 65           ; 21           ; no              ; no                     ; no            ; 2         ; no              ; no         ; no            ; no       ; Off          ; 2.5 V        ; Default          ; Series 50 Ohm without Calibration ; --                        ; no                         ; no                          ; Fitter               ; -                    ; -                   ;
; PC[2]          ; A7    ; 8        ; 29           ; 73           ; 0            ; no              ; no                     ; no            ; 2         ; no              ; no         ; no            ; no       ; Off          ; 2.5 V        ; Default          ; Series 50 Ohm without Calibration ; --                        ; no                         ; no                          ; Fitter               ; -                    ; -                   ;
; PC[30]         ; Y15   ; 3        ; 56           ; 0            ; 0            ; no              ; no                     ; no            ; 2         ; no              ; no         ; no            ; no       ; Off          ; 2.5 V        ; Default          ; Series 50 Ohm without Calibration ; --                        ; no                         ; no                          ; Fitter               ; -                    ; -                   ;
; PC[31]         ; W26   ; 5        ; 115          ; 19           ; 0            ; no              ; no                     ; no            ; 2         ; no              ; no         ; no            ; no       ; Off          ; 2.5 V        ; Default          ; Series 50 Ohm without Calibration ; --                        ; no                         ; no                          ; Fitter               ; -                    ; -                   ;
; PC[3]          ; G11   ; 8        ; 25           ; 73           ; 14           ; no              ; no                     ; no            ; 2         ; no              ; no         ; no            ; no       ; Off          ; 2.5 V        ; Default          ; Series 50 Ohm without Calibration ; --                        ; no                         ; no                          ; Fitter               ; -                    ; -                   ;
; PC[4]          ; H12   ; 8        ; 25           ; 73           ; 21           ; no              ; no                     ; no            ; 2         ; no              ; no         ; no            ; no       ; Off          ; 2.5 V        ; Default          ; Series 50 Ohm without Calibration ; --                        ; no                         ; no                          ; Fitter               ; -                    ; -                   ;
; PC[5]          ; AG19  ; 4        ; 72           ; 0            ; 7            ; no              ; no                     ; no            ; 2         ; no              ; no         ; no            ; no       ; Off          ; 2.5 V        ; Default          ; Series 50 Ohm without Calibration ; --                        ; no                         ; no                          ; Fitter               ; -                    ; -                   ;
; PC[6]          ; AE28  ; 5        ; 115          ; 11           ; 0            ; no              ; no                     ; no            ; 2         ; no              ; no         ; no            ; no       ; Off          ; 2.5 V        ; Default          ; Series 50 Ohm without Calibration ; --                        ; no                         ; no                          ; Fitter               ; -                    ; -                   ;
; PC[7]          ; V4    ; 2        ; 0            ; 29           ; 14           ; no              ; no                     ; no            ; 2         ; no              ; no         ; no            ; no       ; Off          ; 2.5 V        ; Default          ; Series 50 Ohm without Calibration ; --                        ; no                         ; no                          ; Fitter               ; -                    ; -                   ;
; PC[8]          ; AD24  ; 4        ; 105          ; 0            ; 21           ; no              ; no                     ; no            ; 2         ; no              ; no         ; no            ; no       ; Off          ; 2.5 V        ; Default          ; Series 50 Ohm without Calibration ; --                        ; no                         ; no                          ; Fitter               ; -                    ; -                   ;
; PC[9]          ; AE5   ; 3        ; 5            ; 0            ; 21           ; no              ; no                     ; no            ; 2         ; no              ; no         ; no            ; no       ; Off          ; 2.5 V        ; Default          ; Series 50 Ohm without Calibration ; --                        ; no                         ; no                          ; Fitter               ; -                    ; -                   ;
; PCplus4[0]     ; D26   ; 6        ; 115          ; 62           ; 21           ; no              ; no                     ; no            ; 2         ; no              ; no         ; no            ; no       ; Off          ; 2.5 V        ; Default          ; Series 50 Ohm without Calibration ; --                        ; no                         ; no                          ; Fitter               ; -                    ; -                   ;
; PCplus4[10]    ; AE11  ; 3        ; 35           ; 0            ; 21           ; no              ; no                     ; no            ; 2         ; no              ; no         ; no            ; no       ; Off          ; 2.5 V        ; Default          ; Series 50 Ohm without Calibration ; --                        ; no                         ; no                          ; Fitter               ; -                    ; -                   ;
; PCplus4[11]    ; AE22  ; 4        ; 96           ; 0            ; 7            ; no              ; no                     ; no            ; 2         ; no              ; no         ; no            ; no       ; Off          ; 2.5 V        ; Default          ; Series 50 Ohm without Calibration ; --                        ; no                         ; no                          ; Fitter               ; -                    ; -                   ;
; PCplus4[12]    ; W27   ; 5        ; 115          ; 20           ; 0            ; no              ; no                     ; no            ; 2         ; no              ; no         ; no            ; no       ; Off          ; 2.5 V        ; Default          ; Series 50 Ohm without Calibration ; --                        ; no                         ; no                          ; Fitter               ; -                    ; -                   ;
; PCplus4[13]    ; J23   ; 6        ; 115          ; 63           ; 0            ; no              ; no                     ; no            ; 2         ; no              ; no         ; no            ; no       ; Off          ; 2.5 V        ; Default          ; Series 50 Ohm without Calibration ; --                        ; no                         ; no                          ; Fitter               ; -                    ; -                   ;
; PCplus4[14]    ; R7    ; 2        ; 0            ; 35           ; 14           ; no              ; no                     ; no            ; 2         ; no              ; no         ; no            ; no       ; Off          ; 2.5 V        ; Default          ; Series 50 Ohm without Calibration ; --                        ; no                         ; no                          ; Fitter               ; -                    ; -                   ;
; PCplus4[15]    ; AE18  ; 4        ; 79           ; 0            ; 21           ; no              ; no                     ; no            ; 2         ; no              ; no         ; no            ; no       ; Off          ; 2.5 V        ; Default          ; Series 50 Ohm without Calibration ; --                        ; no                         ; no                          ; Fitter               ; -                    ; -                   ;
; PCplus4[16]    ; AD5   ; 3        ; 1            ; 0            ; 21           ; no              ; no                     ; no            ; 2         ; no              ; no         ; no            ; no       ; Off          ; 2.5 V        ; Default          ; Series 50 Ohm without Calibration ; --                        ; no                         ; no                          ; Fitter               ; -                    ; -                   ;
; PCplus4[17]    ; AH6   ; 3        ; 11           ; 0            ; 14           ; no              ; no                     ; no            ; 2         ; no              ; no         ; no            ; no       ; Off          ; 2.5 V        ; Default          ; Series 50 Ohm without Calibration ; --                        ; no                         ; no                          ; Fitter               ; -                    ; -                   ;
; PCplus4[18]    ; K2    ; 1        ; 0            ; 55           ; 21           ; no              ; no                     ; no            ; 2         ; no              ; no         ; no            ; no       ; Off          ; 2.5 V        ; Default          ; Series 50 Ohm without Calibration ; --                        ; no                         ; no                          ; Fitter               ; -                    ; -                   ;
; PCplus4[19]    ; E3    ; 1        ; 0            ; 66           ; 14           ; no              ; no                     ; no            ; 2         ; no              ; no         ; no            ; no       ; Off          ; 2.5 V        ; Default          ; Series 50 Ohm without Calibration ; --                        ; no                         ; no                          ; Fitter               ; -                    ; -                   ;
; PCplus4[1]     ; M2    ; 1        ; 0            ; 44           ; 14           ; no              ; no                     ; no            ; 2         ; no              ; no         ; no            ; no       ; Off          ; 2.5 V        ; Default          ; Series 50 Ohm without Calibration ; --                        ; no                         ; no                          ; Fitter               ; -                    ; -                   ;
; PCplus4[20]    ; AB19  ; 4        ; 98           ; 0            ; 21           ; no              ; no                     ; no            ; 2         ; no              ; no         ; no            ; no       ; Off          ; 2.5 V        ; Default          ; Series 50 Ohm without Calibration ; --                        ; no                         ; no                          ; Fitter               ; -                    ; -                   ;
; PCplus4[21]    ; AD4   ; 3        ; 1            ; 0            ; 7            ; no              ; no                     ; no            ; 2         ; no              ; no         ; no            ; no       ; Off          ; 2.5 V        ; Default          ; Series 50 Ohm without Calibration ; --                        ; no                         ; no                          ; Fitter               ; -                    ; -                   ;
; PCplus4[22]    ; K3    ; 1        ; 0            ; 53           ; 7            ; no              ; no                     ; no            ; 2         ; no              ; no         ; no            ; no       ; Off          ; 2.5 V        ; Default          ; Series 50 Ohm without Calibration ; --                        ; no                         ; no                          ; Fitter               ; -                    ; -                   ;
; PCplus4[23]    ; D28   ; 6        ; 115          ; 60           ; 14           ; no              ; no                     ; no            ; 2         ; no              ; no         ; no            ; no       ; Off          ; 2.5 V        ; Default          ; Series 50 Ohm without Calibration ; --                        ; no                         ; no                          ; Fitter               ; -                    ; -                   ;
; PCplus4[24]    ; AG10  ; 3        ; 31           ; 0            ; 7            ; no              ; no                     ; no            ; 2         ; no              ; no         ; no            ; no       ; Off          ; 2.5 V        ; Default          ; Series 50 Ohm without Calibration ; --                        ; no                         ; no                          ; Fitter               ; -                    ; -                   ;
; PCplus4[25]    ; U6    ; 2        ; 0            ; 25           ; 21           ; no              ; no                     ; no            ; 2         ; no              ; no         ; no            ; no       ; Off          ; 2.5 V        ; Default          ; Series 50 Ohm without Calibration ; --                        ; no                         ; no                          ; Fitter               ; -                    ; -                   ;
; PCplus4[26]    ; W25   ; 5        ; 115          ; 20           ; 7            ; no              ; no                     ; no            ; 2         ; no              ; no         ; no            ; no       ; Off          ; 2.5 V        ; Default          ; Series 50 Ohm without Calibration ; --                        ; no                         ; no                          ; Fitter               ; -                    ; -                   ;
; PCplus4[27]    ; F2    ; 1        ; 0            ; 60           ; 14           ; no              ; no                     ; no            ; 2         ; no              ; no         ; no            ; no       ; Off          ; 2.5 V        ; Default          ; Series 50 Ohm without Calibration ; --                        ; no                         ; no                          ; Fitter               ; -                    ; -                   ;
; PCplus4[28]    ; AF10  ; 3        ; 29           ; 0            ; 14           ; no              ; no                     ; no            ; 2         ; no              ; no         ; no            ; no       ; Off          ; 2.5 V        ; Default          ; Series 50 Ohm without Calibration ; --                        ; no                         ; no                          ; Fitter               ; -                    ; -                   ;
; PCplus4[29]    ; M24   ; 6        ; 115          ; 41           ; 0            ; no              ; no                     ; no            ; 2         ; no              ; no         ; no            ; no       ; Off          ; 2.5 V        ; Default          ; Series 50 Ohm without Calibration ; --                        ; no                         ; no                          ; Fitter               ; -                    ; -                   ;
; PCplus4[2]     ; G4    ; 1        ; 0            ; 63           ; 14           ; no              ; no                     ; no            ; 2         ; no              ; no         ; no            ; no       ; Off          ; 2.5 V        ; Default          ; Series 50 Ohm without Calibration ; --                        ; no                         ; no                          ; Fitter               ; -                    ; -                   ;
; PCplus4[30]    ; AA8   ; 3        ; 18           ; 0            ; 14           ; no              ; no                     ; no            ; 2         ; no              ; no         ; no            ; no       ; Off          ; 2.5 V        ; Default          ; Series 50 Ohm without Calibration ; --                        ; no                         ; no                          ; Fitter               ; -                    ; -                   ;
; PCplus4[31]    ; AC21  ; 4        ; 102          ; 0            ; 21           ; no              ; no                     ; no            ; 2         ; no              ; no         ; no            ; no       ; Off          ; 2.5 V        ; Default          ; Series 50 Ohm without Calibration ; --                        ; no                         ; no                          ; Fitter               ; -                    ; -                   ;
; PCplus4[3]     ; H8    ; 8        ; 11           ; 73           ; 21           ; no              ; no                     ; no            ; 2         ; no              ; no         ; no            ; no       ; Off          ; 2.5 V        ; Default          ; Series 50 Ohm without Calibration ; --                        ; no                         ; no                          ; Fitter               ; -                    ; -                   ;
; PCplus4[4]     ; L3    ; 1        ; 0            ; 52           ; 14           ; no              ; no                     ; no            ; 2         ; no              ; no         ; no            ; no       ; Off          ; 2.5 V        ; Default          ; Series 50 Ohm without Calibration ; --                        ; no                         ; no                          ; Fitter               ; -                    ; -                   ;
; PCplus4[5]     ; AF9   ; 3        ; 20           ; 0            ; 0            ; no              ; no                     ; no            ; 2         ; no              ; no         ; no            ; no       ; Off          ; 2.5 V        ; Default          ; Series 50 Ohm without Calibration ; --                        ; no                         ; no                          ; Fitter               ; -                    ; -                   ;
; PCplus4[6]     ; U3    ; 2        ; 0            ; 34           ; 7            ; no              ; no                     ; no            ; 2         ; no              ; no         ; no            ; no       ; Off          ; 2.5 V        ; Default          ; Series 50 Ohm without Calibration ; --                        ; no                         ; no                          ; Fitter               ; -                    ; -                   ;
; PCplus4[7]     ; Y4    ; 2        ; 0            ; 24           ; 7            ; no              ; no                     ; no            ; 2         ; no              ; no         ; no            ; no       ; Off          ; 2.5 V        ; Default          ; Series 50 Ohm without Calibration ; --                        ; no                         ; no                          ; Fitter               ; -                    ; -                   ;
; PCplus4[8]     ; AD25  ; 4        ; 100          ; 0            ; 21           ; no              ; no                     ; no            ; 2         ; no              ; no         ; no            ; no       ; Off          ; 2.5 V        ; Default          ; Series 50 Ohm without Calibration ; --                        ; no                         ; no                          ; Fitter               ; -                    ; -                   ;
; PCplus4[9]     ; L7    ; 1        ; 0            ; 47           ; 14           ; no              ; no                     ; no            ; 2         ; no              ; no         ; no            ; no       ; Off          ; 2.5 V        ; Default          ; Series 50 Ohm without Calibration ; --                        ; no                         ; no                          ; Fitter               ; -                    ; -                   ;
; RD1[0]         ; A12   ; 8        ; 47           ; 73           ; 0            ; no              ; no                     ; no            ; 2         ; no              ; no         ; no            ; no       ; Off          ; 2.5 V        ; Default          ; Series 50 Ohm without Calibration ; --                        ; no                         ; no                          ; Fitter               ; -                    ; -                   ;
; RD1[10]        ; G7    ; 8        ; 9            ; 73           ; 0            ; no              ; no                     ; no            ; 2         ; no              ; no         ; no            ; no       ; Off          ; 2.5 V        ; Default          ; Series 50 Ohm without Calibration ; --                        ; no                         ; no                          ; Fitter               ; -                    ; -                   ;
; RD1[11]        ; E25   ; 7        ; 83           ; 73           ; 0            ; no              ; no                     ; no            ; 2         ; no              ; no         ; no            ; no       ; Off          ; 2.5 V        ; Default          ; Series 50 Ohm without Calibration ; --                        ; no                         ; no                          ; Fitter               ; -                    ; -                   ;
; RD1[12]        ; B4    ; 8        ; 7            ; 73           ; 21           ; no              ; no                     ; no            ; 2         ; no              ; no         ; no            ; no       ; Off          ; 2.5 V        ; Default          ; Series 50 Ohm without Calibration ; --                        ; no                         ; no                          ; Fitter               ; -                    ; -                   ;
; RD1[13]        ; J10   ; 8        ; 20           ; 73           ; 21           ; no              ; no                     ; no            ; 2         ; no              ; no         ; no            ; no       ; Off          ; 2.5 V        ; Default          ; Series 50 Ohm without Calibration ; --                        ; no                         ; no                          ; Fitter               ; -                    ; -                   ;
; RD1[14]        ; F10   ; 8        ; 20           ; 73           ; 0            ; no              ; no                     ; no            ; 2         ; no              ; no         ; no            ; no       ; Off          ; 2.5 V        ; Default          ; Series 50 Ohm without Calibration ; --                        ; no                         ; no                          ; Fitter               ; -                    ; -                   ;
; RD1[15]        ; A22   ; 7        ; 89           ; 73           ; 7            ; no              ; no                     ; no            ; 2         ; no              ; no         ; no            ; no       ; Off          ; 2.5 V        ; Default          ; Series 50 Ohm without Calibration ; --                        ; no                         ; no                          ; Fitter               ; -                    ; -                   ;
; RD1[16]        ; D16   ; 7        ; 62           ; 73           ; 21           ; no              ; no                     ; no            ; 2         ; no              ; no         ; no            ; no       ; Off          ; 2.5 V        ; Default          ; Series 50 Ohm without Calibration ; --                        ; no                         ; no                          ; Fitter               ; -                    ; -                   ;
; RD1[17]        ; G14   ; 8        ; 47           ; 73           ; 14           ; no              ; no                     ; no            ; 2         ; no              ; no         ; no            ; no       ; Off          ; 2.5 V        ; Default          ; Series 50 Ohm without Calibration ; --                        ; no                         ; no                          ; Fitter               ; -                    ; -                   ;
; RD1[18]        ; D9    ; 8        ; 23           ; 73           ; 21           ; no              ; no                     ; no            ; 2         ; no              ; no         ; no            ; no       ; Off          ; 2.5 V        ; Default          ; Series 50 Ohm without Calibration ; --                        ; no                         ; no                          ; Fitter               ; -                    ; -                   ;
; RD1[19]        ; J14   ; 8        ; 49           ; 73           ; 21           ; no              ; no                     ; no            ; 2         ; no              ; no         ; no            ; no       ; Off          ; 2.5 V        ; Default          ; Series 50 Ohm without Calibration ; --                        ; no                         ; no                          ; Fitter               ; -                    ; -                   ;
; RD1[1]         ; D11   ; 8        ; 23           ; 73           ; 7            ; no              ; no                     ; no            ; 2         ; no              ; no         ; no            ; no       ; Off          ; 2.5 V        ; Default          ; Series 50 Ohm without Calibration ; --                        ; no                         ; no                          ; Fitter               ; -                    ; -                   ;
; RD1[20]        ; G8    ; 8        ; 11           ; 73           ; 14           ; no              ; no                     ; no            ; 2         ; no              ; no         ; no            ; no       ; Off          ; 2.5 V        ; Default          ; Series 50 Ohm without Calibration ; --                        ; no                         ; no                          ; Fitter               ; -                    ; -                   ;
; RD1[21]        ; F18   ; 7        ; 87           ; 73           ; 14           ; no              ; no                     ; no            ; 2         ; no              ; no         ; no            ; no       ; Off          ; 2.5 V        ; Default          ; Series 50 Ohm without Calibration ; --                        ; no                         ; no                          ; Fitter               ; -                    ; -                   ;
; RD1[22]        ; F7    ; 8        ; 9            ; 73           ; 7            ; no              ; no                     ; no            ; 2         ; no              ; no         ; no            ; no       ; Off          ; 2.5 V        ; Default          ; Series 50 Ohm without Calibration ; --                        ; no                         ; no                          ; Fitter               ; -                    ; -                   ;
; RD1[23]        ; A18   ; 7        ; 79           ; 73           ; 0            ; no              ; no                     ; no            ; 2         ; no              ; no         ; no            ; no       ; Off          ; 2.5 V        ; Default          ; Series 50 Ohm without Calibration ; --                        ; no                         ; no                          ; Fitter               ; -                    ; -                   ;
; RD1[24]        ; C2    ; 1        ; 0            ; 69           ; 7            ; no              ; no                     ; no            ; 2         ; no              ; no         ; no            ; no       ; Off          ; 2.5 V        ; Default          ; Series 50 Ohm without Calibration ; --                        ; no                         ; no                          ; Fitter               ; -                    ; -                   ;
; RD1[25]        ; B23   ; 7        ; 102          ; 73           ; 7            ; no              ; no                     ; no            ; 2         ; no              ; no         ; no            ; no       ; Off          ; 2.5 V        ; Default          ; Series 50 Ohm without Calibration ; --                        ; no                         ; no                          ; Fitter               ; -                    ; -                   ;
; RD1[26]        ; H19   ; 7        ; 72           ; 73           ; 0            ; no              ; no                     ; no            ; 2         ; no              ; no         ; no            ; no       ; Off          ; 2.5 V        ; Default          ; Series 50 Ohm without Calibration ; --                        ; no                         ; no                          ; Fitter               ; -                    ; -                   ;
; RD1[27]        ; B17   ; 7        ; 60           ; 73           ; 7            ; no              ; no                     ; no            ; 2         ; no              ; no         ; no            ; no       ; Off          ; 2.5 V        ; Default          ; Series 50 Ohm without Calibration ; --                        ; no                         ; no                          ; Fitter               ; -                    ; -                   ;
; RD1[28]        ; H14   ; 8        ; 49           ; 73           ; 14           ; no              ; no                     ; no            ; 2         ; no              ; no         ; no            ; no       ; Off          ; 2.5 V        ; Default          ; Series 50 Ohm without Calibration ; --                        ; no                         ; no                          ; Fitter               ; -                    ; -                   ;
; RD1[29]        ; D17   ; 7        ; 81           ; 73           ; 7            ; no              ; no                     ; no            ; 2         ; no              ; no         ; no            ; no       ; Off          ; 2.5 V        ; Default          ; Series 50 Ohm without Calibration ; --                        ; no                         ; no                          ; Fitter               ; -                    ; -                   ;
; RD1[2]         ; B11   ; 8        ; 42           ; 73           ; 7            ; no              ; no                     ; no            ; 2         ; no              ; no         ; no            ; no       ; Off          ; 2.5 V        ; Default          ; Series 50 Ohm without Calibration ; --                        ; no                         ; no                          ; Fitter               ; -                    ; -                   ;
; RD1[30]        ; C12   ; 8        ; 52           ; 73           ; 14           ; no              ; no                     ; no            ; 2         ; no              ; no         ; no            ; no       ; Off          ; 2.5 V        ; Default          ; Series 50 Ohm without Calibration ; --                        ; no                         ; no                          ; Fitter               ; -                    ; -                   ;
; RD1[31]        ; F19   ; 7        ; 94           ; 73           ; 0            ; no              ; no                     ; no            ; 2         ; no              ; no         ; no            ; no       ; Off          ; 2.5 V        ; Default          ; Series 50 Ohm without Calibration ; --                        ; no                         ; no                          ; Fitter               ; -                    ; -                   ;
; RD1[3]         ; F17   ; 7        ; 67           ; 73           ; 14           ; no              ; no                     ; no            ; 2         ; no              ; no         ; no            ; no       ; Off          ; 2.5 V        ; Default          ; Series 50 Ohm without Calibration ; --                        ; no                         ; no                          ; Fitter               ; -                    ; -                   ;
; RD1[4]         ; J16   ; 7        ; 65           ; 73           ; 14           ; no              ; no                     ; no            ; 2         ; no              ; no         ; no            ; no       ; Off          ; 2.5 V        ; Default          ; Series 50 Ohm without Calibration ; --                        ; no                         ; no                          ; Fitter               ; -                    ; -                   ;
; RD1[5]         ; C18   ; 7        ; 87           ; 73           ; 21           ; no              ; no                     ; no            ; 2         ; no              ; no         ; no            ; no       ; Off          ; 2.5 V        ; Default          ; Series 50 Ohm without Calibration ; --                        ; no                         ; no                          ; Fitter               ; -                    ; -                   ;
; RD1[6]         ; H21   ; 7        ; 72           ; 73           ; 14           ; no              ; no                     ; no            ; 2         ; no              ; no         ; no            ; no       ; Off          ; 2.5 V        ; Default          ; Series 50 Ohm without Calibration ; --                        ; no                         ; no                          ; Fitter               ; -                    ; -                   ;
; RD1[7]         ; G20   ; 7        ; 74           ; 73           ; 14           ; no              ; no                     ; no            ; 2         ; no              ; no         ; no            ; no       ; Off          ; 2.5 V        ; Default          ; Series 50 Ohm without Calibration ; --                        ; no                         ; no                          ; Fitter               ; -                    ; -                   ;
; RD1[8]         ; G21   ; 7        ; 74           ; 73           ; 21           ; no              ; no                     ; no            ; 2         ; no              ; no         ; no            ; no       ; Off          ; 2.5 V        ; Default          ; Series 50 Ohm without Calibration ; --                        ; no                         ; no                          ; Fitter               ; -                    ; -                   ;
; RD1[9]         ; G10   ; 8        ; 20           ; 73           ; 7            ; no              ; no                     ; no            ; 2         ; no              ; no         ; no            ; no       ; Off          ; 2.5 V        ; Default          ; Series 50 Ohm without Calibration ; --                        ; no                         ; no                          ; Fitter               ; -                    ; -                   ;
; RD2[0]         ; H10   ; 8        ; 20           ; 73           ; 14           ; no              ; no                     ; no            ; 2         ; no              ; no         ; no            ; no       ; Off          ; 2.5 V        ; Default          ; Series 50 Ohm without Calibration ; --                        ; no                         ; no                          ; Fitter               ; -                    ; -                   ;
; RD2[10]        ; A8    ; 8        ; 18           ; 73           ; 21           ; no              ; no                     ; no            ; 2         ; no              ; no         ; no            ; no       ; Off          ; 2.5 V        ; Default          ; Series 50 Ohm without Calibration ; --                        ; no                         ; no                          ; Fitter               ; -                    ; -                   ;
; RD2[11]        ; J19   ; 7        ; 72           ; 73           ; 7            ; no              ; no                     ; no            ; 2         ; no              ; no         ; no            ; no       ; Off          ; 2.5 V        ; Default          ; Series 50 Ohm without Calibration ; --                        ; no                         ; no                          ; Fitter               ; -                    ; -                   ;
; RD2[12]        ; B19   ; 7        ; 81           ; 73           ; 21           ; no              ; no                     ; no            ; 2         ; no              ; no         ; no            ; no       ; Off          ; 2.5 V        ; Default          ; Series 50 Ohm without Calibration ; --                        ; no                         ; no                          ; Fitter               ; -                    ; -                   ;
; RD2[13]        ; C8    ; 8        ; 16           ; 73           ; 7            ; no              ; no                     ; no            ; 2         ; no              ; no         ; no            ; no       ; Off          ; 2.5 V        ; Default          ; Series 50 Ohm without Calibration ; --                        ; no                         ; no                          ; Fitter               ; -                    ; -                   ;
; RD2[14]        ; D25   ; 7        ; 105          ; 73           ; 0            ; no              ; no                     ; no            ; 2         ; no              ; no         ; no            ; no       ; Off          ; 2.5 V        ; Default          ; Series 50 Ohm without Calibration ; --                        ; no                         ; no                          ; Fitter               ; -                    ; -                   ;
; RD2[15]        ; D7    ; 8        ; 13           ; 73           ; 0            ; no              ; no                     ; no            ; 2         ; no              ; no         ; no            ; no       ; Off          ; 2.5 V        ; Default          ; Series 50 Ohm without Calibration ; --                        ; no                         ; no                          ; Fitter               ; -                    ; -                   ;
; RD2[16]        ; E24   ; 7        ; 85           ; 73           ; 21           ; no              ; no                     ; no            ; 2         ; no              ; no         ; no            ; no       ; Off          ; 2.5 V        ; Default          ; Series 50 Ohm without Calibration ; --                        ; no                         ; no                          ; Fitter               ; -                    ; -                   ;
; RD2[17]        ; C7    ; 8        ; 16           ; 73           ; 21           ; no              ; no                     ; no            ; 2         ; no              ; no         ; no            ; no       ; Off          ; 2.5 V        ; Default          ; Series 50 Ohm without Calibration ; --                        ; no                         ; no                          ; Fitter               ; -                    ; -                   ;
; RD2[18]        ; D23   ; 7        ; 100          ; 73           ; 14           ; no              ; no                     ; no            ; 2         ; no              ; no         ; no            ; no       ; Off          ; 2.5 V        ; Default          ; Series 50 Ohm without Calibration ; --                        ; no                         ; no                          ; Fitter               ; -                    ; -                   ;
; RD2[19]        ; C17   ; 7        ; 81           ; 73           ; 0            ; no              ; no                     ; no            ; 2         ; no              ; no         ; no            ; no       ; Off          ; 2.5 V        ; Default          ; Series 50 Ohm without Calibration ; --                        ; no                         ; no                          ; Fitter               ; -                    ; -                   ;
; RD2[1]         ; A19   ; 7        ; 81           ; 73           ; 14           ; no              ; no                     ; no            ; 2         ; no              ; no         ; no            ; no       ; Off          ; 2.5 V        ; Default          ; Series 50 Ohm without Calibration ; --                        ; no                         ; no                          ; Fitter               ; -                    ; -                   ;
; RD2[20]        ; E21   ; 7        ; 107          ; 73           ; 7            ; no              ; no                     ; no            ; 2         ; no              ; no         ; no            ; no       ; Off          ; 2.5 V        ; Default          ; Series 50 Ohm without Calibration ; --                        ; no                         ; no                          ; Fitter               ; -                    ; -                   ;
; RD2[21]        ; B8    ; 8        ; 16           ; 73           ; 0            ; no              ; no                     ; no            ; 2         ; no              ; no         ; no            ; no       ; Off          ; 2.5 V        ; Default          ; Series 50 Ohm without Calibration ; --                        ; no                         ; no                          ; Fitter               ; -                    ; -                   ;
; RD2[22]        ; G9    ; 8        ; 13           ; 73           ; 21           ; no              ; no                     ; no            ; 2         ; no              ; no         ; no            ; no       ; Off          ; 2.5 V        ; Default          ; Series 50 Ohm without Calibration ; --                        ; no                         ; no                          ; Fitter               ; -                    ; -                   ;
; RD2[23]        ; C20   ; 7        ; 85           ; 73           ; 7            ; no              ; no                     ; no            ; 2         ; no              ; no         ; no            ; no       ; Off          ; 2.5 V        ; Default          ; Series 50 Ohm without Calibration ; --                        ; no                         ; no                          ; Fitter               ; -                    ; -                   ;
; RD2[24]        ; G22   ; 7        ; 72           ; 73           ; 21           ; no              ; no                     ; no            ; 2         ; no              ; no         ; no            ; no       ; Off          ; 2.5 V        ; Default          ; Series 50 Ohm without Calibration ; --                        ; no                         ; no                          ; Fitter               ; -                    ; -                   ;
; RD2[25]        ; D18   ; 7        ; 85           ; 73           ; 0            ; no              ; no                     ; no            ; 2         ; no              ; no         ; no            ; no       ; Off          ; 2.5 V        ; Default          ; Series 50 Ohm without Calibration ; --                        ; no                         ; no                          ; Fitter               ; -                    ; -                   ;
; RD2[26]        ; A21   ; 7        ; 89           ; 73           ; 21           ; no              ; no                     ; no            ; 2         ; no              ; no         ; no            ; no       ; Off          ; 2.5 V        ; Default          ; Series 50 Ohm without Calibration ; --                        ; no                         ; no                          ; Fitter               ; -                    ; -                   ;
; RD2[27]        ; H13   ; 8        ; 38           ; 73           ; 21           ; no              ; no                     ; no            ; 2         ; no              ; no         ; no            ; no       ; Off          ; 2.5 V        ; Default          ; Series 50 Ohm without Calibration ; --                        ; no                         ; no                          ; Fitter               ; -                    ; -                   ;
; RD2[28]        ; D6    ; 8        ; 13           ; 73           ; 14           ; no              ; no                     ; no            ; 2         ; no              ; no         ; no            ; no       ; Off          ; 2.5 V        ; Default          ; Series 50 Ohm without Calibration ; --                        ; no                         ; no                          ; Fitter               ; -                    ; -                   ;
; RD2[29]        ; C6    ; 8        ; 5            ; 73           ; 21           ; no              ; no                     ; no            ; 2         ; no              ; no         ; no            ; no       ; Off          ; 2.5 V        ; Default          ; Series 50 Ohm without Calibration ; --                        ; no                         ; no                          ; Fitter               ; -                    ; -                   ;
; RD2[2]         ; E10   ; 8        ; 18           ; 73           ; 14           ; no              ; no                     ; no            ; 2         ; no              ; no         ; no            ; no       ; Off          ; 2.5 V        ; Default          ; Series 50 Ohm without Calibration ; --                        ; no                         ; no                          ; Fitter               ; -                    ; -                   ;
; RD2[30]        ; J17   ; 7        ; 69           ; 73           ; 0            ; no              ; no                     ; no            ; 2         ; no              ; no         ; no            ; no       ; Off          ; 2.5 V        ; Default          ; Series 50 Ohm without Calibration ; --                        ; no                         ; no                          ; Fitter               ; -                    ; -                   ;
; RD2[31]        ; G17   ; 7        ; 83           ; 73           ; 21           ; no              ; no                     ; no            ; 2         ; no              ; no         ; no            ; no       ; Off          ; 2.5 V        ; Default          ; Series 50 Ohm without Calibration ; --                        ; no                         ; no                          ; Fitter               ; -                    ; -                   ;
; RD2[3]         ; E8    ; 8        ; 11           ; 73           ; 0            ; no              ; no                     ; no            ; 2         ; no              ; no         ; no            ; no       ; Off          ; 2.5 V        ; Default          ; Series 50 Ohm without Calibration ; --                        ; no                         ; no                          ; Fitter               ; -                    ; -                   ;
; RD2[4]         ; D8    ; 8        ; 16           ; 73           ; 14           ; no              ; no                     ; no            ; 2         ; no              ; no         ; no            ; no       ; Off          ; 2.5 V        ; Default          ; Series 50 Ohm without Calibration ; --                        ; no                         ; no                          ; Fitter               ; -                    ; -                   ;
; RD2[5]         ; E7    ; 8        ; 13           ; 73           ; 7            ; no              ; no                     ; no            ; 2         ; no              ; no         ; no            ; no       ; Off          ; 2.5 V        ; Default          ; Series 50 Ohm without Calibration ; --                        ; no                         ; no                          ; Fitter               ; -                    ; -                   ;
; RD2[6]         ; D10   ; 8        ; 35           ; 73           ; 21           ; no              ; no                     ; no            ; 2         ; no              ; no         ; no            ; no       ; Off          ; 2.5 V        ; Default          ; Series 50 Ohm without Calibration ; --                        ; no                         ; no                          ; Fitter               ; -                    ; -                   ;
; RD2[7]         ; D20   ; 7        ; 85           ; 73           ; 14           ; no              ; no                     ; no            ; 2         ; no              ; no         ; no            ; no       ; Off          ; 2.5 V        ; Default          ; Series 50 Ohm without Calibration ; --                        ; no                         ; no                          ; Fitter               ; -                    ; -                   ;
; RD2[8]         ; C25   ; 7        ; 105          ; 73           ; 7            ; no              ; no                     ; no            ; 2         ; no              ; no         ; no            ; no       ; Off          ; 2.5 V        ; Default          ; Series 50 Ohm without Calibration ; --                        ; no                         ; no                          ; Fitter               ; -                    ; -                   ;
; RD2[9]         ; B18   ; 7        ; 79           ; 73           ; 7            ; no              ; no                     ; no            ; 2         ; no              ; no         ; no            ; no       ; Off          ; 2.5 V        ; Default          ; Series 50 Ohm without Calibration ; --                        ; no                         ; no                          ; Fitter               ; -                    ; -                   ;
+----------------+-------+----------+--------------+--------------+--------------+-----------------+------------------------+---------------+-----------+-----------------+------------+---------------+----------+--------------+--------------+------------------+-----------------------------------+---------------------------+----------------------------+-----------------------------+----------------------+----------------------+---------------------+


+--------------------------------------------------------------------------------------------------------------------------------------+
; Dual Purpose and Dedicated Pins                                                                                                      ;
+----------+------------------------------------------+--------------------------+-------------------------+---------------------------+
; Location ; Pin Name                                 ; Reserved As              ; User Signal Name        ; Pin Type                  ;
+----------+------------------------------------------+--------------------------+-------------------------+---------------------------+
; G6       ; DIFFIO_L3p, nRESET                       ; Use as regular IO        ; MUX_INPUT3[27]          ; Dual Purpose Pin          ;
; F4       ; DIFFIO_L5n, DATA1, ASDO                  ; As input tri-stated      ; ~ALTERA_ASDO_DATA1~     ; Dual Purpose Pin          ;
; E2       ; DIFFIO_L8p, FLASH_nCE, nCSO              ; As input tri-stated      ; ~ALTERA_FLASH_nCE_nCSO~ ; Dual Purpose Pin          ;
; M6       ; nSTATUS                                  ; -                        ; -                       ; Dedicated Programming Pin ;
; P3       ; DCLK                                     ; As output driving ground ; ~ALTERA_DCLK~           ; Dual Purpose Pin          ;
; N7       ; DATA0                                    ; As input tri-stated      ; ~ALTERA_DATA0~          ; Dual Purpose Pin          ;
; P4       ; nCONFIG                                  ; -                        ; -                       ; Dedicated Programming Pin ;
; R8       ; nCE                                      ; -                        ; -                       ; Dedicated Programming Pin ;
; T22      ; DIFFIO_R29n, DEV_OE                      ; Use as regular IO        ; HEX4[3]                 ; Dual Purpose Pin          ;
; T21      ; DIFFIO_R29p, DEV_CLRn                    ; Use as regular IO        ; HEX4[4]                 ; Dual Purpose Pin          ;
; P24      ; CONF_DONE                                ; -                        ; -                       ; Dedicated Programming Pin ;
; N22      ; MSEL0                                    ; -                        ; -                       ; Dedicated Programming Pin ;
; P23      ; MSEL1                                    ; -                        ; -                       ; Dedicated Programming Pin ;
; M22      ; MSEL2                                    ; -                        ; -                       ; Dedicated Programming Pin ;
; P22      ; MSEL3                                    ; -                        ; -                       ; Dedicated Programming Pin ;
; P28      ; DIFFIO_R23n, nCEO                        ; Use as programming pin   ; ~ALTERA_nCEO~           ; Dual Purpose Pin          ;
; G27      ; DIFFIO_R15p, nOE                         ; Use as regular IO        ; MUX_INPUT2[8]           ; Dual Purpose Pin          ;
; E28      ; DIFFIO_R12n, PADD23                      ; Use as regular IO        ; MUX_INPUT3[8]           ; Dual Purpose Pin          ;
; D28      ; DIFFIO_R9n, PADD22                       ; Use as regular IO        ; PCplus4[23]             ; Dual Purpose Pin          ;
; B22      ; DIFFIO_T53p, PADD0                       ; Use as regular IO        ; MUX_INPUT3[2]           ; Dual Purpose Pin          ;
; C18      ; DIFFIO_T50n, PADD1                       ; Use as regular IO        ; RD1[5]                  ; Dual Purpose Pin          ;
; D18      ; DIFFIO_T50p, PADD2                       ; Use as regular IO        ; RD2[25]                 ; Dual Purpose Pin          ;
; C17      ; DIFFIO_T46n, PADD3                       ; Use as regular IO        ; RD2[19]                 ; Dual Purpose Pin          ;
; D17      ; DIFFIO_T46p, PADD4, DQS2T/CQ3T,DPCLK8    ; Use as regular IO        ; RD1[29]                 ; Dual Purpose Pin          ;
; A19      ; DIFFIO_T45n, PADD5                       ; Use as regular IO        ; RD2[1]                  ; Dual Purpose Pin          ;
; B19      ; DIFFIO_T45p, PADD6                       ; Use as regular IO        ; RD2[12]                 ; Dual Purpose Pin          ;
; A18      ; DIFFIO_T44n, PADD7                       ; Use as regular IO        ; RD1[23]                 ; Dual Purpose Pin          ;
; B18      ; DIFFIO_T44p, PADD8                       ; Use as regular IO        ; RD2[9]                  ; Dual Purpose Pin          ;
; C16      ; DIFFIO_T36n, PADD9                       ; Use as regular IO        ; ALU_result[30]          ; Dual Purpose Pin          ;
; D16      ; DIFFIO_T36p, PADD10                      ; Use as regular IO        ; RD1[16]                 ; Dual Purpose Pin          ;
; A17      ; DIFFIO_T35n, PADD11                      ; Use as regular IO        ; ALU_result[5]           ; Dual Purpose Pin          ;
; B17      ; DIFFIO_T35p, PADD12, DQS4T/CQ5T,DPCLK9   ; Use as regular IO        ; RD1[27]                 ; Dual Purpose Pin          ;
; C15      ; DIFFIO_T32n, PADD13                      ; Use as regular IO        ; ALU_result[20]          ; Dual Purpose Pin          ;
; D15      ; DIFFIO_T32p, PADD14                      ; Use as regular IO        ; ALU_result[18]          ; Dual Purpose Pin          ;
; D14      ; DIFFIO_T30p, PADD15                      ; Use as regular IO        ; ALU_result[27]          ; Dual Purpose Pin          ;
; C12      ; DIFFIO_T29n, PADD16                      ; Use as regular IO        ; RD1[30]                 ; Dual Purpose Pin          ;
; D12      ; DIFFIO_T29p, PADD17, DQS5T/CQ5T#,DPCLK10 ; Use as regular IO        ; ALU_result[23]          ; Dual Purpose Pin          ;
; A11      ; DIFFIO_T25n, DATA2                       ; Use as regular IO        ; ALU_result[15]          ; Dual Purpose Pin          ;
; B11      ; DIFFIO_T25p, DATA3                       ; Use as regular IO        ; RD1[2]                  ; Dual Purpose Pin          ;
; A10      ; DIFFIO_T23n, PADD18                      ; Use as regular IO        ; ALU_result[10]          ; Dual Purpose Pin          ;
; B10      ; DIFFIO_T23p, DATA4                       ; Use as regular IO        ; ALU_result[14]          ; Dual Purpose Pin          ;
; G13      ; DIFFIO_T22n, PADD19                      ; Use as regular IO        ; ALU_result[11]          ; Dual Purpose Pin          ;
; H13      ; DIFFIO_T22p, DATA15                      ; Use as regular IO        ; RD2[27]                 ; Dual Purpose Pin          ;
; E12      ; DIFFIO_T20n, DATA14, DQS3T/CQ3T#,DPCLK11 ; Use as regular IO        ; ALU_result[9]           ; Dual Purpose Pin          ;
; F12      ; DIFFIO_T20p, DATA13                      ; Use as regular IO        ; ALU_result[6]           ; Dual Purpose Pin          ;
; B7       ; DIFFIO_T18p, DATA5                       ; Use as regular IO        ; ALU_result[0]           ; Dual Purpose Pin          ;
; B6       ; DIFFIO_T17p, DATA6                       ; Use as regular IO        ; HEX0[2]                 ; Dual Purpose Pin          ;
; C11      ; DIFFIO_T15n, DATA7                       ; Use as regular IO        ; ALU_result[4]           ; Dual Purpose Pin          ;
; D9       ; DIFFIO_T14p, DATA8                       ; Use as regular IO        ; RD1[18]                 ; Dual Purpose Pin          ;
; A8       ; DIFFIO_T11n, DATA9                       ; Use as regular IO        ; RD2[10]                 ; Dual Purpose Pin          ;
; C7       ; DIFFIO_T9n, DATA10                       ; Use as regular IO        ; RD2[17]                 ; Dual Purpose Pin          ;
; D7       ; DIFFIO_T9p, DATA11                       ; Use as regular IO        ; RD2[15]                 ; Dual Purpose Pin          ;
; B4       ; DIFFIO_T4p, DATA12, DQS1T/CQ1T#,CDPCLK7  ; Use as regular IO        ; RD1[12]                 ; Dual Purpose Pin          ;
+----------+------------------------------------------+--------------------------+-------------------------+---------------------------+


+------------------------------------------------------------+
; I/O Bank Usage                                             ;
+----------+------------------+---------------+--------------+
; I/O Bank ; Usage            ; VCCIO Voltage ; VREF Voltage ;
+----------+------------------+---------------+--------------+
; 1        ; 43 / 56 ( 77 % ) ; 2.5V          ; --           ;
; 2        ; 33 / 63 ( 52 % ) ; 2.5V          ; --           ;
; 3        ; 48 / 73 ( 66 % ) ; 2.5V          ; --           ;
; 4        ; 42 / 71 ( 59 % ) ; 2.5V          ; --           ;
; 5        ; 25 / 65 ( 38 % ) ; 2.5V          ; --           ;
; 6        ; 21 / 58 ( 36 % ) ; 2.5V          ; --           ;
; 7        ; 66 / 72 ( 92 % ) ; 2.5V          ; --           ;
; 8        ; 69 / 71 ( 97 % ) ; 2.5V          ; --           ;
+----------+------------------+---------------+--------------+


+-----------------------------------------------------------------------------------------------------------------------------------------------------------------------------------------+
; All Package Pins                                                                                                                                                                        ;
+----------+------------+----------+-----------------------------------------------------------+--------+--------------+---------+------------+-----------------+----------+--------------+
; Location ; Pad Number ; I/O Bank ; Pin Name/Usage                                            ; Dir.   ; I/O Standard ; Voltage ; I/O Type   ; User Assignment ; Bus Hold ; Weak Pull Up ;
+----------+------------+----------+-----------------------------------------------------------+--------+--------------+---------+------------+-----------------+----------+--------------+
; A2       ;            ; 8        ; VCCIO8                                                    ; power  ;              ; 2.5V    ; --         ;                 ; --       ; --           ;
; A3       ; 535        ; 8        ; MUX_INPUT1[19]                                            ; output ; 2.5 V        ;         ; Column I/O ; N               ; no       ; Off          ;
; A4       ; 532        ; 8        ; HEX0[5]                                                   ; output ; 2.5 V        ;         ; Column I/O ; N               ; no       ; Off          ;
; A5       ;            ; 8        ; VCCIO8                                                    ; power  ;              ; 2.5V    ; --         ;                 ; --       ; --           ;
; A6       ; 504        ; 8        ; ALU_result[1]                                             ; output ; 2.5 V        ;         ; Column I/O ; N               ; no       ; Off          ;
; A7       ; 501        ; 8        ; PC[2]                                                     ; output ; 2.5 V        ;         ; Column I/O ; N               ; no       ; Off          ;
; A8       ; 517        ; 8        ; RD2[10]                                                   ; output ; 2.5 V        ;         ; Column I/O ; N               ; no       ; Off          ;
; A9       ;            ; 8        ; VCCIO8                                                    ; power  ;              ; 2.5V    ; --         ;                 ; --       ; --           ;
; A10      ; 491        ; 8        ; ALU_result[10]                                            ; output ; 2.5 V        ;         ; Column I/O ; N               ; no       ; Off          ;
; A11      ; 487        ; 8        ; ALU_result[15]                                            ; output ; 2.5 V        ;         ; Column I/O ; N               ; no       ; Off          ;
; A12      ; 482        ; 8        ; RD1[0]                                                    ; output ; 2.5 V        ;         ; Column I/O ; N               ; no       ; Off          ;
; A13      ;            ; 8        ; VCCIO8                                                    ; power  ;              ; 2.5V    ; --         ;                 ; --       ; --           ;
; A14      ; 472        ; 8        ; GND+                                                      ;        ;              ;         ; Column I/O ;                 ; --       ; --           ;
; A15      ; 470        ; 7        ; GND+                                                      ;        ;              ;         ; Column I/O ;                 ; --       ; --           ;
; A16      ;            ; 7        ; VCCIO7                                                    ; power  ;              ; 2.5V    ; --         ;                 ; --       ; --           ;
; A17      ; 462        ; 7        ; ALU_result[5]                                             ; output ; 2.5 V        ;         ; Column I/O ; N               ; no       ; Off          ;
; A18      ; 442        ; 7        ; RD1[23]                                                   ; output ; 2.5 V        ;         ; Column I/O ; N               ; no       ; Off          ;
; A19      ; 440        ; 7        ; RD2[1]                                                    ; output ; 2.5 V        ;         ; Column I/O ; N               ; no       ; Off          ;
; A20      ;            ; 7        ; VCCIO7                                                    ; power  ;              ; 2.5V    ; --         ;                 ; --       ; --           ;
; A21      ; 425        ; 7        ; RD2[26]                                                   ; output ; 2.5 V        ;         ; Column I/O ; N               ; no       ; Off          ;
; A22      ; 423        ; 7        ; RD1[15]                                                   ; output ; 2.5 V        ;         ; Column I/O ; N               ; no       ; Off          ;
; A23      ; 412        ; 7        ; RESERVED_INPUT_WITH_WEAK_PULLUP                           ;        ;              ;         ; Column I/O ;                 ; no       ; On           ;
; A24      ;            ; 7        ; VCCIO7                                                    ; power  ;              ; 2.5V    ; --         ;                 ; --       ; --           ;
; A25      ; 405        ; 7        ; PC[11]                                                    ; output ; 2.5 V        ;         ; Column I/O ; N               ; no       ; Off          ;
; A26      ; 404        ; 7        ; MUX_INPUT4[20]                                            ; output ; 2.5 V        ;         ; Column I/O ; N               ; no       ; Off          ;
; A27      ;            ; 7        ; VCCIO7                                                    ; power  ;              ; 2.5V    ; --         ;                 ; --       ; --           ;
; AA1      ;            ; 2        ; VCCIO2                                                    ; power  ;              ; 2.5V    ; --         ;                 ; --       ; --           ;
; AA2      ;            ;          ; GND                                                       ; gnd    ;              ;         ; --         ;                 ; --       ; --           ;
; AA3      ; 102        ; 2        ; RESERVED_INPUT_WITH_WEAK_PULLUP                           ;        ;              ;         ; Row I/O    ;                 ; no       ; On           ;
; AA4      ; 101        ; 2        ; RESERVED_INPUT_WITH_WEAK_PULLUP                           ;        ;              ;         ; Row I/O    ;                 ; no       ; On           ;
; AA5      ; 119        ; 2        ; MUX_INPUT4[9]                                             ; output ; 2.5 V        ;         ; Row I/O    ; N               ; no       ; Off          ;
; AA6      ; 118        ; 2        ; MUX_INPUT4[16]                                            ; output ; 2.5 V        ;         ; Row I/O    ; N               ; no       ; Off          ;
; AA7      ; 120        ; 2        ; MUX_INPUT3[26]                                            ; output ; 2.5 V        ;         ; Row I/O    ; N               ; no       ; Off          ;
; AA8      ; 154        ; 3        ; PCplus4[30]                                               ; output ; 2.5 V        ;         ; Column I/O ; N               ; no       ; Off          ;
; AA9      ;            ;          ; GNDA1                                                     ; gnd    ;              ;         ; --         ;                 ; --       ; --           ;
; AA10     ; 155        ; 3        ; MUX_INPUT3[13]                                            ; output ; 2.5 V        ;         ; Column I/O ; N               ; no       ; Off          ;
; AA11     ;            ; 3        ; VCCIO3                                                    ; power  ;              ; 2.5V    ; --         ;                 ; --       ; --           ;
; AA12     ; 188        ; 3        ; HEX7[6]                                                   ; output ; 2.5 V        ;         ; Column I/O ; N               ; no       ; Off          ;
; AA13     ; 190        ; 3        ; HEX7[3]                                                   ; output ; 2.5 V        ;         ; Column I/O ; N               ; no       ; Off          ;
; AA14     ; 191        ; 3        ; HEX7[2]                                                   ; output ; 2.5 V        ;         ; Column I/O ; N               ; no       ; Off          ;
; AA15     ; 213        ; 4        ; HEX6[1]                                                   ; output ; 2.5 V        ;         ; Column I/O ; N               ; no       ; Off          ;
; AA16     ; 211        ; 4        ; HEX6[3]                                                   ; output ; 2.5 V        ;         ; Column I/O ; N               ; no       ; Off          ;
; AA17     ; 241        ; 4        ; MUX_INPUT4[11]                                            ; output ; 2.5 V        ;         ; Column I/O ; N               ; no       ; Off          ;
; AA18     ;            ; 4        ; VCCIO4                                                    ; power  ;              ; 2.5V    ; --         ;                 ; --       ; --           ;
; AA19     ; 264        ; 4        ; MUX_INPUT1[10]                                            ; output ; 2.5 V        ;         ; Column I/O ; N               ; no       ; Off          ;
; AA20     ;            ;          ; GNDA4                                                     ; gnd    ;              ;         ; --         ;                 ; --       ; --           ;
; AA21     ; 269        ; 4        ; RESERVED_INPUT_WITH_WEAK_PULLUP                           ;        ;              ;         ; Column I/O ;                 ; no       ; On           ;
; AA22     ; 275        ; 5        ; RESERVED_INPUT_WITH_WEAK_PULLUP                           ;        ;              ;         ; Row I/O    ;                 ; no       ; On           ;
; AA23     ; 280        ; 5        ; MUX_INPUT2[24]                                            ; output ; 2.5 V        ;         ; Row I/O    ; N               ; no       ; Off          ;
; AA24     ; 279        ; 5        ; RESERVED_INPUT_WITH_WEAK_PULLUP                           ;        ;              ;         ; Row I/O    ;                 ; --       ; --           ;
; AA25     ; 294        ; 5        ; RESERVED_INPUT_WITH_WEAK_PULLUP                           ;        ;              ;         ; Row I/O    ;                 ; no       ; On           ;
; AA26     ; 293        ; 5        ; RESERVED_INPUT_WITH_WEAK_PULLUP                           ;        ;              ;         ; Row I/O    ;                 ; no       ; On           ;
; AA27     ;            ;          ; GND                                                       ; gnd    ;              ;         ; --         ;                 ; --       ; --           ;
; AA28     ;            ; 5        ; VCCIO5                                                    ; power  ;              ; 2.5V    ; --         ;                 ; --       ; --           ;
; AB1      ; 86         ; 2        ; RESERVED_INPUT_WITH_WEAK_PULLUP                           ;        ;              ;         ; Row I/O    ;                 ; no       ; On           ;
; AB2      ; 85         ; 2        ; RESERVED_INPUT_WITH_WEAK_PULLUP                           ;        ;              ;         ; Row I/O    ;                 ; no       ; On           ;
; AB3      ; 99         ; 2        ; MUX_INPUT1[29]                                            ; output ; 2.5 V        ;         ; Row I/O    ; N               ; no       ; Off          ;
; AB4      ; 121        ; 2        ; MUX_INPUT4[23]                                            ; output ; 2.5 V        ;         ; Row I/O    ; N               ; no       ; Off          ;
; AB5      ; 127        ; 2        ; PC[20]                                                    ; output ; 2.5 V        ;         ; Row I/O    ; N               ; no       ; Off          ;
; AB6      ; 126        ; 2        ; MUX_INPUT3[23]                                            ; output ; 2.5 V        ;         ; Row I/O    ; N               ; no       ; Off          ;
; AB7      ; 152        ; 3        ; MUX_INPUT2[10]                                            ; output ; 2.5 V        ;         ; Column I/O ; N               ; no       ; Off          ;
; AB8      ; 148        ; 3        ; MUX_INPUT4[6]                                             ; output ; 2.5 V        ;         ; Column I/O ; N               ; no       ; Off          ;
; AB9      ; 147        ; 3        ; MUX_INPUT3[15]                                            ; output ; 2.5 V        ;         ; Column I/O ; N               ; no       ; Off          ;
; AB10     ; 173        ; 3        ; RESERVED_INPUT_WITH_WEAK_PULLUP                           ;        ;              ;         ; Column I/O ;                 ; no       ; On           ;
; AB11     ; 164        ; 3        ; RESERVED_INPUT_WITH_WEAK_PULLUP                           ;        ;              ;         ; Column I/O ;                 ; --       ; --           ;
; AB12     ; 180        ; 3        ; MUX_INPUT3[4]                                             ; output ; 2.5 V        ;         ; Column I/O ; N               ; no       ; Off          ;
; AB13     ; 181        ; 3        ; MUX_INPUT1[23]                                            ; output ; 2.5 V        ;         ; Column I/O ; N               ; no       ; Off          ;
; AB14     ; 192        ; 3        ; HEX7[5]                                                   ; output ; 2.5 V        ;         ; Column I/O ; N               ; no       ; Off          ;
; AB15     ; 214        ; 4        ; HEX6[2]                                                   ; output ; 2.5 V        ;         ; Column I/O ; N               ; no       ; Off          ;
; AB16     ; 212        ; 4        ; HEX6[0]                                                   ; output ; 2.5 V        ;         ; Column I/O ; N               ; no       ; Off          ;
; AB17     ; 242        ; 4        ; RESERVED_INPUT_WITH_WEAK_PULLUP                           ;        ;              ;         ; Column I/O ;                 ; no       ; On           ;
; AB18     ; 254        ; 4        ; MUX_INPUT4[31]                                            ; output ; 2.5 V        ;         ; Column I/O ; N               ; no       ; Off          ;
; AB19     ; 253        ; 4        ; PCplus4[20]                                               ; output ; 2.5 V        ;         ; Column I/O ; N               ; no       ; Off          ;
; AB20     ; 257        ; 4        ; MUX_INPUT2[9]                                             ; output ; 2.5 V        ;         ; Column I/O ; N               ; no       ; Off          ;
; AB21     ; 266        ; 4        ; PC[0]                                                     ; output ; 2.5 V        ;         ; Column I/O ; N               ; no       ; Off          ;
; AB22     ; 265        ; 4        ; RESERVED_INPUT_WITH_WEAK_PULLUP                           ;        ;              ;         ; Column I/O ;                 ; no       ; On           ;
; AB23     ; 276        ; 5        ; RESERVED_INPUT_WITH_WEAK_PULLUP                           ;        ;              ;         ; Row I/O    ;                 ; no       ; On           ;
; AB24     ; 274        ; 5        ; MUX_INPUT3[6]                                             ; output ; 2.5 V        ;         ; Row I/O    ; N               ; no       ; Off          ;
; AB25     ; 292        ; 5        ; RESERVED_INPUT_WITH_WEAK_PULLUP                           ;        ;              ;         ; Row I/O    ;                 ; no       ; On           ;
; AB26     ; 291        ; 5        ; PC[28]                                                    ; output ; 2.5 V        ;         ; Row I/O    ; N               ; no       ; Off          ;
; AB27     ; 296        ; 5        ; RESERVED_INPUT_WITH_WEAK_PULLUP                           ;        ;              ;         ; Row I/O    ;                 ; no       ; On           ;
; AB28     ; 295        ; 5        ; RESERVED_INPUT_WITH_WEAK_PULLUP                           ;        ;              ;         ; Row I/O    ;                 ; no       ; On           ;
; AC1      ; 94         ; 2        ; MUX_INPUT1[5]                                             ; output ; 2.5 V        ;         ; Row I/O    ; N               ; no       ; Off          ;
; AC2      ; 93         ; 2        ; RESERVED_INPUT_WITH_WEAK_PULLUP                           ;        ;              ;         ; Row I/O    ;                 ; no       ; On           ;
; AC3      ; 95         ; 2        ; MUX_INPUT4[25]                                            ; output ; 2.5 V        ;         ; Row I/O    ; N               ; no       ; Off          ;
; AC4      ; 125        ; 2        ; RESERVED_INPUT_WITH_WEAK_PULLUP                           ;        ;              ;         ; Row I/O    ;                 ; no       ; On           ;
; AC5      ; 124        ; 2        ; RESERVED_INPUT_WITH_WEAK_PULLUP                           ;        ;              ;         ; Row I/O    ;                 ; no       ; On           ;
; AC6      ;            ;          ; GND                                                       ; gnd    ;              ;         ; --         ;                 ; --       ; --           ;
; AC7      ; 144        ; 3        ; RESERVED_INPUT_WITH_WEAK_PULLUP                           ;        ;              ;         ; Column I/O ;                 ; no       ; On           ;
; AC8      ; 153        ; 3        ; RESERVED_INPUT_WITH_WEAK_PULLUP                           ;        ;              ;         ; Column I/O ;                 ; no       ; On           ;
; AC9      ;            ;          ; GND                                                       ; gnd    ;              ;         ; --         ;                 ; --       ; --           ;
; AC10     ; 174        ; 3        ; RESERVED_INPUT_WITH_WEAK_PULLUP                           ;        ;              ;         ; Column I/O ;                 ; no       ; On           ;
; AC11     ; 185        ; 3        ; RESERVED_INPUT_WITH_WEAK_PULLUP                           ;        ;              ;         ; Column I/O ;                 ; no       ; On           ;
; AC12     ; 179        ; 3        ; MUX_INPUT1[4]                                             ; output ; 2.5 V        ;         ; Column I/O ; N               ; no       ; Off          ;
; AC13     ;            ;          ; GND                                                       ; gnd    ;              ;         ; --         ;                 ; --       ; --           ;
; AC14     ; 195        ; 3        ; HEX2[5]                                                   ; output ; 2.5 V        ;         ; Column I/O ; N               ; no       ; Off          ;
; AC15     ; 203        ; 4        ; HEX5[4]                                                   ; output ; 2.5 V        ;         ; Column I/O ; N               ; no       ; Off          ;
; AC16     ;            ;          ; GND                                                       ; gnd    ;              ;         ; --         ;                 ; --       ; --           ;
; AC17     ; 221        ; 4        ; RESERVED_INPUT_WITH_WEAK_PULLUP                           ;        ;              ;         ; Column I/O ;                 ; no       ; On           ;
; AC18     ; 240        ; 4        ; RESERVED_INPUT_WITH_WEAK_PULLUP                           ;        ;              ;         ; Column I/O ;                 ; --       ; --           ;
; AC19     ; 247        ; 4        ; RESERVED_INPUT_WITH_WEAK_PULLUP                           ;        ;              ;         ; Column I/O ;                 ; no       ; On           ;
; AC20     ;            ;          ; GND                                                       ; gnd    ;              ;         ; --         ;                 ; --       ; --           ;
; AC21     ; 258        ; 4        ; PCplus4[31]                                               ; output ; 2.5 V        ;         ; Column I/O ; N               ; no       ; Off          ;
; AC22     ; 267        ; 4        ; PC[17]                                                    ; output ; 2.5 V        ;         ; Column I/O ; N               ; no       ; Off          ;
; AC23     ;            ;          ; GND                                                       ; gnd    ;              ;         ; --         ;                 ; --       ; --           ;
; AC24     ; 273        ; 5        ; RESERVED_INPUT_WITH_WEAK_PULLUP                           ;        ;              ;         ; Row I/O    ;                 ; no       ; On           ;
; AC25     ; 272        ; 5        ; RESERVED_INPUT_WITH_WEAK_PULLUP                           ;        ;              ;         ; Row I/O    ;                 ; no       ; On           ;
; AC26     ; 282        ; 5        ; RESERVED_INPUT_WITH_WEAK_PULLUP                           ;        ;              ;         ; Row I/O    ;                 ; no       ; On           ;
; AC27     ; 290        ; 5        ; RESERVED_INPUT_WITH_WEAK_PULLUP                           ;        ;              ;         ; Row I/O    ;                 ; no       ; On           ;
; AC28     ; 289        ; 5        ; RESERVED_INPUT_WITH_WEAK_PULLUP                           ;        ;              ;         ; Row I/O    ;                 ; no       ; On           ;
; AD1      ; 98         ; 2        ; RESERVED_INPUT_WITH_WEAK_PULLUP                           ;        ;              ;         ; Row I/O    ;                 ; no       ; On           ;
; AD2      ; 97         ; 2        ; RESERVED_INPUT_WITH_WEAK_PULLUP                           ;        ;              ;         ; Row I/O    ;                 ; no       ; On           ;
; AD3      ; 96         ; 2        ; MUX_INPUT2[14]                                            ; output ; 2.5 V        ;         ; Row I/O    ; N               ; no       ; Off          ;
; AD4      ; 130        ; 3        ; PCplus4[21]                                               ; output ; 2.5 V        ;         ; Column I/O ; N               ; no       ; Off          ;
; AD5      ; 128        ; 3        ; PCplus4[16]                                               ; output ; 2.5 V        ;         ; Column I/O ; N               ; no       ; Off          ;
; AD6      ;            ; 3        ; VCCIO3                                                    ; power  ;              ; 2.5V    ; --         ;                 ; --       ; --           ;
; AD7      ; 134        ; 3        ; RESERVED_INPUT_WITH_WEAK_PULLUP                           ;        ;              ;         ; Column I/O ;                 ; no       ; On           ;
; AD8      ; 143        ; 3        ; RESERVED_INPUT_WITH_WEAK_PULLUP                           ;        ;              ;         ; Column I/O ;                 ; no       ; On           ;
; AD9      ;            ; 3        ; VCCIO3                                                    ; power  ;              ; 2.5V    ; --         ;                 ; --       ; --           ;
; AD10     ; 149        ; 3        ; PC[24]                                                    ; output ; 2.5 V        ;         ; Column I/O ; N               ; no       ; Off          ;
; AD11     ; 186        ; 3        ; MUX_INPUT2[21]                                            ; output ; 2.5 V        ;         ; Column I/O ; N               ; no       ; Off          ;
; AD12     ; 182        ; 3        ; RESERVED_INPUT_WITH_WEAK_PULLUP                           ;        ;              ;         ; Column I/O ;                 ; no       ; On           ;
; AD13     ;            ; 3        ; VCCIO3                                                    ; power  ;              ; 2.5V    ; --         ;                 ; --       ; --           ;
; AD14     ; 196        ; 3        ; RESERVED_INPUT_WITH_WEAK_PULLUP                           ;        ;              ;         ; Column I/O ;                 ; no       ; On           ;
; AD15     ; 204        ; 4        ; HEX5[2]                                                   ; output ; 2.5 V        ;         ; Column I/O ; N               ; no       ; Off          ;
; AD16     ;            ; 4        ; VCCIO4                                                    ; power  ;              ; 2.5V    ; --         ;                 ; --       ; --           ;
; AD17     ; 222        ; 4        ; RESERVED_INPUT_WITH_WEAK_PULLUP                           ;        ;              ;         ; Column I/O ;                 ; no       ; On           ;
; AD18     ; 237        ; 4        ; RESERVED_INPUT_WITH_WEAK_PULLUP                           ;        ;              ;         ; Column I/O ;                 ; no       ; On           ;
; AD19     ; 248        ; 4        ; RESERVED_INPUT_WITH_WEAK_PULLUP                           ;        ;              ;         ; Column I/O ;                 ; no       ; On           ;
; AD20     ;            ; 4        ; VCCIO4                                                    ; power  ;              ; 2.5V    ; --         ;                 ; --       ; --           ;
; AD21     ; 259        ; 4        ; RESERVED_INPUT_WITH_WEAK_PULLUP                           ;        ;              ;         ; Column I/O ;                 ; no       ; On           ;
; AD22     ; 268        ; 4        ; RESERVED_INPUT_WITH_WEAK_PULLUP                           ;        ;              ;         ; Column I/O ;                 ; no       ; On           ;
; AD23     ;            ; 4        ; VCCIO4                                                    ; power  ;              ; 2.5V    ; --         ;                 ; --       ; --           ;
; AD24     ; 260        ; 4        ; PC[8]                                                     ; output ; 2.5 V        ;         ; Column I/O ; N               ; no       ; Off          ;
; AD25     ; 255        ; 4        ; PCplus4[8]                                                ; output ; 2.5 V        ;         ; Column I/O ; N               ; no       ; Off          ;
; AD26     ; 281        ; 5        ; RESERVED_INPUT_WITH_WEAK_PULLUP                           ;        ;              ;         ; Row I/O    ;                 ; no       ; On           ;
; AD27     ; 286        ; 5        ; RESERVED_INPUT_WITH_WEAK_PULLUP                           ;        ;              ;         ; Row I/O    ;                 ; no       ; On           ;
; AD28     ; 285        ; 5        ; RESERVED_INPUT_WITH_WEAK_PULLUP                           ;        ;              ;         ; Row I/O    ;                 ; no       ; On           ;
; AE1      ; 106        ; 2        ; MUX_INPUT4[29]                                            ; output ; 2.5 V        ;         ; Row I/O    ; N               ; no       ; Off          ;
; AE2      ; 105        ; 2        ; RESERVED_INPUT_WITH_WEAK_PULLUP                           ;        ;              ;         ; Row I/O    ;                 ; no       ; On           ;
; AE3      ; 122        ; 2        ; PC[10]                                                    ; output ; 2.5 V        ;         ; Row I/O    ; N               ; no       ; Off          ;
; AE4      ; 132        ; 3        ; PC[16]                                                    ; output ; 2.5 V        ;         ; Column I/O ; N               ; no       ; Off          ;
; AE5      ; 135        ; 3        ; PC[9]                                                     ; output ; 2.5 V        ;         ; Column I/O ; N               ; no       ; Off          ;
; AE6      ; 129        ; 3        ; MUX_INPUT1[26]                                            ; output ; 2.5 V        ;         ; Column I/O ; N               ; no       ; Off          ;
; AE7      ; 158        ; 3        ; MUX_INPUT1[7]                                             ; output ; 2.5 V        ;         ; Column I/O ; N               ; no       ; Off          ;
; AE8      ; 161        ; 3        ; MUX_INPUT4[10]                                            ; output ; 2.5 V        ;         ; Column I/O ; N               ; no       ; Off          ;
; AE9      ; 163        ; 3        ; MUX_INPUT4[12]                                            ; output ; 2.5 V        ;         ; Column I/O ; N               ; no       ; Off          ;
; AE10     ; 165        ; 3        ; RESERVED_INPUT_WITH_WEAK_PULLUP                           ;        ;              ;         ; Column I/O ;                 ; no       ; On           ;
; AE11     ; 171        ; 3        ; PCplus4[10]                                               ; output ; 2.5 V        ;         ; Column I/O ; N               ; no       ; Off          ;
; AE12     ; 169        ; 3        ; MUX_INPUT1[24]                                            ; output ; 2.5 V        ;         ; Column I/O ; N               ; no       ; Off          ;
; AE13     ; 177        ; 3        ; MUX_INPUT1[17]                                            ; output ; 2.5 V        ;         ; Column I/O ; N               ; no       ; Off          ;
; AE14     ; 183        ; 3        ; MUX_INPUT3[14]                                            ; output ; 2.5 V        ;         ; Column I/O ; N               ; no       ; Off          ;
; AE15     ; 205        ; 4        ; HEX5[0]                                                   ; output ; 2.5 V        ;         ; Column I/O ; N               ; no       ; Off          ;
; AE16     ; 209        ; 4        ; HEX6[5]                                                   ; output ; 2.5 V        ;         ; Column I/O ; N               ; no       ; Off          ;
; AE17     ; 215        ; 4        ; HEX6[6]                                                   ; output ; 2.5 V        ;         ; Column I/O ; N               ; no       ; Off          ;
; AE18     ; 225        ; 4        ; PCplus4[15]                                               ; output ; 2.5 V        ;         ; Column I/O ; N               ; no       ; Off          ;
; AE19     ; 231        ; 4        ; MUX_INPUT3[10]                                            ; output ; 2.5 V        ;         ; Column I/O ; N               ; no       ; Off          ;
; AE20     ; 235        ; 4        ; RESERVED_INPUT_WITH_WEAK_PULLUP                           ;        ;              ;         ; Column I/O ;                 ; no       ; On           ;
; AE21     ; 238        ; 4        ; RESERVED_INPUT_WITH_WEAK_PULLUP                           ;        ;              ;         ; Column I/O ;                 ; no       ; On           ;
; AE22     ; 251        ; 4        ; PCplus4[11]                                               ; output ; 2.5 V        ;         ; Column I/O ; N               ; no       ; Off          ;
; AE23     ; 261        ; 4        ; RESERVED_INPUT_WITH_WEAK_PULLUP                           ;        ;              ;         ; Column I/O ;                 ; no       ; On           ;
; AE24     ; 256        ; 4        ; MUX_INPUT1[0]                                             ; output ; 2.5 V        ;         ; Column I/O ; N               ; no       ; Off          ;
; AE25     ; 243        ; 4        ; RESERVED_INPUT_WITH_WEAK_PULLUP                           ;        ;              ;         ; Column I/O ;                 ; no       ; On           ;
; AE26     ; 278        ; 5        ; RESERVED_INPUT_WITH_WEAK_PULLUP                           ;        ;              ;         ; Row I/O    ;                 ; no       ; On           ;
; AE27     ; 284        ; 5        ; RESERVED_INPUT_WITH_WEAK_PULLUP                           ;        ;              ;         ; Row I/O    ;                 ; no       ; On           ;
; AE28     ; 283        ; 5        ; PC[6]                                                     ; output ; 2.5 V        ;         ; Row I/O    ; N               ; no       ; Off          ;
; AF1      ;            ;          ; GND                                                       ; gnd    ;              ;         ; --         ;                 ; --       ; --           ;
; AF2      ; 123        ; 2        ; RESERVED_INPUT_WITH_WEAK_PULLUP                           ;        ;              ;         ; Row I/O    ;                 ; no       ; On           ;
; AF3      ; 138        ; 3        ; MUX_INPUT2[25]                                            ; output ; 2.5 V        ;         ; Column I/O ; N               ; no       ; Off          ;
; AF4      ; 131        ; 3        ; RESERVED_INPUT_WITH_WEAK_PULLUP                           ;        ;              ;         ; Column I/O ;                 ; no       ; On           ;
; AF5      ; 136        ; 3        ; MUX_INPUT1[1]                                             ; output ; 2.5 V        ;         ; Column I/O ; N               ; no       ; Off          ;
; AF6      ; 139        ; 3        ; MUX_INPUT2[12]                                            ; output ; 2.5 V        ;         ; Column I/O ; N               ; no       ; Off          ;
; AF7      ; 159        ; 3        ; MUX_INPUT2[5]                                             ; output ; 2.5 V        ;         ; Column I/O ; N               ; no       ; Off          ;
; AF8      ; 162        ; 3        ; MUX_INPUT4[5]                                             ; output ; 2.5 V        ;         ; Column I/O ; N               ; no       ; Off          ;
; AF9      ; 160        ; 3        ; PCplus4[5]                                                ; output ; 2.5 V        ;         ; Column I/O ; N               ; no       ; Off          ;
; AF10     ; 166        ; 3        ; PCplus4[28]                                               ; output ; 2.5 V        ;         ; Column I/O ; N               ; no       ; Off          ;
; AF11     ; 172        ; 3        ; RESERVED_INPUT_WITH_WEAK_PULLUP                           ;        ;              ;         ; Column I/O ;                 ; no       ; On           ;
; AF12     ; 170        ; 3        ; MUX_INPUT1[15]                                            ; output ; 2.5 V        ;         ; Column I/O ; N               ; no       ; Off          ;
; AF13     ; 178        ; 3        ; RESERVED_INPUT_WITH_WEAK_PULLUP                           ;        ;              ;         ; Column I/O ;                 ; no       ; On           ;
; AF14     ; 184        ; 3        ; RESERVED_INPUT_WITH_WEAK_PULLUP                           ;        ;              ;         ; Column I/O ;                 ; no       ; On           ;
; AF15     ; 206        ; 4        ; HEX5[1]                                                   ; output ; 2.5 V        ;         ; Column I/O ; N               ; no       ; Off          ;
; AF16     ; 210        ; 4        ; HEX6[4]                                                   ; output ; 2.5 V        ;         ; Column I/O ; N               ; no       ; Off          ;
; AF17     ; 216        ; 4        ; MUX_INPUT3[0]                                             ; output ; 2.5 V        ;         ; Column I/O ; N               ; no       ; Off          ;
; AF18     ; 226        ; 4        ; RESERVED_INPUT_WITH_WEAK_PULLUP                           ;        ;              ;         ; Column I/O ;                 ; no       ; On           ;
; AF19     ; 232        ; 4        ; MUX_INPUT3[21]                                            ; output ; 2.5 V        ;         ; Column I/O ; N               ; no       ; Off          ;
; AF20     ; 236        ; 4        ; MUX_INPUT3[11]                                            ; output ; 2.5 V        ;         ; Column I/O ; N               ; no       ; Off          ;
; AF21     ; 239        ; 4        ; MUX_INPUT4[0]                                             ; output ; 2.5 V        ;         ; Column I/O ; N               ; no       ; Off          ;
; AF22     ; 252        ; 4        ; RESERVED_INPUT_WITH_WEAK_PULLUP                           ;        ;              ;         ; Column I/O ;                 ; no       ; On           ;
; AF23     ; 262        ; 4        ; MUX_INPUT4[24]                                            ; output ; 2.5 V        ;         ; Column I/O ; N               ; no       ; Off          ;
; AF24     ; 233        ; 4        ; MUX_INPUT3[20]                                            ; output ; 2.5 V        ;         ; Column I/O ; N               ; no       ; Off          ;
; AF25     ; 234        ; 4        ; PC[26]                                                    ; output ; 2.5 V        ;         ; Column I/O ; N               ; no       ; Off          ;
; AF26     ; 244        ; 4        ; RESERVED_INPUT_WITH_WEAK_PULLUP                           ;        ;              ;         ; Column I/O ;                 ; no       ; On           ;
; AF27     ; 277        ; 5        ; MUX_INPUT1[21]                                            ; output ; 2.5 V        ;         ; Row I/O    ; N               ; no       ; Off          ;
; AF28     ;            ;          ; GND                                                       ; gnd    ;              ;         ; --         ;                 ; --       ; --           ;
; AG1      ;            ; 2        ; VCCIO2                                                    ; power  ;              ; 2.5V    ; --         ;                 ; --       ; --           ;
; AG2      ;            ;          ; GND                                                       ; gnd    ;              ;         ; --         ;                 ; --       ; --           ;
; AG3      ; 133        ; 3        ; RESERVED_INPUT_WITH_WEAK_PULLUP                           ;        ;              ;         ; Column I/O ;                 ; no       ; On           ;
; AG4      ; 141        ; 3        ; MUX_INPUT1[8]                                             ; output ; 2.5 V        ;         ; Column I/O ; N               ; no       ; Off          ;
; AG5      ;            ;          ; GND                                                       ; gnd    ;              ;         ; --         ;                 ; --       ; --           ;
; AG6      ; 145        ; 3        ; RESERVED_INPUT_WITH_WEAK_PULLUP                           ;        ;              ;         ; Column I/O ;                 ; no       ; On           ;
; AG7      ; 150        ; 3        ; MUX_INPUT4[26]                                            ; output ; 2.5 V        ;         ; Column I/O ; N               ; no       ; Off          ;
; AG8      ; 156        ; 3        ; RESERVED_INPUT_WITH_WEAK_PULLUP                           ;        ;              ;         ; Column I/O ;                 ; no       ; On           ;
; AG9      ;            ;          ; GND                                                       ; gnd    ;              ;         ; --         ;                 ; --       ; --           ;
; AG10     ; 167        ; 3        ; PCplus4[24]                                               ; output ; 2.5 V        ;         ; Column I/O ; N               ; no       ; Off          ;
; AG11     ; 175        ; 3        ; RESERVED_INPUT_WITH_WEAK_PULLUP                           ;        ;              ;         ; Column I/O ;                 ; no       ; On           ;
; AG12     ; 193        ; 3        ; HEX7[1]                                                   ; output ; 2.5 V        ;         ; Column I/O ; N               ; no       ; Off          ;
; AG13     ;            ;          ; GND                                                       ; gnd    ;              ;         ; --         ;                 ; --       ; --           ;
; AG14     ; 199        ; 3        ; GND+                                                      ;        ;              ;         ; Column I/O ;                 ; --       ; --           ;
; AG15     ; 201        ; 4        ; GND+                                                      ;        ;              ;         ; Column I/O ;                 ; --       ; --           ;
; AG16     ;            ;          ; GND                                                       ; gnd    ;              ;         ; --         ;                 ; --       ; --           ;
; AG17     ; 207        ; 4        ; HEX5[3]                                                   ; output ; 2.5 V        ;         ; Column I/O ; N               ; no       ; Off          ;
; AG18     ; 217        ; 4        ; PC[12]                                                    ; output ; 2.5 V        ;         ; Column I/O ; N               ; no       ; Off          ;
; AG19     ; 219        ; 4        ; PC[5]                                                     ; output ; 2.5 V        ;         ; Column I/O ; N               ; no       ; Off          ;
; AG20     ;            ;          ; GND                                                       ; gnd    ;              ;         ; --         ;                 ; --       ; --           ;
; AG21     ; 223        ; 4        ; RESERVED_INPUT_WITH_WEAK_PULLUP                           ;        ;              ;         ; Column I/O ;                 ; no       ; On           ;
; AG22     ; 227        ; 4        ; RESERVED_INPUT_WITH_WEAK_PULLUP                           ;        ;              ;         ; Column I/O ;                 ; no       ; On           ;
; AG23     ; 229        ; 4        ; MUX_INPUT1[31]                                            ; output ; 2.5 V        ;         ; Column I/O ; N               ; no       ; Off          ;
; AG24     ;            ;          ; GND                                                       ; gnd    ;              ;         ; --         ;                 ; --       ; --           ;
; AG25     ; 245        ; 4        ; MUX_INPUT2[11]                                            ; output ; 2.5 V        ;         ; Column I/O ; N               ; no       ; Off          ;
; AG26     ; 270        ; 4        ; RESERVED_INPUT_WITH_WEAK_PULLUP                           ;        ;              ;         ; Column I/O ;                 ; no       ; On           ;
; AG27     ;            ;          ; GND                                                       ; gnd    ;              ;         ; --         ;                 ; --       ; --           ;
; AG28     ;            ; 5        ; VCCIO5                                                    ; power  ;              ; 2.5V    ; --         ;                 ; --       ; --           ;
; AH2      ;            ; 3        ; VCCIO3                                                    ; power  ;              ; 2.5V    ; --         ;                 ; --       ; --           ;
; AH3      ; 137        ; 3        ; RESERVED_INPUT_WITH_WEAK_PULLUP                           ;        ;              ;         ; Column I/O ;                 ; no       ; On           ;
; AH4      ; 142        ; 3        ; RESERVED_INPUT_WITH_WEAK_PULLUP                           ;        ;              ;         ; Column I/O ;                 ; no       ; On           ;
; AH5      ;            ; 3        ; VCCIO3                                                    ; power  ;              ; 2.5V    ; --         ;                 ; --       ; --           ;
; AH6      ; 146        ; 3        ; PCplus4[17]                                               ; output ; 2.5 V        ;         ; Column I/O ; N               ; no       ; Off          ;
; AH7      ; 151        ; 3        ; MUX_INPUT2[7]                                             ; output ; 2.5 V        ;         ; Column I/O ; N               ; no       ; Off          ;
; AH8      ; 157        ; 3        ; MUX_INPUT4[30]                                            ; output ; 2.5 V        ;         ; Column I/O ; N               ; no       ; Off          ;
; AH9      ;            ; 3        ; VCCIO3                                                    ; power  ;              ; 2.5V    ; --         ;                 ; --       ; --           ;
; AH10     ; 168        ; 3        ; PC[15]                                                    ; output ; 2.5 V        ;         ; Column I/O ; N               ; no       ; Off          ;
; AH11     ; 176        ; 3        ; RESERVED_INPUT_WITH_WEAK_PULLUP                           ;        ;              ;         ; Column I/O ;                 ; no       ; On           ;
; AH12     ; 194        ; 3        ; HEX2[6]                                                   ; output ; 2.5 V        ;         ; Column I/O ; N               ; no       ; Off          ;
; AH13     ;            ; 3        ; VCCIO3                                                    ; power  ;              ; 2.5V    ; --         ;                 ; --       ; --           ;
; AH14     ; 200        ; 3        ; GND+                                                      ;        ;              ;         ; Column I/O ;                 ; --       ; --           ;
; AH15     ; 202        ; 4        ; GND+                                                      ;        ;              ;         ; Column I/O ;                 ; --       ; --           ;
; AH16     ;            ; 4        ; VCCIO4                                                    ; power  ;              ; 2.5V    ; --         ;                 ; --       ; --           ;
; AH17     ; 208        ; 4        ; HEX5[5]                                                   ; output ; 2.5 V        ;         ; Column I/O ; N               ; no       ; Off          ;
; AH18     ; 218        ; 4        ; MUX_INPUT1[20]                                            ; output ; 2.5 V        ;         ; Column I/O ; N               ; no       ; Off          ;
; AH19     ; 220        ; 4        ; HEX4[1]                                                   ; output ; 2.5 V        ;         ; Column I/O ; N               ; no       ; Off          ;
; AH20     ;            ; 4        ; VCCIO4                                                    ; power  ;              ; 2.5V    ; --         ;                 ; --       ; --           ;
; AH21     ; 224        ; 4        ; RESERVED_INPUT_WITH_WEAK_PULLUP                           ;        ;              ;         ; Column I/O ;                 ; no       ; On           ;
; AH22     ; 228        ; 4        ; RESERVED_INPUT_WITH_WEAK_PULLUP                           ;        ;              ;         ; Column I/O ;                 ; no       ; On           ;
; AH23     ; 230        ; 4        ; HEX3[6]                                                   ; output ; 2.5 V        ;         ; Column I/O ; N               ; no       ; Off          ;
; AH24     ;            ; 4        ; VCCIO4                                                    ; power  ;              ; 2.5V    ; --         ;                 ; --       ; --           ;
; AH25     ; 246        ; 4        ; RESERVED_INPUT_WITH_WEAK_PULLUP                           ;        ;              ;         ; Column I/O ;                 ; no       ; On           ;
; AH26     ; 271        ; 4        ; MUX_INPUT2[23]                                            ; output ; 2.5 V        ;         ; Column I/O ; N               ; no       ; Off          ;
; AH27     ;            ; 4        ; VCCIO4                                                    ; power  ;              ; 2.5V    ; --         ;                 ; --       ; --           ;
; B1       ;            ; 1        ; VCCIO1                                                    ; power  ;              ; 2.5V    ; --         ;                 ; --       ; --           ;
; B2       ;            ;          ; GND                                                       ; gnd    ;              ;         ; --         ;                 ; --       ; --           ;
; B3       ; 534        ; 8        ; MUX_INPUT3[18]                                            ; output ; 2.5 V        ;         ; Column I/O ; N               ; no       ; Off          ;
; B4       ; 533        ; 8        ; RD1[12]                                                   ; output ; 2.5 V        ;         ; Column I/O ; N               ; no       ; Off          ;
; B5       ;            ;          ; GND                                                       ; gnd    ;              ;         ; --         ;                 ; --       ; --           ;
; B6       ; 505        ; 8        ; HEX0[2]                                                   ; output ; 2.5 V        ;         ; Column I/O ; N               ; no       ; Off          ;
; B7       ; 502        ; 8        ; ALU_result[0]                                             ; output ; 2.5 V        ;         ; Column I/O ; N               ; no       ; Off          ;
; B8       ; 518        ; 8        ; RD2[21]                                                   ; output ; 2.5 V        ;         ; Column I/O ; N               ; no       ; Off          ;
; B9       ;            ;          ; GND                                                       ; gnd    ;              ;         ; --         ;                 ; --       ; --           ;
; B10      ; 492        ; 8        ; ALU_result[14]                                            ; output ; 2.5 V        ;         ; Column I/O ; N               ; no       ; Off          ;
; B11      ; 488        ; 8        ; RD1[2]                                                    ; output ; 2.5 V        ;         ; Column I/O ; N               ; no       ; Off          ;
; B12      ;            ;          ; GND                                                       ; gnd    ;              ;         ; --         ;                 ; --       ; --           ;
; B13      ;            ;          ; GND                                                       ; gnd    ;              ;         ; --         ;                 ; --       ; --           ;
; B14      ; 473        ; 8        ; GND+                                                      ;        ;              ;         ; Column I/O ;                 ; --       ; --           ;
; B15      ; 471        ; 7        ; GND+                                                      ;        ;              ;         ; Column I/O ;                 ; --       ; --           ;
; B16      ;            ;          ; GND                                                       ; gnd    ;              ;         ; --         ;                 ; --       ; --           ;
; B17      ; 463        ; 7        ; RD1[27]                                                   ; output ; 2.5 V        ;         ; Column I/O ; N               ; no       ; Off          ;
; B18      ; 443        ; 7        ; RD2[9]                                                    ; output ; 2.5 V        ;         ; Column I/O ; N               ; no       ; Off          ;
; B19      ; 441        ; 7        ; RD2[12]                                                   ; output ; 2.5 V        ;         ; Column I/O ; N               ; no       ; Off          ;
; B20      ;            ;          ; GND                                                       ; gnd    ;              ;         ; --         ;                 ; --       ; --           ;
; B21      ; 426        ; 7        ; MUX_INPUT1[2]                                             ; output ; 2.5 V        ;         ; Column I/O ; N               ; no       ; Off          ;
; B22      ; 424        ; 7        ; MUX_INPUT3[2]                                             ; output ; 2.5 V        ;         ; Column I/O ; N               ; no       ; Off          ;
; B23      ; 413        ; 7        ; RD1[25]                                                   ; output ; 2.5 V        ;         ; Column I/O ; N               ; no       ; Off          ;
; B24      ;            ;          ; GND                                                       ; gnd    ;              ;         ; --         ;                 ; --       ; --           ;
; B25      ; 406        ; 7        ; MUX_INPUT3[16]                                            ; output ; 2.5 V        ;         ; Column I/O ; N               ; no       ; Off          ;
; B26      ; 401        ; 7        ; PC[21]                                                    ; output ; 2.5 V        ;         ; Column I/O ; N               ; no       ; Off          ;
; B27      ;            ;          ; GND                                                       ; gnd    ;              ;         ; --         ;                 ; --       ; --           ;
; B28      ;            ; 6        ; VCCIO6                                                    ; power  ;              ; 2.5V    ; --         ;                 ; --       ; --           ;
; C1       ;            ;          ; GND                                                       ; gnd    ;              ;         ; --         ;                 ; --       ; --           ;
; C2       ; 1          ; 1        ; RD1[24]                                                   ; output ; 2.5 V        ;         ; Row I/O    ; N               ; no       ; Off          ;
; C3       ; 543        ; 8        ; PC[25]                                                    ; output ; 2.5 V        ;         ; Column I/O ; N               ; no       ; Off          ;
; C4       ; 539        ; 8        ; MUX_INPUT1[18]                                            ; output ; 2.5 V        ;         ; Column I/O ; N               ; no       ; Off          ;
; C5       ; 538        ; 8        ; MUX_INPUT3[19]                                            ; output ; 2.5 V        ;         ; Column I/O ; N               ; no       ; Off          ;
; C6       ; 536        ; 8        ; RD2[29]                                                   ; output ; 2.5 V        ;         ; Column I/O ; N               ; no       ; Off          ;
; C7       ; 521        ; 8        ; RD2[17]                                                   ; output ; 2.5 V        ;         ; Column I/O ; N               ; no       ; Off          ;
; C8       ; 519        ; 8        ; RD2[13]                                                   ; output ; 2.5 V        ;         ; Column I/O ; N               ; no       ; Off          ;
; C9       ; 510        ; 8        ; HEX0[1]                                                   ; output ; 2.5 V        ;         ; Column I/O ; N               ; no       ; Off          ;
; C10      ; 495        ; 8        ; ALU_result[8]                                             ; output ; 2.5 V        ;         ; Column I/O ; N               ; no       ; Off          ;
; C11      ; 508        ; 8        ; ALU_result[4]                                             ; output ; 2.5 V        ;         ; Column I/O ; N               ; no       ; Off          ;
; C12      ; 478        ; 8        ; RD1[30]                                                   ; output ; 2.5 V        ;         ; Column I/O ; N               ; no       ; Off          ;
; C13      ; 474        ; 8        ; ALU_result[26]                                            ; output ; 2.5 V        ;         ; Column I/O ; N               ; no       ; Off          ;
; C14      ; 476        ; 8        ; ALU_result[24]                                            ; output ; 2.5 V        ;         ; Column I/O ; N               ; no       ; Off          ;
; C15      ; 468        ; 7        ; ALU_result[20]                                            ; output ; 2.5 V        ;         ; Column I/O ; N               ; no       ; Off          ;
; C16      ; 460        ; 7        ; ALU_result[30]                                            ; output ; 2.5 V        ;         ; Column I/O ; N               ; no       ; Off          ;
; C17      ; 438        ; 7        ; RD2[19]                                                   ; output ; 2.5 V        ;         ; Column I/O ; N               ; no       ; Off          ;
; C18      ; 429        ; 7        ; RD1[5]                                                    ; output ; 2.5 V        ;         ; Column I/O ; N               ; no       ; Off          ;
; C19      ; 435        ; 7        ; HEX2[0]                                                   ; output ; 2.5 V        ;         ; Column I/O ; N               ; no       ; Off          ;
; C20      ; 431        ; 7        ; RD2[23]                                                   ; output ; 2.5 V        ;         ; Column I/O ; N               ; no       ; Off          ;
; C21      ; 422        ; 7        ; HEX1[0]                                                   ; output ; 2.5 V        ;         ; Column I/O ; N               ; no       ; Off          ;
; C22      ; 418        ; 7        ; MUX_INPUT3[3]                                             ; output ; 2.5 V        ;         ; Column I/O ; N               ; no       ; Off          ;
; C23      ; 415        ; 7        ; RESERVED_INPUT_WITH_WEAK_PULLUP                           ;        ;              ;         ; Column I/O ;                 ; no       ; On           ;
; C24      ; 416        ; 7        ; MUX_INPUT3[22]                                            ; output ; 2.5 V        ;         ; Column I/O ; N               ; no       ; Off          ;
; C25      ; 411        ; 7        ; RD2[8]                                                    ; output ; 2.5 V        ;         ; Column I/O ; N               ; no       ; Off          ;
; C26      ; 400        ; 7        ; MUX_INPUT1[16]                                            ; output ; 2.5 V        ;         ; Column I/O ; N               ; no       ; Off          ;
; C27      ; 382        ; 6        ; RESERVED_INPUT_WITH_WEAK_PULLUP                           ;        ;              ;         ; Row I/O    ;                 ; no       ; On           ;
; C28      ;            ;          ; GND                                                       ; gnd    ;              ;         ; --         ;                 ; --       ; --           ;
; D1       ; 3          ; 1        ; MUX_INPUT1[27]                                            ; output ; 2.5 V        ;         ; Row I/O    ; N               ; no       ; Off          ;
; D2       ; 2          ; 1        ; HEX0[4]                                                   ; output ; 2.5 V        ;         ; Row I/O    ; N               ; no       ; Off          ;
; D3       ;            ;          ; GND                                                       ; gnd    ;              ;         ; --         ;                 ; --       ; --           ;
; D4       ; 540        ; 8        ; MUX_INPUT2[3]                                             ; output ; 2.5 V        ;         ; Column I/O ; N               ; no       ; Off          ;
; D5       ; 537        ; 8        ; HEX0[3]                                                   ; output ; 2.5 V        ;         ; Column I/O ; N               ; no       ; Off          ;
; D6       ; 524        ; 8        ; RD2[28]                                                   ; output ; 2.5 V        ;         ; Column I/O ; N               ; no       ; Off          ;
; D7       ; 522        ; 8        ; RD2[15]                                                   ; output ; 2.5 V        ;         ; Column I/O ; N               ; no       ; Off          ;
; D8       ; 520        ; 8        ; RD2[4]                                                    ; output ; 2.5 V        ;         ; Column I/O ; N               ; no       ; Off          ;
; D9       ; 511        ; 8        ; RD1[18]                                                   ; output ; 2.5 V        ;         ; Column I/O ; N               ; no       ; Off          ;
; D10      ; 496        ; 8        ; RD2[6]                                                    ; output ; 2.5 V        ;         ; Column I/O ; N               ; no       ; Off          ;
; D11      ; 509        ; 8        ; RD1[1]                                                    ; output ; 2.5 V        ;         ; Column I/O ; N               ; no       ; Off          ;
; D12      ; 479        ; 8        ; ALU_result[23]                                            ; output ; 2.5 V        ;         ; Column I/O ; N               ; no       ; Off          ;
; D13      ; 475        ; 8        ; ALU_result[22]                                            ; output ; 2.5 V        ;         ; Column I/O ; N               ; no       ; Off          ;
; D14      ; 477        ; 8        ; ALU_result[27]                                            ; output ; 2.5 V        ;         ; Column I/O ; N               ; no       ; Off          ;
; D15      ; 469        ; 7        ; ALU_result[18]                                            ; output ; 2.5 V        ;         ; Column I/O ; N               ; no       ; Off          ;
; D16      ; 461        ; 7        ; RD1[16]                                                   ; output ; 2.5 V        ;         ; Column I/O ; N               ; no       ; Off          ;
; D17      ; 439        ; 7        ; RD1[29]                                                   ; output ; 2.5 V        ;         ; Column I/O ; N               ; no       ; Off          ;
; D18      ; 430        ; 7        ; RD2[25]                                                   ; output ; 2.5 V        ;         ; Column I/O ; N               ; no       ; Off          ;
; D19      ; 436        ; 7        ; HEX2[3]                                                   ; output ; 2.5 V        ;         ; Column I/O ; N               ; no       ; Off          ;
; D20      ; 432        ; 7        ; RD2[7]                                                    ; output ; 2.5 V        ;         ; Column I/O ; N               ; no       ; Off          ;
; D21      ; 419        ; 7        ; HEX1[2]                                                   ; output ; 2.5 V        ;         ; Column I/O ; N               ; no       ; Off          ;
; D22      ; 402        ; 7        ; RESERVED_INPUT_WITH_WEAK_PULLUP                           ;        ;              ;         ; Column I/O ;                 ; no       ; On           ;
; D23      ; 414        ; 7        ; RD2[18]                                                   ; output ; 2.5 V        ;         ; Column I/O ; N               ; no       ; Off          ;
; D24      ; 417        ; 7        ; MUX_INPUT1[22]                                            ; output ; 2.5 V        ;         ; Column I/O ; N               ; no       ; Off          ;
; D25      ; 410        ; 7        ; RD2[14]                                                   ; output ; 2.5 V        ;         ; Column I/O ; N               ; no       ; Off          ;
; D26      ; 383        ; 6        ; PCplus4[0]                                                ; output ; 2.5 V        ;         ; Row I/O    ; N               ; no       ; Off          ;
; D27      ; 381        ; 6        ; RESERVED_INPUT_WITH_WEAK_PULLUP                           ;        ;              ;         ; Row I/O    ;                 ; no       ; On           ;
; D28      ; 380        ; 6        ; PCplus4[23]                                               ; output ; 2.5 V        ;         ; Row I/O    ; N               ; no       ; Off          ;
; E1       ; 17         ; 1        ; PC[27]                                                    ; output ; 2.5 V        ;         ; Row I/O    ; N               ; no       ; Off          ;
; E2       ; 16         ; 1        ; ~ALTERA_FLASH_nCE_nCSO~ / RESERVED_INPUT_WITH_WEAK_PULLUP ; input  ; 2.5 V        ;         ; Row I/O    ; N               ; no       ; On           ;
; E3       ; 7          ; 1        ; PCplus4[19]                                               ; output ; 2.5 V        ;         ; Row I/O    ; N               ; no       ; Off          ;
; E4       ; 541        ; 8        ; MUX_INPUT4[3]                                             ; output ; 2.5 V        ;         ; Column I/O ; N               ; no       ; Off          ;
; E5       ; 542        ; 8        ; MUX_INPUT1[6]                                             ; output ; 2.5 V        ;         ; Column I/O ; N               ; no       ; Off          ;
; E6       ;            ; 8        ; VCCIO8                                                    ; power  ;              ; 2.5V    ; --         ;                 ; --       ; --           ;
; E7       ; 523        ; 8        ; RD2[5]                                                    ; output ; 2.5 V        ;         ; Column I/O ; N               ; no       ; Off          ;
; E8       ; 526        ; 8        ; RD2[3]                                                    ; output ; 2.5 V        ;         ; Column I/O ; N               ; no       ; Off          ;
; E9       ;            ; 8        ; VCCIO8                                                    ; power  ;              ; 2.5V    ; --         ;                 ; --       ; --           ;
; E10      ; 516        ; 8        ; RD2[2]                                                    ; output ; 2.5 V        ;         ; Column I/O ; N               ; no       ; Off          ;
; E11      ; 499        ; 8        ; ALU_result[7]                                             ; output ; 2.5 V        ;         ; Column I/O ; N               ; no       ; Off          ;
; E12      ; 497        ; 8        ; ALU_result[9]                                             ; output ; 2.5 V        ;         ; Column I/O ; N               ; no       ; Off          ;
; E13      ;            ; 8        ; VCCIO8                                                    ; power  ;              ; 2.5V    ; --         ;                 ; --       ; --           ;
; E14      ; 486        ; 8        ; ALU_result[17]                                            ; output ; 2.5 V        ;         ; Column I/O ; N               ; no       ; Off          ;
; E15      ; 467        ; 7        ; ALU_result[28]                                            ; output ; 2.5 V        ;         ; Column I/O ; N               ; no       ; Off          ;
; E16      ;            ; 7        ; VCCIO7                                                    ; power  ;              ; 2.5V    ; --         ;                 ; --       ; --           ;
; E17      ; 456        ; 7        ; HEX2[4]                                                   ; output ; 2.5 V        ;         ; Column I/O ; N               ; no       ; Off          ;
; E18      ; 427        ; 7        ; HEX2[2]                                                   ; output ; 2.5 V        ;         ; Column I/O ; N               ; no       ; Off          ;
; E19      ; 421        ; 7        ; HEX1[4]                                                   ; output ; 2.5 V        ;         ; Column I/O ; N               ; no       ; Off          ;
; E20      ;            ; 7        ; VCCIO7                                                    ; power  ;              ; 2.5V    ; --         ;                 ; --       ; --           ;
; E21      ; 407        ; 7        ; RD2[20]                                                   ; output ; 2.5 V        ;         ; Column I/O ; N               ; no       ; Off          ;
; E22      ; 403        ; 7        ; MUX_INPUT2[26]                                            ; output ; 2.5 V        ;         ; Column I/O ; N               ; no       ; Off          ;
; E23      ;            ; 7        ; VCCIO7                                                    ; power  ;              ; 2.5V    ; --         ;                 ; --       ; --           ;
; E24      ; 433        ; 7        ; RD2[16]                                                   ; output ; 2.5 V        ;         ; Column I/O ; N               ; no       ; Off          ;
; E25      ; 434        ; 7        ; RD1[11]                                                   ; output ; 2.5 V        ;         ; Column I/O ; N               ; no       ; Off          ;
; E26      ; 378        ; 6        ; RESERVED_INPUT_WITH_WEAK_PULLUP                           ;        ;              ;         ; Row I/O    ;                 ; no       ; On           ;
; E27      ; 375        ; 6        ; RESERVED_INPUT_WITH_WEAK_PULLUP                           ;        ;              ;         ; Row I/O    ;                 ; no       ; On           ;
; E28      ; 374        ; 6        ; MUX_INPUT3[8]                                             ; output ; 2.5 V        ;         ; Row I/O    ; N               ; no       ; Off          ;
; F1       ; 19         ; 1        ; PC[18]                                                    ; output ; 2.5 V        ;         ; Row I/O    ; N               ; no       ; Off          ;
; F2       ; 18         ; 1        ; PCplus4[27]                                               ; output ; 2.5 V        ;         ; Row I/O    ; N               ; no       ; Off          ;
; F3       ; 8          ; 1        ; PC[19]                                                    ; output ; 2.5 V        ;         ; Row I/O    ; N               ; no       ; Off          ;
; F4       ; 10         ; 1        ; ~ALTERA_ASDO_DATA1~ / RESERVED_INPUT_WITH_WEAK_PULLUP     ; input  ; 2.5 V        ;         ; Row I/O    ; N               ; no       ; On           ;
; F5       ; 9          ; 1        ; MUX_INPUT4[19]                                            ; output ; 2.5 V        ;         ; Row I/O    ; N               ; no       ; Off          ;
; F6       ;            ;          ; GND                                                       ; gnd    ;              ;         ; --         ;                 ; --       ; --           ;
; F7       ; 531        ; 8        ; RD1[22]                                                   ; output ; 2.5 V        ;         ; Column I/O ; N               ; no       ; Off          ;
; F8       ; 527        ; 8        ; ALU_result[2]                                             ; output ; 2.5 V        ;         ; Column I/O ; N               ; no       ; Off          ;
; F9       ;            ;          ; GND                                                       ; gnd    ;              ;         ; --         ;                 ; --       ; --           ;
; F10      ; 512        ; 8        ; RD1[14]                                                   ; output ; 2.5 V        ;         ; Column I/O ; N               ; no       ; Off          ;
; F11      ; 500        ; 8        ; ALU_result[3]                                             ; output ; 2.5 V        ;         ; Column I/O ; N               ; no       ; Off          ;
; F12      ; 498        ; 8        ; ALU_result[6]                                             ; output ; 2.5 V        ;         ; Column I/O ; N               ; no       ; Off          ;
; F13      ;            ;          ; GND                                                       ; gnd    ;              ;         ; --         ;                 ; --       ; --           ;
; F14      ; 485        ; 8        ; ALU_result[16]                                            ; output ; 2.5 V        ;         ; Column I/O ; N               ; no       ; Off          ;
; F15      ; 466        ; 7        ; ALU_result[21]                                            ; output ; 2.5 V        ;         ; Column I/O ; N               ; no       ; Off          ;
; F16      ;            ;          ; GND                                                       ; gnd    ;              ;         ; --         ;                 ; --       ; --           ;
; F17      ; 455        ; 7        ; RD1[3]                                                    ; output ; 2.5 V        ;         ; Column I/O ; N               ; no       ; Off          ;
; F18      ; 428        ; 7        ; RD1[21]                                                   ; output ; 2.5 V        ;         ; Column I/O ; N               ; no       ; Off          ;
; F19      ; 420        ; 7        ; RD1[31]                                                   ; output ; 2.5 V        ;         ; Column I/O ; N               ; no       ; Off          ;
; F20      ;            ;          ; GND                                                       ; gnd    ;              ;         ; --         ;                 ; --       ; --           ;
; F21      ; 408        ; 7        ; MUX_INPUT1[3]                                             ; output ; 2.5 V        ;         ; Column I/O ; N               ; no       ; Off          ;
; F22      ; 409        ; 7        ; RESERVED_INPUT_WITH_WEAK_PULLUP                           ;        ;              ;         ; Column I/O ;                 ; --       ; --           ;
; F23      ;            ;          ; GND                                                       ; gnd    ;              ;         ; --         ;                 ; --       ; --           ;
; F24      ; 396        ; 6        ; PC[13]                                                    ; output ; 2.5 V        ;         ; Row I/O    ; N               ; no       ; Off          ;
; F25      ; 395        ; 6        ; RESERVED_INPUT_WITH_WEAK_PULLUP                           ;        ;              ;         ; Row I/O    ;                 ; no       ; On           ;
; F26      ; 379        ; 6        ; RESERVED_INPUT_WITH_WEAK_PULLUP                           ;        ;              ;         ; Row I/O    ;                 ; no       ; On           ;
; F27      ; 373        ; 6        ; RESERVED_INPUT_WITH_WEAK_PULLUP                           ;        ;              ;         ; Row I/O    ;                 ; no       ; On           ;
; F28      ; 372        ; 6        ; RESERVED_INPUT_WITH_WEAK_PULLUP                           ;        ;              ;         ; Row I/O    ;                 ; no       ; On           ;
; G1       ; 26         ; 1        ; RESERVED_INPUT_WITH_WEAK_PULLUP                           ;        ;              ;         ; Row I/O    ;                 ; no       ; On           ;
; G2       ; 25         ; 1        ; MUX_INPUT4[18]                                            ; output ; 2.5 V        ;         ; Row I/O    ; N               ; no       ; Off          ;
; G3       ; 13         ; 1        ; MUX_INPUT4[27]                                            ; output ; 2.5 V        ;         ; Row I/O    ; N               ; no       ; Off          ;
; G4       ; 12         ; 1        ; PCplus4[2]                                                ; output ; 2.5 V        ;         ; Row I/O    ; N               ; no       ; Off          ;
; G5       ; 6          ; 1        ; MUX_INPUT2[19]                                            ; output ; 2.5 V        ;         ; Row I/O    ; N               ; no       ; Off          ;
; G6       ; 5          ; 1        ; MUX_INPUT3[27]                                            ; output ; 2.5 V        ;         ; Row I/O    ; N               ; no       ; Off          ;
; G7       ; 530        ; 8        ; RD1[10]                                                   ; output ; 2.5 V        ;         ; Column I/O ; N               ; no       ; Off          ;
; G8       ; 528        ; 8        ; RD1[20]                                                   ; output ; 2.5 V        ;         ; Column I/O ; N               ; no       ; Off          ;
; G9       ; 525        ; 8        ; RD2[22]                                                   ; output ; 2.5 V        ;         ; Column I/O ; N               ; no       ; Off          ;
; G10      ; 513        ; 8        ; RD1[9]                                                    ; output ; 2.5 V        ;         ; Column I/O ; N               ; no       ; Off          ;
; G11      ; 506        ; 8        ; PC[3]                                                     ; output ; 2.5 V        ;         ; Column I/O ; N               ; no       ; Off          ;
; G12      ; 503        ; 8        ; HEX0[6]                                                   ; output ; 2.5 V        ;         ; Column I/O ; N               ; no       ; Off          ;
; G13      ; 493        ; 8        ; ALU_result[11]                                            ; output ; 2.5 V        ;         ; Column I/O ; N               ; no       ; Off          ;
; G14      ; 484        ; 8        ; RD1[17]                                                   ; output ; 2.5 V        ;         ; Column I/O ; N               ; no       ; Off          ;
; G15      ; 457        ; 7        ; ALU_result[19]                                            ; output ; 2.5 V        ;         ; Column I/O ; N               ; no       ; Off          ;
; G16      ; 453        ; 7        ; HEX1[6]                                                   ; output ; 2.5 V        ;         ; Column I/O ; N               ; no       ; Off          ;
; G17      ; 437        ; 7        ; RD2[31]                                                   ; output ; 2.5 V        ;         ; Column I/O ; N               ; no       ; Off          ;
; G18      ; 452        ; 7        ; HEX1[5]                                                   ; output ; 2.5 V        ;         ; Column I/O ; N               ; no       ; Off          ;
; G19      ; 451        ; 7        ; HEX1[3]                                                   ; output ; 2.5 V        ;         ; Column I/O ; N               ; no       ; Off          ;
; G20      ; 444        ; 7        ; RD1[7]                                                    ; output ; 2.5 V        ;         ; Column I/O ; N               ; no       ; Off          ;
; G21      ; 445        ; 7        ; RD1[8]                                                    ; output ; 2.5 V        ;         ; Column I/O ; N               ; no       ; Off          ;
; G22      ; 449        ; 7        ; RD2[24]                                                   ; output ; 2.5 V        ;         ; Column I/O ; N               ; no       ; Off          ;
; G23      ; 398        ; 6        ; MUX_INPUT2[31]                                            ; output ; 2.5 V        ;         ; Row I/O    ; N               ; no       ; Off          ;
; G24      ; 397        ; 6        ; MUX_INPUT1[28]                                            ; output ; 2.5 V        ;         ; Row I/O    ; N               ; no       ; Off          ;
; G25      ; 393        ; 6        ; RESERVED_INPUT_WITH_WEAK_PULLUP                           ;        ;              ;         ; Row I/O    ;                 ; no       ; On           ;
; G26      ; 392        ; 6        ; RESERVED_INPUT_WITH_WEAK_PULLUP                           ;        ;              ;         ; Row I/O    ;                 ; no       ; On           ;
; G27      ; 367        ; 6        ; MUX_INPUT2[8]                                             ; output ; 2.5 V        ;         ; Row I/O    ; N               ; no       ; Off          ;
; G28      ; 366        ; 6        ; RESERVED_INPUT_WITH_WEAK_PULLUP                           ;        ;              ;         ; Row I/O    ;                 ; no       ; On           ;
; H1       ;            ; 1        ; VCCIO1                                                    ; power  ;              ; 2.5V    ; --         ;                 ; --       ; --           ;
; H2       ;            ;          ; GND                                                       ; gnd    ;              ;         ; --         ;                 ; --       ; --           ;
; H3       ; 15         ; 1        ; MUX_INPUT2[2]                                             ; output ; 2.5 V        ;         ; Row I/O    ; N               ; no       ; Off          ;
; H4       ; 14         ; 1        ; MUX_INPUT4[2]                                             ; output ; 2.5 V        ;         ; Row I/O    ; N               ; no       ; Off          ;
; H5       ; 20         ; 1        ; MUX_INPUT2[22]                                            ; output ; 2.5 V        ;         ; Row I/O    ; N               ; no       ; Off          ;
; H6       ; 11         ; 1        ; MUX_INPUT2[27]                                            ; output ; 2.5 V        ;         ; Row I/O    ; N               ; no       ; Off          ;
; H7       ; 4          ; 1        ; HEX0[0]                                                   ; output ; 2.5 V        ;         ; Row I/O    ; N               ; no       ; Off          ;
; H8       ; 529        ; 8        ; PCplus4[3]                                                ; output ; 2.5 V        ;         ; Column I/O ; N               ; no       ; Off          ;
; H9       ;            ;          ; GNDA3                                                     ; gnd    ;              ;         ; --         ;                 ; --       ; --           ;
; H10      ; 514        ; 8        ; RD2[0]                                                    ; output ; 2.5 V        ;         ; Column I/O ; N               ; no       ; Off          ;
; H11      ;            ; 8        ; VCCIO8                                                    ; power  ;              ; 2.5V    ; --         ;                 ; --       ; --           ;
; H12      ; 507        ; 8        ; PC[4]                                                     ; output ; 2.5 V        ;         ; Column I/O ; N               ; no       ; Off          ;
; H13      ; 494        ; 8        ; RD2[27]                                                   ; output ; 2.5 V        ;         ; Column I/O ; N               ; no       ; Off          ;
; H14      ; 480        ; 8        ; RD1[28]                                                   ; output ; 2.5 V        ;         ; Column I/O ; N               ; no       ; Off          ;
; H15      ; 464        ; 7        ; ALU_result[25]                                            ; output ; 2.5 V        ;         ; Column I/O ; N               ; no       ; Off          ;
; H16      ; 459        ; 7        ; ALU_result[31]                                            ; output ; 2.5 V        ;         ; Column I/O ; N               ; no       ; Off          ;
; H17      ; 454        ; 7        ; HEX1[1]                                                   ; output ; 2.5 V        ;         ; Column I/O ; N               ; no       ; Off          ;
; H18      ;            ; 7        ; VCCIO7                                                    ; power  ;              ; 2.5V    ; --         ;                 ; --       ; --           ;
; H19      ; 446        ; 7        ; RD1[26]                                                   ; output ; 2.5 V        ;         ; Column I/O ; N               ; no       ; Off          ;
; H20      ;            ;          ; GNDA2                                                     ; gnd    ;              ;         ; --         ;                 ; --       ; --           ;
; H21      ; 448        ; 7        ; RD1[6]                                                    ; output ; 2.5 V        ;         ; Column I/O ; N               ; no       ; Off          ;
; H22      ; 399        ; 6        ; RESERVED_INPUT_WITH_WEAK_PULLUP                           ;        ;              ;         ; Row I/O    ;                 ; no       ; On           ;
; H23      ; 391        ; 6        ; RESERVED_INPUT_WITH_WEAK_PULLUP                           ;        ;              ;         ; Row I/O    ;                 ; no       ; On           ;
; H24      ; 390        ; 6        ; PC[29]                                                    ; output ; 2.5 V        ;         ; Row I/O    ; N               ; no       ; Off          ;
; H25      ; 377        ; 6        ; RESERVED_INPUT_WITH_WEAK_PULLUP                           ;        ;              ;         ; Row I/O    ;                 ; no       ; On           ;
; H26      ; 376        ; 6        ; RESERVED_INPUT_WITH_WEAK_PULLUP                           ;        ;              ;         ; Row I/O    ;                 ; no       ; On           ;
; H27      ;            ;          ; GND                                                       ; gnd    ;              ;         ; --         ;                 ; --       ; --           ;
; H28      ;            ; 6        ; VCCIO6                                                    ; power  ;              ; 2.5V    ; --         ;                 ; --       ; --           ;
; J1       ; 64         ; 1        ; Clock                                                     ; input  ; 2.5 V        ;         ; Row I/O    ; N               ; no       ; Off          ;
; J2       ;            ;          ; GND                                                       ; gnd    ;              ;         ; --         ;                 ; --       ; --           ;
; J3       ; 23         ; 1        ; MUX_INPUT2[18]                                            ; output ; 2.5 V        ;         ; Row I/O    ; N               ; no       ; Off          ;
; J4       ; 22         ; 1        ; MUX_INPUT3[17]                                            ; output ; 2.5 V        ;         ; Row I/O    ; N               ; no       ; Off          ;
; J5       ; 36         ; 1        ; HEX2[1]                                                   ; output ; 2.5 V        ;         ; Row I/O    ; N               ; no       ; Off          ;
; J6       ; 35         ; 1        ; RESERVED_INPUT_WITH_WEAK_PULLUP                           ;        ;              ;         ; Row I/O    ;                 ; no       ; On           ;
; J7       ; 37         ; 1        ; MUX_INPUT1[30]                                            ; output ; 2.5 V        ;         ; Row I/O    ; N               ; no       ; Off          ;
; J8       ;            ; --       ; VCCA3                                                     ; power  ;              ; 2.5V    ; --         ;                 ; --       ; --           ;
; J9       ;            ;          ; VCCD_PLL3                                                 ; power  ;              ; 1.2V    ; --         ;                 ; --       ; --           ;
; J10      ; 515        ; 8        ; RD1[13]                                                   ; output ; 2.5 V        ;         ; Column I/O ; N               ; no       ; Off          ;
; J11      ;            ;          ; GND                                                       ; gnd    ;              ;         ; --         ;                 ; --       ; --           ;
; J12      ; 490        ; 8        ; ALU_result[12]                                            ; output ; 2.5 V        ;         ; Column I/O ; N               ; no       ; Off          ;
; J13      ; 489        ; 8        ; ALU_result[13]                                            ; output ; 2.5 V        ;         ; Column I/O ; N               ; no       ; Off          ;
; J14      ; 481        ; 8        ; RD1[19]                                                   ; output ; 2.5 V        ;         ; Column I/O ; N               ; no       ; Off          ;
; J15      ; 465        ; 7        ; ALU_result[29]                                            ; output ; 2.5 V        ;         ; Column I/O ; N               ; no       ; Off          ;
; J16      ; 458        ; 7        ; RD1[4]                                                    ; output ; 2.5 V        ;         ; Column I/O ; N               ; no       ; Off          ;
; J17      ; 450        ; 7        ; RD2[30]                                                   ; output ; 2.5 V        ;         ; Column I/O ; N               ; no       ; Off          ;
; J18      ;            ;          ; GND                                                       ; gnd    ;              ;         ; --         ;                 ; --       ; --           ;
; J19      ; 447        ; 7        ; RD2[11]                                                   ; output ; 2.5 V        ;         ; Column I/O ; N               ; no       ; Off          ;
; J20      ;            ;          ; VCCD_PLL2                                                 ; power  ;              ; 1.2V    ; --         ;                 ; --       ; --           ;
; J21      ;            ; --       ; VCCA2                                                     ; power  ;              ; 2.5V    ; --         ;                 ; --       ; --           ;
; J22      ; 394        ; 6        ; RESERVED_INPUT_WITH_WEAK_PULLUP                           ;        ;              ;         ; Row I/O    ;                 ; --       ; --           ;
; J23      ; 387        ; 6        ; PCplus4[13]                                               ; output ; 2.5 V        ;         ; Row I/O    ; N               ; no       ; Off          ;
; J24      ; 386        ; 6        ; MUX_INPUT2[15]                                            ; output ; 2.5 V        ;         ; Row I/O    ; N               ; no       ; Off          ;
; J25      ; 365        ; 6        ; MUX_INPUT2[17]                                            ; output ; 2.5 V        ;         ; Row I/O    ; N               ; no       ; Off          ;
; J26      ; 364        ; 6        ; MUX_INPUT2[6]                                             ; output ; 2.5 V        ;         ; Row I/O    ; N               ; no       ; Off          ;
; J27      ; 338        ; 6        ; GND+                                                      ;        ;              ;         ; Row I/O    ;                 ; --       ; --           ;
; J28      ; 337        ; 6        ; GND+                                                      ;        ;              ;         ; Row I/O    ;                 ; --       ; --           ;
; K1       ; 28         ; 1        ; RESERVED_INPUT_WITH_WEAK_PULLUP                           ;        ;              ;         ; Row I/O    ;                 ; no       ; On           ;
; K2       ; 27         ; 1        ; PCplus4[18]                                               ; output ; 2.5 V        ;         ; Row I/O    ; N               ; no       ; Off          ;
; K3       ; 30         ; 1        ; PCplus4[22]                                               ; output ; 2.5 V        ;         ; Row I/O    ; N               ; no       ; Off          ;
; K4       ; 29         ; 1        ; PC[22]                                                    ; output ; 2.5 V        ;         ; Row I/O    ; N               ; no       ; Off          ;
; K5       ;            ; 1        ; VCCIO1                                                    ; power  ;              ; 2.5V    ; --         ;                 ; --       ; --           ;
; K6       ;            ;          ; GND                                                       ; gnd    ;              ;         ; --         ;                 ; --       ; --           ;
; K7       ; 38         ; 1        ; MUX_INPUT2[13]                                            ; output ; 2.5 V        ;         ; Row I/O    ; N               ; no       ; Off          ;
; K8       ; 39         ; 1        ; RESERVED_INPUT_WITH_WEAK_PULLUP                           ;        ;              ;         ; Row I/O    ;                 ; no       ; On           ;
; K9       ;            ;          ; VCCINT                                                    ; power  ;              ; 1.2V    ; --         ;                 ; --       ; --           ;
; K10      ;            ;          ; GND                                                       ; gnd    ;              ;         ; --         ;                 ; --       ; --           ;
; K11      ;            ;          ; VCCINT                                                    ; power  ;              ; 1.2V    ; --         ;                 ; --       ; --           ;
; K12      ;            ;          ; GND                                                       ; gnd    ;              ;         ; --         ;                 ; --       ; --           ;
; K13      ;            ;          ; VCCINT                                                    ; power  ;              ; 1.2V    ; --         ;                 ; --       ; --           ;
; K14      ;            ;          ; GND                                                       ; gnd    ;              ;         ; --         ;                 ; --       ; --           ;
; K15      ;            ;          ; VCCINT                                                    ; power  ;              ; 1.2V    ; --         ;                 ; --       ; --           ;
; K16      ;            ;          ; GND                                                       ; gnd    ;              ;         ; --         ;                 ; --       ; --           ;
; K17      ;            ;          ; VCCINT                                                    ; power  ;              ; 1.2V    ; --         ;                 ; --       ; --           ;
; K18      ;            ;          ; GND                                                       ; gnd    ;              ;         ; --         ;                 ; --       ; --           ;
; K19      ;            ;          ; VCCINT                                                    ; power  ;              ; 1.2V    ; --         ;                 ; --       ; --           ;
; K20      ;            ;          ; GND                                                       ; gnd    ;              ;         ; --         ;                 ; --       ; --           ;
; K21      ; 389        ; 6        ; RESERVED_INPUT_WITH_WEAK_PULLUP                           ;        ;              ;         ; Row I/O    ;                 ; no       ; On           ;
; K22      ; 388        ; 6        ; RESERVED_INPUT_WITH_WEAK_PULLUP                           ;        ;              ;         ; Row I/O    ;                 ; no       ; On           ;
; K23      ;            ;          ; GND                                                       ; gnd    ;              ;         ; --         ;                 ; --       ; --           ;
; K24      ;            ; 6        ; VCCIO6                                                    ; power  ;              ; 2.5V    ; --         ;                 ; --       ; --           ;
; K25      ; 371        ; 6        ; RESERVED_INPUT_WITH_WEAK_PULLUP                           ;        ;              ;         ; Row I/O    ;                 ; no       ; On           ;
; K26      ; 370        ; 6        ; RESERVED_INPUT_WITH_WEAK_PULLUP                           ;        ;              ;         ; Row I/O    ;                 ; no       ; On           ;
; K27      ; 362        ; 6        ; MUX_INPUT1[9]                                             ; output ; 2.5 V        ;         ; Row I/O    ; N               ; no       ; Off          ;
; K28      ; 361        ; 6        ; MUX_INPUT4[28]                                            ; output ; 2.5 V        ;         ; Row I/O    ; N               ; no       ; Off          ;
; L1       ; 49         ; 1        ; RESERVED_INPUT_WITH_WEAK_PULLUP                           ;        ;              ;         ; Row I/O    ;                 ; no       ; On           ;
; L2       ; 48         ; 1        ; RESERVED_INPUT_WITH_WEAK_PULLUP                           ;        ;              ;         ; Row I/O    ;                 ; no       ; On           ;
; L3       ; 32         ; 1        ; PCplus4[4]                                                ; output ; 2.5 V        ;         ; Row I/O    ; N               ; no       ; Off          ;
; L4       ; 31         ; 1        ; MUX_INPUT4[4]                                             ; output ; 2.5 V        ;         ; Row I/O    ; N               ; no       ; Off          ;
; L5       ; 21         ; 1        ; MUX_INPUT4[22]                                            ; output ; 2.5 V        ;         ; Row I/O    ; N               ; no       ; Off          ;
; L6       ; 43         ; 1        ; RESERVED_INPUT_WITH_WEAK_PULLUP                           ;        ;              ;         ; Row I/O    ;                 ; no       ; On           ;
; L7       ; 42         ; 1        ; PCplus4[9]                                                ; output ; 2.5 V        ;         ; Row I/O    ; N               ; no       ; Off          ;
; L8       ; 40         ; 1        ; RESERVED_INPUT_WITH_WEAK_PULLUP                           ;        ;              ;         ; Row I/O    ;                 ; no       ; On           ;
; L9       ;            ;          ; GND                                                       ; gnd    ;              ;         ; --         ;                 ; --       ; --           ;
; L10      ;            ;          ; VCCINT                                                    ; power  ;              ; 1.2V    ; --         ;                 ; --       ; --           ;
; L11      ;            ;          ; GND                                                       ; gnd    ;              ;         ; --         ;                 ; --       ; --           ;
; L12      ;            ;          ; VCCINT                                                    ; power  ;              ; 1.2V    ; --         ;                 ; --       ; --           ;
; L13      ;            ;          ; GND                                                       ; gnd    ;              ;         ; --         ;                 ; --       ; --           ;
; L14      ;            ;          ; VCCINT                                                    ; power  ;              ; 1.2V    ; --         ;                 ; --       ; --           ;
; L15      ;            ;          ; GND                                                       ; gnd    ;              ;         ; --         ;                 ; --       ; --           ;
; L16      ;            ;          ; VCCINT                                                    ; power  ;              ; 1.2V    ; --         ;                 ; --       ; --           ;
; L17      ;            ;          ; GND                                                       ; gnd    ;              ;         ; --         ;                 ; --       ; --           ;
; L18      ;            ;          ; VCCINT                                                    ; power  ;              ; 1.2V    ; --         ;                 ; --       ; --           ;
; L19      ;            ;          ; GND                                                       ; gnd    ;              ;         ; --         ;                 ; --       ; --           ;
; L20      ;            ;          ; VCCINT                                                    ; power  ;              ; 1.2V    ; --         ;                 ; --       ; --           ;
; L21      ; 385        ; 6        ; MUX_INPUT1[25]                                            ; output ; 2.5 V        ;         ; Row I/O    ; N               ; no       ; Off          ;
; L22      ; 384        ; 6        ; RESERVED_INPUT_WITH_WEAK_PULLUP                           ;        ;              ;         ; Row I/O    ;                 ; no       ; On           ;
; L23      ; 360        ; 6        ; RESERVED_INPUT_WITH_WEAK_PULLUP                           ;        ;              ;         ; Row I/O    ;                 ; no       ; On           ;
; L24      ; 359        ; 6        ; RESERVED_INPUT_WITH_WEAK_PULLUP                           ;        ;              ;         ; Row I/O    ;                 ; no       ; On           ;
; L25      ; 369        ; 6        ; MUX_INPUT2[30]                                            ; output ; 2.5 V        ;         ; Row I/O    ; N               ; no       ; Off          ;
; L26      ; 363        ; 6        ; RESERVED_INPUT_WITH_WEAK_PULLUP                           ;        ;              ;         ; Row I/O    ;                 ; no       ; On           ;
; L27      ; 358        ; 6        ; MUX_INPUT2[20]                                            ; output ; 2.5 V        ;         ; Row I/O    ; N               ; no       ; Off          ;
; L28      ; 357        ; 6        ; RESERVED_INPUT_WITH_WEAK_PULLUP                           ;        ;              ;         ; Row I/O    ;                 ; no       ; On           ;
; M1       ; 51         ; 1        ; MUX_INPUT3[24]                                            ; output ; 2.5 V        ;         ; Row I/O    ; N               ; no       ; Off          ;
; M2       ; 50         ; 1        ; PCplus4[1]                                                ; output ; 2.5 V        ;         ; Row I/O    ; N               ; no       ; Off          ;
; M3       ; 34         ; 1        ; MUX_INPUT1[14]                                            ; output ; 2.5 V        ;         ; Row I/O    ; N               ; no       ; Off          ;
; M4       ; 33         ; 1        ; MUX_INPUT2[4]                                             ; output ; 2.5 V        ;         ; Row I/O    ; N               ; no       ; Off          ;
; M5       ; 41         ; 1        ; RESERVED_INPUT_WITH_WEAK_PULLUP                           ;        ;              ;         ; Row I/O    ;                 ; --       ; --           ;
; M6       ; 24         ; 1        ; ^nSTATUS                                                  ;        ;              ;         ; --         ;                 ; --       ; --           ;
; M7       ; 47         ; 1        ; PC[14]                                                    ; output ; 2.5 V        ;         ; Row I/O    ; N               ; no       ; Off          ;
; M8       ; 46         ; 1        ; RESERVED_INPUT_WITH_WEAK_PULLUP                           ;        ;              ;         ; Row I/O    ;                 ; no       ; On           ;
; M9       ;            ;          ; VCCINT                                                    ; power  ;              ; 1.2V    ; --         ;                 ; --       ; --           ;
; M10      ;            ;          ; GND                                                       ; gnd    ;              ;         ; --         ;                 ; --       ; --           ;
; M11      ;            ;          ; VCCINT                                                    ; power  ;              ; 1.2V    ; --         ;                 ; --       ; --           ;
; M12      ;            ;          ; GND                                                       ; gnd    ;              ;         ; --         ;                 ; --       ; --           ;
; M13      ;            ;          ; VCCINT                                                    ; power  ;              ; 1.2V    ; --         ;                 ; --       ; --           ;
; M14      ;            ;          ; GND                                                       ; gnd    ;              ;         ; --         ;                 ; --       ; --           ;
; M15      ;            ;          ; VCCINT                                                    ; power  ;              ; 1.2V    ; --         ;                 ; --       ; --           ;
; M16      ;            ;          ; GND                                                       ; gnd    ;              ;         ; --         ;                 ; --       ; --           ;
; M17      ;            ;          ; VCCINT                                                    ; power  ;              ; 1.2V    ; --         ;                 ; --       ; --           ;
; M18      ;            ;          ; GND                                                       ; gnd    ;              ;         ; --         ;                 ; --       ; --           ;
; M19      ;            ;          ; VCCINT                                                    ; power  ;              ; 1.2V    ; --         ;                 ; --       ; --           ;
; M20      ;            ;          ; GND                                                       ; gnd    ;              ;         ; --         ;                 ; --       ; --           ;
; M21      ; 368        ; 6        ; RESERVED_INPUT_WITH_WEAK_PULLUP                           ;        ;              ;         ; Row I/O    ;                 ; --       ; --           ;
; M22      ; 342        ; 6        ; ^MSEL2                                                    ;        ;              ;         ; --         ;                 ; --       ; --           ;
; M23      ; 344        ; 6        ; RESERVED_INPUT_WITH_WEAK_PULLUP                           ;        ;              ;         ; Row I/O    ;                 ; no       ; On           ;
; M24      ; 347        ; 6        ; PCplus4[29]                                               ; output ; 2.5 V        ;         ; Row I/O    ; N               ; no       ; Off          ;
; M25      ; 356        ; 6        ; RESERVED_INPUT_WITH_WEAK_PULLUP                           ;        ;              ;         ; Row I/O    ;                 ; no       ; On           ;
; M26      ; 355        ; 6        ; RESERVED_INPUT_WITH_WEAK_PULLUP                           ;        ;              ;         ; Row I/O    ;                 ; no       ; On           ;
; M27      ; 354        ; 6        ; RESERVED_INPUT_WITH_WEAK_PULLUP                           ;        ;              ;         ; Row I/O    ;                 ; no       ; On           ;
; M28      ; 353        ; 6        ; MUX_INPUT1[12]                                            ; output ; 2.5 V        ;         ; Row I/O    ; N               ; no       ; Off          ;
; N1       ;            ; 1        ; VCCIO1                                                    ; power  ;              ; 2.5V    ; --         ;                 ; --       ; --           ;
; N2       ;            ;          ; GND                                                       ; gnd    ;              ;         ; --         ;                 ; --       ; --           ;
; N3       ; 45         ; 1        ; RESERVED_INPUT_WITH_WEAK_PULLUP                           ;        ;              ;         ; Row I/O    ;                 ; no       ; On           ;
; N4       ; 44         ; 1        ; RESERVED_INPUT_WITH_WEAK_PULLUP                           ;        ;              ;         ; Row I/O    ;                 ; no       ; On           ;
; N5       ;            ; 1        ; VCCIO1                                                    ; power  ;              ; 2.5V    ; --         ;                 ; --       ; --           ;
; N6       ;            ;          ; GND                                                       ; gnd    ;              ;         ; --         ;                 ; --       ; --           ;
; N7       ; 56         ; 1        ; ~ALTERA_DATA0~ / RESERVED_INPUT_WITH_WEAK_PULLUP          ; input  ; 2.5 V        ;         ; Row I/O    ; N               ; no       ; On           ;
; N8       ; 54         ; 1        ; RESERVED_INPUT_WITH_WEAK_PULLUP                           ;        ;              ;         ; Row I/O    ;                 ; no       ; On           ;
; N9       ;            ;          ; GND                                                       ; gnd    ;              ;         ; --         ;                 ; --       ; --           ;
; N10      ;            ;          ; VCCINT                                                    ; power  ;              ; 1.2V    ; --         ;                 ; --       ; --           ;
; N11      ;            ;          ; GND                                                       ; gnd    ;              ;         ; --         ;                 ; --       ; --           ;
; N12      ;            ;          ; VCCINT                                                    ; power  ;              ; 1.2V    ; --         ;                 ; --       ; --           ;
; N13      ;            ;          ; GND                                                       ; gnd    ;              ;         ; --         ;                 ; --       ; --           ;
; N14      ;            ;          ; VCCINT                                                    ; power  ;              ; 1.2V    ; --         ;                 ; --       ; --           ;
; N15      ;            ;          ; GND                                                       ; gnd    ;              ;         ; --         ;                 ; --       ; --           ;
; N16      ;            ;          ; VCCINT                                                    ; power  ;              ; 1.2V    ; --         ;                 ; --       ; --           ;
; N17      ;            ;          ; GND                                                       ; gnd    ;              ;         ; --         ;                 ; --       ; --           ;
; N18      ;            ;          ; VCCINT                                                    ; power  ;              ; 1.2V    ; --         ;                 ; --       ; --           ;
; N19      ;            ;          ; GND                                                       ; gnd    ;              ;         ; --         ;                 ; --       ; --           ;
; N20      ;            ;          ; VCCINT                                                    ; power  ;              ; 1.2V    ; --         ;                 ; --       ; --           ;
; N21      ; 348        ; 6        ; MUX_INPUT2[1]                                             ; output ; 2.5 V        ;         ; Row I/O    ; N               ; no       ; Off          ;
; N22      ; 340        ; 6        ; ^MSEL0                                                    ;        ;              ;         ; --         ;                 ; --       ; --           ;
; N23      ;            ;          ; GND                                                       ; gnd    ;              ;         ; --         ;                 ; --       ; --           ;
; N24      ;            ; 6        ; VCCIO6                                                    ; power  ;              ; 2.5V    ; --         ;                 ; --       ; --           ;
; N25      ; 352        ; 6        ; RESERVED_INPUT_WITH_WEAK_PULLUP                           ;        ;              ;         ; Row I/O    ;                 ; no       ; On           ;
; N26      ; 351        ; 6        ; RESERVED_INPUT_WITH_WEAK_PULLUP                           ;        ;              ;         ; Row I/O    ;                 ; no       ; On           ;
; N27      ;            ;          ; GND                                                       ; gnd    ;              ;         ; --         ;                 ; --       ; --           ;
; N28      ;            ; 6        ; VCCIO6                                                    ; power  ;              ; 2.5V    ; --         ;                 ; --       ; --           ;
; P1       ; 53         ; 1        ; MUX_INPUT4[8]                                             ; output ; 2.5 V        ;         ; Row I/O    ; N               ; no       ; Off          ;
; P2       ; 52         ; 1        ; MUX_INPUT4[14]                                            ; output ; 2.5 V        ;         ; Row I/O    ; N               ; no       ; Off          ;
; P3       ; 55         ; 1        ; ~ALTERA_DCLK~                                             ; output ; 2.5 V        ;         ; Row I/O    ; N               ; no       ; On           ;
; P4       ; 57         ; 1        ; ^nCONFIG                                                  ;        ;              ;         ; --         ;                 ; --       ; --           ;
; P5       ; 59         ; 1        ; #TCK                                                      ; input  ;              ;         ; --         ;                 ; --       ; --           ;
; P6       ; 61         ; 1        ; #TDO                                                      ; output ;              ;         ; --         ;                 ; --       ; --           ;
; P7       ; 58         ; 1        ; #TDI                                                      ; input  ;              ;         ; --         ;                 ; --       ; --           ;
; P8       ; 60         ; 1        ; #TMS                                                      ; input  ;              ;         ; --         ;                 ; --       ; --           ;
; P9       ;            ;          ; VCCINT                                                    ; power  ;              ; 1.2V    ; --         ;                 ; --       ; --           ;
; P10      ;            ;          ; GND                                                       ; gnd    ;              ;         ; --         ;                 ; --       ; --           ;
; P11      ;            ;          ; VCCINT                                                    ; power  ;              ; 1.2V    ; --         ;                 ; --       ; --           ;
; P12      ;            ;          ; GND                                                       ; gnd    ;              ;         ; --         ;                 ; --       ; --           ;
; P13      ;            ;          ; VCCINT                                                    ; power  ;              ; 1.2V    ; --         ;                 ; --       ; --           ;
; P14      ;            ;          ; GND                                                       ; gnd    ;              ;         ; --         ;                 ; --       ; --           ;
; P15      ;            ;          ; VCCINT                                                    ; power  ;              ; 1.2V    ; --         ;                 ; --       ; --           ;
; P16      ;            ;          ; GND                                                       ; gnd    ;              ;         ; --         ;                 ; --       ; --           ;
; P17      ;            ;          ; VCCINT                                                    ; power  ;              ; 1.2V    ; --         ;                 ; --       ; --           ;
; P18      ;            ;          ; GND                                                       ; gnd    ;              ;         ; --         ;                 ; --       ; --           ;
; P19      ;            ;          ; VCCINT                                                    ; power  ;              ; 1.2V    ; --         ;                 ; --       ; --           ;
; P20      ;            ;          ; GND                                                       ; gnd    ;              ;         ; --         ;                 ; --       ; --           ;
; P21      ; 334        ; 5        ; HEX3[1]                                                   ; output ; 2.5 V        ;         ; Row I/O    ; N               ; no       ; Off          ;
; P22      ; 343        ; 6        ; ^MSEL3                                                    ;        ;              ;         ; --         ;                 ; --       ; --           ;
; P23      ; 341        ; 6        ; ^MSEL1                                                    ;        ;              ;         ; --         ;                 ; --       ; --           ;
; P24      ; 339        ; 6        ; ^CONF_DONE                                                ;        ;              ;         ; --         ;                 ; --       ; --           ;
; P25      ; 346        ; 6        ; RESERVED_INPUT_WITH_WEAK_PULLUP                           ;        ;              ;         ; Row I/O    ;                 ; no       ; On           ;
; P26      ; 345        ; 6        ; RESERVED_INPUT_WITH_WEAK_PULLUP                           ;        ;              ;         ; Row I/O    ;                 ; no       ; On           ;
; P27      ; 350        ; 6        ; RESERVED_INPUT_WITH_WEAK_PULLUP                           ;        ;              ;         ; Row I/O    ;                 ; no       ; On           ;
; P28      ; 349        ; 6        ; ~ALTERA_nCEO~ / RESERVED_OUTPUT_OPEN_DRAIN                ; output ; 2.5 V        ;         ; Row I/O    ; N               ; no       ; Off          ;
; R1       ; 68         ; 2        ; MUX_INPUT3[25]                                            ; output ; 2.5 V        ;         ; Row I/O    ; N               ; no       ; Off          ;
; R2       ; 67         ; 2        ; RESERVED_INPUT_WITH_WEAK_PULLUP                           ;        ;              ;         ; Row I/O    ;                 ; no       ; On           ;
; R3       ; 73         ; 2        ; MUX_INPUT3[5]                                             ; output ; 2.5 V        ;         ; Row I/O    ; N               ; no       ; Off          ;
; R4       ; 74         ; 2        ; MUX_INPUT4[7]                                             ; output ; 2.5 V        ;         ; Row I/O    ; N               ; no       ; Off          ;
; R5       ; 77         ; 2        ; RESERVED_INPUT_WITH_WEAK_PULLUP                           ;        ;              ;         ; Row I/O    ;                 ; no       ; On           ;
; R6       ; 70         ; 2        ; RESERVED_INPUT_WITH_WEAK_PULLUP                           ;        ;              ;         ; Row I/O    ;                 ; no       ; On           ;
; R7       ; 69         ; 2        ; PCplus4[14]                                               ; output ; 2.5 V        ;         ; Row I/O    ; N               ; no       ; Off          ;
; R8       ; 62         ; 1        ; ^nCE                                                      ;        ;              ;         ; --         ;                 ; --       ; --           ;
; R9       ;            ;          ; GND                                                       ; gnd    ;              ;         ; --         ;                 ; --       ; --           ;
; R10      ;            ;          ; VCCINT                                                    ; power  ;              ; 1.2V    ; --         ;                 ; --       ; --           ;
; R11      ;            ;          ; GND                                                       ; gnd    ;              ;         ; --         ;                 ; --       ; --           ;
; R12      ;            ;          ; VCCINT                                                    ; power  ;              ; 1.2V    ; --         ;                 ; --       ; --           ;
; R13      ;            ;          ; GND                                                       ; gnd    ;              ;         ; --         ;                 ; --       ; --           ;
; R14      ;            ;          ; VCCINT                                                    ; power  ;              ; 1.2V    ; --         ;                 ; --       ; --           ;
; R15      ;            ;          ; GND                                                       ; gnd    ;              ;         ; --         ;                 ; --       ; --           ;
; R16      ;            ;          ; VCCINT                                                    ; power  ;              ; 1.2V    ; --         ;                 ; --       ; --           ;
; R17      ;            ;          ; GND                                                       ; gnd    ;              ;         ; --         ;                 ; --       ; --           ;
; R18      ;            ;          ; VCCINT                                                    ; power  ;              ; 1.2V    ; --         ;                 ; --       ; --           ;
; R19      ;            ;          ; GND                                                       ; gnd    ;              ;         ; --         ;                 ; --       ; --           ;
; R20      ;            ;          ; VCCINT                                                    ; power  ;              ; 1.2V    ; --         ;                 ; --       ; --           ;
; R21      ; 333        ; 5        ; HEX3[3]                                                   ; output ; 2.5 V        ;         ; Row I/O    ; N               ; no       ; Off          ;
; R22      ; 332        ; 5        ; HEX3[2]                                                   ; output ; 2.5 V        ;         ; Row I/O    ; N               ; no       ; Off          ;
; R23      ; 331        ; 5        ; HEX3[5]                                                   ; output ; 2.5 V        ;         ; Row I/O    ; N               ; no       ; Off          ;
; R24      ; 330        ; 5        ; HEX3[4]                                                   ; output ; 2.5 V        ;         ; Row I/O    ; N               ; no       ; Off          ;
; R25      ; 327        ; 5        ; MUX_INPUT3[9]                                             ; output ; 2.5 V        ;         ; Row I/O    ; N               ; no       ; Off          ;
; R26      ; 326        ; 5        ; RESERVED_INPUT_WITH_WEAK_PULLUP                           ;        ;              ;         ; Row I/O    ;                 ; no       ; On           ;
; R27      ; 329        ; 5        ; RESERVED_INPUT_WITH_WEAK_PULLUP                           ;        ;              ;         ; Row I/O    ;                 ; no       ; On           ;
; R28      ; 328        ; 5        ; HEX3[0]                                                   ; output ; 2.5 V        ;         ; Row I/O    ; N               ; no       ; Off          ;
; T1       ;            ; 2        ; VCCIO2                                                    ; power  ;              ; 2.5V    ; --         ;                 ; --       ; --           ;
; T2       ;            ;          ; GND                                                       ; gnd    ;              ;         ; --         ;                 ; --       ; --           ;
; T3       ; 76         ; 2        ; MUX_INPUT4[17]                                            ; output ; 2.5 V        ;         ; Row I/O    ; N               ; no       ; Off          ;
; T4       ; 75         ; 2        ; PC[23]                                                    ; output ; 2.5 V        ;         ; Row I/O    ; N               ; no       ; Off          ;
; T5       ;            ; 2        ; VCCIO2                                                    ; power  ;              ; 2.5V    ; --         ;                 ; --       ; --           ;
; T6       ;            ;          ; GND                                                       ; gnd    ;              ;         ; --         ;                 ; --       ; --           ;
; T7       ; 78         ; 2        ; RESERVED_INPUT_WITH_WEAK_PULLUP                           ;        ;              ;         ; Row I/O    ;                 ; --       ; --           ;
; T8       ; 100        ; 2        ; RESERVED_INPUT_WITH_WEAK_PULLUP                           ;        ;              ;         ; Row I/O    ;                 ; --       ; --           ;
; T9       ;            ;          ; VCCINT                                                    ; power  ;              ; 1.2V    ; --         ;                 ; --       ; --           ;
; T10      ;            ;          ; GND                                                       ; gnd    ;              ;         ; --         ;                 ; --       ; --           ;
; T11      ;            ;          ; VCCINT                                                    ; power  ;              ; 1.2V    ; --         ;                 ; --       ; --           ;
; T12      ;            ;          ; GND                                                       ; gnd    ;              ;         ; --         ;                 ; --       ; --           ;
; T13      ;            ;          ; VCCINT                                                    ; power  ;              ; 1.2V    ; --         ;                 ; --       ; --           ;
; T14      ;            ;          ; GND                                                       ; gnd    ;              ;         ; --         ;                 ; --       ; --           ;
; T15      ;            ;          ; VCCINT                                                    ; power  ;              ; 1.2V    ; --         ;                 ; --       ; --           ;
; T16      ;            ;          ; GND                                                       ; gnd    ;              ;         ; --         ;                 ; --       ; --           ;
; T17      ;            ;          ; VCCINT                                                    ; power  ;              ; 1.2V    ; --         ;                 ; --       ; --           ;
; T18      ;            ;          ; GND                                                       ; gnd    ;              ;         ; --         ;                 ; --       ; --           ;
; T19      ;            ;          ; VCCINT                                                    ; power  ;              ; 1.2V    ; --         ;                 ; --       ; --           ;
; T20      ;            ;          ; GND                                                       ; gnd    ;              ;         ; --         ;                 ; --       ; --           ;
; T21      ; 325        ; 5        ; HEX4[4]                                                   ; output ; 2.5 V        ;         ; Row I/O    ; N               ; no       ; Off          ;
; T22      ; 324        ; 5        ; HEX4[3]                                                   ; output ; 2.5 V        ;         ; Row I/O    ; N               ; no       ; Off          ;
; T23      ;            ;          ; GND                                                       ; gnd    ;              ;         ; --         ;                 ; --       ; --           ;
; T24      ;            ; 5        ; VCCIO5                                                    ; power  ;              ; 2.5V    ; --         ;                 ; --       ; --           ;
; T25      ; 323        ; 5        ; HEX4[5]                                                   ; output ; 2.5 V        ;         ; Row I/O    ; N               ; no       ; Off          ;
; T26      ; 322        ; 5        ; HEX4[2]                                                   ; output ; 2.5 V        ;         ; Row I/O    ; N               ; no       ; Off          ;
; T27      ;            ;          ; GND                                                       ; gnd    ;              ;         ; --         ;                 ; --       ; --           ;
; T28      ;            ; 5        ; VCCIO5                                                    ; power  ;              ; 2.5V    ; --         ;                 ; --       ; --           ;
; U1       ; 80         ; 2        ; RESERVED_INPUT_WITH_WEAK_PULLUP                           ;        ;              ;         ; Row I/O    ;                 ; no       ; On           ;
; U2       ; 79         ; 2        ; MUX_INPUT4[21]                                            ; output ; 2.5 V        ;         ; Row I/O    ; N               ; no       ; Off          ;
; U3       ; 71         ; 2        ; PCplus4[6]                                                ; output ; 2.5 V        ;         ; Row I/O    ; N               ; no       ; Off          ;
; U4       ; 72         ; 2        ; RESERVED_INPUT_WITH_WEAK_PULLUP                           ;        ;              ;         ; Row I/O    ;                 ; no       ; On           ;
; U5       ; 90         ; 2        ; MUX_INPUT4[13]                                            ; output ; 2.5 V        ;         ; Row I/O    ; N               ; no       ; Off          ;
; U6       ; 89         ; 2        ; PCplus4[25]                                               ; output ; 2.5 V        ;         ; Row I/O    ; N               ; no       ; Off          ;
; U7       ; 103        ; 2        ; RESERVED_INPUT_WITH_WEAK_PULLUP                           ;        ;              ;         ; Row I/O    ;                 ; no       ; On           ;
; U8       ; 104        ; 2        ; RESERVED_INPUT_WITH_WEAK_PULLUP                           ;        ;              ;         ; Row I/O    ;                 ; no       ; On           ;
; U9       ;            ;          ; GND                                                       ; gnd    ;              ;         ; --         ;                 ; --       ; --           ;
; U10      ;            ;          ; VCCINT                                                    ; power  ;              ; 1.2V    ; --         ;                 ; --       ; --           ;
; U11      ;            ;          ; GND                                                       ; gnd    ;              ;         ; --         ;                 ; --       ; --           ;
; U12      ;            ;          ; VCCINT                                                    ; power  ;              ; 1.2V    ; --         ;                 ; --       ; --           ;
; U13      ;            ;          ; GND                                                       ; gnd    ;              ;         ; --         ;                 ; --       ; --           ;
; U14      ;            ;          ; VCCINT                                                    ; power  ;              ; 1.2V    ; --         ;                 ; --       ; --           ;
; U15      ;            ;          ; GND                                                       ; gnd    ;              ;         ; --         ;                 ; --       ; --           ;
; U16      ;            ;          ; VCCINT                                                    ; power  ;              ; 1.2V    ; --         ;                 ; --       ; --           ;
; U17      ;            ;          ; GND                                                       ; gnd    ;              ;         ; --         ;                 ; --       ; --           ;
; U18      ;            ;          ; VCCINT                                                    ; power  ;              ; 1.2V    ; --         ;                 ; --       ; --           ;
; U19      ;            ;          ; GND                                                       ; gnd    ;              ;         ; --         ;                 ; --       ; --           ;
; U20      ;            ;          ; VCCINT                                                    ; power  ;              ; 1.2V    ; --         ;                 ; --       ; --           ;
; U21      ; 319        ; 5        ; RESERVED_INPUT_WITH_WEAK_PULLUP                           ;        ;              ;         ; Row I/O    ;                 ; no       ; On           ;
; U22      ; 313        ; 5        ; MUX_INPUT2[0]                                             ; output ; 2.5 V        ;         ; Row I/O    ; N               ; no       ; Off          ;
; U23      ; 305        ; 5        ; RESERVED_INPUT_WITH_WEAK_PULLUP                           ;        ;              ;         ; Row I/O    ;                 ; --       ; --           ;
; U24      ; 316        ; 5        ; RESERVED_INPUT_WITH_WEAK_PULLUP                           ;        ;              ;         ; Row I/O    ;                 ; --       ; --           ;
; U25      ; 315        ; 5        ; RESERVED_INPUT_WITH_WEAK_PULLUP                           ;        ;              ;         ; Row I/O    ;                 ; no       ; On           ;
; U26      ; 314        ; 5        ; HEX5[6]                                                   ; output ; 2.5 V        ;         ; Row I/O    ; N               ; no       ; Off          ;
; U27      ; 318        ; 5        ; RESERVED_INPUT_WITH_WEAK_PULLUP                           ;        ;              ;         ; Row I/O    ;                 ; no       ; On           ;
; U28      ; 317        ; 5        ; RESERVED_INPUT_WITH_WEAK_PULLUP                           ;        ;              ;         ; Row I/O    ;                 ; no       ; On           ;
; V1       ; 84         ; 2        ; RESERVED_INPUT_WITH_WEAK_PULLUP                           ;        ;              ;         ; Row I/O    ;                 ; no       ; On           ;
; V2       ; 83         ; 2        ; RESERVED_INPUT_WITH_WEAK_PULLUP                           ;        ;              ;         ; Row I/O    ;                 ; no       ; On           ;
; V3       ; 82         ; 2        ; RESERVED_INPUT_WITH_WEAK_PULLUP                           ;        ;              ;         ; Row I/O    ;                 ; no       ; On           ;
; V4       ; 81         ; 2        ; PC[7]                                                     ; output ; 2.5 V        ;         ; Row I/O    ; N               ; no       ; Off          ;
; V5       ; 108        ; 2        ; MUX_INPUT2[16]                                            ; output ; 2.5 V        ;         ; Row I/O    ; N               ; no       ; Off          ;
; V6       ; 107        ; 2        ; MUX_INPUT2[28]                                            ; output ; 2.5 V        ;         ; Row I/O    ; N               ; no       ; Off          ;
; V7       ; 110        ; 2        ; RESERVED_INPUT_WITH_WEAK_PULLUP                           ;        ;              ;         ; Row I/O    ;                 ; no       ; On           ;
; V8       ; 109        ; 2        ; MUX_INPUT1[13]                                            ; output ; 2.5 V        ;         ; Row I/O    ; N               ; no       ; Off          ;
; V9       ;            ;          ; VCCINT                                                    ; power  ;              ; 1.2V    ; --         ;                 ; --       ; --           ;
; V10      ;            ;          ; GND                                                       ; gnd    ;              ;         ; --         ;                 ; --       ; --           ;
; V11      ;            ;          ; VCCINT                                                    ; power  ;              ; 1.2V    ; --         ;                 ; --       ; --           ;
; V12      ;            ;          ; GND                                                       ; gnd    ;              ;         ; --         ;                 ; --       ; --           ;
; V13      ;            ;          ; VCCINT                                                    ; power  ;              ; 1.2V    ; --         ;                 ; --       ; --           ;
; V14      ;            ;          ; GND                                                       ; gnd    ;              ;         ; --         ;                 ; --       ; --           ;
; V15      ;            ;          ; VCCINT                                                    ; power  ;              ; 1.2V    ; --         ;                 ; --       ; --           ;
; V16      ;            ;          ; GND                                                       ; gnd    ;              ;         ; --         ;                 ; --       ; --           ;
; V17      ;            ;          ; VCCINT                                                    ; power  ;              ; 1.2V    ; --         ;                 ; --       ; --           ;
; V18      ;            ;          ; GND                                                       ; gnd    ;              ;         ; --         ;                 ; --       ; --           ;
; V19      ;            ;          ; VCCINT                                                    ; power  ;              ; 1.2V    ; --         ;                 ; --       ; --           ;
; V20      ;            ;          ; GND                                                       ; gnd    ;              ;         ; --         ;                 ; --       ; --           ;
; V21      ; 311        ; 5        ; RESERVED_INPUT_WITH_WEAK_PULLUP                           ;        ;              ;         ; Row I/O    ;                 ; no       ; On           ;
; V22      ; 312        ; 5        ; RESERVED_INPUT_WITH_WEAK_PULLUP                           ;        ;              ;         ; Row I/O    ;                 ; no       ; On           ;
; V23      ; 309        ; 5        ; RESERVED_INPUT_WITH_WEAK_PULLUP                           ;        ;              ;         ; Row I/O    ;                 ; no       ; On           ;
; V24      ; 308        ; 5        ; RESERVED_INPUT_WITH_WEAK_PULLUP                           ;        ;              ;         ; Row I/O    ;                 ; no       ; On           ;
; V25      ; 307        ; 5        ; RESERVED_INPUT_WITH_WEAK_PULLUP                           ;        ;              ;         ; Row I/O    ;                 ; no       ; On           ;
; V26      ; 306        ; 5        ; RESERVED_INPUT_WITH_WEAK_PULLUP                           ;        ;              ;         ; Row I/O    ;                 ; no       ; On           ;
; V27      ; 304        ; 5        ; RESERVED_INPUT_WITH_WEAK_PULLUP                           ;        ;              ;         ; Row I/O    ;                 ; no       ; On           ;
; V28      ; 303        ; 5        ; RESERVED_INPUT_WITH_WEAK_PULLUP                           ;        ;              ;         ; Row I/O    ;                 ; no       ; On           ;
; W1       ; 88         ; 2        ; RESERVED_INPUT_WITH_WEAK_PULLUP                           ;        ;              ;         ; Row I/O    ;                 ; no       ; On           ;
; W2       ; 87         ; 2        ; RESERVED_INPUT_WITH_WEAK_PULLUP                           ;        ;              ;         ; Row I/O    ;                 ; no       ; On           ;
; W3       ; 112        ; 2        ; MUX_INPUT4[15]                                            ; output ; 2.5 V        ;         ; Row I/O    ; N               ; no       ; Off          ;
; W4       ; 111        ; 2        ; MUX_INPUT3[1]                                             ; output ; 2.5 V        ;         ; Row I/O    ; N               ; no       ; Off          ;
; W5       ;            ; 2        ; VCCIO2                                                    ; power  ;              ; 2.5V    ; --         ;                 ; --       ; --           ;
; W6       ;            ;          ; GND                                                       ; gnd    ;              ;         ; --         ;                 ; --       ; --           ;
; W7       ; 115        ; 2        ; MUX_INPUT1[11]                                            ; output ; 2.5 V        ;         ; Row I/O    ; N               ; no       ; Off          ;
; W8       ; 116        ; 2        ; MUX_INPUT3[7]                                             ; output ; 2.5 V        ;         ; Row I/O    ; N               ; no       ; Off          ;
; W9       ;            ;          ; GND                                                       ; gnd    ;              ;         ; --         ;                 ; --       ; --           ;
; W10      ;            ;          ; VCCINT                                                    ; power  ;              ; 1.2V    ; --         ;                 ; --       ; --           ;
; W11      ;            ;          ; GND                                                       ; gnd    ;              ;         ; --         ;                 ; --       ; --           ;
; W12      ;            ;          ; VCCINT                                                    ; power  ;              ; 1.2V    ; --         ;                 ; --       ; --           ;
; W13      ;            ;          ; GND                                                       ; gnd    ;              ;         ; --         ;                 ; --       ; --           ;
; W14      ;            ;          ; VCCINT                                                    ; power  ;              ; 1.2V    ; --         ;                 ; --       ; --           ;
; W15      ;            ;          ; GND                                                       ; gnd    ;              ;         ; --         ;                 ; --       ; --           ;
; W16      ;            ;          ; VCCINT                                                    ; power  ;              ; 1.2V    ; --         ;                 ; --       ; --           ;
; W17      ;            ;          ; GND                                                       ; gnd    ;              ;         ; --         ;                 ; --       ; --           ;
; W18      ;            ;          ; VCCINT                                                    ; power  ;              ; 1.2V    ; --         ;                 ; --       ; --           ;
; W19      ;            ;          ; GND                                                       ; gnd    ;              ;         ; --         ;                 ; --       ; --           ;
; W20      ;            ;          ; VCCINT                                                    ; power  ;              ; 1.2V    ; --         ;                 ; --       ; --           ;
; W21      ; 310        ; 5        ; RESERVED_INPUT_WITH_WEAK_PULLUP                           ;        ;              ;         ; Row I/O    ;                 ; no       ; On           ;
; W22      ; 321        ; 5        ; HEX4[0]                                                   ; output ; 2.5 V        ;         ; Row I/O    ; N               ; no       ; Off          ;
; W23      ;            ;          ; GND                                                       ; gnd    ;              ;         ; --         ;                 ; --       ; --           ;
; W24      ;            ; 5        ; VCCIO5                                                    ; power  ;              ; 2.5V    ; --         ;                 ; --       ; --           ;
; W25      ; 300        ; 5        ; PCplus4[26]                                               ; output ; 2.5 V        ;         ; Row I/O    ; N               ; no       ; Off          ;
; W26      ; 299        ; 5        ; PC[31]                                                    ; output ; 2.5 V        ;         ; Row I/O    ; N               ; no       ; Off          ;
; W27      ; 301        ; 5        ; PCplus4[12]                                               ; output ; 2.5 V        ;         ; Row I/O    ; N               ; no       ; Off          ;
; W28      ; 302        ; 5        ; RESERVED_INPUT_WITH_WEAK_PULLUP                           ;        ;              ;         ; Row I/O    ;                 ; no       ; On           ;
; Y1       ; 66         ; 2        ; GND+                                                      ;        ;              ;         ; Row I/O    ;                 ; --       ; --           ;
; Y2       ; 65         ; 2        ; Reset                                                     ; input  ; 2.5 V        ;         ; Row I/O    ; N               ; no       ; Off          ;
; Y3       ; 92         ; 2        ; MUX_INPUT2[29]                                            ; output ; 2.5 V        ;         ; Row I/O    ; N               ; no       ; Off          ;
; Y4       ; 91         ; 2        ; PCplus4[7]                                                ; output ; 2.5 V        ;         ; Row I/O    ; N               ; no       ; Off          ;
; Y5       ; 114        ; 2        ; RESERVED_INPUT_WITH_WEAK_PULLUP                           ;        ;              ;         ; Row I/O    ;                 ; no       ; On           ;
; Y6       ; 113        ; 2        ; RESERVED_INPUT_WITH_WEAK_PULLUP                           ;        ;              ;         ; Row I/O    ;                 ; no       ; On           ;
; Y7       ; 117        ; 2        ; RESERVED_INPUT_WITH_WEAK_PULLUP                           ;        ;              ;         ; Row I/O    ;                 ; no       ; On           ;
; Y8       ;            ; --       ; VCCA1                                                     ; power  ;              ; 2.5V    ; --         ;                 ; --       ; --           ;
; Y9       ;            ;          ; VCCD_PLL1                                                 ; power  ;              ; 1.2V    ; --         ;                 ; --       ; --           ;
; Y10      ; 140        ; 3        ; PC[1]                                                     ; output ; 2.5 V        ;         ; Column I/O ; N               ; no       ; Off          ;
; Y11      ;            ;          ; GND                                                       ; gnd    ;              ;         ; --         ;                 ; --       ; --           ;
; Y12      ; 187        ; 3        ; HEX7[4]                                                   ; output ; 2.5 V        ;         ; Column I/O ; N               ; no       ; Off          ;
; Y13      ; 189        ; 3        ; HEX7[0]                                                   ; output ; 2.5 V        ;         ; Column I/O ; N               ; no       ; Off          ;
; Y14      ; 197        ; 3        ; RESERVED_INPUT_WITH_WEAK_PULLUP                           ;        ;              ;         ; Column I/O ;                 ; no       ; On           ;
; Y15      ; 198        ; 3        ; PC[30]                                                    ; output ; 2.5 V        ;         ; Column I/O ; N               ; no       ; Off          ;
; Y16      ; 250        ; 4        ; RESERVED_INPUT_WITH_WEAK_PULLUP                           ;        ;              ;         ; Column I/O ;                 ; no       ; On           ;
; Y17      ; 249        ; 4        ; RESERVED_INPUT_WITH_WEAK_PULLUP                           ;        ;              ;         ; Column I/O ;                 ; no       ; On           ;
; Y18      ;            ;          ; GND                                                       ; gnd    ;              ;         ; --         ;                 ; --       ; --           ;
; Y19      ; 263        ; 4        ; RESERVED_INPUT_WITH_WEAK_PULLUP                           ;        ;              ;         ; Column I/O ;                 ; no       ; On           ;
; Y20      ;            ;          ; VCCD_PLL4                                                 ; power  ;              ; 1.2V    ; --         ;                 ; --       ; --           ;
; Y21      ;            ; --       ; VCCA4                                                     ; power  ;              ; 2.5V    ; --         ;                 ; --       ; --           ;
; Y22      ; 320        ; 5        ; HEX4[6]                                                   ; output ; 2.5 V        ;         ; Row I/O    ; N               ; no       ; Off          ;
; Y23      ; 288        ; 5        ; MUX_INPUT4[1]                                             ; output ; 2.5 V        ;         ; Row I/O    ; N               ; no       ; Off          ;
; Y24      ; 287        ; 5        ; RESERVED_INPUT_WITH_WEAK_PULLUP                           ;        ;              ;         ; Row I/O    ;                 ; no       ; On           ;
; Y25      ; 298        ; 5        ; MUX_INPUT3[12]                                            ; output ; 2.5 V        ;         ; Row I/O    ; N               ; no       ; Off          ;
; Y26      ; 297        ; 5        ; RESERVED_INPUT_WITH_WEAK_PULLUP                           ;        ;              ;         ; Row I/O    ;                 ; no       ; On           ;
; Y27      ; 336        ; 5        ; GND+                                                      ;        ;              ;         ; Row I/O    ;                 ; --       ; --           ;
; Y28      ; 335        ; 5        ; GND+                                                      ;        ;              ;         ; Row I/O    ;                 ; --       ; --           ;
+----------+------------+----------+-----------------------------------------------------------+--------+--------------+---------+------------+-----------------+----------+--------------+
Note: Pin directions (input, output or bidir) are based on device operating in user mode.


+------------------------------------------------------------------------------------------------------------------------------------------------------------------------------------------------------------------------------------------------------------------------------------------------------------------------------------------------------------------------------------------+
; Fitter Resource Utilization by Entity                                                                                                                                                                                                                                                                                                                                                    ;
+-------------------------------------------+-------------+---------------------------+---------------+-------------+------+--------------+---------+-----------+------+--------------+--------------+-------------------+------------------+-------------------------------------------------------------------------------------------------------------------------------+--------------+
; Compilation Hierarchy Node                ; Logic Cells ; Dedicated Logic Registers ; I/O Registers ; Memory Bits ; M9Ks ; DSP Elements ; DSP 9x9 ; DSP 18x18 ; Pins ; Virtual Pins ; LUT-Only LCs ; Register-Only LCs ; LUT/Register LCs ; Full Hierarchy Name                                                                                                           ; Library Name ;
+-------------------------------------------+-------------+---------------------------+---------------+-------------+------+--------------+---------+-----------+------+--------------+--------------+-------------------+------------------+-------------------------------------------------------------------------------------------------------------------------------+--------------+
; |PROJETO                                  ; 11466 (0)   ; 136 (0)                   ; 0 (0)         ; 0           ; 0    ; 0            ; 0       ; 0         ; 342  ; 0            ; 11330 (0)    ; 17 (0)            ; 119 (0)          ; |PROJETO                                                                                                                      ; work         ;
;    |CONTROL_UNIT:inst3|                   ; 1 (1)       ; 0 (0)                     ; 0 (0)         ; 0           ; 0    ; 0            ; 0       ; 0         ; 0    ; 0            ; 0 (0)        ; 0 (0)             ; 1 (1)            ; |PROJETO|CONTROL_UNIT:inst3                                                                                                   ; work         ;
;    |INST_MEM:inst29|                      ; 7 (7)       ; 0 (0)                     ; 0 (0)         ; 0           ; 0    ; 0            ; 0       ; 0         ; 0    ; 0            ; 2 (2)        ; 0 (0)             ; 5 (5)            ; |PROJETO|INST_MEM:inst29                                                                                                      ; work         ;
;    |PC4:inst31|                           ; 4 (4)       ; 0 (0)                     ; 0 (0)         ; 0           ; 0    ; 0            ; 0       ; 0         ; 0    ; 0            ; 4 (4)        ; 0 (0)             ; 0 (0)            ; |PROJETO|PC4:inst31                                                                                                           ; work         ;
;    |PC:inst|                              ; 9 (9)       ; 8 (8)                     ; 0 (0)         ; 0           ; 0    ; 0            ; 0       ; 0         ; 0    ; 0            ; 0 (0)        ; 1 (1)             ; 8 (8)            ; |PROJETO|PC:inst                                                                                                              ; work         ;
;    |REG_FILE:inst2|                       ; 184 (184)   ; 128 (128)                 ; 0 (0)         ; 0           ; 0    ; 0            ; 0       ; 0         ; 0    ; 0            ; 56 (56)      ; 16 (16)           ; 112 (112)        ; |PROJETO|REG_FILE:inst2                                                                                                       ; work         ;
;    |ULA:inst38|                           ; 65 (65)     ; 0 (0)                     ; 0 (0)         ; 0           ; 0    ; 0            ; 0       ; 0         ; 0    ; 0            ; 35 (35)      ; 0 (0)             ; 30 (30)          ; |PROJETO|ULA:inst38                                                                                                           ; work         ;
;    |bin32_to_7seg:inst13|                 ; 11234 (56)  ; 0 (0)                     ; 0 (0)         ; 0           ; 0    ; 0            ; 0       ; 0         ; 0    ; 0            ; 11233 (56)   ; 0 (0)             ; 1 (0)            ; |PROJETO|bin32_to_7seg:inst13                                                                                                 ; work         ;
;       |lpm_divide:Div0|                   ; 368 (0)     ; 0 (0)                     ; 0 (0)         ; 0           ; 0    ; 0            ; 0       ; 0         ; 0    ; 0            ; 368 (0)      ; 0 (0)             ; 0 (0)            ; |PROJETO|bin32_to_7seg:inst13|lpm_divide:Div0                                                                                 ; work         ;
;          |lpm_divide_0jm:auto_generated|  ; 368 (0)     ; 0 (0)                     ; 0 (0)         ; 0           ; 0    ; 0            ; 0       ; 0         ; 0    ; 0            ; 368 (0)      ; 0 (0)             ; 0 (0)            ; |PROJETO|bin32_to_7seg:inst13|lpm_divide:Div0|lpm_divide_0jm:auto_generated                                                   ; work         ;
;             |sign_div_unsign_olh:divider| ; 368 (0)     ; 0 (0)                     ; 0 (0)         ; 0           ; 0    ; 0            ; 0       ; 0         ; 0    ; 0            ; 368 (0)      ; 0 (0)             ; 0 (0)            ; |PROJETO|bin32_to_7seg:inst13|lpm_divide:Div0|lpm_divide_0jm:auto_generated|sign_div_unsign_olh:divider                       ; work         ;
;                |alt_u_div_47f:divider|    ; 368 (368)   ; 0 (0)                     ; 0 (0)         ; 0           ; 0    ; 0            ; 0       ; 0         ; 0    ; 0            ; 368 (368)    ; 0 (0)             ; 0 (0)            ; |PROJETO|bin32_to_7seg:inst13|lpm_divide:Div0|lpm_divide_0jm:auto_generated|sign_div_unsign_olh:divider|alt_u_div_47f:divider ; work         ;
;       |lpm_divide:Div1|                   ; 355 (0)     ; 0 (0)                     ; 0 (0)         ; 0           ; 0    ; 0            ; 0       ; 0         ; 0    ; 0            ; 355 (0)      ; 0 (0)             ; 0 (0)            ; |PROJETO|bin32_to_7seg:inst13|lpm_divide:Div1                                                                                 ; work         ;
;          |lpm_divide_0jm:auto_generated|  ; 355 (0)     ; 0 (0)                     ; 0 (0)         ; 0           ; 0    ; 0            ; 0       ; 0         ; 0    ; 0            ; 355 (0)      ; 0 (0)             ; 0 (0)            ; |PROJETO|bin32_to_7seg:inst13|lpm_divide:Div1|lpm_divide_0jm:auto_generated                                                   ; work         ;
;             |sign_div_unsign_olh:divider| ; 355 (0)     ; 0 (0)                     ; 0 (0)         ; 0           ; 0    ; 0            ; 0       ; 0         ; 0    ; 0            ; 355 (0)      ; 0 (0)             ; 0 (0)            ; |PROJETO|bin32_to_7seg:inst13|lpm_divide:Div1|lpm_divide_0jm:auto_generated|sign_div_unsign_olh:divider                       ; work         ;
;                |alt_u_div_47f:divider|    ; 355 (355)   ; 0 (0)                     ; 0 (0)         ; 0           ; 0    ; 0            ; 0       ; 0         ; 0    ; 0            ; 355 (355)    ; 0 (0)             ; 0 (0)            ; |PROJETO|bin32_to_7seg:inst13|lpm_divide:Div1|lpm_divide_0jm:auto_generated|sign_div_unsign_olh:divider|alt_u_div_47f:divider ; work         ;
;       |lpm_divide:Div2|                   ; 313 (0)     ; 0 (0)                     ; 0 (0)         ; 0           ; 0    ; 0            ; 0       ; 0         ; 0    ; 0            ; 313 (0)      ; 0 (0)             ; 0 (0)            ; |PROJETO|bin32_to_7seg:inst13|lpm_divide:Div2                                                                                 ; work         ;
;          |lpm_divide_0jm:auto_generated|  ; 313 (0)     ; 0 (0)                     ; 0 (0)         ; 0           ; 0    ; 0            ; 0       ; 0         ; 0    ; 0            ; 313 (0)      ; 0 (0)             ; 0 (0)            ; |PROJETO|bin32_to_7seg:inst13|lpm_divide:Div2|lpm_divide_0jm:auto_generated                                                   ; work         ;
;             |sign_div_unsign_olh:divider| ; 313 (0)     ; 0 (0)                     ; 0 (0)         ; 0           ; 0    ; 0            ; 0       ; 0         ; 0    ; 0            ; 313 (0)      ; 0 (0)             ; 0 (0)            ; |PROJETO|bin32_to_7seg:inst13|lpm_divide:Div2|lpm_divide_0jm:auto_generated|sign_div_unsign_olh:divider                       ; work         ;
;                |alt_u_div_47f:divider|    ; 313 (313)   ; 0 (0)                     ; 0 (0)         ; 0           ; 0    ; 0            ; 0       ; 0         ; 0    ; 0            ; 313 (313)    ; 0 (0)             ; 0 (0)            ; |PROJETO|bin32_to_7seg:inst13|lpm_divide:Div2|lpm_divide_0jm:auto_generated|sign_div_unsign_olh:divider|alt_u_div_47f:divider ; work         ;
;       |lpm_divide:Div3|                   ; 271 (0)     ; 0 (0)                     ; 0 (0)         ; 0           ; 0    ; 0            ; 0       ; 0         ; 0    ; 0            ; 271 (0)      ; 0 (0)             ; 0 (0)            ; |PROJETO|bin32_to_7seg:inst13|lpm_divide:Div3                                                                                 ; work         ;
;          |lpm_divide_0jm:auto_generated|  ; 271 (0)     ; 0 (0)                     ; 0 (0)         ; 0           ; 0    ; 0            ; 0       ; 0         ; 0    ; 0            ; 271 (0)      ; 0 (0)             ; 0 (0)            ; |PROJETO|bin32_to_7seg:inst13|lpm_divide:Div3|lpm_divide_0jm:auto_generated                                                   ; work         ;
;             |sign_div_unsign_olh:divider| ; 271 (0)     ; 0 (0)                     ; 0 (0)         ; 0           ; 0    ; 0            ; 0       ; 0         ; 0    ; 0            ; 271 (0)      ; 0 (0)             ; 0 (0)            ; |PROJETO|bin32_to_7seg:inst13|lpm_divide:Div3|lpm_divide_0jm:auto_generated|sign_div_unsign_olh:divider                       ; work         ;
;                |alt_u_div_47f:divider|    ; 271 (271)   ; 0 (0)                     ; 0 (0)         ; 0           ; 0    ; 0            ; 0       ; 0         ; 0    ; 0            ; 271 (271)    ; 0 (0)             ; 0 (0)            ; |PROJETO|bin32_to_7seg:inst13|lpm_divide:Div3|lpm_divide_0jm:auto_generated|sign_div_unsign_olh:divider|alt_u_div_47f:divider ; work         ;
;       |lpm_divide:Div4|                   ; 229 (0)     ; 0 (0)                     ; 0 (0)         ; 0           ; 0    ; 0            ; 0       ; 0         ; 0    ; 0            ; 229 (0)      ; 0 (0)             ; 0 (0)            ; |PROJETO|bin32_to_7seg:inst13|lpm_divide:Div4                                                                                 ; work         ;
;          |lpm_divide_0jm:auto_generated|  ; 229 (0)     ; 0 (0)                     ; 0 (0)         ; 0           ; 0    ; 0            ; 0       ; 0         ; 0    ; 0            ; 229 (0)      ; 0 (0)             ; 0 (0)            ; |PROJETO|bin32_to_7seg:inst13|lpm_divide:Div4|lpm_divide_0jm:auto_generated                                                   ; work         ;
;             |sign_div_unsign_olh:divider| ; 229 (0)     ; 0 (0)                     ; 0 (0)         ; 0           ; 0    ; 0            ; 0       ; 0         ; 0    ; 0            ; 229 (0)      ; 0 (0)             ; 0 (0)            ; |PROJETO|bin32_to_7seg:inst13|lpm_divide:Div4|lpm_divide_0jm:auto_generated|sign_div_unsign_olh:divider                       ; work         ;
;                |alt_u_div_47f:divider|    ; 229 (229)   ; 0 (0)                     ; 0 (0)         ; 0           ; 0    ; 0            ; 0       ; 0         ; 0    ; 0            ; 229 (229)    ; 0 (0)             ; 0 (0)            ; |PROJETO|bin32_to_7seg:inst13|lpm_divide:Div4|lpm_divide_0jm:auto_generated|sign_div_unsign_olh:divider|alt_u_div_47f:divider ; work         ;
;       |lpm_divide:Div5|                   ; 187 (0)     ; 0 (0)                     ; 0 (0)         ; 0           ; 0    ; 0            ; 0       ; 0         ; 0    ; 0            ; 187 (0)      ; 0 (0)             ; 0 (0)            ; |PROJETO|bin32_to_7seg:inst13|lpm_divide:Div5                                                                                 ; work         ;
;          |lpm_divide_0jm:auto_generated|  ; 187 (0)     ; 0 (0)                     ; 0 (0)         ; 0           ; 0    ; 0            ; 0       ; 0         ; 0    ; 0            ; 187 (0)      ; 0 (0)             ; 0 (0)            ; |PROJETO|bin32_to_7seg:inst13|lpm_divide:Div5|lpm_divide_0jm:auto_generated                                                   ; work         ;
;             |sign_div_unsign_olh:divider| ; 187 (0)     ; 0 (0)                     ; 0 (0)         ; 0           ; 0    ; 0            ; 0       ; 0         ; 0    ; 0            ; 187 (0)      ; 0 (0)             ; 0 (0)            ; |PROJETO|bin32_to_7seg:inst13|lpm_divide:Div5|lpm_divide_0jm:auto_generated|sign_div_unsign_olh:divider                       ; work         ;
;                |alt_u_div_47f:divider|    ; 187 (187)   ; 0 (0)                     ; 0 (0)         ; 0           ; 0    ; 0            ; 0       ; 0         ; 0    ; 0            ; 187 (187)    ; 0 (0)             ; 0 (0)            ; |PROJETO|bin32_to_7seg:inst13|lpm_divide:Div5|lpm_divide_0jm:auto_generated|sign_div_unsign_olh:divider|alt_u_div_47f:divider ; work         ;
;       |lpm_divide:Div6|                   ; 145 (0)     ; 0 (0)                     ; 0 (0)         ; 0           ; 0    ; 0            ; 0       ; 0         ; 0    ; 0            ; 145 (0)      ; 0 (0)             ; 0 (0)            ; |PROJETO|bin32_to_7seg:inst13|lpm_divide:Div6                                                                                 ; work         ;
;          |lpm_divide_0jm:auto_generated|  ; 145 (0)     ; 0 (0)                     ; 0 (0)         ; 0           ; 0    ; 0            ; 0       ; 0         ; 0    ; 0            ; 145 (0)      ; 0 (0)             ; 0 (0)            ; |PROJETO|bin32_to_7seg:inst13|lpm_divide:Div6|lpm_divide_0jm:auto_generated                                                   ; work         ;
;             |sign_div_unsign_olh:divider| ; 145 (0)     ; 0 (0)                     ; 0 (0)         ; 0           ; 0    ; 0            ; 0       ; 0         ; 0    ; 0            ; 145 (0)      ; 0 (0)             ; 0 (0)            ; |PROJETO|bin32_to_7seg:inst13|lpm_divide:Div6|lpm_divide_0jm:auto_generated|sign_div_unsign_olh:divider                       ; work         ;
;                |alt_u_div_47f:divider|    ; 145 (145)   ; 0 (0)                     ; 0 (0)         ; 0           ; 0    ; 0            ; 0       ; 0         ; 0    ; 0            ; 145 (145)    ; 0 (0)             ; 0 (0)            ; |PROJETO|bin32_to_7seg:inst13|lpm_divide:Div6|lpm_divide_0jm:auto_generated|sign_div_unsign_olh:divider|alt_u_div_47f:divider ; work         ;
;       |lpm_divide:Mod0|                   ; 1505 (0)    ; 0 (0)                     ; 0 (0)         ; 0           ; 0    ; 0            ; 0       ; 0         ; 0    ; 0            ; 1504 (0)     ; 0 (0)             ; 1 (0)            ; |PROJETO|bin32_to_7seg:inst13|lpm_divide:Mod0                                                                                 ; work         ;
;          |lpm_divide_kcm:auto_generated|  ; 1505 (0)    ; 0 (0)                     ; 0 (0)         ; 0           ; 0    ; 0            ; 0       ; 0         ; 0    ; 0            ; 1504 (0)     ; 0 (0)             ; 1 (0)            ; |PROJETO|bin32_to_7seg:inst13|lpm_divide:Mod0|lpm_divide_kcm:auto_generated                                                   ; work         ;
;             |sign_div_unsign_9nh:divider| ; 1505 (0)    ; 0 (0)                     ; 0 (0)         ; 0           ; 0    ; 0            ; 0       ; 0         ; 0    ; 0            ; 1504 (0)     ; 0 (0)             ; 1 (0)            ; |PROJETO|bin32_to_7seg:inst13|lpm_divide:Mod0|lpm_divide_kcm:auto_generated|sign_div_unsign_9nh:divider                       ; work         ;
;                |alt_u_div_6af:divider|    ; 1505 (1505) ; 0 (0)                     ; 0 (0)         ; 0           ; 0    ; 0            ; 0       ; 0         ; 0    ; 0            ; 1504 (1504)  ; 0 (0)             ; 1 (1)            ; |PROJETO|bin32_to_7seg:inst13|lpm_divide:Mod0|lpm_divide_kcm:auto_generated|sign_div_unsign_9nh:divider|alt_u_div_6af:divider ; work         ;
;       |lpm_divide:Mod1|                   ; 1484 (0)    ; 0 (0)                     ; 0 (0)         ; 0           ; 0    ; 0            ; 0       ; 0         ; 0    ; 0            ; 1484 (0)     ; 0 (0)             ; 0 (0)            ; |PROJETO|bin32_to_7seg:inst13|lpm_divide:Mod1                                                                                 ; work         ;
;          |lpm_divide_kcm:auto_generated|  ; 1484 (0)    ; 0 (0)                     ; 0 (0)         ; 0           ; 0    ; 0            ; 0       ; 0         ; 0    ; 0            ; 1484 (0)     ; 0 (0)             ; 0 (0)            ; |PROJETO|bin32_to_7seg:inst13|lpm_divide:Mod1|lpm_divide_kcm:auto_generated                                                   ; work         ;
;             |sign_div_unsign_9nh:divider| ; 1484 (0)    ; 0 (0)                     ; 0 (0)         ; 0           ; 0    ; 0            ; 0       ; 0         ; 0    ; 0            ; 1484 (0)     ; 0 (0)             ; 0 (0)            ; |PROJETO|bin32_to_7seg:inst13|lpm_divide:Mod1|lpm_divide_kcm:auto_generated|sign_div_unsign_9nh:divider                       ; work         ;
;                |alt_u_div_6af:divider|    ; 1484 (1484) ; 0 (0)                     ; 0 (0)         ; 0           ; 0    ; 0            ; 0       ; 0         ; 0    ; 0            ; 1484 (1484)  ; 0 (0)             ; 0 (0)            ; |PROJETO|bin32_to_7seg:inst13|lpm_divide:Mod1|lpm_divide_kcm:auto_generated|sign_div_unsign_9nh:divider|alt_u_div_6af:divider ; work         ;
;       |lpm_divide:Mod2|                   ; 1406 (0)    ; 0 (0)                     ; 0 (0)         ; 0           ; 0    ; 0            ; 0       ; 0         ; 0    ; 0            ; 1406 (0)     ; 0 (0)             ; 0 (0)            ; |PROJETO|bin32_to_7seg:inst13|lpm_divide:Mod2                                                                                 ; work         ;
;          |lpm_divide_kcm:auto_generated|  ; 1406 (0)    ; 0 (0)                     ; 0 (0)         ; 0           ; 0    ; 0            ; 0       ; 0         ; 0    ; 0            ; 1406 (0)     ; 0 (0)             ; 0 (0)            ; |PROJETO|bin32_to_7seg:inst13|lpm_divide:Mod2|lpm_divide_kcm:auto_generated                                                   ; work         ;
;             |sign_div_unsign_9nh:divider| ; 1406 (0)    ; 0 (0)                     ; 0 (0)         ; 0           ; 0    ; 0            ; 0       ; 0         ; 0    ; 0            ; 1406 (0)     ; 0 (0)             ; 0 (0)            ; |PROJETO|bin32_to_7seg:inst13|lpm_divide:Mod2|lpm_divide_kcm:auto_generated|sign_div_unsign_9nh:divider                       ; work         ;
;                |alt_u_div_6af:divider|    ; 1406 (1406) ; 0 (0)                     ; 0 (0)         ; 0           ; 0    ; 0            ; 0       ; 0         ; 0    ; 0            ; 1406 (1406)  ; 0 (0)             ; 0 (0)            ; |PROJETO|bin32_to_7seg:inst13|lpm_divide:Mod2|lpm_divide_kcm:auto_generated|sign_div_unsign_9nh:divider|alt_u_div_6af:divider ; work         ;
;       |lpm_divide:Mod3|                   ; 1301 (0)    ; 0 (0)                     ; 0 (0)         ; 0           ; 0    ; 0            ; 0       ; 0         ; 0    ; 0            ; 1301 (0)     ; 0 (0)             ; 0 (0)            ; |PROJETO|bin32_to_7seg:inst13|lpm_divide:Mod3                                                                                 ; work         ;
;          |lpm_divide_kcm:auto_generated|  ; 1301 (0)    ; 0 (0)                     ; 0 (0)         ; 0           ; 0    ; 0            ; 0       ; 0         ; 0    ; 0            ; 1301 (0)     ; 0 (0)             ; 0 (0)            ; |PROJETO|bin32_to_7seg:inst13|lpm_divide:Mod3|lpm_divide_kcm:auto_generated                                                   ; work         ;
;             |sign_div_unsign_9nh:divider| ; 1301 (0)    ; 0 (0)                     ; 0 (0)         ; 0           ; 0    ; 0            ; 0       ; 0         ; 0    ; 0            ; 1301 (0)     ; 0 (0)             ; 0 (0)            ; |PROJETO|bin32_to_7seg:inst13|lpm_divide:Mod3|lpm_divide_kcm:auto_generated|sign_div_unsign_9nh:divider                       ; work         ;
;                |alt_u_div_6af:divider|    ; 1301 (1301) ; 0 (0)                     ; 0 (0)         ; 0           ; 0    ; 0            ; 0       ; 0         ; 0    ; 0            ; 1301 (1301)  ; 0 (0)             ; 0 (0)            ; |PROJETO|bin32_to_7seg:inst13|lpm_divide:Mod3|lpm_divide_kcm:auto_generated|sign_div_unsign_9nh:divider|alt_u_div_6af:divider ; work         ;
;       |lpm_divide:Mod4|                   ; 1169 (0)    ; 0 (0)                     ; 0 (0)         ; 0           ; 0    ; 0            ; 0       ; 0         ; 0    ; 0            ; 1169 (0)     ; 0 (0)             ; 0 (0)            ; |PROJETO|bin32_to_7seg:inst13|lpm_divide:Mod4                                                                                 ; work         ;
;          |lpm_divide_kcm:auto_generated|  ; 1169 (0)    ; 0 (0)                     ; 0 (0)         ; 0           ; 0    ; 0            ; 0       ; 0         ; 0    ; 0            ; 1169 (0)     ; 0 (0)             ; 0 (0)            ; |PROJETO|bin32_to_7seg:inst13|lpm_divide:Mod4|lpm_divide_kcm:auto_generated                                                   ; work         ;
;             |sign_div_unsign_9nh:divider| ; 1169 (0)    ; 0 (0)                     ; 0 (0)         ; 0           ; 0    ; 0            ; 0       ; 0         ; 0    ; 0            ; 1169 (0)     ; 0 (0)             ; 0 (0)            ; |PROJETO|bin32_to_7seg:inst13|lpm_divide:Mod4|lpm_divide_kcm:auto_generated|sign_div_unsign_9nh:divider                       ; work         ;
;                |alt_u_div_6af:divider|    ; 1169 (1169) ; 0 (0)                     ; 0 (0)         ; 0           ; 0    ; 0            ; 0       ; 0         ; 0    ; 0            ; 1169 (1169)  ; 0 (0)             ; 0 (0)            ; |PROJETO|bin32_to_7seg:inst13|lpm_divide:Mod4|lpm_divide_kcm:auto_generated|sign_div_unsign_9nh:divider|alt_u_div_6af:divider ; work         ;
;       |lpm_divide:Mod5|                   ; 1010 (0)    ; 0 (0)                     ; 0 (0)         ; 0           ; 0    ; 0            ; 0       ; 0         ; 0    ; 0            ; 1010 (0)     ; 0 (0)             ; 0 (0)            ; |PROJETO|bin32_to_7seg:inst13|lpm_divide:Mod5                                                                                 ; work         ;
;          |lpm_divide_kcm:auto_generated|  ; 1010 (0)    ; 0 (0)                     ; 0 (0)         ; 0           ; 0    ; 0            ; 0       ; 0         ; 0    ; 0            ; 1010 (0)     ; 0 (0)             ; 0 (0)            ; |PROJETO|bin32_to_7seg:inst13|lpm_divide:Mod5|lpm_divide_kcm:auto_generated                                                   ; work         ;
;             |sign_div_unsign_9nh:divider| ; 1010 (0)    ; 0 (0)                     ; 0 (0)         ; 0           ; 0    ; 0            ; 0       ; 0         ; 0    ; 0            ; 1010 (0)     ; 0 (0)             ; 0 (0)            ; |PROJETO|bin32_to_7seg:inst13|lpm_divide:Mod5|lpm_divide_kcm:auto_generated|sign_div_unsign_9nh:divider                       ; work         ;
;                |alt_u_div_6af:divider|    ; 1010 (1010) ; 0 (0)                     ; 0 (0)         ; 0           ; 0    ; 0            ; 0       ; 0         ; 0    ; 0            ; 1010 (1010)  ; 0 (0)             ; 0 (0)            ; |PROJETO|bin32_to_7seg:inst13|lpm_divide:Mod5|lpm_divide_kcm:auto_generated|sign_div_unsign_9nh:divider|alt_u_div_6af:divider ; work         ;
;       |lpm_divide:Mod6|                   ; 824 (0)     ; 0 (0)                     ; 0 (0)         ; 0           ; 0    ; 0            ; 0       ; 0         ; 0    ; 0            ; 824 (0)      ; 0 (0)             ; 0 (0)            ; |PROJETO|bin32_to_7seg:inst13|lpm_divide:Mod6                                                                                 ; work         ;
;          |lpm_divide_kcm:auto_generated|  ; 824 (0)     ; 0 (0)                     ; 0 (0)         ; 0           ; 0    ; 0            ; 0       ; 0         ; 0    ; 0            ; 824 (0)      ; 0 (0)             ; 0 (0)            ; |PROJETO|bin32_to_7seg:inst13|lpm_divide:Mod6|lpm_divide_kcm:auto_generated                                                   ; work         ;
;             |sign_div_unsign_9nh:divider| ; 824 (0)     ; 0 (0)                     ; 0 (0)         ; 0           ; 0    ; 0            ; 0       ; 0         ; 0    ; 0            ; 824 (0)      ; 0 (0)             ; 0 (0)            ; |PROJETO|bin32_to_7seg:inst13|lpm_divide:Mod6|lpm_divide_kcm:auto_generated|sign_div_unsign_9nh:divider                       ; work         ;
;                |alt_u_div_6af:divider|    ; 824 (824)   ; 0 (0)                     ; 0 (0)         ; 0           ; 0    ; 0            ; 0       ; 0         ; 0    ; 0            ; 824 (824)    ; 0 (0)             ; 0 (0)            ; |PROJETO|bin32_to_7seg:inst13|lpm_divide:Mod6|lpm_divide_kcm:auto_generated|sign_div_unsign_9nh:divider|alt_u_div_6af:divider ; work         ;
;       |lpm_divide:Mod7|                   ; 611 (0)     ; 0 (0)                     ; 0 (0)         ; 0           ; 0    ; 0            ; 0       ; 0         ; 0    ; 0            ; 611 (0)      ; 0 (0)             ; 0 (0)            ; |PROJETO|bin32_to_7seg:inst13|lpm_divide:Mod7                                                                                 ; work         ;
;          |lpm_divide_kcm:auto_generated|  ; 611 (0)     ; 0 (0)                     ; 0 (0)         ; 0           ; 0    ; 0            ; 0       ; 0         ; 0    ; 0            ; 611 (0)      ; 0 (0)             ; 0 (0)            ; |PROJETO|bin32_to_7seg:inst13|lpm_divide:Mod7|lpm_divide_kcm:auto_generated                                                   ; work         ;
;             |sign_div_unsign_9nh:divider| ; 611 (0)     ; 0 (0)                     ; 0 (0)         ; 0           ; 0    ; 0            ; 0       ; 0         ; 0    ; 0            ; 611 (0)      ; 0 (0)             ; 0 (0)            ; |PROJETO|bin32_to_7seg:inst13|lpm_divide:Mod7|lpm_divide_kcm:auto_generated|sign_div_unsign_9nh:divider                       ; work         ;
;                |alt_u_div_6af:divider|    ; 611 (611)   ; 0 (0)                     ; 0 (0)         ; 0           ; 0    ; 0            ; 0       ; 0         ; 0    ; 0            ; 611 (611)    ; 0 (0)             ; 0 (0)            ; |PROJETO|bin32_to_7seg:inst13|lpm_divide:Mod7|lpm_divide_kcm:auto_generated|sign_div_unsign_9nh:divider|alt_u_div_6af:divider ; work         ;
+-------------------------------------------+-------------+---------------------------+---------------+-------------+------+--------------+---------+-----------+------+--------------+--------------+-------------------+------------------+-------------------------------------------------------------------------------------------------------------------------------+--------------+
Note: For table entries with two numbers listed, the numbers in parentheses indicate the number of resources of the given type used by the specific entity alone. The numbers listed outside of parentheses indicate the total resources of the given type used by the specific entity and all of its sub-entities in the hierarchy.


+------------------------------------------------------------------------------------------------+
; Delay Chain Summary                                                                            ;
+----------------+----------+---------------+---------------+-----------------------+-----+------+
; Name           ; Pin Type ; Pad to Core 0 ; Pad to Core 1 ; Pad to Input Register ; TCO ; TCOE ;
+----------------+----------+---------------+---------------+-----------------------+-----+------+
; ALU_result[31] ; Output   ; --            ; --            ; --                    ; --  ; --   ;
; ALU_result[30] ; Output   ; --            ; --            ; --                    ; --  ; --   ;
; ALU_result[29] ; Output   ; --            ; --            ; --                    ; --  ; --   ;
; ALU_result[28] ; Output   ; --            ; --            ; --                    ; --  ; --   ;
; ALU_result[27] ; Output   ; --            ; --            ; --                    ; --  ; --   ;
; ALU_result[26] ; Output   ; --            ; --            ; --                    ; --  ; --   ;
; ALU_result[25] ; Output   ; --            ; --            ; --                    ; --  ; --   ;
; ALU_result[24] ; Output   ; --            ; --            ; --                    ; --  ; --   ;
; ALU_result[23] ; Output   ; --            ; --            ; --                    ; --  ; --   ;
; ALU_result[22] ; Output   ; --            ; --            ; --                    ; --  ; --   ;
; ALU_result[21] ; Output   ; --            ; --            ; --                    ; --  ; --   ;
; ALU_result[20] ; Output   ; --            ; --            ; --                    ; --  ; --   ;
; ALU_result[19] ; Output   ; --            ; --            ; --                    ; --  ; --   ;
; ALU_result[18] ; Output   ; --            ; --            ; --                    ; --  ; --   ;
; ALU_result[17] ; Output   ; --            ; --            ; --                    ; --  ; --   ;
; ALU_result[16] ; Output   ; --            ; --            ; --                    ; --  ; --   ;
; ALU_result[15] ; Output   ; --            ; --            ; --                    ; --  ; --   ;
; ALU_result[14] ; Output   ; --            ; --            ; --                    ; --  ; --   ;
; ALU_result[13] ; Output   ; --            ; --            ; --                    ; --  ; --   ;
; ALU_result[12] ; Output   ; --            ; --            ; --                    ; --  ; --   ;
; ALU_result[11] ; Output   ; --            ; --            ; --                    ; --  ; --   ;
; ALU_result[10] ; Output   ; --            ; --            ; --                    ; --  ; --   ;
; ALU_result[9]  ; Output   ; --            ; --            ; --                    ; --  ; --   ;
; ALU_result[8]  ; Output   ; --            ; --            ; --                    ; --  ; --   ;
; ALU_result[7]  ; Output   ; --            ; --            ; --                    ; --  ; --   ;
; ALU_result[6]  ; Output   ; --            ; --            ; --                    ; --  ; --   ;
; ALU_result[5]  ; Output   ; --            ; --            ; --                    ; --  ; --   ;
; ALU_result[4]  ; Output   ; --            ; --            ; --                    ; --  ; --   ;
; ALU_result[3]  ; Output   ; --            ; --            ; --                    ; --  ; --   ;
; ALU_result[2]  ; Output   ; --            ; --            ; --                    ; --  ; --   ;
; ALU_result[1]  ; Output   ; --            ; --            ; --                    ; --  ; --   ;
; ALU_result[0]  ; Output   ; --            ; --            ; --                    ; --  ; --   ;
; HEX0[6]        ; Output   ; --            ; --            ; --                    ; --  ; --   ;
; HEX0[5]        ; Output   ; --            ; --            ; --                    ; --  ; --   ;
; HEX0[4]        ; Output   ; --            ; --            ; --                    ; --  ; --   ;
; HEX0[3]        ; Output   ; --            ; --            ; --                    ; --  ; --   ;
; HEX0[2]        ; Output   ; --            ; --            ; --                    ; --  ; --   ;
; HEX0[1]        ; Output   ; --            ; --            ; --                    ; --  ; --   ;
; HEX0[0]        ; Output   ; --            ; --            ; --                    ; --  ; --   ;
; HEX1[6]        ; Output   ; --            ; --            ; --                    ; --  ; --   ;
; HEX1[5]        ; Output   ; --            ; --            ; --                    ; --  ; --   ;
; HEX1[4]        ; Output   ; --            ; --            ; --                    ; --  ; --   ;
; HEX1[3]        ; Output   ; --            ; --            ; --                    ; --  ; --   ;
; HEX1[2]        ; Output   ; --            ; --            ; --                    ; --  ; --   ;
; HEX1[1]        ; Output   ; --            ; --            ; --                    ; --  ; --   ;
; HEX1[0]        ; Output   ; --            ; --            ; --                    ; --  ; --   ;
; HEX2[6]        ; Output   ; --            ; --            ; --                    ; --  ; --   ;
; HEX2[5]        ; Output   ; --            ; --            ; --                    ; --  ; --   ;
; HEX2[4]        ; Output   ; --            ; --            ; --                    ; --  ; --   ;
; HEX2[3]        ; Output   ; --            ; --            ; --                    ; --  ; --   ;
; HEX2[2]        ; Output   ; --            ; --            ; --                    ; --  ; --   ;
; HEX2[1]        ; Output   ; --            ; --            ; --                    ; --  ; --   ;
; HEX2[0]        ; Output   ; --            ; --            ; --                    ; --  ; --   ;
; HEX3[6]        ; Output   ; --            ; --            ; --                    ; --  ; --   ;
; HEX3[5]        ; Output   ; --            ; --            ; --                    ; --  ; --   ;
; HEX3[4]        ; Output   ; --            ; --            ; --                    ; --  ; --   ;
; HEX3[3]        ; Output   ; --            ; --            ; --                    ; --  ; --   ;
; HEX3[2]        ; Output   ; --            ; --            ; --                    ; --  ; --   ;
; HEX3[1]        ; Output   ; --            ; --            ; --                    ; --  ; --   ;
; HEX3[0]        ; Output   ; --            ; --            ; --                    ; --  ; --   ;
; HEX4[6]        ; Output   ; --            ; --            ; --                    ; --  ; --   ;
; HEX4[5]        ; Output   ; --            ; --            ; --                    ; --  ; --   ;
; HEX4[4]        ; Output   ; --            ; --            ; --                    ; --  ; --   ;
; HEX4[3]        ; Output   ; --            ; --            ; --                    ; --  ; --   ;
; HEX4[2]        ; Output   ; --            ; --            ; --                    ; --  ; --   ;
; HEX4[1]        ; Output   ; --            ; --            ; --                    ; --  ; --   ;
; HEX4[0]        ; Output   ; --            ; --            ; --                    ; --  ; --   ;
; HEX5[6]        ; Output   ; --            ; --            ; --                    ; --  ; --   ;
; HEX5[5]        ; Output   ; --            ; --            ; --                    ; --  ; --   ;
; HEX5[4]        ; Output   ; --            ; --            ; --                    ; --  ; --   ;
; HEX5[3]        ; Output   ; --            ; --            ; --                    ; --  ; --   ;
; HEX5[2]        ; Output   ; --            ; --            ; --                    ; --  ; --   ;
; HEX5[1]        ; Output   ; --            ; --            ; --                    ; --  ; --   ;
; HEX5[0]        ; Output   ; --            ; --            ; --                    ; --  ; --   ;
; HEX6[6]        ; Output   ; --            ; --            ; --                    ; --  ; --   ;
; HEX6[5]        ; Output   ; --            ; --            ; --                    ; --  ; --   ;
; HEX6[4]        ; Output   ; --            ; --            ; --                    ; --  ; --   ;
; HEX6[3]        ; Output   ; --            ; --            ; --                    ; --  ; --   ;
; HEX6[2]        ; Output   ; --            ; --            ; --                    ; --  ; --   ;
; HEX6[1]        ; Output   ; --            ; --            ; --                    ; --  ; --   ;
; HEX6[0]        ; Output   ; --            ; --            ; --                    ; --  ; --   ;
; HEX7[6]        ; Output   ; --            ; --            ; --                    ; --  ; --   ;
; HEX7[5]        ; Output   ; --            ; --            ; --                    ; --  ; --   ;
; HEX7[4]        ; Output   ; --            ; --            ; --                    ; --  ; --   ;
; HEX7[3]        ; Output   ; --            ; --            ; --                    ; --  ; --   ;
; HEX7[2]        ; Output   ; --            ; --            ; --                    ; --  ; --   ;
; HEX7[1]        ; Output   ; --            ; --            ; --                    ; --  ; --   ;
; HEX7[0]        ; Output   ; --            ; --            ; --                    ; --  ; --   ;
; MUX_INPUT1[31] ; Output   ; --            ; --            ; --                    ; --  ; --   ;
; MUX_INPUT1[30] ; Output   ; --            ; --            ; --                    ; --  ; --   ;
; MUX_INPUT1[29] ; Output   ; --            ; --            ; --                    ; --  ; --   ;
; MUX_INPUT1[28] ; Output   ; --            ; --            ; --                    ; --  ; --   ;
; MUX_INPUT1[27] ; Output   ; --            ; --            ; --                    ; --  ; --   ;
; MUX_INPUT1[26] ; Output   ; --            ; --            ; --                    ; --  ; --   ;
; MUX_INPUT1[25] ; Output   ; --            ; --            ; --                    ; --  ; --   ;
; MUX_INPUT1[24] ; Output   ; --            ; --            ; --                    ; --  ; --   ;
; MUX_INPUT1[23] ; Output   ; --            ; --            ; --                    ; --  ; --   ;
; MUX_INPUT1[22] ; Output   ; --            ; --            ; --                    ; --  ; --   ;
; MUX_INPUT1[21] ; Output   ; --            ; --            ; --                    ; --  ; --   ;
; MUX_INPUT1[20] ; Output   ; --            ; --            ; --                    ; --  ; --   ;
; MUX_INPUT1[19] ; Output   ; --            ; --            ; --                    ; --  ; --   ;
; MUX_INPUT1[18] ; Output   ; --            ; --            ; --                    ; --  ; --   ;
; MUX_INPUT1[17] ; Output   ; --            ; --            ; --                    ; --  ; --   ;
; MUX_INPUT1[16] ; Output   ; --            ; --            ; --                    ; --  ; --   ;
; MUX_INPUT1[15] ; Output   ; --            ; --            ; --                    ; --  ; --   ;
; MUX_INPUT1[14] ; Output   ; --            ; --            ; --                    ; --  ; --   ;
; MUX_INPUT1[13] ; Output   ; --            ; --            ; --                    ; --  ; --   ;
; MUX_INPUT1[12] ; Output   ; --            ; --            ; --                    ; --  ; --   ;
; MUX_INPUT1[11] ; Output   ; --            ; --            ; --                    ; --  ; --   ;
; MUX_INPUT1[10] ; Output   ; --            ; --            ; --                    ; --  ; --   ;
; MUX_INPUT1[9]  ; Output   ; --            ; --            ; --                    ; --  ; --   ;
; MUX_INPUT1[8]  ; Output   ; --            ; --            ; --                    ; --  ; --   ;
; MUX_INPUT1[7]  ; Output   ; --            ; --            ; --                    ; --  ; --   ;
; MUX_INPUT1[6]  ; Output   ; --            ; --            ; --                    ; --  ; --   ;
; MUX_INPUT1[5]  ; Output   ; --            ; --            ; --                    ; --  ; --   ;
; MUX_INPUT1[4]  ; Output   ; --            ; --            ; --                    ; --  ; --   ;
; MUX_INPUT1[3]  ; Output   ; --            ; --            ; --                    ; --  ; --   ;
; MUX_INPUT1[2]  ; Output   ; --            ; --            ; --                    ; --  ; --   ;
; MUX_INPUT1[1]  ; Output   ; --            ; --            ; --                    ; --  ; --   ;
; MUX_INPUT1[0]  ; Output   ; --            ; --            ; --                    ; --  ; --   ;
; MUX_INPUT2[31] ; Output   ; --            ; --            ; --                    ; --  ; --   ;
; MUX_INPUT2[30] ; Output   ; --            ; --            ; --                    ; --  ; --   ;
; MUX_INPUT2[29] ; Output   ; --            ; --            ; --                    ; --  ; --   ;
; MUX_INPUT2[28] ; Output   ; --            ; --            ; --                    ; --  ; --   ;
; MUX_INPUT2[27] ; Output   ; --            ; --            ; --                    ; --  ; --   ;
; MUX_INPUT2[26] ; Output   ; --            ; --            ; --                    ; --  ; --   ;
; MUX_INPUT2[25] ; Output   ; --            ; --            ; --                    ; --  ; --   ;
; MUX_INPUT2[24] ; Output   ; --            ; --            ; --                    ; --  ; --   ;
; MUX_INPUT2[23] ; Output   ; --            ; --            ; --                    ; --  ; --   ;
; MUX_INPUT2[22] ; Output   ; --            ; --            ; --                    ; --  ; --   ;
; MUX_INPUT2[21] ; Output   ; --            ; --            ; --                    ; --  ; --   ;
; MUX_INPUT2[20] ; Output   ; --            ; --            ; --                    ; --  ; --   ;
; MUX_INPUT2[19] ; Output   ; --            ; --            ; --                    ; --  ; --   ;
; MUX_INPUT2[18] ; Output   ; --            ; --            ; --                    ; --  ; --   ;
; MUX_INPUT2[17] ; Output   ; --            ; --            ; --                    ; --  ; --   ;
; MUX_INPUT2[16] ; Output   ; --            ; --            ; --                    ; --  ; --   ;
; MUX_INPUT2[15] ; Output   ; --            ; --            ; --                    ; --  ; --   ;
; MUX_INPUT2[14] ; Output   ; --            ; --            ; --                    ; --  ; --   ;
; MUX_INPUT2[13] ; Output   ; --            ; --            ; --                    ; --  ; --   ;
; MUX_INPUT2[12] ; Output   ; --            ; --            ; --                    ; --  ; --   ;
; MUX_INPUT2[11] ; Output   ; --            ; --            ; --                    ; --  ; --   ;
; MUX_INPUT2[10] ; Output   ; --            ; --            ; --                    ; --  ; --   ;
; MUX_INPUT2[9]  ; Output   ; --            ; --            ; --                    ; --  ; --   ;
; MUX_INPUT2[8]  ; Output   ; --            ; --            ; --                    ; --  ; --   ;
; MUX_INPUT2[7]  ; Output   ; --            ; --            ; --                    ; --  ; --   ;
; MUX_INPUT2[6]  ; Output   ; --            ; --            ; --                    ; --  ; --   ;
; MUX_INPUT2[5]  ; Output   ; --            ; --            ; --                    ; --  ; --   ;
; MUX_INPUT2[4]  ; Output   ; --            ; --            ; --                    ; --  ; --   ;
; MUX_INPUT2[3]  ; Output   ; --            ; --            ; --                    ; --  ; --   ;
; MUX_INPUT2[2]  ; Output   ; --            ; --            ; --                    ; --  ; --   ;
; MUX_INPUT2[1]  ; Output   ; --            ; --            ; --                    ; --  ; --   ;
; MUX_INPUT2[0]  ; Output   ; --            ; --            ; --                    ; --  ; --   ;
; MUX_INPUT3[27] ; Output   ; --            ; --            ; --                    ; --  ; --   ;
; MUX_INPUT3[26] ; Output   ; --            ; --            ; --                    ; --  ; --   ;
; MUX_INPUT3[25] ; Output   ; --            ; --            ; --                    ; --  ; --   ;
; MUX_INPUT3[24] ; Output   ; --            ; --            ; --                    ; --  ; --   ;
; MUX_INPUT3[23] ; Output   ; --            ; --            ; --                    ; --  ; --   ;
; MUX_INPUT3[22] ; Output   ; --            ; --            ; --                    ; --  ; --   ;
; MUX_INPUT3[21] ; Output   ; --            ; --            ; --                    ; --  ; --   ;
; MUX_INPUT3[20] ; Output   ; --            ; --            ; --                    ; --  ; --   ;
; MUX_INPUT3[19] ; Output   ; --            ; --            ; --                    ; --  ; --   ;
; MUX_INPUT3[18] ; Output   ; --            ; --            ; --                    ; --  ; --   ;
; MUX_INPUT3[17] ; Output   ; --            ; --            ; --                    ; --  ; --   ;
; MUX_INPUT3[16] ; Output   ; --            ; --            ; --                    ; --  ; --   ;
; MUX_INPUT3[15] ; Output   ; --            ; --            ; --                    ; --  ; --   ;
; MUX_INPUT3[14] ; Output   ; --            ; --            ; --                    ; --  ; --   ;
; MUX_INPUT3[13] ; Output   ; --            ; --            ; --                    ; --  ; --   ;
; MUX_INPUT3[12] ; Output   ; --            ; --            ; --                    ; --  ; --   ;
; MUX_INPUT3[11] ; Output   ; --            ; --            ; --                    ; --  ; --   ;
; MUX_INPUT3[10] ; Output   ; --            ; --            ; --                    ; --  ; --   ;
; MUX_INPUT3[9]  ; Output   ; --            ; --            ; --                    ; --  ; --   ;
; MUX_INPUT3[8]  ; Output   ; --            ; --            ; --                    ; --  ; --   ;
; MUX_INPUT3[7]  ; Output   ; --            ; --            ; --                    ; --  ; --   ;
; MUX_INPUT3[6]  ; Output   ; --            ; --            ; --                    ; --  ; --   ;
; MUX_INPUT3[5]  ; Output   ; --            ; --            ; --                    ; --  ; --   ;
; MUX_INPUT3[4]  ; Output   ; --            ; --            ; --                    ; --  ; --   ;
; MUX_INPUT3[3]  ; Output   ; --            ; --            ; --                    ; --  ; --   ;
; MUX_INPUT3[2]  ; Output   ; --            ; --            ; --                    ; --  ; --   ;
; MUX_INPUT3[1]  ; Output   ; --            ; --            ; --                    ; --  ; --   ;
; MUX_INPUT3[0]  ; Output   ; --            ; --            ; --                    ; --  ; --   ;
; MUX_INPUT4[31] ; Output   ; --            ; --            ; --                    ; --  ; --   ;
; MUX_INPUT4[30] ; Output   ; --            ; --            ; --                    ; --  ; --   ;
; MUX_INPUT4[29] ; Output   ; --            ; --            ; --                    ; --  ; --   ;
; MUX_INPUT4[28] ; Output   ; --            ; --            ; --                    ; --  ; --   ;
; MUX_INPUT4[27] ; Output   ; --            ; --            ; --                    ; --  ; --   ;
; MUX_INPUT4[26] ; Output   ; --            ; --            ; --                    ; --  ; --   ;
; MUX_INPUT4[25] ; Output   ; --            ; --            ; --                    ; --  ; --   ;
; MUX_INPUT4[24] ; Output   ; --            ; --            ; --                    ; --  ; --   ;
; MUX_INPUT4[23] ; Output   ; --            ; --            ; --                    ; --  ; --   ;
; MUX_INPUT4[22] ; Output   ; --            ; --            ; --                    ; --  ; --   ;
; MUX_INPUT4[21] ; Output   ; --            ; --            ; --                    ; --  ; --   ;
; MUX_INPUT4[20] ; Output   ; --            ; --            ; --                    ; --  ; --   ;
; MUX_INPUT4[19] ; Output   ; --            ; --            ; --                    ; --  ; --   ;
; MUX_INPUT4[18] ; Output   ; --            ; --            ; --                    ; --  ; --   ;
; MUX_INPUT4[17] ; Output   ; --            ; --            ; --                    ; --  ; --   ;
; MUX_INPUT4[16] ; Output   ; --            ; --            ; --                    ; --  ; --   ;
; MUX_INPUT4[15] ; Output   ; --            ; --            ; --                    ; --  ; --   ;
; MUX_INPUT4[14] ; Output   ; --            ; --            ; --                    ; --  ; --   ;
; MUX_INPUT4[13] ; Output   ; --            ; --            ; --                    ; --  ; --   ;
; MUX_INPUT4[12] ; Output   ; --            ; --            ; --                    ; --  ; --   ;
; MUX_INPUT4[11] ; Output   ; --            ; --            ; --                    ; --  ; --   ;
; MUX_INPUT4[10] ; Output   ; --            ; --            ; --                    ; --  ; --   ;
; MUX_INPUT4[9]  ; Output   ; --            ; --            ; --                    ; --  ; --   ;
; MUX_INPUT4[8]  ; Output   ; --            ; --            ; --                    ; --  ; --   ;
; MUX_INPUT4[7]  ; Output   ; --            ; --            ; --                    ; --  ; --   ;
; MUX_INPUT4[6]  ; Output   ; --            ; --            ; --                    ; --  ; --   ;
; MUX_INPUT4[5]  ; Output   ; --            ; --            ; --                    ; --  ; --   ;
; MUX_INPUT4[4]  ; Output   ; --            ; --            ; --                    ; --  ; --   ;
; MUX_INPUT4[3]  ; Output   ; --            ; --            ; --                    ; --  ; --   ;
; MUX_INPUT4[2]  ; Output   ; --            ; --            ; --                    ; --  ; --   ;
; MUX_INPUT4[1]  ; Output   ; --            ; --            ; --                    ; --  ; --   ;
; MUX_INPUT4[0]  ; Output   ; --            ; --            ; --                    ; --  ; --   ;
; PC[31]         ; Output   ; --            ; --            ; --                    ; --  ; --   ;
; PC[30]         ; Output   ; --            ; --            ; --                    ; --  ; --   ;
; PC[29]         ; Output   ; --            ; --            ; --                    ; --  ; --   ;
; PC[28]         ; Output   ; --            ; --            ; --                    ; --  ; --   ;
; PC[27]         ; Output   ; --            ; --            ; --                    ; --  ; --   ;
; PC[26]         ; Output   ; --            ; --            ; --                    ; --  ; --   ;
; PC[25]         ; Output   ; --            ; --            ; --                    ; --  ; --   ;
; PC[24]         ; Output   ; --            ; --            ; --                    ; --  ; --   ;
; PC[23]         ; Output   ; --            ; --            ; --                    ; --  ; --   ;
; PC[22]         ; Output   ; --            ; --            ; --                    ; --  ; --   ;
; PC[21]         ; Output   ; --            ; --            ; --                    ; --  ; --   ;
; PC[20]         ; Output   ; --            ; --            ; --                    ; --  ; --   ;
; PC[19]         ; Output   ; --            ; --            ; --                    ; --  ; --   ;
; PC[18]         ; Output   ; --            ; --            ; --                    ; --  ; --   ;
; PC[17]         ; Output   ; --            ; --            ; --                    ; --  ; --   ;
; PC[16]         ; Output   ; --            ; --            ; --                    ; --  ; --   ;
; PC[15]         ; Output   ; --            ; --            ; --                    ; --  ; --   ;
; PC[14]         ; Output   ; --            ; --            ; --                    ; --  ; --   ;
; PC[13]         ; Output   ; --            ; --            ; --                    ; --  ; --   ;
; PC[12]         ; Output   ; --            ; --            ; --                    ; --  ; --   ;
; PC[11]         ; Output   ; --            ; --            ; --                    ; --  ; --   ;
; PC[10]         ; Output   ; --            ; --            ; --                    ; --  ; --   ;
; PC[9]          ; Output   ; --            ; --            ; --                    ; --  ; --   ;
; PC[8]          ; Output   ; --            ; --            ; --                    ; --  ; --   ;
; PC[7]          ; Output   ; --            ; --            ; --                    ; --  ; --   ;
; PC[6]          ; Output   ; --            ; --            ; --                    ; --  ; --   ;
; PC[5]          ; Output   ; --            ; --            ; --                    ; --  ; --   ;
; PC[4]          ; Output   ; --            ; --            ; --                    ; --  ; --   ;
; PC[3]          ; Output   ; --            ; --            ; --                    ; --  ; --   ;
; PC[2]          ; Output   ; --            ; --            ; --                    ; --  ; --   ;
; PC[1]          ; Output   ; --            ; --            ; --                    ; --  ; --   ;
; PC[0]          ; Output   ; --            ; --            ; --                    ; --  ; --   ;
; PCplus4[31]    ; Output   ; --            ; --            ; --                    ; --  ; --   ;
; PCplus4[30]    ; Output   ; --            ; --            ; --                    ; --  ; --   ;
; PCplus4[29]    ; Output   ; --            ; --            ; --                    ; --  ; --   ;
; PCplus4[28]    ; Output   ; --            ; --            ; --                    ; --  ; --   ;
; PCplus4[27]    ; Output   ; --            ; --            ; --                    ; --  ; --   ;
; PCplus4[26]    ; Output   ; --            ; --            ; --                    ; --  ; --   ;
; PCplus4[25]    ; Output   ; --            ; --            ; --                    ; --  ; --   ;
; PCplus4[24]    ; Output   ; --            ; --            ; --                    ; --  ; --   ;
; PCplus4[23]    ; Output   ; --            ; --            ; --                    ; --  ; --   ;
; PCplus4[22]    ; Output   ; --            ; --            ; --                    ; --  ; --   ;
; PCplus4[21]    ; Output   ; --            ; --            ; --                    ; --  ; --   ;
; PCplus4[20]    ; Output   ; --            ; --            ; --                    ; --  ; --   ;
; PCplus4[19]    ; Output   ; --            ; --            ; --                    ; --  ; --   ;
; PCplus4[18]    ; Output   ; --            ; --            ; --                    ; --  ; --   ;
; PCplus4[17]    ; Output   ; --            ; --            ; --                    ; --  ; --   ;
; PCplus4[16]    ; Output   ; --            ; --            ; --                    ; --  ; --   ;
; PCplus4[15]    ; Output   ; --            ; --            ; --                    ; --  ; --   ;
; PCplus4[14]    ; Output   ; --            ; --            ; --                    ; --  ; --   ;
; PCplus4[13]    ; Output   ; --            ; --            ; --                    ; --  ; --   ;
; PCplus4[12]    ; Output   ; --            ; --            ; --                    ; --  ; --   ;
; PCplus4[11]    ; Output   ; --            ; --            ; --                    ; --  ; --   ;
; PCplus4[10]    ; Output   ; --            ; --            ; --                    ; --  ; --   ;
; PCplus4[9]     ; Output   ; --            ; --            ; --                    ; --  ; --   ;
; PCplus4[8]     ; Output   ; --            ; --            ; --                    ; --  ; --   ;
; PCplus4[7]     ; Output   ; --            ; --            ; --                    ; --  ; --   ;
; PCplus4[6]     ; Output   ; --            ; --            ; --                    ; --  ; --   ;
; PCplus4[5]     ; Output   ; --            ; --            ; --                    ; --  ; --   ;
; PCplus4[4]     ; Output   ; --            ; --            ; --                    ; --  ; --   ;
; PCplus4[3]     ; Output   ; --            ; --            ; --                    ; --  ; --   ;
; PCplus4[2]     ; Output   ; --            ; --            ; --                    ; --  ; --   ;
; PCplus4[1]     ; Output   ; --            ; --            ; --                    ; --  ; --   ;
; PCplus4[0]     ; Output   ; --            ; --            ; --                    ; --  ; --   ;
; RD1[31]        ; Output   ; --            ; --            ; --                    ; --  ; --   ;
; RD1[30]        ; Output   ; --            ; --            ; --                    ; --  ; --   ;
; RD1[29]        ; Output   ; --            ; --            ; --                    ; --  ; --   ;
; RD1[28]        ; Output   ; --            ; --            ; --                    ; --  ; --   ;
; RD1[27]        ; Output   ; --            ; --            ; --                    ; --  ; --   ;
; RD1[26]        ; Output   ; --            ; --            ; --                    ; --  ; --   ;
; RD1[25]        ; Output   ; --            ; --            ; --                    ; --  ; --   ;
; RD1[24]        ; Output   ; --            ; --            ; --                    ; --  ; --   ;
; RD1[23]        ; Output   ; --            ; --            ; --                    ; --  ; --   ;
; RD1[22]        ; Output   ; --            ; --            ; --                    ; --  ; --   ;
; RD1[21]        ; Output   ; --            ; --            ; --                    ; --  ; --   ;
; RD1[20]        ; Output   ; --            ; --            ; --                    ; --  ; --   ;
; RD1[19]        ; Output   ; --            ; --            ; --                    ; --  ; --   ;
; RD1[18]        ; Output   ; --            ; --            ; --                    ; --  ; --   ;
; RD1[17]        ; Output   ; --            ; --            ; --                    ; --  ; --   ;
; RD1[16]        ; Output   ; --            ; --            ; --                    ; --  ; --   ;
; RD1[15]        ; Output   ; --            ; --            ; --                    ; --  ; --   ;
; RD1[14]        ; Output   ; --            ; --            ; --                    ; --  ; --   ;
; RD1[13]        ; Output   ; --            ; --            ; --                    ; --  ; --   ;
; RD1[12]        ; Output   ; --            ; --            ; --                    ; --  ; --   ;
; RD1[11]        ; Output   ; --            ; --            ; --                    ; --  ; --   ;
; RD1[10]        ; Output   ; --            ; --            ; --                    ; --  ; --   ;
; RD1[9]         ; Output   ; --            ; --            ; --                    ; --  ; --   ;
; RD1[8]         ; Output   ; --            ; --            ; --                    ; --  ; --   ;
; RD1[7]         ; Output   ; --            ; --            ; --                    ; --  ; --   ;
; RD1[6]         ; Output   ; --            ; --            ; --                    ; --  ; --   ;
; RD1[5]         ; Output   ; --            ; --            ; --                    ; --  ; --   ;
; RD1[4]         ; Output   ; --            ; --            ; --                    ; --  ; --   ;
; RD1[3]         ; Output   ; --            ; --            ; --                    ; --  ; --   ;
; RD1[2]         ; Output   ; --            ; --            ; --                    ; --  ; --   ;
; RD1[1]         ; Output   ; --            ; --            ; --                    ; --  ; --   ;
; RD1[0]         ; Output   ; --            ; --            ; --                    ; --  ; --   ;
; RD2[31]        ; Output   ; --            ; --            ; --                    ; --  ; --   ;
; RD2[30]        ; Output   ; --            ; --            ; --                    ; --  ; --   ;
; RD2[29]        ; Output   ; --            ; --            ; --                    ; --  ; --   ;
; RD2[28]        ; Output   ; --            ; --            ; --                    ; --  ; --   ;
; RD2[27]        ; Output   ; --            ; --            ; --                    ; --  ; --   ;
; RD2[26]        ; Output   ; --            ; --            ; --                    ; --  ; --   ;
; RD2[25]        ; Output   ; --            ; --            ; --                    ; --  ; --   ;
; RD2[24]        ; Output   ; --            ; --            ; --                    ; --  ; --   ;
; RD2[23]        ; Output   ; --            ; --            ; --                    ; --  ; --   ;
; RD2[22]        ; Output   ; --            ; --            ; --                    ; --  ; --   ;
; RD2[21]        ; Output   ; --            ; --            ; --                    ; --  ; --   ;
; RD2[20]        ; Output   ; --            ; --            ; --                    ; --  ; --   ;
; RD2[19]        ; Output   ; --            ; --            ; --                    ; --  ; --   ;
; RD2[18]        ; Output   ; --            ; --            ; --                    ; --  ; --   ;
; RD2[17]        ; Output   ; --            ; --            ; --                    ; --  ; --   ;
; RD2[16]        ; Output   ; --            ; --            ; --                    ; --  ; --   ;
; RD2[15]        ; Output   ; --            ; --            ; --                    ; --  ; --   ;
; RD2[14]        ; Output   ; --            ; --            ; --                    ; --  ; --   ;
; RD2[13]        ; Output   ; --            ; --            ; --                    ; --  ; --   ;
; RD2[12]        ; Output   ; --            ; --            ; --                    ; --  ; --   ;
; RD2[11]        ; Output   ; --            ; --            ; --                    ; --  ; --   ;
; RD2[10]        ; Output   ; --            ; --            ; --                    ; --  ; --   ;
; RD2[9]         ; Output   ; --            ; --            ; --                    ; --  ; --   ;
; RD2[8]         ; Output   ; --            ; --            ; --                    ; --  ; --   ;
; RD2[7]         ; Output   ; --            ; --            ; --                    ; --  ; --   ;
; RD2[6]         ; Output   ; --            ; --            ; --                    ; --  ; --   ;
; RD2[5]         ; Output   ; --            ; --            ; --                    ; --  ; --   ;
; RD2[4]         ; Output   ; --            ; --            ; --                    ; --  ; --   ;
; RD2[3]         ; Output   ; --            ; --            ; --                    ; --  ; --   ;
; RD2[2]         ; Output   ; --            ; --            ; --                    ; --  ; --   ;
; RD2[1]         ; Output   ; --            ; --            ; --                    ; --  ; --   ;
; RD2[0]         ; Output   ; --            ; --            ; --                    ; --  ; --   ;
; Clock          ; Input    ; (0) 0 ps      ; --            ; --                    ; --  ; --   ;
; Reset          ; Input    ; (0) 0 ps      ; --            ; --                    ; --  ; --   ;
+----------------+----------+---------------+---------------+-----------------------+-----+------+


+---------------------------------------------------+
; Pad To Core Delay Chain Fanout                    ;
+---------------------+-------------------+---------+
; Source Pin / Fanout ; Pad To Core Index ; Setting ;
+---------------------+-------------------+---------+
; Clock               ;                   ;         ;
; Reset               ;                   ;         ;
+---------------------+-------------------+---------+


+------------------------------------------------------------------------------------------------------------------------------------------------------------+
; Control Signals                                                                                                                                            ;
+-------------------------------+--------------------+---------+--------------+--------+----------------------+------------------+---------------------------+
; Name                          ; Location           ; Fan-Out ; Usage        ; Global ; Global Resource Used ; Global Line Name ; Enable Signal Source Name ;
+-------------------------------+--------------------+---------+--------------+--------+----------------------+------------------+---------------------------+
; Clock                         ; PIN_J1             ; 136     ; Clock        ; yes    ; Global Clock         ; GCLK2            ; --                        ;
; REG_FILE:inst2|registers~1223 ; LCCOMB_X47_Y70_N26 ; 32      ; Clock enable ; no     ; --                   ; --               ; --                        ;
; REG_FILE:inst2|registers~1224 ; LCCOMB_X46_Y71_N4  ; 32      ; Clock enable ; no     ; --                   ; --               ; --                        ;
; REG_FILE:inst2|registers~1225 ; LCCOMB_X50_Y71_N12 ; 32      ; Clock enable ; no     ; --                   ; --               ; --                        ;
; REG_FILE:inst2|registers~1226 ; LCCOMB_X49_Y72_N8  ; 32      ; Clock enable ; no     ; --                   ; --               ; --                        ;
; Reset                         ; PIN_Y2             ; 8       ; Async. clear ; yes    ; Global Clock         ; GCLK4            ; --                        ;
+-------------------------------+--------------------+---------+--------------+--------+----------------------+------------------+---------------------------+


+-----------------------------------------------------------------------------------------------------------------------------------------+
; Global & Other Fast Signals                                                                                                             ;
+-------+----------+---------+--------------------------------------+----------------------+------------------+---------------------------+
; Name  ; Location ; Fan-Out ; Fan-Out Using Intentional Clock Skew ; Global Resource Used ; Global Line Name ; Enable Signal Source Name ;
+-------+----------+---------+--------------------------------------+----------------------+------------------+---------------------------+
; Clock ; PIN_J1   ; 136     ; 90                                   ; Global Clock         ; GCLK2            ; --                        ;
; Reset ; PIN_Y2   ; 8       ; 0                                    ; Global Clock         ; GCLK4            ; --                        ;
+-------+----------+---------+--------------------------------------+----------------------+------------------+---------------------------+


+-------------------------------------------------------------------------------------------------------------------------------------------------------------+
; Non-Global High Fan-Out Signals                                                                                                                             ;
+---------------------------------------------------------------------------------------------------------------------------------------------------+---------+
; Name                                                                                                                                              ; Fan-Out ;
+---------------------------------------------------------------------------------------------------------------------------------------------------+---------+
; bin32_to_7seg:inst13|lpm_divide:Mod7|lpm_divide_kcm:auto_generated|sign_div_unsign_9nh:divider|alt_u_div_6af:divider|add_sub_29_result_int[30]~58 ; 90      ;
; bin32_to_7seg:inst13|lpm_divide:Mod6|lpm_divide_kcm:auto_generated|sign_div_unsign_9nh:divider|alt_u_div_6af:divider|add_sub_29_result_int[30]~58 ; 90      ;
; bin32_to_7seg:inst13|lpm_divide:Mod5|lpm_divide_kcm:auto_generated|sign_div_unsign_9nh:divider|alt_u_div_6af:divider|add_sub_29_result_int[30]~58 ; 90      ;
; bin32_to_7seg:inst13|lpm_divide:Mod4|lpm_divide_kcm:auto_generated|sign_div_unsign_9nh:divider|alt_u_div_6af:divider|add_sub_29_result_int[30]~58 ; 90      ;
; bin32_to_7seg:inst13|lpm_divide:Mod3|lpm_divide_kcm:auto_generated|sign_div_unsign_9nh:divider|alt_u_div_6af:divider|add_sub_29_result_int[30]~58 ; 90      ;
; bin32_to_7seg:inst13|lpm_divide:Mod2|lpm_divide_kcm:auto_generated|sign_div_unsign_9nh:divider|alt_u_div_6af:divider|add_sub_29_result_int[30]~58 ; 90      ;
; bin32_to_7seg:inst13|lpm_divide:Mod1|lpm_divide_kcm:auto_generated|sign_div_unsign_9nh:divider|alt_u_div_6af:divider|add_sub_29_result_int[30]~58 ; 90      ;
; bin32_to_7seg:inst13|lpm_divide:Mod0|lpm_divide_kcm:auto_generated|sign_div_unsign_9nh:divider|alt_u_div_6af:divider|add_sub_29_result_int[30]~58 ; 89      ;
; bin32_to_7seg:inst13|lpm_divide:Mod7|lpm_divide_kcm:auto_generated|sign_div_unsign_9nh:divider|alt_u_div_6af:divider|add_sub_28_result_int[29]~56 ; 87      ;
; bin32_to_7seg:inst13|lpm_divide:Mod6|lpm_divide_kcm:auto_generated|sign_div_unsign_9nh:divider|alt_u_div_6af:divider|add_sub_28_result_int[29]~56 ; 87      ;
; bin32_to_7seg:inst13|lpm_divide:Mod5|lpm_divide_kcm:auto_generated|sign_div_unsign_9nh:divider|alt_u_div_6af:divider|add_sub_28_result_int[29]~56 ; 87      ;
; bin32_to_7seg:inst13|lpm_divide:Mod4|lpm_divide_kcm:auto_generated|sign_div_unsign_9nh:divider|alt_u_div_6af:divider|add_sub_28_result_int[29]~56 ; 87      ;
; bin32_to_7seg:inst13|lpm_divide:Mod3|lpm_divide_kcm:auto_generated|sign_div_unsign_9nh:divider|alt_u_div_6af:divider|add_sub_28_result_int[29]~56 ; 87      ;
; bin32_to_7seg:inst13|lpm_divide:Mod2|lpm_divide_kcm:auto_generated|sign_div_unsign_9nh:divider|alt_u_div_6af:divider|add_sub_28_result_int[29]~56 ; 87      ;
; bin32_to_7seg:inst13|lpm_divide:Mod1|lpm_divide_kcm:auto_generated|sign_div_unsign_9nh:divider|alt_u_div_6af:divider|add_sub_28_result_int[29]~56 ; 87      ;
; bin32_to_7seg:inst13|lpm_divide:Mod0|lpm_divide_kcm:auto_generated|sign_div_unsign_9nh:divider|alt_u_div_6af:divider|add_sub_28_result_int[29]~56 ; 86      ;
; bin32_to_7seg:inst13|lpm_divide:Mod7|lpm_divide_kcm:auto_generated|sign_div_unsign_9nh:divider|alt_u_div_6af:divider|add_sub_27_result_int[28]~54 ; 84      ;
; bin32_to_7seg:inst13|lpm_divide:Mod6|lpm_divide_kcm:auto_generated|sign_div_unsign_9nh:divider|alt_u_div_6af:divider|add_sub_27_result_int[28]~54 ; 84      ;
; bin32_to_7seg:inst13|lpm_divide:Mod5|lpm_divide_kcm:auto_generated|sign_div_unsign_9nh:divider|alt_u_div_6af:divider|add_sub_27_result_int[28]~54 ; 84      ;
; bin32_to_7seg:inst13|lpm_divide:Mod4|lpm_divide_kcm:auto_generated|sign_div_unsign_9nh:divider|alt_u_div_6af:divider|add_sub_27_result_int[28]~54 ; 84      ;
; bin32_to_7seg:inst13|lpm_divide:Mod3|lpm_divide_kcm:auto_generated|sign_div_unsign_9nh:divider|alt_u_div_6af:divider|add_sub_27_result_int[28]~54 ; 84      ;
; bin32_to_7seg:inst13|lpm_divide:Mod2|lpm_divide_kcm:auto_generated|sign_div_unsign_9nh:divider|alt_u_div_6af:divider|add_sub_27_result_int[28]~54 ; 84      ;
; bin32_to_7seg:inst13|lpm_divide:Mod1|lpm_divide_kcm:auto_generated|sign_div_unsign_9nh:divider|alt_u_div_6af:divider|add_sub_27_result_int[28]~54 ; 84      ;
; bin32_to_7seg:inst13|lpm_divide:Mod0|lpm_divide_kcm:auto_generated|sign_div_unsign_9nh:divider|alt_u_div_6af:divider|add_sub_27_result_int[28]~54 ; 83      ;
; bin32_to_7seg:inst13|lpm_divide:Mod7|lpm_divide_kcm:auto_generated|sign_div_unsign_9nh:divider|alt_u_div_6af:divider|add_sub_26_result_int[27]~52 ; 81      ;
; bin32_to_7seg:inst13|lpm_divide:Mod6|lpm_divide_kcm:auto_generated|sign_div_unsign_9nh:divider|alt_u_div_6af:divider|add_sub_26_result_int[27]~52 ; 81      ;
; bin32_to_7seg:inst13|lpm_divide:Mod5|lpm_divide_kcm:auto_generated|sign_div_unsign_9nh:divider|alt_u_div_6af:divider|add_sub_26_result_int[27]~52 ; 81      ;
; bin32_to_7seg:inst13|lpm_divide:Mod4|lpm_divide_kcm:auto_generated|sign_div_unsign_9nh:divider|alt_u_div_6af:divider|add_sub_26_result_int[27]~52 ; 81      ;
; bin32_to_7seg:inst13|lpm_divide:Mod3|lpm_divide_kcm:auto_generated|sign_div_unsign_9nh:divider|alt_u_div_6af:divider|add_sub_26_result_int[27]~52 ; 81      ;
; bin32_to_7seg:inst13|lpm_divide:Mod2|lpm_divide_kcm:auto_generated|sign_div_unsign_9nh:divider|alt_u_div_6af:divider|add_sub_26_result_int[27]~52 ; 81      ;
; bin32_to_7seg:inst13|lpm_divide:Mod1|lpm_divide_kcm:auto_generated|sign_div_unsign_9nh:divider|alt_u_div_6af:divider|add_sub_26_result_int[27]~52 ; 81      ;
; PC:inst|end_atual[3]                                                                                                                              ; 80      ;
; PC:inst|end_atual[2]                                                                                                                              ; 80      ;
; bin32_to_7seg:inst13|lpm_divide:Mod0|lpm_divide_kcm:auto_generated|sign_div_unsign_9nh:divider|alt_u_div_6af:divider|add_sub_26_result_int[27]~52 ; 80      ;
; PC:inst|end_atual[4]                                                                                                                              ; 79      ;
; bin32_to_7seg:inst13|lpm_divide:Mod7|lpm_divide_kcm:auto_generated|sign_div_unsign_9nh:divider|alt_u_div_6af:divider|add_sub_25_result_int[26]~50 ; 78      ;
; bin32_to_7seg:inst13|lpm_divide:Mod6|lpm_divide_kcm:auto_generated|sign_div_unsign_9nh:divider|alt_u_div_6af:divider|add_sub_25_result_int[26]~50 ; 78      ;
; bin32_to_7seg:inst13|lpm_divide:Mod5|lpm_divide_kcm:auto_generated|sign_div_unsign_9nh:divider|alt_u_div_6af:divider|add_sub_25_result_int[26]~50 ; 78      ;
; bin32_to_7seg:inst13|lpm_divide:Mod4|lpm_divide_kcm:auto_generated|sign_div_unsign_9nh:divider|alt_u_div_6af:divider|add_sub_25_result_int[26]~50 ; 78      ;
; bin32_to_7seg:inst13|lpm_divide:Mod3|lpm_divide_kcm:auto_generated|sign_div_unsign_9nh:divider|alt_u_div_6af:divider|add_sub_25_result_int[26]~50 ; 78      ;
; bin32_to_7seg:inst13|lpm_divide:Mod2|lpm_divide_kcm:auto_generated|sign_div_unsign_9nh:divider|alt_u_div_6af:divider|add_sub_25_result_int[26]~50 ; 78      ;
; bin32_to_7seg:inst13|lpm_divide:Mod1|lpm_divide_kcm:auto_generated|sign_div_unsign_9nh:divider|alt_u_div_6af:divider|add_sub_25_result_int[26]~50 ; 78      ;
; bin32_to_7seg:inst13|lpm_divide:Mod0|lpm_divide_kcm:auto_generated|sign_div_unsign_9nh:divider|alt_u_div_6af:divider|add_sub_25_result_int[26]~50 ; 77      ;
; bin32_to_7seg:inst13|lpm_divide:Mod6|lpm_divide_kcm:auto_generated|sign_div_unsign_9nh:divider|alt_u_div_6af:divider|add_sub_24_result_int[25]~48 ; 75      ;
; bin32_to_7seg:inst13|lpm_divide:Mod5|lpm_divide_kcm:auto_generated|sign_div_unsign_9nh:divider|alt_u_div_6af:divider|add_sub_24_result_int[25]~48 ; 75      ;
; bin32_to_7seg:inst13|lpm_divide:Mod4|lpm_divide_kcm:auto_generated|sign_div_unsign_9nh:divider|alt_u_div_6af:divider|add_sub_24_result_int[25]~48 ; 75      ;
; bin32_to_7seg:inst13|lpm_divide:Mod3|lpm_divide_kcm:auto_generated|sign_div_unsign_9nh:divider|alt_u_div_6af:divider|add_sub_24_result_int[25]~48 ; 75      ;
; bin32_to_7seg:inst13|lpm_divide:Mod2|lpm_divide_kcm:auto_generated|sign_div_unsign_9nh:divider|alt_u_div_6af:divider|add_sub_24_result_int[25]~48 ; 75      ;
; bin32_to_7seg:inst13|lpm_divide:Mod1|lpm_divide_kcm:auto_generated|sign_div_unsign_9nh:divider|alt_u_div_6af:divider|add_sub_24_result_int[25]~48 ; 75      ;
; bin32_to_7seg:inst13|lpm_divide:Mod0|lpm_divide_kcm:auto_generated|sign_div_unsign_9nh:divider|alt_u_div_6af:divider|add_sub_24_result_int[25]~48 ; 74      ;
; bin32_to_7seg:inst13|lpm_divide:Mod6|lpm_divide_kcm:auto_generated|sign_div_unsign_9nh:divider|alt_u_div_6af:divider|add_sub_23_result_int[24]~46 ; 72      ;
; bin32_to_7seg:inst13|lpm_divide:Mod5|lpm_divide_kcm:auto_generated|sign_div_unsign_9nh:divider|alt_u_div_6af:divider|add_sub_23_result_int[24]~46 ; 72      ;
; bin32_to_7seg:inst13|lpm_divide:Mod4|lpm_divide_kcm:auto_generated|sign_div_unsign_9nh:divider|alt_u_div_6af:divider|add_sub_23_result_int[24]~46 ; 72      ;
; bin32_to_7seg:inst13|lpm_divide:Mod3|lpm_divide_kcm:auto_generated|sign_div_unsign_9nh:divider|alt_u_div_6af:divider|add_sub_23_result_int[24]~46 ; 72      ;
; bin32_to_7seg:inst13|lpm_divide:Mod2|lpm_divide_kcm:auto_generated|sign_div_unsign_9nh:divider|alt_u_div_6af:divider|add_sub_23_result_int[24]~46 ; 72      ;
; bin32_to_7seg:inst13|lpm_divide:Mod1|lpm_divide_kcm:auto_generated|sign_div_unsign_9nh:divider|alt_u_div_6af:divider|add_sub_23_result_int[24]~46 ; 72      ;
; bin32_to_7seg:inst13|lpm_divide:Mod0|lpm_divide_kcm:auto_generated|sign_div_unsign_9nh:divider|alt_u_div_6af:divider|add_sub_23_result_int[24]~46 ; 71      ;
; bin32_to_7seg:inst13|lpm_divide:Mod6|lpm_divide_kcm:auto_generated|sign_div_unsign_9nh:divider|alt_u_div_6af:divider|add_sub_22_result_int[23]~44 ; 69      ;
; bin32_to_7seg:inst13|lpm_divide:Mod5|lpm_divide_kcm:auto_generated|sign_div_unsign_9nh:divider|alt_u_div_6af:divider|add_sub_22_result_int[23]~44 ; 69      ;
; bin32_to_7seg:inst13|lpm_divide:Mod4|lpm_divide_kcm:auto_generated|sign_div_unsign_9nh:divider|alt_u_div_6af:divider|add_sub_22_result_int[23]~44 ; 69      ;
; bin32_to_7seg:inst13|lpm_divide:Mod3|lpm_divide_kcm:auto_generated|sign_div_unsign_9nh:divider|alt_u_div_6af:divider|add_sub_22_result_int[23]~44 ; 69      ;
; bin32_to_7seg:inst13|lpm_divide:Mod2|lpm_divide_kcm:auto_generated|sign_div_unsign_9nh:divider|alt_u_div_6af:divider|add_sub_22_result_int[23]~44 ; 69      ;
; bin32_to_7seg:inst13|lpm_divide:Mod1|lpm_divide_kcm:auto_generated|sign_div_unsign_9nh:divider|alt_u_div_6af:divider|add_sub_22_result_int[23]~44 ; 69      ;
; bin32_to_7seg:inst13|lpm_divide:Mod0|lpm_divide_kcm:auto_generated|sign_div_unsign_9nh:divider|alt_u_div_6af:divider|add_sub_22_result_int[23]~44 ; 68      ;
; INST_MEM:inst29|Mux15~0                                                                                                                           ; 66      ;
; bin32_to_7seg:inst13|lpm_divide:Mod5|lpm_divide_kcm:auto_generated|sign_div_unsign_9nh:divider|alt_u_div_6af:divider|add_sub_21_result_int[22]~42 ; 66      ;
; bin32_to_7seg:inst13|lpm_divide:Mod4|lpm_divide_kcm:auto_generated|sign_div_unsign_9nh:divider|alt_u_div_6af:divider|add_sub_21_result_int[22]~42 ; 66      ;
; bin32_to_7seg:inst13|lpm_divide:Mod3|lpm_divide_kcm:auto_generated|sign_div_unsign_9nh:divider|alt_u_div_6af:divider|add_sub_21_result_int[22]~42 ; 66      ;
; bin32_to_7seg:inst13|lpm_divide:Mod2|lpm_divide_kcm:auto_generated|sign_div_unsign_9nh:divider|alt_u_div_6af:divider|add_sub_21_result_int[22]~42 ; 66      ;
; bin32_to_7seg:inst13|lpm_divide:Mod1|lpm_divide_kcm:auto_generated|sign_div_unsign_9nh:divider|alt_u_div_6af:divider|add_sub_21_result_int[22]~42 ; 66      ;
; bin32_to_7seg:inst13|lpm_divide:Mod0|lpm_divide_kcm:auto_generated|sign_div_unsign_9nh:divider|alt_u_div_6af:divider|add_sub_21_result_int[22]~42 ; 65      ;
; bin32_to_7seg:inst13|lpm_divide:Mod5|lpm_divide_kcm:auto_generated|sign_div_unsign_9nh:divider|alt_u_div_6af:divider|add_sub_20_result_int[21]~40 ; 63      ;
; bin32_to_7seg:inst13|lpm_divide:Mod4|lpm_divide_kcm:auto_generated|sign_div_unsign_9nh:divider|alt_u_div_6af:divider|add_sub_20_result_int[21]~40 ; 63      ;
; bin32_to_7seg:inst13|lpm_divide:Mod3|lpm_divide_kcm:auto_generated|sign_div_unsign_9nh:divider|alt_u_div_6af:divider|add_sub_20_result_int[21]~40 ; 63      ;
; bin32_to_7seg:inst13|lpm_divide:Mod2|lpm_divide_kcm:auto_generated|sign_div_unsign_9nh:divider|alt_u_div_6af:divider|add_sub_20_result_int[21]~40 ; 63      ;
; bin32_to_7seg:inst13|lpm_divide:Mod1|lpm_divide_kcm:auto_generated|sign_div_unsign_9nh:divider|alt_u_div_6af:divider|add_sub_20_result_int[21]~40 ; 63      ;
; bin32_to_7seg:inst13|lpm_divide:Mod7|lpm_divide_kcm:auto_generated|sign_div_unsign_9nh:divider|alt_u_div_6af:divider|add_sub_30_result_int[31]~60 ; 62      ;
; bin32_to_7seg:inst13|lpm_divide:Mod6|lpm_divide_kcm:auto_generated|sign_div_unsign_9nh:divider|alt_u_div_6af:divider|add_sub_30_result_int[31]~60 ; 62      ;
; bin32_to_7seg:inst13|lpm_divide:Mod5|lpm_divide_kcm:auto_generated|sign_div_unsign_9nh:divider|alt_u_div_6af:divider|add_sub_30_result_int[31]~60 ; 62      ;
; bin32_to_7seg:inst13|lpm_divide:Mod4|lpm_divide_kcm:auto_generated|sign_div_unsign_9nh:divider|alt_u_div_6af:divider|add_sub_30_result_int[31]~60 ; 62      ;
; bin32_to_7seg:inst13|lpm_divide:Mod3|lpm_divide_kcm:auto_generated|sign_div_unsign_9nh:divider|alt_u_div_6af:divider|add_sub_30_result_int[31]~60 ; 62      ;
; bin32_to_7seg:inst13|lpm_divide:Mod2|lpm_divide_kcm:auto_generated|sign_div_unsign_9nh:divider|alt_u_div_6af:divider|add_sub_30_result_int[31]~60 ; 62      ;
; bin32_to_7seg:inst13|lpm_divide:Mod1|lpm_divide_kcm:auto_generated|sign_div_unsign_9nh:divider|alt_u_div_6af:divider|add_sub_30_result_int[31]~60 ; 62      ;
; bin32_to_7seg:inst13|lpm_divide:Mod0|lpm_divide_kcm:auto_generated|sign_div_unsign_9nh:divider|alt_u_div_6af:divider|add_sub_30_result_int[31]~60 ; 62      ;
; bin32_to_7seg:inst13|lpm_divide:Mod0|lpm_divide_kcm:auto_generated|sign_div_unsign_9nh:divider|alt_u_div_6af:divider|add_sub_20_result_int[21]~40 ; 62      ;
; bin32_to_7seg:inst13|lpm_divide:Mod5|lpm_divide_kcm:auto_generated|sign_div_unsign_9nh:divider|alt_u_div_6af:divider|add_sub_19_result_int[20]~38 ; 60      ;
; bin32_to_7seg:inst13|lpm_divide:Mod4|lpm_divide_kcm:auto_generated|sign_div_unsign_9nh:divider|alt_u_div_6af:divider|add_sub_19_result_int[20]~38 ; 60      ;
; bin32_to_7seg:inst13|lpm_divide:Mod3|lpm_divide_kcm:auto_generated|sign_div_unsign_9nh:divider|alt_u_div_6af:divider|add_sub_19_result_int[20]~38 ; 60      ;
; bin32_to_7seg:inst13|lpm_divide:Mod2|lpm_divide_kcm:auto_generated|sign_div_unsign_9nh:divider|alt_u_div_6af:divider|add_sub_19_result_int[20]~38 ; 60      ;
; bin32_to_7seg:inst13|lpm_divide:Mod1|lpm_divide_kcm:auto_generated|sign_div_unsign_9nh:divider|alt_u_div_6af:divider|add_sub_19_result_int[20]~38 ; 60      ;
; bin32_to_7seg:inst13|lpm_divide:Mod0|lpm_divide_kcm:auto_generated|sign_div_unsign_9nh:divider|alt_u_div_6af:divider|add_sub_19_result_int[20]~38 ; 59      ;
; bin32_to_7seg:inst13|lpm_divide:Mod4|lpm_divide_kcm:auto_generated|sign_div_unsign_9nh:divider|alt_u_div_6af:divider|add_sub_18_result_int[19]~36 ; 57      ;
; bin32_to_7seg:inst13|lpm_divide:Mod3|lpm_divide_kcm:auto_generated|sign_div_unsign_9nh:divider|alt_u_div_6af:divider|add_sub_18_result_int[19]~36 ; 57      ;
; bin32_to_7seg:inst13|lpm_divide:Mod2|lpm_divide_kcm:auto_generated|sign_div_unsign_9nh:divider|alt_u_div_6af:divider|add_sub_18_result_int[19]~36 ; 57      ;
; bin32_to_7seg:inst13|lpm_divide:Mod1|lpm_divide_kcm:auto_generated|sign_div_unsign_9nh:divider|alt_u_div_6af:divider|add_sub_18_result_int[19]~36 ; 57      ;
; bin32_to_7seg:inst13|lpm_divide:Mod0|lpm_divide_kcm:auto_generated|sign_div_unsign_9nh:divider|alt_u_div_6af:divider|add_sub_18_result_int[19]~36 ; 56      ;
; bin32_to_7seg:inst13|lpm_divide:Mod7|lpm_divide_kcm:auto_generated|sign_div_unsign_9nh:divider|alt_u_div_6af:divider|add_sub_24_result_int[25]~48 ; 54      ;
; bin32_to_7seg:inst13|lpm_divide:Mod4|lpm_divide_kcm:auto_generated|sign_div_unsign_9nh:divider|alt_u_div_6af:divider|add_sub_17_result_int[18]~34 ; 54      ;
; bin32_to_7seg:inst13|lpm_divide:Mod3|lpm_divide_kcm:auto_generated|sign_div_unsign_9nh:divider|alt_u_div_6af:divider|add_sub_17_result_int[18]~34 ; 54      ;
; bin32_to_7seg:inst13|lpm_divide:Mod2|lpm_divide_kcm:auto_generated|sign_div_unsign_9nh:divider|alt_u_div_6af:divider|add_sub_17_result_int[18]~34 ; 54      ;
; bin32_to_7seg:inst13|lpm_divide:Mod1|lpm_divide_kcm:auto_generated|sign_div_unsign_9nh:divider|alt_u_div_6af:divider|add_sub_17_result_int[18]~34 ; 54      ;
; bin32_to_7seg:inst13|lpm_divide:Mod0|lpm_divide_kcm:auto_generated|sign_div_unsign_9nh:divider|alt_u_div_6af:divider|add_sub_17_result_int[18]~34 ; 53      ;
; bin32_to_7seg:inst13|lpm_divide:Mod4|lpm_divide_kcm:auto_generated|sign_div_unsign_9nh:divider|alt_u_div_6af:divider|add_sub_16_result_int[17]~32 ; 51      ;
; bin32_to_7seg:inst13|lpm_divide:Mod3|lpm_divide_kcm:auto_generated|sign_div_unsign_9nh:divider|alt_u_div_6af:divider|add_sub_16_result_int[17]~32 ; 51      ;
; bin32_to_7seg:inst13|lpm_divide:Mod2|lpm_divide_kcm:auto_generated|sign_div_unsign_9nh:divider|alt_u_div_6af:divider|add_sub_16_result_int[17]~32 ; 51      ;
; bin32_to_7seg:inst13|lpm_divide:Mod1|lpm_divide_kcm:auto_generated|sign_div_unsign_9nh:divider|alt_u_div_6af:divider|add_sub_16_result_int[17]~32 ; 51      ;
; bin32_to_7seg:inst13|lpm_divide:Mod0|lpm_divide_kcm:auto_generated|sign_div_unsign_9nh:divider|alt_u_div_6af:divider|add_sub_16_result_int[17]~32 ; 50      ;
; bin32_to_7seg:inst13|lpm_divide:Mod6|lpm_divide_kcm:auto_generated|sign_div_unsign_9nh:divider|alt_u_div_6af:divider|add_sub_21_result_int[22]~42 ; 48      ;
; bin32_to_7seg:inst13|lpm_divide:Mod3|lpm_divide_kcm:auto_generated|sign_div_unsign_9nh:divider|alt_u_div_6af:divider|add_sub_15_result_int[16]~30 ; 48      ;
; bin32_to_7seg:inst13|lpm_divide:Mod2|lpm_divide_kcm:auto_generated|sign_div_unsign_9nh:divider|alt_u_div_6af:divider|add_sub_15_result_int[16]~30 ; 48      ;
; bin32_to_7seg:inst13|lpm_divide:Mod1|lpm_divide_kcm:auto_generated|sign_div_unsign_9nh:divider|alt_u_div_6af:divider|add_sub_15_result_int[16]~30 ; 48      ;
; bin32_to_7seg:inst13|lpm_divide:Mod0|lpm_divide_kcm:auto_generated|sign_div_unsign_9nh:divider|alt_u_div_6af:divider|add_sub_15_result_int[16]~30 ; 47      ;
; INST_MEM:inst29|Mux26~0                                                                                                                           ; 45      ;
; bin32_to_7seg:inst13|lpm_divide:Mod3|lpm_divide_kcm:auto_generated|sign_div_unsign_9nh:divider|alt_u_div_6af:divider|add_sub_14_result_int[15]~28 ; 45      ;
; bin32_to_7seg:inst13|lpm_divide:Mod2|lpm_divide_kcm:auto_generated|sign_div_unsign_9nh:divider|alt_u_div_6af:divider|add_sub_14_result_int[15]~28 ; 45      ;
; bin32_to_7seg:inst13|lpm_divide:Mod1|lpm_divide_kcm:auto_generated|sign_div_unsign_9nh:divider|alt_u_div_6af:divider|add_sub_14_result_int[15]~28 ; 45      ;
; bin32_to_7seg:inst13|lpm_divide:Mod0|lpm_divide_kcm:auto_generated|sign_div_unsign_9nh:divider|alt_u_div_6af:divider|add_sub_14_result_int[15]~28 ; 44      ;
; bin32_to_7seg:inst13|lpm_divide:Mod5|lpm_divide_kcm:auto_generated|sign_div_unsign_9nh:divider|alt_u_div_6af:divider|add_sub_18_result_int[19]~36 ; 42      ;
; bin32_to_7seg:inst13|lpm_divide:Mod3|lpm_divide_kcm:auto_generated|sign_div_unsign_9nh:divider|alt_u_div_6af:divider|add_sub_13_result_int[14]~26 ; 42      ;
; bin32_to_7seg:inst13|lpm_divide:Mod2|lpm_divide_kcm:auto_generated|sign_div_unsign_9nh:divider|alt_u_div_6af:divider|add_sub_13_result_int[14]~26 ; 42      ;
; bin32_to_7seg:inst13|lpm_divide:Mod1|lpm_divide_kcm:auto_generated|sign_div_unsign_9nh:divider|alt_u_div_6af:divider|add_sub_13_result_int[14]~26 ; 42      ;
; bin32_to_7seg:inst13|lpm_divide:Mod0|lpm_divide_kcm:auto_generated|sign_div_unsign_9nh:divider|alt_u_div_6af:divider|add_sub_13_result_int[14]~26 ; 41      ;
; bin32_to_7seg:inst13|lpm_divide:Mod2|lpm_divide_kcm:auto_generated|sign_div_unsign_9nh:divider|alt_u_div_6af:divider|add_sub_12_result_int[13]~24 ; 39      ;
; bin32_to_7seg:inst13|lpm_divide:Mod1|lpm_divide_kcm:auto_generated|sign_div_unsign_9nh:divider|alt_u_div_6af:divider|add_sub_12_result_int[13]~24 ; 39      ;
; bin32_to_7seg:inst13|lpm_divide:Mod0|lpm_divide_kcm:auto_generated|sign_div_unsign_9nh:divider|alt_u_div_6af:divider|add_sub_12_result_int[13]~24 ; 38      ;
; bin32_to_7seg:inst13|lpm_divide:Mod4|lpm_divide_kcm:auto_generated|sign_div_unsign_9nh:divider|alt_u_div_6af:divider|add_sub_15_result_int[16]~30 ; 36      ;
; bin32_to_7seg:inst13|lpm_divide:Mod2|lpm_divide_kcm:auto_generated|sign_div_unsign_9nh:divider|alt_u_div_6af:divider|add_sub_11_result_int[12]~22 ; 36      ;
; bin32_to_7seg:inst13|lpm_divide:Mod1|lpm_divide_kcm:auto_generated|sign_div_unsign_9nh:divider|alt_u_div_6af:divider|add_sub_11_result_int[12]~22 ; 36      ;
; INST_MEM:inst29|Mux6~0                                                                                                                            ; 35      ;
; bin32_to_7seg:inst13|lpm_divide:Mod0|lpm_divide_kcm:auto_generated|sign_div_unsign_9nh:divider|alt_u_div_6af:divider|add_sub_11_result_int[12]~22 ; 35      ;
; INST_MEM:inst29|Mux14~0                                                                                                                           ; 34      ;
; bin32_to_7seg:inst13|lpm_divide:Mod2|lpm_divide_kcm:auto_generated|sign_div_unsign_9nh:divider|alt_u_div_6af:divider|add_sub_10_result_int[11]~20 ; 33      ;
; bin32_to_7seg:inst13|lpm_divide:Mod1|lpm_divide_kcm:auto_generated|sign_div_unsign_9nh:divider|alt_u_div_6af:divider|add_sub_10_result_int[11]~20 ; 33      ;
; REG_FILE:inst2|registers~1226                                                                                                                     ; 32      ;
; REG_FILE:inst2|registers~1225                                                                                                                     ; 32      ;
; REG_FILE:inst2|registers~1224                                                                                                                     ; 32      ;
; REG_FILE:inst2|registers~1223                                                                                                                     ; 32      ;
; bin32_to_7seg:inst13|lpm_divide:Mod0|lpm_divide_kcm:auto_generated|sign_div_unsign_9nh:divider|alt_u_div_6af:divider|add_sub_10_result_int[11]~20 ; 32      ;
; bin32_to_7seg:inst13|lpm_divide:Mod3|lpm_divide_kcm:auto_generated|sign_div_unsign_9nh:divider|alt_u_div_6af:divider|add_sub_12_result_int[13]~24 ; 30      ;
; bin32_to_7seg:inst13|lpm_divide:Mod1|lpm_divide_kcm:auto_generated|sign_div_unsign_9nh:divider|alt_u_div_6af:divider|add_sub_9_result_int[10]~18  ; 30      ;
; bin32_to_7seg:inst13|lpm_divide:Mod0|lpm_divide_kcm:auto_generated|sign_div_unsign_9nh:divider|alt_u_div_6af:divider|add_sub_9_result_int[10]~18  ; 29      ;
; bin32_to_7seg:inst13|lpm_divide:Mod1|lpm_divide_kcm:auto_generated|sign_div_unsign_9nh:divider|alt_u_div_6af:divider|add_sub_8_result_int[9]~16   ; 27      ;
; bin32_to_7seg:inst13|lpm_divide:Mod0|lpm_divide_kcm:auto_generated|sign_div_unsign_9nh:divider|alt_u_div_6af:divider|add_sub_8_result_int[9]~16   ; 26      ;
; PC:inst|end_atual[24]                                                                                                                             ; 24      ;
; bin32_to_7seg:inst13|lpm_divide:Mod2|lpm_divide_kcm:auto_generated|sign_div_unsign_9nh:divider|alt_u_div_6af:divider|add_sub_9_result_int[10]~18  ; 24      ;
; bin32_to_7seg:inst13|lpm_divide:Mod1|lpm_divide_kcm:auto_generated|sign_div_unsign_9nh:divider|alt_u_div_6af:divider|add_sub_7_result_int[8]~14   ; 24      ;
; bin32_to_7seg:inst13|lpm_divide:Mod0|lpm_divide_kcm:auto_generated|sign_div_unsign_9nh:divider|alt_u_div_6af:divider|add_sub_7_result_int[8]~14   ; 23      ;
; bin32_to_7seg:inst13|lpm_divide:Mod0|lpm_divide_kcm:auto_generated|sign_div_unsign_9nh:divider|alt_u_div_6af:divider|add_sub_6_result_int[7]~12   ; 20      ;
; bin32_to_7seg:inst13|lpm_divide:Mod1|lpm_divide_kcm:auto_generated|sign_div_unsign_9nh:divider|alt_u_div_6af:divider|add_sub_6_result_int[7]~12   ; 18      ;
; bin32_to_7seg:inst13|lpm_divide:Div5|lpm_divide_0jm:auto_generated|sign_div_unsign_olh:divider|alt_u_div_47f:divider|add_sub_29_result_int[5]~8   ; 17      ;
; bin32_to_7seg:inst13|lpm_divide:Div5|lpm_divide_0jm:auto_generated|sign_div_unsign_olh:divider|alt_u_div_47f:divider|add_sub_28_result_int[5]~8   ; 17      ;
; bin32_to_7seg:inst13|lpm_divide:Div5|lpm_divide_0jm:auto_generated|sign_div_unsign_olh:divider|alt_u_div_47f:divider|add_sub_27_result_int[5]~8   ; 17      ;
; bin32_to_7seg:inst13|lpm_divide:Div5|lpm_divide_0jm:auto_generated|sign_div_unsign_olh:divider|alt_u_div_47f:divider|add_sub_26_result_int[5]~8   ; 17      ;
; bin32_to_7seg:inst13|lpm_divide:Div5|lpm_divide_0jm:auto_generated|sign_div_unsign_olh:divider|alt_u_div_47f:divider|add_sub_25_result_int[5]~8   ; 17      ;
; bin32_to_7seg:inst13|lpm_divide:Div5|lpm_divide_0jm:auto_generated|sign_div_unsign_olh:divider|alt_u_div_47f:divider|add_sub_24_result_int[5]~8   ; 17      ;
; bin32_to_7seg:inst13|lpm_divide:Div5|lpm_divide_0jm:auto_generated|sign_div_unsign_olh:divider|alt_u_div_47f:divider|add_sub_23_result_int[5]~8   ; 17      ;
; bin32_to_7seg:inst13|lpm_divide:Div5|lpm_divide_0jm:auto_generated|sign_div_unsign_olh:divider|alt_u_div_47f:divider|add_sub_22_result_int[5]~8   ; 17      ;
; bin32_to_7seg:inst13|lpm_divide:Div5|lpm_divide_0jm:auto_generated|sign_div_unsign_olh:divider|alt_u_div_47f:divider|add_sub_21_result_int[5]~8   ; 17      ;
; bin32_to_7seg:inst13|lpm_divide:Div5|lpm_divide_0jm:auto_generated|sign_div_unsign_olh:divider|alt_u_div_47f:divider|add_sub_20_result_int[5]~8   ; 17      ;
; bin32_to_7seg:inst13|lpm_divide:Div5|lpm_divide_0jm:auto_generated|sign_div_unsign_olh:divider|alt_u_div_47f:divider|add_sub_19_result_int[5]~8   ; 17      ;
; bin32_to_7seg:inst13|lpm_divide:Div4|lpm_divide_0jm:auto_generated|sign_div_unsign_olh:divider|alt_u_div_47f:divider|add_sub_29_result_int[5]~8   ; 17      ;
; bin32_to_7seg:inst13|lpm_divide:Div4|lpm_divide_0jm:auto_generated|sign_div_unsign_olh:divider|alt_u_div_47f:divider|add_sub_28_result_int[5]~8   ; 17      ;
; bin32_to_7seg:inst13|lpm_divide:Div4|lpm_divide_0jm:auto_generated|sign_div_unsign_olh:divider|alt_u_div_47f:divider|add_sub_27_result_int[5]~8   ; 17      ;
; bin32_to_7seg:inst13|lpm_divide:Div4|lpm_divide_0jm:auto_generated|sign_div_unsign_olh:divider|alt_u_div_47f:divider|add_sub_26_result_int[5]~8   ; 17      ;
; bin32_to_7seg:inst13|lpm_divide:Div4|lpm_divide_0jm:auto_generated|sign_div_unsign_olh:divider|alt_u_div_47f:divider|add_sub_25_result_int[5]~8   ; 17      ;
; bin32_to_7seg:inst13|lpm_divide:Div4|lpm_divide_0jm:auto_generated|sign_div_unsign_olh:divider|alt_u_div_47f:divider|add_sub_24_result_int[5]~8   ; 17      ;
; bin32_to_7seg:inst13|lpm_divide:Div4|lpm_divide_0jm:auto_generated|sign_div_unsign_olh:divider|alt_u_div_47f:divider|add_sub_23_result_int[5]~8   ; 17      ;
; bin32_to_7seg:inst13|lpm_divide:Div4|lpm_divide_0jm:auto_generated|sign_div_unsign_olh:divider|alt_u_div_47f:divider|add_sub_22_result_int[5]~8   ; 17      ;
; bin32_to_7seg:inst13|lpm_divide:Div4|lpm_divide_0jm:auto_generated|sign_div_unsign_olh:divider|alt_u_div_47f:divider|add_sub_21_result_int[5]~8   ; 17      ;
; bin32_to_7seg:inst13|lpm_divide:Div4|lpm_divide_0jm:auto_generated|sign_div_unsign_olh:divider|alt_u_div_47f:divider|add_sub_20_result_int[5]~8   ; 17      ;
; bin32_to_7seg:inst13|lpm_divide:Div4|lpm_divide_0jm:auto_generated|sign_div_unsign_olh:divider|alt_u_div_47f:divider|add_sub_19_result_int[5]~8   ; 17      ;
; bin32_to_7seg:inst13|lpm_divide:Div4|lpm_divide_0jm:auto_generated|sign_div_unsign_olh:divider|alt_u_div_47f:divider|add_sub_18_result_int[5]~8   ; 17      ;
; bin32_to_7seg:inst13|lpm_divide:Div4|lpm_divide_0jm:auto_generated|sign_div_unsign_olh:divider|alt_u_div_47f:divider|add_sub_17_result_int[5]~8   ; 17      ;
; bin32_to_7seg:inst13|lpm_divide:Div4|lpm_divide_0jm:auto_generated|sign_div_unsign_olh:divider|alt_u_div_47f:divider|add_sub_16_result_int[5]~8   ; 17      ;
; bin32_to_7seg:inst13|lpm_divide:Div3|lpm_divide_0jm:auto_generated|sign_div_unsign_olh:divider|alt_u_div_47f:divider|add_sub_29_result_int[5]~8   ; 17      ;
; bin32_to_7seg:inst13|lpm_divide:Div3|lpm_divide_0jm:auto_generated|sign_div_unsign_olh:divider|alt_u_div_47f:divider|add_sub_28_result_int[5]~8   ; 17      ;
; bin32_to_7seg:inst13|lpm_divide:Div3|lpm_divide_0jm:auto_generated|sign_div_unsign_olh:divider|alt_u_div_47f:divider|add_sub_27_result_int[5]~8   ; 17      ;
; bin32_to_7seg:inst13|lpm_divide:Div3|lpm_divide_0jm:auto_generated|sign_div_unsign_olh:divider|alt_u_div_47f:divider|add_sub_26_result_int[5]~8   ; 17      ;
; bin32_to_7seg:inst13|lpm_divide:Div3|lpm_divide_0jm:auto_generated|sign_div_unsign_olh:divider|alt_u_div_47f:divider|add_sub_25_result_int[5]~8   ; 17      ;
; bin32_to_7seg:inst13|lpm_divide:Div3|lpm_divide_0jm:auto_generated|sign_div_unsign_olh:divider|alt_u_div_47f:divider|add_sub_24_result_int[5]~8   ; 17      ;
; bin32_to_7seg:inst13|lpm_divide:Div3|lpm_divide_0jm:auto_generated|sign_div_unsign_olh:divider|alt_u_div_47f:divider|add_sub_23_result_int[5]~8   ; 17      ;
; bin32_to_7seg:inst13|lpm_divide:Div3|lpm_divide_0jm:auto_generated|sign_div_unsign_olh:divider|alt_u_div_47f:divider|add_sub_22_result_int[5]~8   ; 17      ;
; bin32_to_7seg:inst13|lpm_divide:Div3|lpm_divide_0jm:auto_generated|sign_div_unsign_olh:divider|alt_u_div_47f:divider|add_sub_21_result_int[5]~8   ; 17      ;
; bin32_to_7seg:inst13|lpm_divide:Div3|lpm_divide_0jm:auto_generated|sign_div_unsign_olh:divider|alt_u_div_47f:divider|add_sub_20_result_int[5]~8   ; 17      ;
; bin32_to_7seg:inst13|lpm_divide:Div3|lpm_divide_0jm:auto_generated|sign_div_unsign_olh:divider|alt_u_div_47f:divider|add_sub_19_result_int[5]~8   ; 17      ;
; bin32_to_7seg:inst13|lpm_divide:Div3|lpm_divide_0jm:auto_generated|sign_div_unsign_olh:divider|alt_u_div_47f:divider|add_sub_18_result_int[5]~8   ; 17      ;
; bin32_to_7seg:inst13|lpm_divide:Div3|lpm_divide_0jm:auto_generated|sign_div_unsign_olh:divider|alt_u_div_47f:divider|add_sub_17_result_int[5]~8   ; 17      ;
; bin32_to_7seg:inst13|lpm_divide:Div3|lpm_divide_0jm:auto_generated|sign_div_unsign_olh:divider|alt_u_div_47f:divider|add_sub_16_result_int[5]~8   ; 17      ;
; bin32_to_7seg:inst13|lpm_divide:Div3|lpm_divide_0jm:auto_generated|sign_div_unsign_olh:divider|alt_u_div_47f:divider|add_sub_15_result_int[5]~8   ; 17      ;
; bin32_to_7seg:inst13|lpm_divide:Div3|lpm_divide_0jm:auto_generated|sign_div_unsign_olh:divider|alt_u_div_47f:divider|add_sub_14_result_int[5]~8   ; 17      ;
; bin32_to_7seg:inst13|lpm_divide:Div3|lpm_divide_0jm:auto_generated|sign_div_unsign_olh:divider|alt_u_div_47f:divider|add_sub_13_result_int[5]~8   ; 17      ;
; bin32_to_7seg:inst13|lpm_divide:Div2|lpm_divide_0jm:auto_generated|sign_div_unsign_olh:divider|alt_u_div_47f:divider|add_sub_29_result_int[5]~8   ; 17      ;
; bin32_to_7seg:inst13|lpm_divide:Div2|lpm_divide_0jm:auto_generated|sign_div_unsign_olh:divider|alt_u_div_47f:divider|add_sub_28_result_int[5]~8   ; 17      ;
; bin32_to_7seg:inst13|lpm_divide:Div2|lpm_divide_0jm:auto_generated|sign_div_unsign_olh:divider|alt_u_div_47f:divider|add_sub_27_result_int[5]~8   ; 17      ;
; bin32_to_7seg:inst13|lpm_divide:Div2|lpm_divide_0jm:auto_generated|sign_div_unsign_olh:divider|alt_u_div_47f:divider|add_sub_26_result_int[5]~8   ; 17      ;
; bin32_to_7seg:inst13|lpm_divide:Div2|lpm_divide_0jm:auto_generated|sign_div_unsign_olh:divider|alt_u_div_47f:divider|add_sub_25_result_int[5]~8   ; 17      ;
; bin32_to_7seg:inst13|lpm_divide:Div2|lpm_divide_0jm:auto_generated|sign_div_unsign_olh:divider|alt_u_div_47f:divider|add_sub_24_result_int[5]~8   ; 17      ;
; bin32_to_7seg:inst13|lpm_divide:Div2|lpm_divide_0jm:auto_generated|sign_div_unsign_olh:divider|alt_u_div_47f:divider|add_sub_23_result_int[5]~8   ; 17      ;
; bin32_to_7seg:inst13|lpm_divide:Div2|lpm_divide_0jm:auto_generated|sign_div_unsign_olh:divider|alt_u_div_47f:divider|add_sub_22_result_int[5]~8   ; 17      ;
; bin32_to_7seg:inst13|lpm_divide:Div2|lpm_divide_0jm:auto_generated|sign_div_unsign_olh:divider|alt_u_div_47f:divider|add_sub_21_result_int[5]~8   ; 17      ;
; bin32_to_7seg:inst13|lpm_divide:Div2|lpm_divide_0jm:auto_generated|sign_div_unsign_olh:divider|alt_u_div_47f:divider|add_sub_20_result_int[5]~8   ; 17      ;
; bin32_to_7seg:inst13|lpm_divide:Div2|lpm_divide_0jm:auto_generated|sign_div_unsign_olh:divider|alt_u_div_47f:divider|add_sub_19_result_int[5]~8   ; 17      ;
; bin32_to_7seg:inst13|lpm_divide:Div2|lpm_divide_0jm:auto_generated|sign_div_unsign_olh:divider|alt_u_div_47f:divider|add_sub_18_result_int[5]~8   ; 17      ;
; bin32_to_7seg:inst13|lpm_divide:Div2|lpm_divide_0jm:auto_generated|sign_div_unsign_olh:divider|alt_u_div_47f:divider|add_sub_17_result_int[5]~8   ; 17      ;
; bin32_to_7seg:inst13|lpm_divide:Div2|lpm_divide_0jm:auto_generated|sign_div_unsign_olh:divider|alt_u_div_47f:divider|add_sub_16_result_int[5]~8   ; 17      ;
; bin32_to_7seg:inst13|lpm_divide:Div2|lpm_divide_0jm:auto_generated|sign_div_unsign_olh:divider|alt_u_div_47f:divider|add_sub_15_result_int[5]~8   ; 17      ;
; bin32_to_7seg:inst13|lpm_divide:Div2|lpm_divide_0jm:auto_generated|sign_div_unsign_olh:divider|alt_u_div_47f:divider|add_sub_14_result_int[5]~8   ; 17      ;
; bin32_to_7seg:inst13|lpm_divide:Div2|lpm_divide_0jm:auto_generated|sign_div_unsign_olh:divider|alt_u_div_47f:divider|add_sub_13_result_int[5]~8   ; 17      ;
; bin32_to_7seg:inst13|lpm_divide:Div2|lpm_divide_0jm:auto_generated|sign_div_unsign_olh:divider|alt_u_div_47f:divider|add_sub_12_result_int[5]~8   ; 17      ;
; bin32_to_7seg:inst13|lpm_divide:Div2|lpm_divide_0jm:auto_generated|sign_div_unsign_olh:divider|alt_u_div_47f:divider|add_sub_11_result_int[5]~8   ; 17      ;
; bin32_to_7seg:inst13|lpm_divide:Div2|lpm_divide_0jm:auto_generated|sign_div_unsign_olh:divider|alt_u_div_47f:divider|add_sub_10_result_int[5]~8   ; 17      ;
; bin32_to_7seg:inst13|lpm_divide:Div1|lpm_divide_0jm:auto_generated|sign_div_unsign_olh:divider|alt_u_div_47f:divider|add_sub_29_result_int[5]~8   ; 17      ;
; bin32_to_7seg:inst13|lpm_divide:Div1|lpm_divide_0jm:auto_generated|sign_div_unsign_olh:divider|alt_u_div_47f:divider|add_sub_28_result_int[5]~8   ; 17      ;
; bin32_to_7seg:inst13|lpm_divide:Div1|lpm_divide_0jm:auto_generated|sign_div_unsign_olh:divider|alt_u_div_47f:divider|add_sub_27_result_int[5]~8   ; 17      ;
; bin32_to_7seg:inst13|lpm_divide:Div1|lpm_divide_0jm:auto_generated|sign_div_unsign_olh:divider|alt_u_div_47f:divider|add_sub_26_result_int[5]~8   ; 17      ;
; bin32_to_7seg:inst13|lpm_divide:Div1|lpm_divide_0jm:auto_generated|sign_div_unsign_olh:divider|alt_u_div_47f:divider|add_sub_25_result_int[5]~8   ; 17      ;
; bin32_to_7seg:inst13|lpm_divide:Div1|lpm_divide_0jm:auto_generated|sign_div_unsign_olh:divider|alt_u_div_47f:divider|add_sub_24_result_int[5]~8   ; 17      ;
; bin32_to_7seg:inst13|lpm_divide:Div1|lpm_divide_0jm:auto_generated|sign_div_unsign_olh:divider|alt_u_div_47f:divider|add_sub_23_result_int[5]~8   ; 17      ;
; bin32_to_7seg:inst13|lpm_divide:Div1|lpm_divide_0jm:auto_generated|sign_div_unsign_olh:divider|alt_u_div_47f:divider|add_sub_22_result_int[5]~8   ; 17      ;
; bin32_to_7seg:inst13|lpm_divide:Div1|lpm_divide_0jm:auto_generated|sign_div_unsign_olh:divider|alt_u_div_47f:divider|add_sub_21_result_int[5]~8   ; 17      ;
; bin32_to_7seg:inst13|lpm_divide:Div1|lpm_divide_0jm:auto_generated|sign_div_unsign_olh:divider|alt_u_div_47f:divider|add_sub_20_result_int[5]~8   ; 17      ;
; bin32_to_7seg:inst13|lpm_divide:Div1|lpm_divide_0jm:auto_generated|sign_div_unsign_olh:divider|alt_u_div_47f:divider|add_sub_19_result_int[5]~8   ; 17      ;
; bin32_to_7seg:inst13|lpm_divide:Div1|lpm_divide_0jm:auto_generated|sign_div_unsign_olh:divider|alt_u_div_47f:divider|add_sub_18_result_int[5]~8   ; 17      ;
; bin32_to_7seg:inst13|lpm_divide:Div1|lpm_divide_0jm:auto_generated|sign_div_unsign_olh:divider|alt_u_div_47f:divider|add_sub_17_result_int[5]~8   ; 17      ;
; bin32_to_7seg:inst13|lpm_divide:Div1|lpm_divide_0jm:auto_generated|sign_div_unsign_olh:divider|alt_u_div_47f:divider|add_sub_16_result_int[5]~8   ; 17      ;
; bin32_to_7seg:inst13|lpm_divide:Div1|lpm_divide_0jm:auto_generated|sign_div_unsign_olh:divider|alt_u_div_47f:divider|add_sub_15_result_int[5]~8   ; 17      ;
; bin32_to_7seg:inst13|lpm_divide:Div1|lpm_divide_0jm:auto_generated|sign_div_unsign_olh:divider|alt_u_div_47f:divider|add_sub_14_result_int[5]~8   ; 17      ;
; bin32_to_7seg:inst13|lpm_divide:Div1|lpm_divide_0jm:auto_generated|sign_div_unsign_olh:divider|alt_u_div_47f:divider|add_sub_13_result_int[5]~8   ; 17      ;
; bin32_to_7seg:inst13|lpm_divide:Div1|lpm_divide_0jm:auto_generated|sign_div_unsign_olh:divider|alt_u_div_47f:divider|add_sub_12_result_int[5]~8   ; 17      ;
; bin32_to_7seg:inst13|lpm_divide:Div1|lpm_divide_0jm:auto_generated|sign_div_unsign_olh:divider|alt_u_div_47f:divider|add_sub_11_result_int[5]~8   ; 17      ;
; bin32_to_7seg:inst13|lpm_divide:Div1|lpm_divide_0jm:auto_generated|sign_div_unsign_olh:divider|alt_u_div_47f:divider|add_sub_10_result_int[5]~8   ; 17      ;
; bin32_to_7seg:inst13|lpm_divide:Div1|lpm_divide_0jm:auto_generated|sign_div_unsign_olh:divider|alt_u_div_47f:divider|add_sub_9_result_int[5]~8    ; 17      ;
; bin32_to_7seg:inst13|lpm_divide:Div1|lpm_divide_0jm:auto_generated|sign_div_unsign_olh:divider|alt_u_div_47f:divider|add_sub_8_result_int[5]~8    ; 17      ;
; bin32_to_7seg:inst13|lpm_divide:Div1|lpm_divide_0jm:auto_generated|sign_div_unsign_olh:divider|alt_u_div_47f:divider|add_sub_7_result_int[5]~8    ; 17      ;
; bin32_to_7seg:inst13|lpm_divide:Mod0|lpm_divide_kcm:auto_generated|sign_div_unsign_9nh:divider|alt_u_div_6af:divider|add_sub_5_result_int[6]~10   ; 17      ;
; bin32_to_7seg:inst13|lpm_divide:Div5|lpm_divide_0jm:auto_generated|sign_div_unsign_olh:divider|alt_u_div_47f:divider|add_sub_18_result_int[5]~8   ; 16      ;
; bin32_to_7seg:inst13|lpm_divide:Div4|lpm_divide_0jm:auto_generated|sign_div_unsign_olh:divider|alt_u_div_47f:divider|add_sub_15_result_int[5]~8   ; 16      ;
; bin32_to_7seg:inst13|lpm_divide:Div3|lpm_divide_0jm:auto_generated|sign_div_unsign_olh:divider|alt_u_div_47f:divider|add_sub_12_result_int[5]~8   ; 16      ;
; bin32_to_7seg:inst13|lpm_divide:Div2|lpm_divide_0jm:auto_generated|sign_div_unsign_olh:divider|alt_u_div_47f:divider|add_sub_9_result_int[5]~8    ; 16      ;
; bin32_to_7seg:inst13|lpm_divide:Div1|lpm_divide_0jm:auto_generated|sign_div_unsign_olh:divider|alt_u_div_47f:divider|add_sub_6_result_int[5]~8    ; 16      ;
; bin32_to_7seg:inst13|lpm_divide:Div0|lpm_divide_0jm:auto_generated|sign_div_unsign_olh:divider|alt_u_div_47f:divider|add_sub_29_result_int[5]~8   ; 16      ;
; bin32_to_7seg:inst13|lpm_divide:Div0|lpm_divide_0jm:auto_generated|sign_div_unsign_olh:divider|alt_u_div_47f:divider|add_sub_28_result_int[5]~8   ; 16      ;
; bin32_to_7seg:inst13|lpm_divide:Div0|lpm_divide_0jm:auto_generated|sign_div_unsign_olh:divider|alt_u_div_47f:divider|add_sub_27_result_int[5]~8   ; 16      ;
; bin32_to_7seg:inst13|lpm_divide:Div0|lpm_divide_0jm:auto_generated|sign_div_unsign_olh:divider|alt_u_div_47f:divider|add_sub_26_result_int[5]~8   ; 16      ;
; bin32_to_7seg:inst13|lpm_divide:Div0|lpm_divide_0jm:auto_generated|sign_div_unsign_olh:divider|alt_u_div_47f:divider|add_sub_25_result_int[5]~8   ; 16      ;
; bin32_to_7seg:inst13|lpm_divide:Div0|lpm_divide_0jm:auto_generated|sign_div_unsign_olh:divider|alt_u_div_47f:divider|add_sub_24_result_int[5]~8   ; 16      ;
; bin32_to_7seg:inst13|lpm_divide:Div0|lpm_divide_0jm:auto_generated|sign_div_unsign_olh:divider|alt_u_div_47f:divider|add_sub_23_result_int[5]~8   ; 16      ;
; bin32_to_7seg:inst13|lpm_divide:Div0|lpm_divide_0jm:auto_generated|sign_div_unsign_olh:divider|alt_u_div_47f:divider|add_sub_22_result_int[5]~8   ; 16      ;
; bin32_to_7seg:inst13|lpm_divide:Div0|lpm_divide_0jm:auto_generated|sign_div_unsign_olh:divider|alt_u_div_47f:divider|add_sub_21_result_int[5]~8   ; 16      ;
; bin32_to_7seg:inst13|lpm_divide:Div0|lpm_divide_0jm:auto_generated|sign_div_unsign_olh:divider|alt_u_div_47f:divider|add_sub_20_result_int[5]~8   ; 16      ;
; bin32_to_7seg:inst13|lpm_divide:Div0|lpm_divide_0jm:auto_generated|sign_div_unsign_olh:divider|alt_u_div_47f:divider|add_sub_19_result_int[5]~8   ; 16      ;
; bin32_to_7seg:inst13|lpm_divide:Div0|lpm_divide_0jm:auto_generated|sign_div_unsign_olh:divider|alt_u_div_47f:divider|add_sub_18_result_int[5]~8   ; 16      ;
; bin32_to_7seg:inst13|lpm_divide:Div0|lpm_divide_0jm:auto_generated|sign_div_unsign_olh:divider|alt_u_div_47f:divider|add_sub_17_result_int[5]~8   ; 16      ;
; bin32_to_7seg:inst13|lpm_divide:Div0|lpm_divide_0jm:auto_generated|sign_div_unsign_olh:divider|alt_u_div_47f:divider|add_sub_16_result_int[5]~8   ; 16      ;
; bin32_to_7seg:inst13|lpm_divide:Div0|lpm_divide_0jm:auto_generated|sign_div_unsign_olh:divider|alt_u_div_47f:divider|add_sub_15_result_int[5]~8   ; 16      ;
; bin32_to_7seg:inst13|lpm_divide:Div0|lpm_divide_0jm:auto_generated|sign_div_unsign_olh:divider|alt_u_div_47f:divider|add_sub_14_result_int[5]~8   ; 16      ;
; bin32_to_7seg:inst13|lpm_divide:Div0|lpm_divide_0jm:auto_generated|sign_div_unsign_olh:divider|alt_u_div_47f:divider|add_sub_13_result_int[5]~8   ; 16      ;
; bin32_to_7seg:inst13|lpm_divide:Div0|lpm_divide_0jm:auto_generated|sign_div_unsign_olh:divider|alt_u_div_47f:divider|add_sub_12_result_int[5]~8   ; 16      ;
; bin32_to_7seg:inst13|lpm_divide:Div0|lpm_divide_0jm:auto_generated|sign_div_unsign_olh:divider|alt_u_div_47f:divider|add_sub_11_result_int[5]~8   ; 16      ;
; bin32_to_7seg:inst13|lpm_divide:Div0|lpm_divide_0jm:auto_generated|sign_div_unsign_olh:divider|alt_u_div_47f:divider|add_sub_10_result_int[5]~8   ; 16      ;
; bin32_to_7seg:inst13|lpm_divide:Div0|lpm_divide_0jm:auto_generated|sign_div_unsign_olh:divider|alt_u_div_47f:divider|add_sub_9_result_int[5]~8    ; 16      ;
; bin32_to_7seg:inst13|lpm_divide:Div0|lpm_divide_0jm:auto_generated|sign_div_unsign_olh:divider|alt_u_div_47f:divider|add_sub_8_result_int[5]~8    ; 16      ;
; bin32_to_7seg:inst13|lpm_divide:Div0|lpm_divide_0jm:auto_generated|sign_div_unsign_olh:divider|alt_u_div_47f:divider|add_sub_7_result_int[5]~8    ; 16      ;
; bin32_to_7seg:inst13|lpm_divide:Div0|lpm_divide_0jm:auto_generated|sign_div_unsign_olh:divider|alt_u_div_47f:divider|add_sub_6_result_int[5]~8    ; 16      ;
; bin32_to_7seg:inst13|lpm_divide:Div0|lpm_divide_0jm:auto_generated|sign_div_unsign_olh:divider|alt_u_div_47f:divider|add_sub_5_result_int[5]~8    ; 16      ;
; bin32_to_7seg:inst13|lpm_divide:Div0|lpm_divide_0jm:auto_generated|sign_div_unsign_olh:divider|alt_u_div_47f:divider|add_sub_4_result_int[5]~8    ; 16      ;
; bin32_to_7seg:inst13|lpm_divide:Div0|lpm_divide_0jm:auto_generated|sign_div_unsign_olh:divider|alt_u_div_47f:divider|add_sub_3_result_int[4]~6    ; 15      ;
; bin32_to_7seg:inst13|lpm_divide:Div6|lpm_divide_0jm:auto_generated|sign_div_unsign_olh:divider|alt_u_div_47f:divider|add_sub_29_result_int[5]~8   ; 14      ;
; bin32_to_7seg:inst13|lpm_divide:Div6|lpm_divide_0jm:auto_generated|sign_div_unsign_olh:divider|alt_u_div_47f:divider|add_sub_28_result_int[5]~8   ; 14      ;
; bin32_to_7seg:inst13|lpm_divide:Div6|lpm_divide_0jm:auto_generated|sign_div_unsign_olh:divider|alt_u_div_47f:divider|add_sub_27_result_int[5]~8   ; 14      ;
; bin32_to_7seg:inst13|lpm_divide:Div6|lpm_divide_0jm:auto_generated|sign_div_unsign_olh:divider|alt_u_div_47f:divider|add_sub_26_result_int[5]~8   ; 14      ;
; bin32_to_7seg:inst13|lpm_divide:Div6|lpm_divide_0jm:auto_generated|sign_div_unsign_olh:divider|alt_u_div_47f:divider|add_sub_25_result_int[5]~8   ; 14      ;
; bin32_to_7seg:inst13|lpm_divide:Div6|lpm_divide_0jm:auto_generated|sign_div_unsign_olh:divider|alt_u_div_47f:divider|add_sub_24_result_int[5]~8   ; 14      ;
; bin32_to_7seg:inst13|lpm_divide:Div6|lpm_divide_0jm:auto_generated|sign_div_unsign_olh:divider|alt_u_div_47f:divider|add_sub_23_result_int[5]~8   ; 14      ;
; bin32_to_7seg:inst13|lpm_divide:Div6|lpm_divide_0jm:auto_generated|sign_div_unsign_olh:divider|alt_u_div_47f:divider|add_sub_22_result_int[5]~8   ; 14      ;
; bin32_to_7seg:inst13|lpm_divide:Div6|lpm_divide_0jm:auto_generated|sign_div_unsign_olh:divider|alt_u_div_47f:divider|add_sub_21_result_int[5]~8   ; 14      ;
; bin32_to_7seg:inst13|lpm_divide:Mod0|lpm_divide_kcm:auto_generated|sign_div_unsign_9nh:divider|alt_u_div_6af:divider|add_sub_4_result_int[5]~8    ; 14      ;
; ULA:inst38|Add0~90                                                                                                                                ; 13      ;
; ULA:inst38|Add0~88                                                                                                                                ; 13      ;
; ULA:inst38|Add0~86                                                                                                                                ; 13      ;
; ULA:inst38|Add0~84                                                                                                                                ; 13      ;
; ULA:inst38|Add0~82                                                                                                                                ; 13      ;
; ULA:inst38|Add0~80                                                                                                                                ; 13      ;
; ULA:inst38|Add0~78                                                                                                                                ; 13      ;
; ULA:inst38|Add0~76                                                                                                                                ; 13      ;
; ULA:inst38|Add0~74                                                                                                                                ; 13      ;
; ULA:inst38|Add0~72                                                                                                                                ; 13      ;
; ULA:inst38|Add0~70                                                                                                                                ; 13      ;
; ULA:inst38|Add0~68                                                                                                                                ; 13      ;
; ULA:inst38|Add0~66                                                                                                                                ; 13      ;
; ULA:inst38|Add0~64                                                                                                                                ; 13      ;
; ULA:inst38|Add0~62                                                                                                                                ; 13      ;
; ULA:inst38|Add0~60                                                                                                                                ; 13      ;
; ULA:inst38|Add0~58                                                                                                                                ; 13      ;
; ULA:inst38|Add0~56                                                                                                                                ; 13      ;
; ULA:inst38|Add0~54                                                                                                                                ; 13      ;
; ULA:inst38|Add0~52                                                                                                                                ; 13      ;
; ULA:inst38|Add0~50                                                                                                                                ; 13      ;
; ULA:inst38|Add0~48                                                                                                                                ; 13      ;
; ULA:inst38|Add0~46                                                                                                                                ; 13      ;
; ULA:inst38|Add0~44                                                                                                                                ; 13      ;
; ULA:inst38|Add0~42                                                                                                                                ; 13      ;
; ULA:inst38|Add0~40                                                                                                                                ; 13      ;
; bin32_to_7seg:inst13|lpm_divide:Div5|lpm_divide_0jm:auto_generated|sign_div_unsign_olh:divider|alt_u_div_47f:divider|add_sub_30_result_int[5]~8   ; 12      ;
; bin32_to_7seg:inst13|lpm_divide:Div4|lpm_divide_0jm:auto_generated|sign_div_unsign_olh:divider|alt_u_div_47f:divider|add_sub_30_result_int[5]~8   ; 12      ;
; bin32_to_7seg:inst13|lpm_divide:Div3|lpm_divide_0jm:auto_generated|sign_div_unsign_olh:divider|alt_u_div_47f:divider|add_sub_30_result_int[5]~8   ; 12      ;
; bin32_to_7seg:inst13|lpm_divide:Div2|lpm_divide_0jm:auto_generated|sign_div_unsign_olh:divider|alt_u_div_47f:divider|add_sub_30_result_int[5]~8   ; 12      ;
; bin32_to_7seg:inst13|lpm_divide:Div1|lpm_divide_0jm:auto_generated|sign_div_unsign_olh:divider|alt_u_div_47f:divider|add_sub_30_result_int[5]~8   ; 12      ;
; bin32_to_7seg:inst13|lpm_divide:Div0|lpm_divide_0jm:auto_generated|sign_div_unsign_olh:divider|alt_u_div_47f:divider|add_sub_30_result_int[5]~8   ; 12      ;
; ULA:inst38|Add0~34                                                                                                                                ; 12      ;
; bin32_to_7seg:inst13|lpm_divide:Mod0|lpm_divide_kcm:auto_generated|sign_div_unsign_9nh:divider|alt_u_div_6af:divider|add_sub_3_result_int[4]~6    ; 11      ;
; ULA:inst38|Add0~94                                                                                                                                ; 11      ;
; ULA:inst38|Add0~92                                                                                                                                ; 11      ;
; ULA:inst38|Add0~38                                                                                                                                ; 11      ;
; bin32_to_7seg:inst13|lpm_divide:Div6|lpm_divide_0jm:auto_generated|sign_div_unsign_olh:divider|alt_u_div_47f:divider|add_sub_30_result_int[5]~8   ; 10      ;
; ULA:inst38|Add0~96                                                                                                                                ; 10      ;
; ULA:inst38|Add0~36                                                                                                                                ; 10      ;
; bin32_to_7seg:inst13|lpm_divide:Mod7|lpm_divide_kcm:auto_generated|sign_div_unsign_9nh:divider|alt_u_div_6af:divider|StageOut[995]~593            ; 7       ;
; bin32_to_7seg:inst13|lpm_divide:Mod7|lpm_divide_kcm:auto_generated|sign_div_unsign_9nh:divider|alt_u_div_6af:divider|StageOut[994]~592            ; 7       ;
; bin32_to_7seg:inst13|lpm_divide:Mod7|lpm_divide_kcm:auto_generated|sign_div_unsign_9nh:divider|alt_u_div_6af:divider|StageOut[993]~591            ; 7       ;
; bin32_to_7seg:inst13|lpm_divide:Mod7|lpm_divide_kcm:auto_generated|sign_div_unsign_9nh:divider|alt_u_div_6af:divider|StageOut[992]~590            ; 7       ;
; bin32_to_7seg:inst13|lpm_divide:Mod6|lpm_divide_kcm:auto_generated|sign_div_unsign_9nh:divider|alt_u_div_6af:divider|StageOut[995]~821            ; 7       ;
; bin32_to_7seg:inst13|lpm_divide:Mod6|lpm_divide_kcm:auto_generated|sign_div_unsign_9nh:divider|alt_u_div_6af:divider|StageOut[994]~820            ; 7       ;
; bin32_to_7seg:inst13|lpm_divide:Mod6|lpm_divide_kcm:auto_generated|sign_div_unsign_9nh:divider|alt_u_div_6af:divider|StageOut[993]~819            ; 7       ;
; bin32_to_7seg:inst13|lpm_divide:Mod6|lpm_divide_kcm:auto_generated|sign_div_unsign_9nh:divider|alt_u_div_6af:divider|StageOut[992]~818            ; 7       ;
; bin32_to_7seg:inst13|lpm_divide:Mod5|lpm_divide_kcm:auto_generated|sign_div_unsign_9nh:divider|alt_u_div_6af:divider|StageOut[995]~1022           ; 7       ;
; bin32_to_7seg:inst13|lpm_divide:Mod5|lpm_divide_kcm:auto_generated|sign_div_unsign_9nh:divider|alt_u_div_6af:divider|StageOut[994]~1021           ; 7       ;
; bin32_to_7seg:inst13|lpm_divide:Mod5|lpm_divide_kcm:auto_generated|sign_div_unsign_9nh:divider|alt_u_div_6af:divider|StageOut[993]~1020           ; 7       ;
; bin32_to_7seg:inst13|lpm_divide:Mod5|lpm_divide_kcm:auto_generated|sign_div_unsign_9nh:divider|alt_u_div_6af:divider|StageOut[992]~1019           ; 7       ;
; bin32_to_7seg:inst13|lpm_divide:Mod4|lpm_divide_kcm:auto_generated|sign_div_unsign_9nh:divider|alt_u_div_6af:divider|StageOut[995]~1196           ; 7       ;
; bin32_to_7seg:inst13|lpm_divide:Mod4|lpm_divide_kcm:auto_generated|sign_div_unsign_9nh:divider|alt_u_div_6af:divider|StageOut[994]~1195           ; 7       ;
; bin32_to_7seg:inst13|lpm_divide:Mod4|lpm_divide_kcm:auto_generated|sign_div_unsign_9nh:divider|alt_u_div_6af:divider|StageOut[993]~1194           ; 7       ;
; bin32_to_7seg:inst13|lpm_divide:Mod4|lpm_divide_kcm:auto_generated|sign_div_unsign_9nh:divider|alt_u_div_6af:divider|StageOut[992]~1193           ; 7       ;
; bin32_to_7seg:inst13|lpm_divide:Mod3|lpm_divide_kcm:auto_generated|sign_div_unsign_9nh:divider|alt_u_div_6af:divider|StageOut[995]~1343           ; 7       ;
; bin32_to_7seg:inst13|lpm_divide:Mod3|lpm_divide_kcm:auto_generated|sign_div_unsign_9nh:divider|alt_u_div_6af:divider|StageOut[994]~1342           ; 7       ;
; bin32_to_7seg:inst13|lpm_divide:Mod3|lpm_divide_kcm:auto_generated|sign_div_unsign_9nh:divider|alt_u_div_6af:divider|StageOut[993]~1341           ; 7       ;
; bin32_to_7seg:inst13|lpm_divide:Mod3|lpm_divide_kcm:auto_generated|sign_div_unsign_9nh:divider|alt_u_div_6af:divider|StageOut[992]~1340           ; 7       ;
; bin32_to_7seg:inst13|lpm_divide:Mod2|lpm_divide_kcm:auto_generated|sign_div_unsign_9nh:divider|alt_u_div_6af:divider|StageOut[995]~1463           ; 7       ;
; bin32_to_7seg:inst13|lpm_divide:Mod2|lpm_divide_kcm:auto_generated|sign_div_unsign_9nh:divider|alt_u_div_6af:divider|StageOut[994]~1462           ; 7       ;
; bin32_to_7seg:inst13|lpm_divide:Mod2|lpm_divide_kcm:auto_generated|sign_div_unsign_9nh:divider|alt_u_div_6af:divider|StageOut[993]~1461           ; 7       ;
; bin32_to_7seg:inst13|lpm_divide:Mod2|lpm_divide_kcm:auto_generated|sign_div_unsign_9nh:divider|alt_u_div_6af:divider|StageOut[992]~1460           ; 7       ;
; bin32_to_7seg:inst13|lpm_divide:Mod1|lpm_divide_kcm:auto_generated|sign_div_unsign_9nh:divider|alt_u_div_6af:divider|StageOut[995]~1556           ; 7       ;
; bin32_to_7seg:inst13|lpm_divide:Mod1|lpm_divide_kcm:auto_generated|sign_div_unsign_9nh:divider|alt_u_div_6af:divider|StageOut[994]~1555           ; 7       ;
; bin32_to_7seg:inst13|lpm_divide:Mod1|lpm_divide_kcm:auto_generated|sign_div_unsign_9nh:divider|alt_u_div_6af:divider|StageOut[993]~1554           ; 7       ;
; bin32_to_7seg:inst13|lpm_divide:Mod1|lpm_divide_kcm:auto_generated|sign_div_unsign_9nh:divider|alt_u_div_6af:divider|StageOut[992]~1553           ; 7       ;
; bin32_to_7seg:inst13|lpm_divide:Mod0|lpm_divide_kcm:auto_generated|sign_div_unsign_9nh:divider|alt_u_div_6af:divider|StageOut[995]~1588           ; 7       ;
; bin32_to_7seg:inst13|lpm_divide:Mod0|lpm_divide_kcm:auto_generated|sign_div_unsign_9nh:divider|alt_u_div_6af:divider|StageOut[994]~1587           ; 7       ;
; bin32_to_7seg:inst13|lpm_divide:Mod0|lpm_divide_kcm:auto_generated|sign_div_unsign_9nh:divider|alt_u_div_6af:divider|StageOut[993]~1586           ; 7       ;
; PC:inst|end_atual[18]                                                                                                                             ; 4       ;
; PC:inst|end_atual[19]                                                                                                                             ; 4       ;
; PC:inst|end_atual[22]                                                                                                                             ; 4       ;
; PC:inst|end_atual[27]                                                                                                                             ; 4       ;
; bin32_to_7seg:inst13|lpm_divide:Mod7|lpm_divide_kcm:auto_generated|sign_div_unsign_9nh:divider|alt_u_div_6af:divider|add_sub_31_result_int[32]~64 ; 4       ;
; bin32_to_7seg:inst13|lpm_divide:Mod6|lpm_divide_kcm:auto_generated|sign_div_unsign_9nh:divider|alt_u_div_6af:divider|add_sub_31_result_int[32]~64 ; 4       ;
; bin32_to_7seg:inst13|lpm_divide:Mod5|lpm_divide_kcm:auto_generated|sign_div_unsign_9nh:divider|alt_u_div_6af:divider|add_sub_31_result_int[32]~64 ; 4       ;
; bin32_to_7seg:inst13|lpm_divide:Mod4|lpm_divide_kcm:auto_generated|sign_div_unsign_9nh:divider|alt_u_div_6af:divider|add_sub_31_result_int[32]~64 ; 4       ;
; bin32_to_7seg:inst13|lpm_divide:Mod3|lpm_divide_kcm:auto_generated|sign_div_unsign_9nh:divider|alt_u_div_6af:divider|add_sub_31_result_int[32]~64 ; 4       ;
; bin32_to_7seg:inst13|lpm_divide:Mod2|lpm_divide_kcm:auto_generated|sign_div_unsign_9nh:divider|alt_u_div_6af:divider|add_sub_31_result_int[32]~64 ; 4       ;
; bin32_to_7seg:inst13|lpm_divide:Mod1|lpm_divide_kcm:auto_generated|sign_div_unsign_9nh:divider|alt_u_div_6af:divider|add_sub_31_result_int[32]~64 ; 4       ;
; INST_MEM:inst29|Mux31~0                                                                                                                           ; 3       ;
; REG_FILE:inst2|registers~1221                                                                                                                     ; 3       ;
; INST_MEM:inst29|Mux29~0                                                                                                                           ; 3       ;
; INST_MEM:inst29|Mux4~0                                                                                                                            ; 3       ;
; PC4:inst31|Add0~6                                                                                                                                 ; 3       ;
; PC4:inst31|Add0~4                                                                                                                                 ; 3       ;
; PC4:inst31|Add0~2                                                                                                                                 ; 3       ;
; PC4:inst31|Add0~0                                                                                                                                 ; 3       ;
; bin32_to_7seg:inst13|lpm_divide:Mod0|lpm_divide_kcm:auto_generated|sign_div_unsign_9nh:divider|alt_u_div_6af:divider|add_sub_31_result_int[32]~62 ; 3       ;
; bin32_to_7seg:inst13|lpm_divide:Mod7|lpm_divide_kcm:auto_generated|sign_div_unsign_9nh:divider|alt_u_div_6af:divider|StageOut[961]~758            ; 2       ;
; bin32_to_7seg:inst13|lpm_divide:Mod7|lpm_divide_kcm:auto_generated|sign_div_unsign_9nh:divider|alt_u_div_6af:divider|StageOut[929]~757            ; 2       ;
; bin32_to_7seg:inst13|lpm_divide:Mod7|lpm_divide_kcm:auto_generated|sign_div_unsign_9nh:divider|alt_u_div_6af:divider|StageOut[897]~756            ; 2       ;
; bin32_to_7seg:inst13|lpm_divide:Mod7|lpm_divide_kcm:auto_generated|sign_div_unsign_9nh:divider|alt_u_div_6af:divider|StageOut[865]~755            ; 2       ;
; bin32_to_7seg:inst13|lpm_divide:Mod7|lpm_divide_kcm:auto_generated|sign_div_unsign_9nh:divider|alt_u_div_6af:divider|StageOut[833]~754            ; 2       ;
; bin32_to_7seg:inst13|lpm_divide:Mod7|lpm_divide_kcm:auto_generated|sign_div_unsign_9nh:divider|alt_u_div_6af:divider|StageOut[801]~753            ; 2       ;
; bin32_to_7seg:inst13|lpm_divide:Mod7|lpm_divide_kcm:auto_generated|sign_div_unsign_9nh:divider|alt_u_div_6af:divider|StageOut[802]~752            ; 2       ;
; bin32_to_7seg:inst13|lpm_divide:Mod7|lpm_divide_kcm:auto_generated|sign_div_unsign_9nh:divider|alt_u_div_6af:divider|StageOut[803]~751            ; 2       ;
; bin32_to_7seg:inst13|lpm_divide:Mod7|lpm_divide_kcm:auto_generated|sign_div_unsign_9nh:divider|alt_u_div_6af:divider|StageOut[804]~750            ; 2       ;
; bin32_to_7seg:inst13|lpm_divide:Div6|lpm_divide_0jm:auto_generated|sign_div_unsign_olh:divider|alt_u_div_47f:divider|StageOut[146]~198            ; 2       ;
; bin32_to_7seg:inst13|lpm_divide:Div6|lpm_divide_0jm:auto_generated|sign_div_unsign_olh:divider|alt_u_div_47f:divider|StageOut[141]~197            ; 2       ;
; bin32_to_7seg:inst13|lpm_divide:Div6|lpm_divide_0jm:auto_generated|sign_div_unsign_olh:divider|alt_u_div_47f:divider|StageOut[136]~196            ; 2       ;
; bin32_to_7seg:inst13|lpm_divide:Div6|lpm_divide_0jm:auto_generated|sign_div_unsign_olh:divider|alt_u_div_47f:divider|StageOut[131]~195            ; 2       ;
; bin32_to_7seg:inst13|lpm_divide:Div6|lpm_divide_0jm:auto_generated|sign_div_unsign_olh:divider|alt_u_div_47f:divider|StageOut[126]~194            ; 2       ;
; bin32_to_7seg:inst13|lpm_divide:Div6|lpm_divide_0jm:auto_generated|sign_div_unsign_olh:divider|alt_u_div_47f:divider|StageOut[121]~193            ; 2       ;
; bin32_to_7seg:inst13|lpm_divide:Div6|lpm_divide_0jm:auto_generated|sign_div_unsign_olh:divider|alt_u_div_47f:divider|StageOut[116]~192            ; 2       ;
; bin32_to_7seg:inst13|lpm_divide:Div6|lpm_divide_0jm:auto_generated|sign_div_unsign_olh:divider|alt_u_div_47f:divider|StageOut[111]~191            ; 2       ;
; bin32_to_7seg:inst13|lpm_divide:Div6|lpm_divide_0jm:auto_generated|sign_div_unsign_olh:divider|alt_u_div_47f:divider|StageOut[112]~190            ; 2       ;
; bin32_to_7seg:inst13|lpm_divide:Mod6|lpm_divide_kcm:auto_generated|sign_div_unsign_9nh:divider|alt_u_div_6af:divider|StageOut[961]~1055           ; 2       ;
; bin32_to_7seg:inst13|lpm_divide:Mod6|lpm_divide_kcm:auto_generated|sign_div_unsign_9nh:divider|alt_u_div_6af:divider|StageOut[929]~1054           ; 2       ;
; bin32_to_7seg:inst13|lpm_divide:Mod6|lpm_divide_kcm:auto_generated|sign_div_unsign_9nh:divider|alt_u_div_6af:divider|StageOut[897]~1053           ; 2       ;
; bin32_to_7seg:inst13|lpm_divide:Mod6|lpm_divide_kcm:auto_generated|sign_div_unsign_9nh:divider|alt_u_div_6af:divider|StageOut[865]~1052           ; 2       ;
; bin32_to_7seg:inst13|lpm_divide:Mod6|lpm_divide_kcm:auto_generated|sign_div_unsign_9nh:divider|alt_u_div_6af:divider|StageOut[833]~1051           ; 2       ;
; bin32_to_7seg:inst13|lpm_divide:Mod6|lpm_divide_kcm:auto_generated|sign_div_unsign_9nh:divider|alt_u_div_6af:divider|StageOut[801]~1050           ; 2       ;
; bin32_to_7seg:inst13|lpm_divide:Mod6|lpm_divide_kcm:auto_generated|sign_div_unsign_9nh:divider|alt_u_div_6af:divider|StageOut[769]~1049           ; 2       ;
; bin32_to_7seg:inst13|lpm_divide:Mod6|lpm_divide_kcm:auto_generated|sign_div_unsign_9nh:divider|alt_u_div_6af:divider|StageOut[737]~1048           ; 2       ;
; bin32_to_7seg:inst13|lpm_divide:Mod6|lpm_divide_kcm:auto_generated|sign_div_unsign_9nh:divider|alt_u_div_6af:divider|StageOut[705]~1047           ; 2       ;
; bin32_to_7seg:inst13|lpm_divide:Mod6|lpm_divide_kcm:auto_generated|sign_div_unsign_9nh:divider|alt_u_div_6af:divider|StageOut[706]~1046           ; 2       ;
; bin32_to_7seg:inst13|lpm_divide:Mod6|lpm_divide_kcm:auto_generated|sign_div_unsign_9nh:divider|alt_u_div_6af:divider|StageOut[707]~1045           ; 2       ;
; bin32_to_7seg:inst13|lpm_divide:Mod6|lpm_divide_kcm:auto_generated|sign_div_unsign_9nh:divider|alt_u_div_6af:divider|StageOut[708]~1044           ; 2       ;
; bin32_to_7seg:inst13|lpm_divide:Div5|lpm_divide_0jm:auto_generated|sign_div_unsign_olh:divider|alt_u_div_47f:divider|StageOut[146]~258            ; 2       ;
; bin32_to_7seg:inst13|lpm_divide:Div5|lpm_divide_0jm:auto_generated|sign_div_unsign_olh:divider|alt_u_div_47f:divider|StageOut[141]~257            ; 2       ;
; bin32_to_7seg:inst13|lpm_divide:Div5|lpm_divide_0jm:auto_generated|sign_div_unsign_olh:divider|alt_u_div_47f:divider|StageOut[136]~256            ; 2       ;
; bin32_to_7seg:inst13|lpm_divide:Div5|lpm_divide_0jm:auto_generated|sign_div_unsign_olh:divider|alt_u_div_47f:divider|StageOut[131]~255            ; 2       ;
; bin32_to_7seg:inst13|lpm_divide:Div5|lpm_divide_0jm:auto_generated|sign_div_unsign_olh:divider|alt_u_div_47f:divider|StageOut[126]~254            ; 2       ;
; bin32_to_7seg:inst13|lpm_divide:Div5|lpm_divide_0jm:auto_generated|sign_div_unsign_olh:divider|alt_u_div_47f:divider|StageOut[121]~253            ; 2       ;
; bin32_to_7seg:inst13|lpm_divide:Div5|lpm_divide_0jm:auto_generated|sign_div_unsign_olh:divider|alt_u_div_47f:divider|StageOut[116]~252            ; 2       ;
; bin32_to_7seg:inst13|lpm_divide:Div5|lpm_divide_0jm:auto_generated|sign_div_unsign_olh:divider|alt_u_div_47f:divider|StageOut[111]~251            ; 2       ;
; bin32_to_7seg:inst13|lpm_divide:Div5|lpm_divide_0jm:auto_generated|sign_div_unsign_olh:divider|alt_u_div_47f:divider|StageOut[106]~250            ; 2       ;
; bin32_to_7seg:inst13|lpm_divide:Div5|lpm_divide_0jm:auto_generated|sign_div_unsign_olh:divider|alt_u_div_47f:divider|StageOut[101]~249            ; 2       ;
; bin32_to_7seg:inst13|lpm_divide:Div5|lpm_divide_0jm:auto_generated|sign_div_unsign_olh:divider|alt_u_div_47f:divider|StageOut[96]~248             ; 2       ;
; bin32_to_7seg:inst13|lpm_divide:Div5|lpm_divide_0jm:auto_generated|sign_div_unsign_olh:divider|alt_u_div_47f:divider|StageOut[97]~247             ; 2       ;
; bin32_to_7seg:inst13|lpm_divide:Mod5|lpm_divide_kcm:auto_generated|sign_div_unsign_9nh:divider|alt_u_div_6af:divider|StageOut[961]~1316           ; 2       ;
; bin32_to_7seg:inst13|lpm_divide:Mod5|lpm_divide_kcm:auto_generated|sign_div_unsign_9nh:divider|alt_u_div_6af:divider|StageOut[929]~1315           ; 2       ;
; bin32_to_7seg:inst13|lpm_divide:Mod5|lpm_divide_kcm:auto_generated|sign_div_unsign_9nh:divider|alt_u_div_6af:divider|StageOut[897]~1314           ; 2       ;
; bin32_to_7seg:inst13|lpm_divide:Mod5|lpm_divide_kcm:auto_generated|sign_div_unsign_9nh:divider|alt_u_div_6af:divider|StageOut[865]~1313           ; 2       ;
; bin32_to_7seg:inst13|lpm_divide:Mod5|lpm_divide_kcm:auto_generated|sign_div_unsign_9nh:divider|alt_u_div_6af:divider|StageOut[833]~1312           ; 2       ;
; bin32_to_7seg:inst13|lpm_divide:Mod5|lpm_divide_kcm:auto_generated|sign_div_unsign_9nh:divider|alt_u_div_6af:divider|StageOut[801]~1311           ; 2       ;
; bin32_to_7seg:inst13|lpm_divide:Mod5|lpm_divide_kcm:auto_generated|sign_div_unsign_9nh:divider|alt_u_div_6af:divider|StageOut[769]~1310           ; 2       ;
; bin32_to_7seg:inst13|lpm_divide:Mod5|lpm_divide_kcm:auto_generated|sign_div_unsign_9nh:divider|alt_u_div_6af:divider|StageOut[737]~1309           ; 2       ;
; bin32_to_7seg:inst13|lpm_divide:Mod5|lpm_divide_kcm:auto_generated|sign_div_unsign_9nh:divider|alt_u_div_6af:divider|StageOut[705]~1308           ; 2       ;
; bin32_to_7seg:inst13|lpm_divide:Mod5|lpm_divide_kcm:auto_generated|sign_div_unsign_9nh:divider|alt_u_div_6af:divider|StageOut[673]~1307           ; 2       ;
; bin32_to_7seg:inst13|lpm_divide:Mod5|lpm_divide_kcm:auto_generated|sign_div_unsign_9nh:divider|alt_u_div_6af:divider|StageOut[641]~1306           ; 2       ;
; bin32_to_7seg:inst13|lpm_divide:Mod5|lpm_divide_kcm:auto_generated|sign_div_unsign_9nh:divider|alt_u_div_6af:divider|StageOut[609]~1305           ; 2       ;
; bin32_to_7seg:inst13|lpm_divide:Mod5|lpm_divide_kcm:auto_generated|sign_div_unsign_9nh:divider|alt_u_div_6af:divider|StageOut[610]~1304           ; 2       ;
; bin32_to_7seg:inst13|lpm_divide:Mod5|lpm_divide_kcm:auto_generated|sign_div_unsign_9nh:divider|alt_u_div_6af:divider|StageOut[611]~1303           ; 2       ;
; bin32_to_7seg:inst13|lpm_divide:Mod5|lpm_divide_kcm:auto_generated|sign_div_unsign_9nh:divider|alt_u_div_6af:divider|StageOut[612]~1302           ; 2       ;
; bin32_to_7seg:inst13|lpm_divide:Div4|lpm_divide_0jm:auto_generated|sign_div_unsign_olh:divider|alt_u_div_47f:divider|StageOut[146]~318            ; 2       ;
; bin32_to_7seg:inst13|lpm_divide:Div4|lpm_divide_0jm:auto_generated|sign_div_unsign_olh:divider|alt_u_div_47f:divider|StageOut[141]~317            ; 2       ;
; bin32_to_7seg:inst13|lpm_divide:Div4|lpm_divide_0jm:auto_generated|sign_div_unsign_olh:divider|alt_u_div_47f:divider|StageOut[136]~316            ; 2       ;
; bin32_to_7seg:inst13|lpm_divide:Div4|lpm_divide_0jm:auto_generated|sign_div_unsign_olh:divider|alt_u_div_47f:divider|StageOut[131]~315            ; 2       ;
; bin32_to_7seg:inst13|lpm_divide:Div4|lpm_divide_0jm:auto_generated|sign_div_unsign_olh:divider|alt_u_div_47f:divider|StageOut[126]~314            ; 2       ;
; bin32_to_7seg:inst13|lpm_divide:Div4|lpm_divide_0jm:auto_generated|sign_div_unsign_olh:divider|alt_u_div_47f:divider|StageOut[121]~313            ; 2       ;
; bin32_to_7seg:inst13|lpm_divide:Div4|lpm_divide_0jm:auto_generated|sign_div_unsign_olh:divider|alt_u_div_47f:divider|StageOut[116]~312            ; 2       ;
; bin32_to_7seg:inst13|lpm_divide:Div4|lpm_divide_0jm:auto_generated|sign_div_unsign_olh:divider|alt_u_div_47f:divider|StageOut[111]~311            ; 2       ;
; bin32_to_7seg:inst13|lpm_divide:Div4|lpm_divide_0jm:auto_generated|sign_div_unsign_olh:divider|alt_u_div_47f:divider|StageOut[106]~310            ; 2       ;
; bin32_to_7seg:inst13|lpm_divide:Div4|lpm_divide_0jm:auto_generated|sign_div_unsign_olh:divider|alt_u_div_47f:divider|StageOut[101]~309            ; 2       ;
; bin32_to_7seg:inst13|lpm_divide:Div4|lpm_divide_0jm:auto_generated|sign_div_unsign_olh:divider|alt_u_div_47f:divider|StageOut[96]~308             ; 2       ;
; bin32_to_7seg:inst13|lpm_divide:Div4|lpm_divide_0jm:auto_generated|sign_div_unsign_olh:divider|alt_u_div_47f:divider|StageOut[91]~307             ; 2       ;
; bin32_to_7seg:inst13|lpm_divide:Div4|lpm_divide_0jm:auto_generated|sign_div_unsign_olh:divider|alt_u_div_47f:divider|StageOut[86]~306             ; 2       ;
; bin32_to_7seg:inst13|lpm_divide:Div4|lpm_divide_0jm:auto_generated|sign_div_unsign_olh:divider|alt_u_div_47f:divider|StageOut[81]~305             ; 2       ;
; bin32_to_7seg:inst13|lpm_divide:Div4|lpm_divide_0jm:auto_generated|sign_div_unsign_olh:divider|alt_u_div_47f:divider|StageOut[82]~304             ; 2       ;
; bin32_to_7seg:inst13|lpm_divide:Mod4|lpm_divide_kcm:auto_generated|sign_div_unsign_9nh:divider|alt_u_div_6af:divider|StageOut[961]~1541           ; 2       ;
; bin32_to_7seg:inst13|lpm_divide:Mod4|lpm_divide_kcm:auto_generated|sign_div_unsign_9nh:divider|alt_u_div_6af:divider|StageOut[929]~1540           ; 2       ;
; bin32_to_7seg:inst13|lpm_divide:Mod4|lpm_divide_kcm:auto_generated|sign_div_unsign_9nh:divider|alt_u_div_6af:divider|StageOut[897]~1539           ; 2       ;
; bin32_to_7seg:inst13|lpm_divide:Mod4|lpm_divide_kcm:auto_generated|sign_div_unsign_9nh:divider|alt_u_div_6af:divider|StageOut[865]~1538           ; 2       ;
; bin32_to_7seg:inst13|lpm_divide:Mod4|lpm_divide_kcm:auto_generated|sign_div_unsign_9nh:divider|alt_u_div_6af:divider|StageOut[833]~1537           ; 2       ;
; bin32_to_7seg:inst13|lpm_divide:Mod4|lpm_divide_kcm:auto_generated|sign_div_unsign_9nh:divider|alt_u_div_6af:divider|StageOut[801]~1536           ; 2       ;
; bin32_to_7seg:inst13|lpm_divide:Mod4|lpm_divide_kcm:auto_generated|sign_div_unsign_9nh:divider|alt_u_div_6af:divider|StageOut[769]~1535           ; 2       ;
; bin32_to_7seg:inst13|lpm_divide:Mod4|lpm_divide_kcm:auto_generated|sign_div_unsign_9nh:divider|alt_u_div_6af:divider|StageOut[737]~1534           ; 2       ;
; bin32_to_7seg:inst13|lpm_divide:Mod4|lpm_divide_kcm:auto_generated|sign_div_unsign_9nh:divider|alt_u_div_6af:divider|StageOut[705]~1533           ; 2       ;
; bin32_to_7seg:inst13|lpm_divide:Mod4|lpm_divide_kcm:auto_generated|sign_div_unsign_9nh:divider|alt_u_div_6af:divider|StageOut[673]~1532           ; 2       ;
; bin32_to_7seg:inst13|lpm_divide:Mod4|lpm_divide_kcm:auto_generated|sign_div_unsign_9nh:divider|alt_u_div_6af:divider|StageOut[641]~1531           ; 2       ;
; bin32_to_7seg:inst13|lpm_divide:Mod4|lpm_divide_kcm:auto_generated|sign_div_unsign_9nh:divider|alt_u_div_6af:divider|StageOut[609]~1530           ; 2       ;
; bin32_to_7seg:inst13|lpm_divide:Mod4|lpm_divide_kcm:auto_generated|sign_div_unsign_9nh:divider|alt_u_div_6af:divider|StageOut[577]~1529           ; 2       ;
; bin32_to_7seg:inst13|lpm_divide:Mod4|lpm_divide_kcm:auto_generated|sign_div_unsign_9nh:divider|alt_u_div_6af:divider|StageOut[545]~1528           ; 2       ;
; bin32_to_7seg:inst13|lpm_divide:Mod4|lpm_divide_kcm:auto_generated|sign_div_unsign_9nh:divider|alt_u_div_6af:divider|StageOut[513]~1527           ; 2       ;
; bin32_to_7seg:inst13|lpm_divide:Mod4|lpm_divide_kcm:auto_generated|sign_div_unsign_9nh:divider|alt_u_div_6af:divider|StageOut[514]~1526           ; 2       ;
; bin32_to_7seg:inst13|lpm_divide:Mod4|lpm_divide_kcm:auto_generated|sign_div_unsign_9nh:divider|alt_u_div_6af:divider|StageOut[515]~1525           ; 2       ;
; bin32_to_7seg:inst13|lpm_divide:Mod4|lpm_divide_kcm:auto_generated|sign_div_unsign_9nh:divider|alt_u_div_6af:divider|StageOut[516]~1524           ; 2       ;
; bin32_to_7seg:inst13|lpm_divide:Div3|lpm_divide_0jm:auto_generated|sign_div_unsign_olh:divider|alt_u_div_47f:divider|StageOut[146]~378            ; 2       ;
; bin32_to_7seg:inst13|lpm_divide:Div3|lpm_divide_0jm:auto_generated|sign_div_unsign_olh:divider|alt_u_div_47f:divider|StageOut[141]~377            ; 2       ;
; bin32_to_7seg:inst13|lpm_divide:Div3|lpm_divide_0jm:auto_generated|sign_div_unsign_olh:divider|alt_u_div_47f:divider|StageOut[136]~376            ; 2       ;
; bin32_to_7seg:inst13|lpm_divide:Div3|lpm_divide_0jm:auto_generated|sign_div_unsign_olh:divider|alt_u_div_47f:divider|StageOut[131]~375            ; 2       ;
; bin32_to_7seg:inst13|lpm_divide:Div3|lpm_divide_0jm:auto_generated|sign_div_unsign_olh:divider|alt_u_div_47f:divider|StageOut[126]~374            ; 2       ;
; bin32_to_7seg:inst13|lpm_divide:Div3|lpm_divide_0jm:auto_generated|sign_div_unsign_olh:divider|alt_u_div_47f:divider|StageOut[121]~373            ; 2       ;
; bin32_to_7seg:inst13|lpm_divide:Div3|lpm_divide_0jm:auto_generated|sign_div_unsign_olh:divider|alt_u_div_47f:divider|StageOut[116]~372            ; 2       ;
; bin32_to_7seg:inst13|lpm_divide:Div3|lpm_divide_0jm:auto_generated|sign_div_unsign_olh:divider|alt_u_div_47f:divider|StageOut[111]~371            ; 2       ;
; bin32_to_7seg:inst13|lpm_divide:Div3|lpm_divide_0jm:auto_generated|sign_div_unsign_olh:divider|alt_u_div_47f:divider|StageOut[106]~370            ; 2       ;
; bin32_to_7seg:inst13|lpm_divide:Div3|lpm_divide_0jm:auto_generated|sign_div_unsign_olh:divider|alt_u_div_47f:divider|StageOut[101]~369            ; 2       ;
; bin32_to_7seg:inst13|lpm_divide:Div3|lpm_divide_0jm:auto_generated|sign_div_unsign_olh:divider|alt_u_div_47f:divider|StageOut[96]~368             ; 2       ;
; bin32_to_7seg:inst13|lpm_divide:Div3|lpm_divide_0jm:auto_generated|sign_div_unsign_olh:divider|alt_u_div_47f:divider|StageOut[91]~367             ; 2       ;
; bin32_to_7seg:inst13|lpm_divide:Div3|lpm_divide_0jm:auto_generated|sign_div_unsign_olh:divider|alt_u_div_47f:divider|StageOut[86]~366             ; 2       ;
; bin32_to_7seg:inst13|lpm_divide:Div3|lpm_divide_0jm:auto_generated|sign_div_unsign_olh:divider|alt_u_div_47f:divider|StageOut[81]~365             ; 2       ;
; bin32_to_7seg:inst13|lpm_divide:Div3|lpm_divide_0jm:auto_generated|sign_div_unsign_olh:divider|alt_u_div_47f:divider|StageOut[76]~364             ; 2       ;
; bin32_to_7seg:inst13|lpm_divide:Div3|lpm_divide_0jm:auto_generated|sign_div_unsign_olh:divider|alt_u_div_47f:divider|StageOut[71]~363             ; 2       ;
; bin32_to_7seg:inst13|lpm_divide:Div3|lpm_divide_0jm:auto_generated|sign_div_unsign_olh:divider|alt_u_div_47f:divider|StageOut[66]~362             ; 2       ;
; bin32_to_7seg:inst13|lpm_divide:Div3|lpm_divide_0jm:auto_generated|sign_div_unsign_olh:divider|alt_u_div_47f:divider|StageOut[67]~361             ; 2       ;
; bin32_to_7seg:inst13|lpm_divide:Mod3|lpm_divide_kcm:auto_generated|sign_div_unsign_9nh:divider|alt_u_div_6af:divider|StageOut[961]~1730           ; 2       ;
; bin32_to_7seg:inst13|lpm_divide:Mod3|lpm_divide_kcm:auto_generated|sign_div_unsign_9nh:divider|alt_u_div_6af:divider|StageOut[929]~1729           ; 2       ;
; bin32_to_7seg:inst13|lpm_divide:Mod3|lpm_divide_kcm:auto_generated|sign_div_unsign_9nh:divider|alt_u_div_6af:divider|StageOut[897]~1728           ; 2       ;
; bin32_to_7seg:inst13|lpm_divide:Mod3|lpm_divide_kcm:auto_generated|sign_div_unsign_9nh:divider|alt_u_div_6af:divider|StageOut[865]~1727           ; 2       ;
; bin32_to_7seg:inst13|lpm_divide:Mod3|lpm_divide_kcm:auto_generated|sign_div_unsign_9nh:divider|alt_u_div_6af:divider|StageOut[833]~1726           ; 2       ;
; bin32_to_7seg:inst13|lpm_divide:Mod3|lpm_divide_kcm:auto_generated|sign_div_unsign_9nh:divider|alt_u_div_6af:divider|StageOut[801]~1725           ; 2       ;
; bin32_to_7seg:inst13|lpm_divide:Mod3|lpm_divide_kcm:auto_generated|sign_div_unsign_9nh:divider|alt_u_div_6af:divider|StageOut[769]~1724           ; 2       ;
; bin32_to_7seg:inst13|lpm_divide:Mod3|lpm_divide_kcm:auto_generated|sign_div_unsign_9nh:divider|alt_u_div_6af:divider|StageOut[737]~1723           ; 2       ;
; bin32_to_7seg:inst13|lpm_divide:Mod3|lpm_divide_kcm:auto_generated|sign_div_unsign_9nh:divider|alt_u_div_6af:divider|StageOut[705]~1722           ; 2       ;
; bin32_to_7seg:inst13|lpm_divide:Mod3|lpm_divide_kcm:auto_generated|sign_div_unsign_9nh:divider|alt_u_div_6af:divider|StageOut[673]~1721           ; 2       ;
; bin32_to_7seg:inst13|lpm_divide:Mod3|lpm_divide_kcm:auto_generated|sign_div_unsign_9nh:divider|alt_u_div_6af:divider|StageOut[641]~1720           ; 2       ;
; bin32_to_7seg:inst13|lpm_divide:Mod3|lpm_divide_kcm:auto_generated|sign_div_unsign_9nh:divider|alt_u_div_6af:divider|StageOut[609]~1719           ; 2       ;
; bin32_to_7seg:inst13|lpm_divide:Mod3|lpm_divide_kcm:auto_generated|sign_div_unsign_9nh:divider|alt_u_div_6af:divider|StageOut[577]~1718           ; 2       ;
; bin32_to_7seg:inst13|lpm_divide:Mod3|lpm_divide_kcm:auto_generated|sign_div_unsign_9nh:divider|alt_u_div_6af:divider|StageOut[545]~1717           ; 2       ;
; bin32_to_7seg:inst13|lpm_divide:Mod3|lpm_divide_kcm:auto_generated|sign_div_unsign_9nh:divider|alt_u_div_6af:divider|StageOut[513]~1716           ; 2       ;
; bin32_to_7seg:inst13|lpm_divide:Mod3|lpm_divide_kcm:auto_generated|sign_div_unsign_9nh:divider|alt_u_div_6af:divider|StageOut[481]~1715           ; 2       ;
; bin32_to_7seg:inst13|lpm_divide:Mod3|lpm_divide_kcm:auto_generated|sign_div_unsign_9nh:divider|alt_u_div_6af:divider|StageOut[449]~1714           ; 2       ;
; bin32_to_7seg:inst13|lpm_divide:Mod3|lpm_divide_kcm:auto_generated|sign_div_unsign_9nh:divider|alt_u_div_6af:divider|StageOut[417]~1713           ; 2       ;
; bin32_to_7seg:inst13|lpm_divide:Mod3|lpm_divide_kcm:auto_generated|sign_div_unsign_9nh:divider|alt_u_div_6af:divider|StageOut[418]~1712           ; 2       ;
; bin32_to_7seg:inst13|lpm_divide:Mod3|lpm_divide_kcm:auto_generated|sign_div_unsign_9nh:divider|alt_u_div_6af:divider|StageOut[419]~1711           ; 2       ;
; bin32_to_7seg:inst13|lpm_divide:Mod3|lpm_divide_kcm:auto_generated|sign_div_unsign_9nh:divider|alt_u_div_6af:divider|StageOut[420]~1710           ; 2       ;
; bin32_to_7seg:inst13|lpm_divide:Div2|lpm_divide_0jm:auto_generated|sign_div_unsign_olh:divider|alt_u_div_47f:divider|StageOut[146]~438            ; 2       ;
; bin32_to_7seg:inst13|lpm_divide:Div2|lpm_divide_0jm:auto_generated|sign_div_unsign_olh:divider|alt_u_div_47f:divider|StageOut[141]~437            ; 2       ;
; bin32_to_7seg:inst13|lpm_divide:Div2|lpm_divide_0jm:auto_generated|sign_div_unsign_olh:divider|alt_u_div_47f:divider|StageOut[136]~436            ; 2       ;
; bin32_to_7seg:inst13|lpm_divide:Div2|lpm_divide_0jm:auto_generated|sign_div_unsign_olh:divider|alt_u_div_47f:divider|StageOut[131]~435            ; 2       ;
; bin32_to_7seg:inst13|lpm_divide:Div2|lpm_divide_0jm:auto_generated|sign_div_unsign_olh:divider|alt_u_div_47f:divider|StageOut[126]~434            ; 2       ;
; bin32_to_7seg:inst13|lpm_divide:Div2|lpm_divide_0jm:auto_generated|sign_div_unsign_olh:divider|alt_u_div_47f:divider|StageOut[121]~433            ; 2       ;
; bin32_to_7seg:inst13|lpm_divide:Div2|lpm_divide_0jm:auto_generated|sign_div_unsign_olh:divider|alt_u_div_47f:divider|StageOut[116]~432            ; 2       ;
; bin32_to_7seg:inst13|lpm_divide:Div2|lpm_divide_0jm:auto_generated|sign_div_unsign_olh:divider|alt_u_div_47f:divider|StageOut[111]~431            ; 2       ;
; bin32_to_7seg:inst13|lpm_divide:Div2|lpm_divide_0jm:auto_generated|sign_div_unsign_olh:divider|alt_u_div_47f:divider|StageOut[106]~430            ; 2       ;
; bin32_to_7seg:inst13|lpm_divide:Div2|lpm_divide_0jm:auto_generated|sign_div_unsign_olh:divider|alt_u_div_47f:divider|StageOut[101]~429            ; 2       ;
; bin32_to_7seg:inst13|lpm_divide:Div2|lpm_divide_0jm:auto_generated|sign_div_unsign_olh:divider|alt_u_div_47f:divider|StageOut[96]~428             ; 2       ;
; bin32_to_7seg:inst13|lpm_divide:Div2|lpm_divide_0jm:auto_generated|sign_div_unsign_olh:divider|alt_u_div_47f:divider|StageOut[91]~427             ; 2       ;
; bin32_to_7seg:inst13|lpm_divide:Div2|lpm_divide_0jm:auto_generated|sign_div_unsign_olh:divider|alt_u_div_47f:divider|StageOut[86]~426             ; 2       ;
; bin32_to_7seg:inst13|lpm_divide:Div2|lpm_divide_0jm:auto_generated|sign_div_unsign_olh:divider|alt_u_div_47f:divider|StageOut[81]~425             ; 2       ;
; bin32_to_7seg:inst13|lpm_divide:Div2|lpm_divide_0jm:auto_generated|sign_div_unsign_olh:divider|alt_u_div_47f:divider|StageOut[76]~424             ; 2       ;
; bin32_to_7seg:inst13|lpm_divide:Div2|lpm_divide_0jm:auto_generated|sign_div_unsign_olh:divider|alt_u_div_47f:divider|StageOut[71]~423             ; 2       ;
; bin32_to_7seg:inst13|lpm_divide:Div2|lpm_divide_0jm:auto_generated|sign_div_unsign_olh:divider|alt_u_div_47f:divider|StageOut[66]~422             ; 2       ;
; bin32_to_7seg:inst13|lpm_divide:Div2|lpm_divide_0jm:auto_generated|sign_div_unsign_olh:divider|alt_u_div_47f:divider|StageOut[61]~421             ; 2       ;
; bin32_to_7seg:inst13|lpm_divide:Div2|lpm_divide_0jm:auto_generated|sign_div_unsign_olh:divider|alt_u_div_47f:divider|StageOut[56]~420             ; 2       ;
; bin32_to_7seg:inst13|lpm_divide:Div2|lpm_divide_0jm:auto_generated|sign_div_unsign_olh:divider|alt_u_div_47f:divider|StageOut[51]~419             ; 2       ;
; bin32_to_7seg:inst13|lpm_divide:Div2|lpm_divide_0jm:auto_generated|sign_div_unsign_olh:divider|alt_u_div_47f:divider|StageOut[52]~418             ; 2       ;
; bin32_to_7seg:inst13|lpm_divide:Mod2|lpm_divide_kcm:auto_generated|sign_div_unsign_9nh:divider|alt_u_div_6af:divider|StageOut[961]~1883           ; 2       ;
; bin32_to_7seg:inst13|lpm_divide:Mod2|lpm_divide_kcm:auto_generated|sign_div_unsign_9nh:divider|alt_u_div_6af:divider|StageOut[929]~1882           ; 2       ;
; bin32_to_7seg:inst13|lpm_divide:Mod2|lpm_divide_kcm:auto_generated|sign_div_unsign_9nh:divider|alt_u_div_6af:divider|StageOut[897]~1881           ; 2       ;
; bin32_to_7seg:inst13|lpm_divide:Mod2|lpm_divide_kcm:auto_generated|sign_div_unsign_9nh:divider|alt_u_div_6af:divider|StageOut[865]~1880           ; 2       ;
; bin32_to_7seg:inst13|lpm_divide:Mod2|lpm_divide_kcm:auto_generated|sign_div_unsign_9nh:divider|alt_u_div_6af:divider|StageOut[833]~1879           ; 2       ;
; bin32_to_7seg:inst13|lpm_divide:Mod2|lpm_divide_kcm:auto_generated|sign_div_unsign_9nh:divider|alt_u_div_6af:divider|StageOut[801]~1878           ; 2       ;
; bin32_to_7seg:inst13|lpm_divide:Mod2|lpm_divide_kcm:auto_generated|sign_div_unsign_9nh:divider|alt_u_div_6af:divider|StageOut[769]~1877           ; 2       ;
; bin32_to_7seg:inst13|lpm_divide:Mod2|lpm_divide_kcm:auto_generated|sign_div_unsign_9nh:divider|alt_u_div_6af:divider|StageOut[737]~1876           ; 2       ;
; bin32_to_7seg:inst13|lpm_divide:Mod2|lpm_divide_kcm:auto_generated|sign_div_unsign_9nh:divider|alt_u_div_6af:divider|StageOut[705]~1875           ; 2       ;
; bin32_to_7seg:inst13|lpm_divide:Mod2|lpm_divide_kcm:auto_generated|sign_div_unsign_9nh:divider|alt_u_div_6af:divider|StageOut[673]~1874           ; 2       ;
; bin32_to_7seg:inst13|lpm_divide:Mod2|lpm_divide_kcm:auto_generated|sign_div_unsign_9nh:divider|alt_u_div_6af:divider|StageOut[641]~1873           ; 2       ;
; bin32_to_7seg:inst13|lpm_divide:Mod2|lpm_divide_kcm:auto_generated|sign_div_unsign_9nh:divider|alt_u_div_6af:divider|StageOut[609]~1872           ; 2       ;
; bin32_to_7seg:inst13|lpm_divide:Mod2|lpm_divide_kcm:auto_generated|sign_div_unsign_9nh:divider|alt_u_div_6af:divider|StageOut[577]~1871           ; 2       ;
; bin32_to_7seg:inst13|lpm_divide:Mod2|lpm_divide_kcm:auto_generated|sign_div_unsign_9nh:divider|alt_u_div_6af:divider|StageOut[545]~1870           ; 2       ;
; bin32_to_7seg:inst13|lpm_divide:Mod2|lpm_divide_kcm:auto_generated|sign_div_unsign_9nh:divider|alt_u_div_6af:divider|StageOut[513]~1869           ; 2       ;
; bin32_to_7seg:inst13|lpm_divide:Mod2|lpm_divide_kcm:auto_generated|sign_div_unsign_9nh:divider|alt_u_div_6af:divider|StageOut[481]~1868           ; 2       ;
; bin32_to_7seg:inst13|lpm_divide:Mod2|lpm_divide_kcm:auto_generated|sign_div_unsign_9nh:divider|alt_u_div_6af:divider|StageOut[449]~1867           ; 2       ;
; bin32_to_7seg:inst13|lpm_divide:Mod2|lpm_divide_kcm:auto_generated|sign_div_unsign_9nh:divider|alt_u_div_6af:divider|StageOut[417]~1866           ; 2       ;
; bin32_to_7seg:inst13|lpm_divide:Mod2|lpm_divide_kcm:auto_generated|sign_div_unsign_9nh:divider|alt_u_div_6af:divider|StageOut[385]~1865           ; 2       ;
; bin32_to_7seg:inst13|lpm_divide:Mod2|lpm_divide_kcm:auto_generated|sign_div_unsign_9nh:divider|alt_u_div_6af:divider|StageOut[353]~1864           ; 2       ;
; bin32_to_7seg:inst13|lpm_divide:Mod2|lpm_divide_kcm:auto_generated|sign_div_unsign_9nh:divider|alt_u_div_6af:divider|StageOut[321]~1863           ; 2       ;
; bin32_to_7seg:inst13|lpm_divide:Mod2|lpm_divide_kcm:auto_generated|sign_div_unsign_9nh:divider|alt_u_div_6af:divider|StageOut[322]~1862           ; 2       ;
; bin32_to_7seg:inst13|lpm_divide:Mod2|lpm_divide_kcm:auto_generated|sign_div_unsign_9nh:divider|alt_u_div_6af:divider|StageOut[323]~1861           ; 2       ;
; bin32_to_7seg:inst13|lpm_divide:Mod2|lpm_divide_kcm:auto_generated|sign_div_unsign_9nh:divider|alt_u_div_6af:divider|StageOut[324]~1860           ; 2       ;
; bin32_to_7seg:inst13|lpm_divide:Div1|lpm_divide_0jm:auto_generated|sign_div_unsign_olh:divider|alt_u_div_47f:divider|StageOut[146]~498            ; 2       ;
; bin32_to_7seg:inst13|lpm_divide:Div1|lpm_divide_0jm:auto_generated|sign_div_unsign_olh:divider|alt_u_div_47f:divider|StageOut[141]~497            ; 2       ;
; bin32_to_7seg:inst13|lpm_divide:Div1|lpm_divide_0jm:auto_generated|sign_div_unsign_olh:divider|alt_u_div_47f:divider|StageOut[136]~496            ; 2       ;
; bin32_to_7seg:inst13|lpm_divide:Div1|lpm_divide_0jm:auto_generated|sign_div_unsign_olh:divider|alt_u_div_47f:divider|StageOut[131]~495            ; 2       ;
; bin32_to_7seg:inst13|lpm_divide:Div1|lpm_divide_0jm:auto_generated|sign_div_unsign_olh:divider|alt_u_div_47f:divider|StageOut[126]~494            ; 2       ;
; bin32_to_7seg:inst13|lpm_divide:Div1|lpm_divide_0jm:auto_generated|sign_div_unsign_olh:divider|alt_u_div_47f:divider|StageOut[121]~493            ; 2       ;
; bin32_to_7seg:inst13|lpm_divide:Div1|lpm_divide_0jm:auto_generated|sign_div_unsign_olh:divider|alt_u_div_47f:divider|StageOut[116]~492            ; 2       ;
; bin32_to_7seg:inst13|lpm_divide:Div1|lpm_divide_0jm:auto_generated|sign_div_unsign_olh:divider|alt_u_div_47f:divider|StageOut[111]~491            ; 2       ;
; bin32_to_7seg:inst13|lpm_divide:Div1|lpm_divide_0jm:auto_generated|sign_div_unsign_olh:divider|alt_u_div_47f:divider|StageOut[106]~490            ; 2       ;
; bin32_to_7seg:inst13|lpm_divide:Div1|lpm_divide_0jm:auto_generated|sign_div_unsign_olh:divider|alt_u_div_47f:divider|StageOut[101]~489            ; 2       ;
; bin32_to_7seg:inst13|lpm_divide:Div1|lpm_divide_0jm:auto_generated|sign_div_unsign_olh:divider|alt_u_div_47f:divider|StageOut[96]~488             ; 2       ;
; bin32_to_7seg:inst13|lpm_divide:Div1|lpm_divide_0jm:auto_generated|sign_div_unsign_olh:divider|alt_u_div_47f:divider|StageOut[91]~487             ; 2       ;
; bin32_to_7seg:inst13|lpm_divide:Div1|lpm_divide_0jm:auto_generated|sign_div_unsign_olh:divider|alt_u_div_47f:divider|StageOut[86]~486             ; 2       ;
; bin32_to_7seg:inst13|lpm_divide:Div1|lpm_divide_0jm:auto_generated|sign_div_unsign_olh:divider|alt_u_div_47f:divider|StageOut[81]~485             ; 2       ;
; bin32_to_7seg:inst13|lpm_divide:Div1|lpm_divide_0jm:auto_generated|sign_div_unsign_olh:divider|alt_u_div_47f:divider|StageOut[76]~484             ; 2       ;
; bin32_to_7seg:inst13|lpm_divide:Div1|lpm_divide_0jm:auto_generated|sign_div_unsign_olh:divider|alt_u_div_47f:divider|StageOut[71]~483             ; 2       ;
; bin32_to_7seg:inst13|lpm_divide:Div1|lpm_divide_0jm:auto_generated|sign_div_unsign_olh:divider|alt_u_div_47f:divider|StageOut[66]~482             ; 2       ;
; bin32_to_7seg:inst13|lpm_divide:Div1|lpm_divide_0jm:auto_generated|sign_div_unsign_olh:divider|alt_u_div_47f:divider|StageOut[61]~481             ; 2       ;
; bin32_to_7seg:inst13|lpm_divide:Div1|lpm_divide_0jm:auto_generated|sign_div_unsign_olh:divider|alt_u_div_47f:divider|StageOut[56]~480             ; 2       ;
; bin32_to_7seg:inst13|lpm_divide:Div1|lpm_divide_0jm:auto_generated|sign_div_unsign_olh:divider|alt_u_div_47f:divider|StageOut[51]~479             ; 2       ;
; bin32_to_7seg:inst13|lpm_divide:Div1|lpm_divide_0jm:auto_generated|sign_div_unsign_olh:divider|alt_u_div_47f:divider|StageOut[46]~478             ; 2       ;
; bin32_to_7seg:inst13|lpm_divide:Div1|lpm_divide_0jm:auto_generated|sign_div_unsign_olh:divider|alt_u_div_47f:divider|StageOut[41]~477             ; 2       ;
; bin32_to_7seg:inst13|lpm_divide:Div1|lpm_divide_0jm:auto_generated|sign_div_unsign_olh:divider|alt_u_div_47f:divider|StageOut[36]~476             ; 2       ;
; bin32_to_7seg:inst13|lpm_divide:Div1|lpm_divide_0jm:auto_generated|sign_div_unsign_olh:divider|alt_u_div_47f:divider|StageOut[37]~475             ; 2       ;
; bin32_to_7seg:inst13|lpm_divide:Mod1|lpm_divide_kcm:auto_generated|sign_div_unsign_9nh:divider|alt_u_div_6af:divider|StageOut[961]~2000           ; 2       ;
; bin32_to_7seg:inst13|lpm_divide:Mod1|lpm_divide_kcm:auto_generated|sign_div_unsign_9nh:divider|alt_u_div_6af:divider|StageOut[929]~1999           ; 2       ;
; bin32_to_7seg:inst13|lpm_divide:Mod1|lpm_divide_kcm:auto_generated|sign_div_unsign_9nh:divider|alt_u_div_6af:divider|StageOut[897]~1998           ; 2       ;
; bin32_to_7seg:inst13|lpm_divide:Mod1|lpm_divide_kcm:auto_generated|sign_div_unsign_9nh:divider|alt_u_div_6af:divider|StageOut[865]~1997           ; 2       ;
; bin32_to_7seg:inst13|lpm_divide:Mod1|lpm_divide_kcm:auto_generated|sign_div_unsign_9nh:divider|alt_u_div_6af:divider|StageOut[833]~1996           ; 2       ;
; bin32_to_7seg:inst13|lpm_divide:Mod1|lpm_divide_kcm:auto_generated|sign_div_unsign_9nh:divider|alt_u_div_6af:divider|StageOut[801]~1995           ; 2       ;
; bin32_to_7seg:inst13|lpm_divide:Mod1|lpm_divide_kcm:auto_generated|sign_div_unsign_9nh:divider|alt_u_div_6af:divider|StageOut[769]~1994           ; 2       ;
; bin32_to_7seg:inst13|lpm_divide:Mod1|lpm_divide_kcm:auto_generated|sign_div_unsign_9nh:divider|alt_u_div_6af:divider|StageOut[737]~1993           ; 2       ;
; bin32_to_7seg:inst13|lpm_divide:Mod1|lpm_divide_kcm:auto_generated|sign_div_unsign_9nh:divider|alt_u_div_6af:divider|StageOut[705]~1992           ; 2       ;
; bin32_to_7seg:inst13|lpm_divide:Mod1|lpm_divide_kcm:auto_generated|sign_div_unsign_9nh:divider|alt_u_div_6af:divider|StageOut[673]~1991           ; 2       ;
; bin32_to_7seg:inst13|lpm_divide:Mod1|lpm_divide_kcm:auto_generated|sign_div_unsign_9nh:divider|alt_u_div_6af:divider|StageOut[641]~1990           ; 2       ;
; bin32_to_7seg:inst13|lpm_divide:Mod1|lpm_divide_kcm:auto_generated|sign_div_unsign_9nh:divider|alt_u_div_6af:divider|StageOut[609]~1989           ; 2       ;
; bin32_to_7seg:inst13|lpm_divide:Mod1|lpm_divide_kcm:auto_generated|sign_div_unsign_9nh:divider|alt_u_div_6af:divider|StageOut[577]~1988           ; 2       ;
; bin32_to_7seg:inst13|lpm_divide:Mod1|lpm_divide_kcm:auto_generated|sign_div_unsign_9nh:divider|alt_u_div_6af:divider|StageOut[545]~1987           ; 2       ;
; bin32_to_7seg:inst13|lpm_divide:Mod1|lpm_divide_kcm:auto_generated|sign_div_unsign_9nh:divider|alt_u_div_6af:divider|StageOut[513]~1986           ; 2       ;
; bin32_to_7seg:inst13|lpm_divide:Mod1|lpm_divide_kcm:auto_generated|sign_div_unsign_9nh:divider|alt_u_div_6af:divider|StageOut[481]~1985           ; 2       ;
; bin32_to_7seg:inst13|lpm_divide:Mod1|lpm_divide_kcm:auto_generated|sign_div_unsign_9nh:divider|alt_u_div_6af:divider|StageOut[449]~1984           ; 2       ;
; bin32_to_7seg:inst13|lpm_divide:Mod1|lpm_divide_kcm:auto_generated|sign_div_unsign_9nh:divider|alt_u_div_6af:divider|StageOut[417]~1983           ; 2       ;
; bin32_to_7seg:inst13|lpm_divide:Mod1|lpm_divide_kcm:auto_generated|sign_div_unsign_9nh:divider|alt_u_div_6af:divider|StageOut[385]~1982           ; 2       ;
; bin32_to_7seg:inst13|lpm_divide:Mod1|lpm_divide_kcm:auto_generated|sign_div_unsign_9nh:divider|alt_u_div_6af:divider|StageOut[353]~1981           ; 2       ;
; bin32_to_7seg:inst13|lpm_divide:Mod1|lpm_divide_kcm:auto_generated|sign_div_unsign_9nh:divider|alt_u_div_6af:divider|StageOut[321]~1980           ; 2       ;
; bin32_to_7seg:inst13|lpm_divide:Mod1|lpm_divide_kcm:auto_generated|sign_div_unsign_9nh:divider|alt_u_div_6af:divider|StageOut[289]~1979           ; 2       ;
; bin32_to_7seg:inst13|lpm_divide:Mod1|lpm_divide_kcm:auto_generated|sign_div_unsign_9nh:divider|alt_u_div_6af:divider|StageOut[257]~1978           ; 2       ;
; bin32_to_7seg:inst13|lpm_divide:Mod1|lpm_divide_kcm:auto_generated|sign_div_unsign_9nh:divider|alt_u_div_6af:divider|StageOut[225]~1977           ; 2       ;
; bin32_to_7seg:inst13|lpm_divide:Mod1|lpm_divide_kcm:auto_generated|sign_div_unsign_9nh:divider|alt_u_div_6af:divider|StageOut[226]~1976           ; 2       ;
; bin32_to_7seg:inst13|lpm_divide:Mod1|lpm_divide_kcm:auto_generated|sign_div_unsign_9nh:divider|alt_u_div_6af:divider|StageOut[227]~1975           ; 2       ;
; bin32_to_7seg:inst13|lpm_divide:Mod1|lpm_divide_kcm:auto_generated|sign_div_unsign_9nh:divider|alt_u_div_6af:divider|StageOut[228]~1974           ; 2       ;
; bin32_to_7seg:inst13|lpm_divide:Div0|lpm_divide_0jm:auto_generated|sign_div_unsign_olh:divider|alt_u_div_47f:divider|StageOut[147]~498            ; 2       ;
; bin32_to_7seg:inst13|lpm_divide:Div0|lpm_divide_0jm:auto_generated|sign_div_unsign_olh:divider|alt_u_div_47f:divider|StageOut[142]~497            ; 2       ;
; bin32_to_7seg:inst13|lpm_divide:Div0|lpm_divide_0jm:auto_generated|sign_div_unsign_olh:divider|alt_u_div_47f:divider|StageOut[137]~496            ; 2       ;
; bin32_to_7seg:inst13|lpm_divide:Div0|lpm_divide_0jm:auto_generated|sign_div_unsign_olh:divider|alt_u_div_47f:divider|StageOut[132]~495            ; 2       ;
; bin32_to_7seg:inst13|lpm_divide:Div0|lpm_divide_0jm:auto_generated|sign_div_unsign_olh:divider|alt_u_div_47f:divider|StageOut[127]~494            ; 2       ;
; bin32_to_7seg:inst13|lpm_divide:Div0|lpm_divide_0jm:auto_generated|sign_div_unsign_olh:divider|alt_u_div_47f:divider|StageOut[122]~493            ; 2       ;
; bin32_to_7seg:inst13|lpm_divide:Div0|lpm_divide_0jm:auto_generated|sign_div_unsign_olh:divider|alt_u_div_47f:divider|StageOut[117]~492            ; 2       ;
; bin32_to_7seg:inst13|lpm_divide:Div0|lpm_divide_0jm:auto_generated|sign_div_unsign_olh:divider|alt_u_div_47f:divider|StageOut[112]~491            ; 2       ;
; bin32_to_7seg:inst13|lpm_divide:Div0|lpm_divide_0jm:auto_generated|sign_div_unsign_olh:divider|alt_u_div_47f:divider|StageOut[107]~490            ; 2       ;
; bin32_to_7seg:inst13|lpm_divide:Div0|lpm_divide_0jm:auto_generated|sign_div_unsign_olh:divider|alt_u_div_47f:divider|StageOut[102]~489            ; 2       ;
; bin32_to_7seg:inst13|lpm_divide:Div0|lpm_divide_0jm:auto_generated|sign_div_unsign_olh:divider|alt_u_div_47f:divider|StageOut[97]~488             ; 2       ;
; bin32_to_7seg:inst13|lpm_divide:Div0|lpm_divide_0jm:auto_generated|sign_div_unsign_olh:divider|alt_u_div_47f:divider|StageOut[92]~487             ; 2       ;
; bin32_to_7seg:inst13|lpm_divide:Div0|lpm_divide_0jm:auto_generated|sign_div_unsign_olh:divider|alt_u_div_47f:divider|StageOut[87]~486             ; 2       ;
; bin32_to_7seg:inst13|lpm_divide:Div0|lpm_divide_0jm:auto_generated|sign_div_unsign_olh:divider|alt_u_div_47f:divider|StageOut[82]~485             ; 2       ;
; bin32_to_7seg:inst13|lpm_divide:Div0|lpm_divide_0jm:auto_generated|sign_div_unsign_olh:divider|alt_u_div_47f:divider|StageOut[77]~484             ; 2       ;
; bin32_to_7seg:inst13|lpm_divide:Div0|lpm_divide_0jm:auto_generated|sign_div_unsign_olh:divider|alt_u_div_47f:divider|StageOut[72]~483             ; 2       ;
; bin32_to_7seg:inst13|lpm_divide:Div0|lpm_divide_0jm:auto_generated|sign_div_unsign_olh:divider|alt_u_div_47f:divider|StageOut[67]~482             ; 2       ;
; bin32_to_7seg:inst13|lpm_divide:Div0|lpm_divide_0jm:auto_generated|sign_div_unsign_olh:divider|alt_u_div_47f:divider|StageOut[62]~481             ; 2       ;
; bin32_to_7seg:inst13|lpm_divide:Div0|lpm_divide_0jm:auto_generated|sign_div_unsign_olh:divider|alt_u_div_47f:divider|StageOut[57]~480             ; 2       ;
; bin32_to_7seg:inst13|lpm_divide:Div0|lpm_divide_0jm:auto_generated|sign_div_unsign_olh:divider|alt_u_div_47f:divider|StageOut[52]~479             ; 2       ;
; bin32_to_7seg:inst13|lpm_divide:Div0|lpm_divide_0jm:auto_generated|sign_div_unsign_olh:divider|alt_u_div_47f:divider|StageOut[47]~478             ; 2       ;
; bin32_to_7seg:inst13|lpm_divide:Div0|lpm_divide_0jm:auto_generated|sign_div_unsign_olh:divider|alt_u_div_47f:divider|StageOut[42]~477             ; 2       ;
; bin32_to_7seg:inst13|lpm_divide:Div0|lpm_divide_0jm:auto_generated|sign_div_unsign_olh:divider|alt_u_div_47f:divider|StageOut[37]~476             ; 2       ;
; bin32_to_7seg:inst13|lpm_divide:Div0|lpm_divide_0jm:auto_generated|sign_div_unsign_olh:divider|alt_u_div_47f:divider|StageOut[32]~475             ; 2       ;
; bin32_to_7seg:inst13|lpm_divide:Div0|lpm_divide_0jm:auto_generated|sign_div_unsign_olh:divider|alt_u_div_47f:divider|StageOut[27]~474             ; 2       ;
; bin32_to_7seg:inst13|lpm_divide:Div0|lpm_divide_0jm:auto_generated|sign_div_unsign_olh:divider|alt_u_div_47f:divider|StageOut[22]~473             ; 2       ;
; bin32_to_7seg:inst13|lpm_divide:Mod0|lpm_divide_kcm:auto_generated|sign_div_unsign_9nh:divider|alt_u_div_6af:divider|StageOut[962]~2020           ; 2       ;
; bin32_to_7seg:inst13|lpm_divide:Mod0|lpm_divide_kcm:auto_generated|sign_div_unsign_9nh:divider|alt_u_div_6af:divider|StageOut[930]~2019           ; 2       ;
; bin32_to_7seg:inst13|lpm_divide:Mod0|lpm_divide_kcm:auto_generated|sign_div_unsign_9nh:divider|alt_u_div_6af:divider|StageOut[898]~2018           ; 2       ;
; bin32_to_7seg:inst13|lpm_divide:Mod0|lpm_divide_kcm:auto_generated|sign_div_unsign_9nh:divider|alt_u_div_6af:divider|StageOut[866]~2017           ; 2       ;
; bin32_to_7seg:inst13|lpm_divide:Mod0|lpm_divide_kcm:auto_generated|sign_div_unsign_9nh:divider|alt_u_div_6af:divider|StageOut[834]~2016           ; 2       ;
; bin32_to_7seg:inst13|lpm_divide:Mod0|lpm_divide_kcm:auto_generated|sign_div_unsign_9nh:divider|alt_u_div_6af:divider|StageOut[802]~2015           ; 2       ;
; bin32_to_7seg:inst13|lpm_divide:Mod0|lpm_divide_kcm:auto_generated|sign_div_unsign_9nh:divider|alt_u_div_6af:divider|StageOut[770]~2014           ; 2       ;
; bin32_to_7seg:inst13|lpm_divide:Mod0|lpm_divide_kcm:auto_generated|sign_div_unsign_9nh:divider|alt_u_div_6af:divider|StageOut[738]~2013           ; 2       ;
; bin32_to_7seg:inst13|lpm_divide:Mod0|lpm_divide_kcm:auto_generated|sign_div_unsign_9nh:divider|alt_u_div_6af:divider|StageOut[706]~2012           ; 2       ;
; bin32_to_7seg:inst13|lpm_divide:Mod0|lpm_divide_kcm:auto_generated|sign_div_unsign_9nh:divider|alt_u_div_6af:divider|StageOut[674]~2011           ; 2       ;
; bin32_to_7seg:inst13|lpm_divide:Mod0|lpm_divide_kcm:auto_generated|sign_div_unsign_9nh:divider|alt_u_div_6af:divider|StageOut[642]~2010           ; 2       ;
; bin32_to_7seg:inst13|lpm_divide:Mod0|lpm_divide_kcm:auto_generated|sign_div_unsign_9nh:divider|alt_u_div_6af:divider|StageOut[610]~2009           ; 2       ;
; bin32_to_7seg:inst13|lpm_divide:Mod0|lpm_divide_kcm:auto_generated|sign_div_unsign_9nh:divider|alt_u_div_6af:divider|StageOut[578]~2008           ; 2       ;
; bin32_to_7seg:inst13|lpm_divide:Mod0|lpm_divide_kcm:auto_generated|sign_div_unsign_9nh:divider|alt_u_div_6af:divider|StageOut[546]~2007           ; 2       ;
; bin32_to_7seg:inst13|lpm_divide:Mod0|lpm_divide_kcm:auto_generated|sign_div_unsign_9nh:divider|alt_u_div_6af:divider|StageOut[514]~2006           ; 2       ;
; bin32_to_7seg:inst13|lpm_divide:Mod0|lpm_divide_kcm:auto_generated|sign_div_unsign_9nh:divider|alt_u_div_6af:divider|StageOut[482]~2005           ; 2       ;
; bin32_to_7seg:inst13|lpm_divide:Mod0|lpm_divide_kcm:auto_generated|sign_div_unsign_9nh:divider|alt_u_div_6af:divider|StageOut[450]~2004           ; 2       ;
; bin32_to_7seg:inst13|lpm_divide:Mod0|lpm_divide_kcm:auto_generated|sign_div_unsign_9nh:divider|alt_u_div_6af:divider|StageOut[418]~2003           ; 2       ;
; bin32_to_7seg:inst13|lpm_divide:Mod0|lpm_divide_kcm:auto_generated|sign_div_unsign_9nh:divider|alt_u_div_6af:divider|StageOut[386]~2002           ; 2       ;
; bin32_to_7seg:inst13|lpm_divide:Mod0|lpm_divide_kcm:auto_generated|sign_div_unsign_9nh:divider|alt_u_div_6af:divider|StageOut[354]~2001           ; 2       ;
; bin32_to_7seg:inst13|lpm_divide:Mod0|lpm_divide_kcm:auto_generated|sign_div_unsign_9nh:divider|alt_u_div_6af:divider|StageOut[322]~2000           ; 2       ;
; bin32_to_7seg:inst13|lpm_divide:Mod0|lpm_divide_kcm:auto_generated|sign_div_unsign_9nh:divider|alt_u_div_6af:divider|StageOut[290]~1999           ; 2       ;
; bin32_to_7seg:inst13|lpm_divide:Mod0|lpm_divide_kcm:auto_generated|sign_div_unsign_9nh:divider|alt_u_div_6af:divider|StageOut[258]~1998           ; 2       ;
; bin32_to_7seg:inst13|lpm_divide:Mod0|lpm_divide_kcm:auto_generated|sign_div_unsign_9nh:divider|alt_u_div_6af:divider|StageOut[226]~1997           ; 2       ;
; bin32_to_7seg:inst13|lpm_divide:Mod0|lpm_divide_kcm:auto_generated|sign_div_unsign_9nh:divider|alt_u_div_6af:divider|StageOut[194]~1996           ; 2       ;
; bin32_to_7seg:inst13|lpm_divide:Mod0|lpm_divide_kcm:auto_generated|sign_div_unsign_9nh:divider|alt_u_div_6af:divider|StageOut[162]~1995           ; 2       ;
; bin32_to_7seg:inst13|lpm_divide:Mod0|lpm_divide_kcm:auto_generated|sign_div_unsign_9nh:divider|alt_u_div_6af:divider|StageOut[130]~1994           ; 2       ;
; bin32_to_7seg:inst13|lpm_divide:Mod0|lpm_divide_kcm:auto_generated|sign_div_unsign_9nh:divider|alt_u_div_6af:divider|StageOut[131]~1993           ; 2       ;
; bin32_to_7seg:inst13|lpm_divide:Mod0|lpm_divide_kcm:auto_generated|sign_div_unsign_9nh:divider|alt_u_div_6af:divider|StageOut[132]~1992           ; 2       ;
; bin32_to_7seg:inst13|lpm_divide:Mod7|lpm_divide_kcm:auto_generated|sign_div_unsign_9nh:divider|alt_u_div_6af:divider|StageOut[962]~749            ; 2       ;
; bin32_to_7seg:inst13|lpm_divide:Mod7|lpm_divide_kcm:auto_generated|sign_div_unsign_9nh:divider|alt_u_div_6af:divider|StageOut[930]~720            ; 2       ;
; bin32_to_7seg:inst13|lpm_divide:Mod7|lpm_divide_kcm:auto_generated|sign_div_unsign_9nh:divider|alt_u_div_6af:divider|StageOut[931]~719            ; 2       ;
; bin32_to_7seg:inst13|lpm_divide:Mod7|lpm_divide_kcm:auto_generated|sign_div_unsign_9nh:divider|alt_u_div_6af:divider|StageOut[932]~718            ; 2       ;
; bin32_to_7seg:inst13|lpm_divide:Mod7|lpm_divide_kcm:auto_generated|sign_div_unsign_9nh:divider|alt_u_div_6af:divider|StageOut[933]~717            ; 2       ;
; bin32_to_7seg:inst13|lpm_divide:Mod7|lpm_divide_kcm:auto_generated|sign_div_unsign_9nh:divider|alt_u_div_6af:divider|StageOut[934]~716            ; 2       ;
; bin32_to_7seg:inst13|lpm_divide:Mod7|lpm_divide_kcm:auto_generated|sign_div_unsign_9nh:divider|alt_u_div_6af:divider|StageOut[935]~715            ; 2       ;
; bin32_to_7seg:inst13|lpm_divide:Mod7|lpm_divide_kcm:auto_generated|sign_div_unsign_9nh:divider|alt_u_div_6af:divider|StageOut[936]~714            ; 2       ;
; bin32_to_7seg:inst13|lpm_divide:Mod7|lpm_divide_kcm:auto_generated|sign_div_unsign_9nh:divider|alt_u_div_6af:divider|StageOut[937]~713            ; 2       ;
; bin32_to_7seg:inst13|lpm_divide:Mod7|lpm_divide_kcm:auto_generated|sign_div_unsign_9nh:divider|alt_u_div_6af:divider|StageOut[938]~712            ; 2       ;
; bin32_to_7seg:inst13|lpm_divide:Mod7|lpm_divide_kcm:auto_generated|sign_div_unsign_9nh:divider|alt_u_div_6af:divider|StageOut[939]~711            ; 2       ;
; bin32_to_7seg:inst13|lpm_divide:Mod7|lpm_divide_kcm:auto_generated|sign_div_unsign_9nh:divider|alt_u_div_6af:divider|StageOut[940]~710            ; 2       ;
; bin32_to_7seg:inst13|lpm_divide:Mod7|lpm_divide_kcm:auto_generated|sign_div_unsign_9nh:divider|alt_u_div_6af:divider|StageOut[941]~709            ; 2       ;
; bin32_to_7seg:inst13|lpm_divide:Mod7|lpm_divide_kcm:auto_generated|sign_div_unsign_9nh:divider|alt_u_div_6af:divider|StageOut[942]~708            ; 2       ;
; bin32_to_7seg:inst13|lpm_divide:Mod7|lpm_divide_kcm:auto_generated|sign_div_unsign_9nh:divider|alt_u_div_6af:divider|StageOut[943]~707            ; 2       ;
; bin32_to_7seg:inst13|lpm_divide:Mod7|lpm_divide_kcm:auto_generated|sign_div_unsign_9nh:divider|alt_u_div_6af:divider|StageOut[944]~706            ; 2       ;
; bin32_to_7seg:inst13|lpm_divide:Mod7|lpm_divide_kcm:auto_generated|sign_div_unsign_9nh:divider|alt_u_div_6af:divider|StageOut[945]~705            ; 2       ;
; bin32_to_7seg:inst13|lpm_divide:Mod7|lpm_divide_kcm:auto_generated|sign_div_unsign_9nh:divider|alt_u_div_6af:divider|StageOut[946]~704            ; 2       ;
; bin32_to_7seg:inst13|lpm_divide:Mod7|lpm_divide_kcm:auto_generated|sign_div_unsign_9nh:divider|alt_u_div_6af:divider|StageOut[947]~703            ; 2       ;
; bin32_to_7seg:inst13|lpm_divide:Mod7|lpm_divide_kcm:auto_generated|sign_div_unsign_9nh:divider|alt_u_div_6af:divider|StageOut[948]~702            ; 2       ;
; bin32_to_7seg:inst13|lpm_divide:Mod7|lpm_divide_kcm:auto_generated|sign_div_unsign_9nh:divider|alt_u_div_6af:divider|StageOut[949]~701            ; 2       ;
; bin32_to_7seg:inst13|lpm_divide:Mod7|lpm_divide_kcm:auto_generated|sign_div_unsign_9nh:divider|alt_u_div_6af:divider|StageOut[950]~700            ; 2       ;
; bin32_to_7seg:inst13|lpm_divide:Mod7|lpm_divide_kcm:auto_generated|sign_div_unsign_9nh:divider|alt_u_div_6af:divider|StageOut[951]~699            ; 2       ;
; bin32_to_7seg:inst13|lpm_divide:Mod7|lpm_divide_kcm:auto_generated|sign_div_unsign_9nh:divider|alt_u_div_6af:divider|StageOut[952]~698            ; 2       ;
; bin32_to_7seg:inst13|lpm_divide:Mod7|lpm_divide_kcm:auto_generated|sign_div_unsign_9nh:divider|alt_u_div_6af:divider|StageOut[953]~697            ; 2       ;
; bin32_to_7seg:inst13|lpm_divide:Mod7|lpm_divide_kcm:auto_generated|sign_div_unsign_9nh:divider|alt_u_div_6af:divider|StageOut[954]~696            ; 2       ;
; bin32_to_7seg:inst13|lpm_divide:Mod7|lpm_divide_kcm:auto_generated|sign_div_unsign_9nh:divider|alt_u_div_6af:divider|StageOut[955]~695            ; 2       ;
; bin32_to_7seg:inst13|lpm_divide:Mod7|lpm_divide_kcm:auto_generated|sign_div_unsign_9nh:divider|alt_u_div_6af:divider|StageOut[956]~694            ; 2       ;
; bin32_to_7seg:inst13|lpm_divide:Mod7|lpm_divide_kcm:auto_generated|sign_div_unsign_9nh:divider|alt_u_div_6af:divider|StageOut[957]~693            ; 2       ;
; bin32_to_7seg:inst13|lpm_divide:Mod7|lpm_divide_kcm:auto_generated|sign_div_unsign_9nh:divider|alt_u_div_6af:divider|StageOut[898]~692            ; 2       ;
; bin32_to_7seg:inst13|lpm_divide:Mod7|lpm_divide_kcm:auto_generated|sign_div_unsign_9nh:divider|alt_u_div_6af:divider|StageOut[899]~691            ; 2       ;
; bin32_to_7seg:inst13|lpm_divide:Mod7|lpm_divide_kcm:auto_generated|sign_div_unsign_9nh:divider|alt_u_div_6af:divider|StageOut[900]~690            ; 2       ;
; bin32_to_7seg:inst13|lpm_divide:Mod7|lpm_divide_kcm:auto_generated|sign_div_unsign_9nh:divider|alt_u_div_6af:divider|StageOut[901]~689            ; 2       ;
; bin32_to_7seg:inst13|lpm_divide:Mod7|lpm_divide_kcm:auto_generated|sign_div_unsign_9nh:divider|alt_u_div_6af:divider|StageOut[902]~688            ; 2       ;
; bin32_to_7seg:inst13|lpm_divide:Mod7|lpm_divide_kcm:auto_generated|sign_div_unsign_9nh:divider|alt_u_div_6af:divider|StageOut[903]~687            ; 2       ;
; bin32_to_7seg:inst13|lpm_divide:Mod7|lpm_divide_kcm:auto_generated|sign_div_unsign_9nh:divider|alt_u_div_6af:divider|StageOut[904]~686            ; 2       ;
; bin32_to_7seg:inst13|lpm_divide:Mod7|lpm_divide_kcm:auto_generated|sign_div_unsign_9nh:divider|alt_u_div_6af:divider|StageOut[905]~685            ; 2       ;
; bin32_to_7seg:inst13|lpm_divide:Mod7|lpm_divide_kcm:auto_generated|sign_div_unsign_9nh:divider|alt_u_div_6af:divider|StageOut[906]~684            ; 2       ;
; bin32_to_7seg:inst13|lpm_divide:Mod7|lpm_divide_kcm:auto_generated|sign_div_unsign_9nh:divider|alt_u_div_6af:divider|StageOut[907]~683            ; 2       ;
; bin32_to_7seg:inst13|lpm_divide:Mod7|lpm_divide_kcm:auto_generated|sign_div_unsign_9nh:divider|alt_u_div_6af:divider|StageOut[908]~682            ; 2       ;
; bin32_to_7seg:inst13|lpm_divide:Mod7|lpm_divide_kcm:auto_generated|sign_div_unsign_9nh:divider|alt_u_div_6af:divider|StageOut[909]~681            ; 2       ;
; bin32_to_7seg:inst13|lpm_divide:Mod7|lpm_divide_kcm:auto_generated|sign_div_unsign_9nh:divider|alt_u_div_6af:divider|StageOut[910]~680            ; 2       ;
; bin32_to_7seg:inst13|lpm_divide:Mod7|lpm_divide_kcm:auto_generated|sign_div_unsign_9nh:divider|alt_u_div_6af:divider|StageOut[911]~679            ; 2       ;
; bin32_to_7seg:inst13|lpm_divide:Mod7|lpm_divide_kcm:auto_generated|sign_div_unsign_9nh:divider|alt_u_div_6af:divider|StageOut[912]~678            ; 2       ;
; bin32_to_7seg:inst13|lpm_divide:Mod7|lpm_divide_kcm:auto_generated|sign_div_unsign_9nh:divider|alt_u_div_6af:divider|StageOut[913]~677            ; 2       ;
; bin32_to_7seg:inst13|lpm_divide:Mod7|lpm_divide_kcm:auto_generated|sign_div_unsign_9nh:divider|alt_u_div_6af:divider|StageOut[914]~676            ; 2       ;
; bin32_to_7seg:inst13|lpm_divide:Mod7|lpm_divide_kcm:auto_generated|sign_div_unsign_9nh:divider|alt_u_div_6af:divider|StageOut[915]~675            ; 2       ;
; bin32_to_7seg:inst13|lpm_divide:Mod7|lpm_divide_kcm:auto_generated|sign_div_unsign_9nh:divider|alt_u_div_6af:divider|StageOut[916]~674            ; 2       ;
; bin32_to_7seg:inst13|lpm_divide:Mod7|lpm_divide_kcm:auto_generated|sign_div_unsign_9nh:divider|alt_u_div_6af:divider|StageOut[917]~673            ; 2       ;
; bin32_to_7seg:inst13|lpm_divide:Mod7|lpm_divide_kcm:auto_generated|sign_div_unsign_9nh:divider|alt_u_div_6af:divider|StageOut[918]~672            ; 2       ;
; bin32_to_7seg:inst13|lpm_divide:Mod7|lpm_divide_kcm:auto_generated|sign_div_unsign_9nh:divider|alt_u_div_6af:divider|StageOut[919]~671            ; 2       ;
; bin32_to_7seg:inst13|lpm_divide:Mod7|lpm_divide_kcm:auto_generated|sign_div_unsign_9nh:divider|alt_u_div_6af:divider|StageOut[920]~670            ; 2       ;
; bin32_to_7seg:inst13|lpm_divide:Mod7|lpm_divide_kcm:auto_generated|sign_div_unsign_9nh:divider|alt_u_div_6af:divider|StageOut[921]~669            ; 2       ;
; bin32_to_7seg:inst13|lpm_divide:Mod7|lpm_divide_kcm:auto_generated|sign_div_unsign_9nh:divider|alt_u_div_6af:divider|StageOut[922]~668            ; 2       ;
; bin32_to_7seg:inst13|lpm_divide:Mod7|lpm_divide_kcm:auto_generated|sign_div_unsign_9nh:divider|alt_u_div_6af:divider|StageOut[923]~667            ; 2       ;
; bin32_to_7seg:inst13|lpm_divide:Mod7|lpm_divide_kcm:auto_generated|sign_div_unsign_9nh:divider|alt_u_div_6af:divider|StageOut[924]~666            ; 2       ;
; bin32_to_7seg:inst13|lpm_divide:Mod7|lpm_divide_kcm:auto_generated|sign_div_unsign_9nh:divider|alt_u_div_6af:divider|StageOut[866]~665            ; 2       ;
; bin32_to_7seg:inst13|lpm_divide:Mod7|lpm_divide_kcm:auto_generated|sign_div_unsign_9nh:divider|alt_u_div_6af:divider|StageOut[867]~664            ; 2       ;
; bin32_to_7seg:inst13|lpm_divide:Mod7|lpm_divide_kcm:auto_generated|sign_div_unsign_9nh:divider|alt_u_div_6af:divider|StageOut[868]~663            ; 2       ;
; bin32_to_7seg:inst13|lpm_divide:Mod7|lpm_divide_kcm:auto_generated|sign_div_unsign_9nh:divider|alt_u_div_6af:divider|StageOut[869]~662            ; 2       ;
; bin32_to_7seg:inst13|lpm_divide:Mod7|lpm_divide_kcm:auto_generated|sign_div_unsign_9nh:divider|alt_u_div_6af:divider|StageOut[870]~661            ; 2       ;
; bin32_to_7seg:inst13|lpm_divide:Mod7|lpm_divide_kcm:auto_generated|sign_div_unsign_9nh:divider|alt_u_div_6af:divider|StageOut[871]~660            ; 2       ;
; bin32_to_7seg:inst13|lpm_divide:Mod7|lpm_divide_kcm:auto_generated|sign_div_unsign_9nh:divider|alt_u_div_6af:divider|StageOut[872]~659            ; 2       ;
; bin32_to_7seg:inst13|lpm_divide:Mod7|lpm_divide_kcm:auto_generated|sign_div_unsign_9nh:divider|alt_u_div_6af:divider|StageOut[873]~658            ; 2       ;
; bin32_to_7seg:inst13|lpm_divide:Mod7|lpm_divide_kcm:auto_generated|sign_div_unsign_9nh:divider|alt_u_div_6af:divider|StageOut[874]~657            ; 2       ;
; bin32_to_7seg:inst13|lpm_divide:Mod7|lpm_divide_kcm:auto_generated|sign_div_unsign_9nh:divider|alt_u_div_6af:divider|StageOut[875]~656            ; 2       ;
; bin32_to_7seg:inst13|lpm_divide:Mod7|lpm_divide_kcm:auto_generated|sign_div_unsign_9nh:divider|alt_u_div_6af:divider|StageOut[876]~655            ; 2       ;
; bin32_to_7seg:inst13|lpm_divide:Mod7|lpm_divide_kcm:auto_generated|sign_div_unsign_9nh:divider|alt_u_div_6af:divider|StageOut[877]~654            ; 2       ;
; bin32_to_7seg:inst13|lpm_divide:Mod7|lpm_divide_kcm:auto_generated|sign_div_unsign_9nh:divider|alt_u_div_6af:divider|StageOut[878]~653            ; 2       ;
; bin32_to_7seg:inst13|lpm_divide:Mod7|lpm_divide_kcm:auto_generated|sign_div_unsign_9nh:divider|alt_u_div_6af:divider|StageOut[879]~652            ; 2       ;
; bin32_to_7seg:inst13|lpm_divide:Mod7|lpm_divide_kcm:auto_generated|sign_div_unsign_9nh:divider|alt_u_div_6af:divider|StageOut[880]~651            ; 2       ;
; bin32_to_7seg:inst13|lpm_divide:Mod7|lpm_divide_kcm:auto_generated|sign_div_unsign_9nh:divider|alt_u_div_6af:divider|StageOut[881]~650            ; 2       ;
; bin32_to_7seg:inst13|lpm_divide:Mod7|lpm_divide_kcm:auto_generated|sign_div_unsign_9nh:divider|alt_u_div_6af:divider|StageOut[882]~649            ; 2       ;
; bin32_to_7seg:inst13|lpm_divide:Mod7|lpm_divide_kcm:auto_generated|sign_div_unsign_9nh:divider|alt_u_div_6af:divider|StageOut[883]~648            ; 2       ;
; bin32_to_7seg:inst13|lpm_divide:Mod7|lpm_divide_kcm:auto_generated|sign_div_unsign_9nh:divider|alt_u_div_6af:divider|StageOut[884]~647            ; 2       ;
; bin32_to_7seg:inst13|lpm_divide:Mod7|lpm_divide_kcm:auto_generated|sign_div_unsign_9nh:divider|alt_u_div_6af:divider|StageOut[885]~646            ; 2       ;
; bin32_to_7seg:inst13|lpm_divide:Mod7|lpm_divide_kcm:auto_generated|sign_div_unsign_9nh:divider|alt_u_div_6af:divider|StageOut[886]~645            ; 2       ;
; bin32_to_7seg:inst13|lpm_divide:Mod7|lpm_divide_kcm:auto_generated|sign_div_unsign_9nh:divider|alt_u_div_6af:divider|StageOut[887]~644            ; 2       ;
; bin32_to_7seg:inst13|lpm_divide:Mod7|lpm_divide_kcm:auto_generated|sign_div_unsign_9nh:divider|alt_u_div_6af:divider|StageOut[888]~643            ; 2       ;
; bin32_to_7seg:inst13|lpm_divide:Mod7|lpm_divide_kcm:auto_generated|sign_div_unsign_9nh:divider|alt_u_div_6af:divider|StageOut[889]~642            ; 2       ;
; bin32_to_7seg:inst13|lpm_divide:Mod7|lpm_divide_kcm:auto_generated|sign_div_unsign_9nh:divider|alt_u_div_6af:divider|StageOut[890]~641            ; 2       ;
; bin32_to_7seg:inst13|lpm_divide:Mod7|lpm_divide_kcm:auto_generated|sign_div_unsign_9nh:divider|alt_u_div_6af:divider|StageOut[891]~640            ; 2       ;
; bin32_to_7seg:inst13|lpm_divide:Mod7|lpm_divide_kcm:auto_generated|sign_div_unsign_9nh:divider|alt_u_div_6af:divider|StageOut[834]~639            ; 2       ;
; bin32_to_7seg:inst13|lpm_divide:Mod7|lpm_divide_kcm:auto_generated|sign_div_unsign_9nh:divider|alt_u_div_6af:divider|StageOut[835]~638            ; 2       ;
; bin32_to_7seg:inst13|lpm_divide:Mod7|lpm_divide_kcm:auto_generated|sign_div_unsign_9nh:divider|alt_u_div_6af:divider|StageOut[836]~637            ; 2       ;
; bin32_to_7seg:inst13|lpm_divide:Mod7|lpm_divide_kcm:auto_generated|sign_div_unsign_9nh:divider|alt_u_div_6af:divider|StageOut[837]~636            ; 2       ;
; bin32_to_7seg:inst13|lpm_divide:Mod7|lpm_divide_kcm:auto_generated|sign_div_unsign_9nh:divider|alt_u_div_6af:divider|StageOut[838]~635            ; 2       ;
; bin32_to_7seg:inst13|lpm_divide:Mod7|lpm_divide_kcm:auto_generated|sign_div_unsign_9nh:divider|alt_u_div_6af:divider|StageOut[839]~634            ; 2       ;
; bin32_to_7seg:inst13|lpm_divide:Mod7|lpm_divide_kcm:auto_generated|sign_div_unsign_9nh:divider|alt_u_div_6af:divider|StageOut[840]~633            ; 2       ;
; bin32_to_7seg:inst13|lpm_divide:Mod7|lpm_divide_kcm:auto_generated|sign_div_unsign_9nh:divider|alt_u_div_6af:divider|StageOut[841]~632            ; 2       ;
; bin32_to_7seg:inst13|lpm_divide:Mod7|lpm_divide_kcm:auto_generated|sign_div_unsign_9nh:divider|alt_u_div_6af:divider|StageOut[842]~631            ; 2       ;
; bin32_to_7seg:inst13|lpm_divide:Mod7|lpm_divide_kcm:auto_generated|sign_div_unsign_9nh:divider|alt_u_div_6af:divider|StageOut[843]~630            ; 2       ;
; bin32_to_7seg:inst13|lpm_divide:Mod7|lpm_divide_kcm:auto_generated|sign_div_unsign_9nh:divider|alt_u_div_6af:divider|StageOut[844]~629            ; 2       ;
; bin32_to_7seg:inst13|lpm_divide:Mod7|lpm_divide_kcm:auto_generated|sign_div_unsign_9nh:divider|alt_u_div_6af:divider|StageOut[845]~628            ; 2       ;
; bin32_to_7seg:inst13|lpm_divide:Mod7|lpm_divide_kcm:auto_generated|sign_div_unsign_9nh:divider|alt_u_div_6af:divider|StageOut[846]~627            ; 2       ;
; bin32_to_7seg:inst13|lpm_divide:Mod7|lpm_divide_kcm:auto_generated|sign_div_unsign_9nh:divider|alt_u_div_6af:divider|StageOut[847]~626            ; 2       ;
; bin32_to_7seg:inst13|lpm_divide:Mod7|lpm_divide_kcm:auto_generated|sign_div_unsign_9nh:divider|alt_u_div_6af:divider|StageOut[848]~625            ; 2       ;
; bin32_to_7seg:inst13|lpm_divide:Mod7|lpm_divide_kcm:auto_generated|sign_div_unsign_9nh:divider|alt_u_div_6af:divider|StageOut[849]~624            ; 2       ;
; bin32_to_7seg:inst13|lpm_divide:Mod7|lpm_divide_kcm:auto_generated|sign_div_unsign_9nh:divider|alt_u_div_6af:divider|StageOut[850]~623            ; 2       ;
; bin32_to_7seg:inst13|lpm_divide:Mod7|lpm_divide_kcm:auto_generated|sign_div_unsign_9nh:divider|alt_u_div_6af:divider|StageOut[851]~622            ; 2       ;
; bin32_to_7seg:inst13|lpm_divide:Mod7|lpm_divide_kcm:auto_generated|sign_div_unsign_9nh:divider|alt_u_div_6af:divider|StageOut[852]~621            ; 2       ;
; bin32_to_7seg:inst13|lpm_divide:Mod7|lpm_divide_kcm:auto_generated|sign_div_unsign_9nh:divider|alt_u_div_6af:divider|StageOut[853]~620            ; 2       ;
; bin32_to_7seg:inst13|lpm_divide:Mod7|lpm_divide_kcm:auto_generated|sign_div_unsign_9nh:divider|alt_u_div_6af:divider|StageOut[854]~619            ; 2       ;
; bin32_to_7seg:inst13|lpm_divide:Mod7|lpm_divide_kcm:auto_generated|sign_div_unsign_9nh:divider|alt_u_div_6af:divider|StageOut[855]~618            ; 2       ;
; bin32_to_7seg:inst13|lpm_divide:Mod7|lpm_divide_kcm:auto_generated|sign_div_unsign_9nh:divider|alt_u_div_6af:divider|StageOut[856]~617            ; 2       ;
; bin32_to_7seg:inst13|lpm_divide:Mod7|lpm_divide_kcm:auto_generated|sign_div_unsign_9nh:divider|alt_u_div_6af:divider|StageOut[857]~616            ; 2       ;
; bin32_to_7seg:inst13|lpm_divide:Mod7|lpm_divide_kcm:auto_generated|sign_div_unsign_9nh:divider|alt_u_div_6af:divider|StageOut[858]~615            ; 2       ;
; bin32_to_7seg:inst13|lpm_divide:Mod7|lpm_divide_kcm:auto_generated|sign_div_unsign_9nh:divider|alt_u_div_6af:divider|StageOut[805]~614            ; 2       ;
; bin32_to_7seg:inst13|lpm_divide:Mod7|lpm_divide_kcm:auto_generated|sign_div_unsign_9nh:divider|alt_u_div_6af:divider|StageOut[806]~613            ; 2       ;
; bin32_to_7seg:inst13|lpm_divide:Mod7|lpm_divide_kcm:auto_generated|sign_div_unsign_9nh:divider|alt_u_div_6af:divider|StageOut[807]~612            ; 2       ;
; bin32_to_7seg:inst13|lpm_divide:Mod7|lpm_divide_kcm:auto_generated|sign_div_unsign_9nh:divider|alt_u_div_6af:divider|StageOut[808]~611            ; 2       ;
; bin32_to_7seg:inst13|lpm_divide:Mod7|lpm_divide_kcm:auto_generated|sign_div_unsign_9nh:divider|alt_u_div_6af:divider|StageOut[809]~610            ; 2       ;
; bin32_to_7seg:inst13|lpm_divide:Mod7|lpm_divide_kcm:auto_generated|sign_div_unsign_9nh:divider|alt_u_div_6af:divider|StageOut[810]~609            ; 2       ;
; bin32_to_7seg:inst13|lpm_divide:Mod7|lpm_divide_kcm:auto_generated|sign_div_unsign_9nh:divider|alt_u_div_6af:divider|StageOut[811]~608            ; 2       ;
; bin32_to_7seg:inst13|lpm_divide:Mod7|lpm_divide_kcm:auto_generated|sign_div_unsign_9nh:divider|alt_u_div_6af:divider|StageOut[812]~607            ; 2       ;
; bin32_to_7seg:inst13|lpm_divide:Mod7|lpm_divide_kcm:auto_generated|sign_div_unsign_9nh:divider|alt_u_div_6af:divider|StageOut[813]~606            ; 2       ;
; bin32_to_7seg:inst13|lpm_divide:Mod7|lpm_divide_kcm:auto_generated|sign_div_unsign_9nh:divider|alt_u_div_6af:divider|StageOut[814]~605            ; 2       ;
; bin32_to_7seg:inst13|lpm_divide:Mod7|lpm_divide_kcm:auto_generated|sign_div_unsign_9nh:divider|alt_u_div_6af:divider|StageOut[815]~604            ; 2       ;
; bin32_to_7seg:inst13|lpm_divide:Mod7|lpm_divide_kcm:auto_generated|sign_div_unsign_9nh:divider|alt_u_div_6af:divider|StageOut[816]~603            ; 2       ;
; bin32_to_7seg:inst13|lpm_divide:Mod7|lpm_divide_kcm:auto_generated|sign_div_unsign_9nh:divider|alt_u_div_6af:divider|StageOut[817]~602            ; 2       ;
; bin32_to_7seg:inst13|lpm_divide:Mod7|lpm_divide_kcm:auto_generated|sign_div_unsign_9nh:divider|alt_u_div_6af:divider|StageOut[818]~601            ; 2       ;
; bin32_to_7seg:inst13|lpm_divide:Mod7|lpm_divide_kcm:auto_generated|sign_div_unsign_9nh:divider|alt_u_div_6af:divider|StageOut[819]~600            ; 2       ;
; bin32_to_7seg:inst13|lpm_divide:Mod7|lpm_divide_kcm:auto_generated|sign_div_unsign_9nh:divider|alt_u_div_6af:divider|StageOut[820]~599            ; 2       ;
; bin32_to_7seg:inst13|lpm_divide:Mod7|lpm_divide_kcm:auto_generated|sign_div_unsign_9nh:divider|alt_u_div_6af:divider|StageOut[821]~598            ; 2       ;
; bin32_to_7seg:inst13|lpm_divide:Mod7|lpm_divide_kcm:auto_generated|sign_div_unsign_9nh:divider|alt_u_div_6af:divider|StageOut[822]~597            ; 2       ;
; bin32_to_7seg:inst13|lpm_divide:Mod7|lpm_divide_kcm:auto_generated|sign_div_unsign_9nh:divider|alt_u_div_6af:divider|StageOut[823]~596            ; 2       ;
; bin32_to_7seg:inst13|lpm_divide:Mod7|lpm_divide_kcm:auto_generated|sign_div_unsign_9nh:divider|alt_u_div_6af:divider|StageOut[824]~595            ; 2       ;
; bin32_to_7seg:inst13|lpm_divide:Mod7|lpm_divide_kcm:auto_generated|sign_div_unsign_9nh:divider|alt_u_div_6af:divider|StageOut[825]~594            ; 2       ;
; bin32_to_7seg:inst13|lpm_divide:Div6|lpm_divide_0jm:auto_generated|sign_div_unsign_olh:divider|alt_u_div_47f:divider|StageOut[147]~186            ; 2       ;
; bin32_to_7seg:inst13|lpm_divide:Div6|lpm_divide_0jm:auto_generated|sign_div_unsign_olh:divider|alt_u_div_47f:divider|StageOut[142]~184            ; 2       ;
; bin32_to_7seg:inst13|lpm_divide:Div6|lpm_divide_0jm:auto_generated|sign_div_unsign_olh:divider|alt_u_div_47f:divider|StageOut[137]~182            ; 2       ;
; bin32_to_7seg:inst13|lpm_divide:Div6|lpm_divide_0jm:auto_generated|sign_div_unsign_olh:divider|alt_u_div_47f:divider|StageOut[132]~180            ; 2       ;
; bin32_to_7seg:inst13|lpm_divide:Div6|lpm_divide_0jm:auto_generated|sign_div_unsign_olh:divider|alt_u_div_47f:divider|StageOut[127]~178            ; 2       ;
; bin32_to_7seg:inst13|lpm_divide:Div6|lpm_divide_0jm:auto_generated|sign_div_unsign_olh:divider|alt_u_div_47f:divider|StageOut[122]~176            ; 2       ;
; bin32_to_7seg:inst13|lpm_divide:Div6|lpm_divide_0jm:auto_generated|sign_div_unsign_olh:divider|alt_u_div_47f:divider|StageOut[117]~174            ; 2       ;
; bin32_to_7seg:inst13|lpm_divide:Mod6|lpm_divide_kcm:auto_generated|sign_div_unsign_9nh:divider|alt_u_div_6af:divider|StageOut[962]~1043           ; 2       ;
; bin32_to_7seg:inst13|lpm_divide:Mod6|lpm_divide_kcm:auto_generated|sign_div_unsign_9nh:divider|alt_u_div_6af:divider|StageOut[930]~1014           ; 2       ;
; bin32_to_7seg:inst13|lpm_divide:Mod6|lpm_divide_kcm:auto_generated|sign_div_unsign_9nh:divider|alt_u_div_6af:divider|StageOut[931]~1013           ; 2       ;
; bin32_to_7seg:inst13|lpm_divide:Mod6|lpm_divide_kcm:auto_generated|sign_div_unsign_9nh:divider|alt_u_div_6af:divider|StageOut[932]~1012           ; 2       ;
; bin32_to_7seg:inst13|lpm_divide:Mod6|lpm_divide_kcm:auto_generated|sign_div_unsign_9nh:divider|alt_u_div_6af:divider|StageOut[933]~1011           ; 2       ;
; bin32_to_7seg:inst13|lpm_divide:Mod6|lpm_divide_kcm:auto_generated|sign_div_unsign_9nh:divider|alt_u_div_6af:divider|StageOut[934]~1010           ; 2       ;
; bin32_to_7seg:inst13|lpm_divide:Mod6|lpm_divide_kcm:auto_generated|sign_div_unsign_9nh:divider|alt_u_div_6af:divider|StageOut[935]~1009           ; 2       ;
; bin32_to_7seg:inst13|lpm_divide:Mod6|lpm_divide_kcm:auto_generated|sign_div_unsign_9nh:divider|alt_u_div_6af:divider|StageOut[936]~1008           ; 2       ;
; bin32_to_7seg:inst13|lpm_divide:Mod6|lpm_divide_kcm:auto_generated|sign_div_unsign_9nh:divider|alt_u_div_6af:divider|StageOut[937]~1007           ; 2       ;
; bin32_to_7seg:inst13|lpm_divide:Mod6|lpm_divide_kcm:auto_generated|sign_div_unsign_9nh:divider|alt_u_div_6af:divider|StageOut[938]~1006           ; 2       ;
; bin32_to_7seg:inst13|lpm_divide:Mod6|lpm_divide_kcm:auto_generated|sign_div_unsign_9nh:divider|alt_u_div_6af:divider|StageOut[939]~1005           ; 2       ;
; bin32_to_7seg:inst13|lpm_divide:Mod6|lpm_divide_kcm:auto_generated|sign_div_unsign_9nh:divider|alt_u_div_6af:divider|StageOut[940]~1004           ; 2       ;
; bin32_to_7seg:inst13|lpm_divide:Mod6|lpm_divide_kcm:auto_generated|sign_div_unsign_9nh:divider|alt_u_div_6af:divider|StageOut[941]~1003           ; 2       ;
; bin32_to_7seg:inst13|lpm_divide:Mod6|lpm_divide_kcm:auto_generated|sign_div_unsign_9nh:divider|alt_u_div_6af:divider|StageOut[942]~1002           ; 2       ;
; bin32_to_7seg:inst13|lpm_divide:Mod6|lpm_divide_kcm:auto_generated|sign_div_unsign_9nh:divider|alt_u_div_6af:divider|StageOut[943]~1001           ; 2       ;
; bin32_to_7seg:inst13|lpm_divide:Mod6|lpm_divide_kcm:auto_generated|sign_div_unsign_9nh:divider|alt_u_div_6af:divider|StageOut[944]~1000           ; 2       ;
; bin32_to_7seg:inst13|lpm_divide:Mod6|lpm_divide_kcm:auto_generated|sign_div_unsign_9nh:divider|alt_u_div_6af:divider|StageOut[945]~999            ; 2       ;
; bin32_to_7seg:inst13|lpm_divide:Mod6|lpm_divide_kcm:auto_generated|sign_div_unsign_9nh:divider|alt_u_div_6af:divider|StageOut[946]~998            ; 2       ;
; bin32_to_7seg:inst13|lpm_divide:Mod6|lpm_divide_kcm:auto_generated|sign_div_unsign_9nh:divider|alt_u_div_6af:divider|StageOut[947]~997            ; 2       ;
; bin32_to_7seg:inst13|lpm_divide:Mod6|lpm_divide_kcm:auto_generated|sign_div_unsign_9nh:divider|alt_u_div_6af:divider|StageOut[948]~996            ; 2       ;
; bin32_to_7seg:inst13|lpm_divide:Mod6|lpm_divide_kcm:auto_generated|sign_div_unsign_9nh:divider|alt_u_div_6af:divider|StageOut[949]~995            ; 2       ;
; bin32_to_7seg:inst13|lpm_divide:Mod6|lpm_divide_kcm:auto_generated|sign_div_unsign_9nh:divider|alt_u_div_6af:divider|StageOut[950]~994            ; 2       ;
; bin32_to_7seg:inst13|lpm_divide:Mod6|lpm_divide_kcm:auto_generated|sign_div_unsign_9nh:divider|alt_u_div_6af:divider|StageOut[951]~993            ; 2       ;
; bin32_to_7seg:inst13|lpm_divide:Mod6|lpm_divide_kcm:auto_generated|sign_div_unsign_9nh:divider|alt_u_div_6af:divider|StageOut[952]~992            ; 2       ;
; bin32_to_7seg:inst13|lpm_divide:Mod6|lpm_divide_kcm:auto_generated|sign_div_unsign_9nh:divider|alt_u_div_6af:divider|StageOut[953]~991            ; 2       ;
; bin32_to_7seg:inst13|lpm_divide:Mod6|lpm_divide_kcm:auto_generated|sign_div_unsign_9nh:divider|alt_u_div_6af:divider|StageOut[954]~990            ; 2       ;
; bin32_to_7seg:inst13|lpm_divide:Mod6|lpm_divide_kcm:auto_generated|sign_div_unsign_9nh:divider|alt_u_div_6af:divider|StageOut[955]~989            ; 2       ;
; bin32_to_7seg:inst13|lpm_divide:Mod6|lpm_divide_kcm:auto_generated|sign_div_unsign_9nh:divider|alt_u_div_6af:divider|StageOut[956]~988            ; 2       ;
; bin32_to_7seg:inst13|lpm_divide:Mod6|lpm_divide_kcm:auto_generated|sign_div_unsign_9nh:divider|alt_u_div_6af:divider|StageOut[957]~987            ; 2       ;
; bin32_to_7seg:inst13|lpm_divide:Mod6|lpm_divide_kcm:auto_generated|sign_div_unsign_9nh:divider|alt_u_div_6af:divider|StageOut[898]~986            ; 2       ;
; bin32_to_7seg:inst13|lpm_divide:Mod6|lpm_divide_kcm:auto_generated|sign_div_unsign_9nh:divider|alt_u_div_6af:divider|StageOut[899]~985            ; 2       ;
; bin32_to_7seg:inst13|lpm_divide:Mod6|lpm_divide_kcm:auto_generated|sign_div_unsign_9nh:divider|alt_u_div_6af:divider|StageOut[900]~984            ; 2       ;
; bin32_to_7seg:inst13|lpm_divide:Mod6|lpm_divide_kcm:auto_generated|sign_div_unsign_9nh:divider|alt_u_div_6af:divider|StageOut[901]~983            ; 2       ;
; bin32_to_7seg:inst13|lpm_divide:Mod6|lpm_divide_kcm:auto_generated|sign_div_unsign_9nh:divider|alt_u_div_6af:divider|StageOut[902]~982            ; 2       ;
; bin32_to_7seg:inst13|lpm_divide:Mod6|lpm_divide_kcm:auto_generated|sign_div_unsign_9nh:divider|alt_u_div_6af:divider|StageOut[903]~981            ; 2       ;
; bin32_to_7seg:inst13|lpm_divide:Mod6|lpm_divide_kcm:auto_generated|sign_div_unsign_9nh:divider|alt_u_div_6af:divider|StageOut[904]~980            ; 2       ;
; bin32_to_7seg:inst13|lpm_divide:Mod6|lpm_divide_kcm:auto_generated|sign_div_unsign_9nh:divider|alt_u_div_6af:divider|StageOut[905]~979            ; 2       ;
; bin32_to_7seg:inst13|lpm_divide:Mod6|lpm_divide_kcm:auto_generated|sign_div_unsign_9nh:divider|alt_u_div_6af:divider|StageOut[906]~978            ; 2       ;
; bin32_to_7seg:inst13|lpm_divide:Mod6|lpm_divide_kcm:auto_generated|sign_div_unsign_9nh:divider|alt_u_div_6af:divider|StageOut[907]~977            ; 2       ;
; bin32_to_7seg:inst13|lpm_divide:Mod6|lpm_divide_kcm:auto_generated|sign_div_unsign_9nh:divider|alt_u_div_6af:divider|StageOut[908]~976            ; 2       ;
; bin32_to_7seg:inst13|lpm_divide:Mod6|lpm_divide_kcm:auto_generated|sign_div_unsign_9nh:divider|alt_u_div_6af:divider|StageOut[909]~975            ; 2       ;
; bin32_to_7seg:inst13|lpm_divide:Mod6|lpm_divide_kcm:auto_generated|sign_div_unsign_9nh:divider|alt_u_div_6af:divider|StageOut[910]~974            ; 2       ;
; bin32_to_7seg:inst13|lpm_divide:Mod6|lpm_divide_kcm:auto_generated|sign_div_unsign_9nh:divider|alt_u_div_6af:divider|StageOut[911]~973            ; 2       ;
; bin32_to_7seg:inst13|lpm_divide:Mod6|lpm_divide_kcm:auto_generated|sign_div_unsign_9nh:divider|alt_u_div_6af:divider|StageOut[912]~972            ; 2       ;
; bin32_to_7seg:inst13|lpm_divide:Mod6|lpm_divide_kcm:auto_generated|sign_div_unsign_9nh:divider|alt_u_div_6af:divider|StageOut[913]~971            ; 2       ;
; bin32_to_7seg:inst13|lpm_divide:Mod6|lpm_divide_kcm:auto_generated|sign_div_unsign_9nh:divider|alt_u_div_6af:divider|StageOut[914]~970            ; 2       ;
; bin32_to_7seg:inst13|lpm_divide:Mod6|lpm_divide_kcm:auto_generated|sign_div_unsign_9nh:divider|alt_u_div_6af:divider|StageOut[915]~969            ; 2       ;
; bin32_to_7seg:inst13|lpm_divide:Mod6|lpm_divide_kcm:auto_generated|sign_div_unsign_9nh:divider|alt_u_div_6af:divider|StageOut[916]~968            ; 2       ;
; bin32_to_7seg:inst13|lpm_divide:Mod6|lpm_divide_kcm:auto_generated|sign_div_unsign_9nh:divider|alt_u_div_6af:divider|StageOut[917]~967            ; 2       ;
; bin32_to_7seg:inst13|lpm_divide:Mod6|lpm_divide_kcm:auto_generated|sign_div_unsign_9nh:divider|alt_u_div_6af:divider|StageOut[918]~966            ; 2       ;
; bin32_to_7seg:inst13|lpm_divide:Mod6|lpm_divide_kcm:auto_generated|sign_div_unsign_9nh:divider|alt_u_div_6af:divider|StageOut[919]~965            ; 2       ;
; bin32_to_7seg:inst13|lpm_divide:Mod6|lpm_divide_kcm:auto_generated|sign_div_unsign_9nh:divider|alt_u_div_6af:divider|StageOut[920]~964            ; 2       ;
; bin32_to_7seg:inst13|lpm_divide:Mod6|lpm_divide_kcm:auto_generated|sign_div_unsign_9nh:divider|alt_u_div_6af:divider|StageOut[921]~963            ; 2       ;
; bin32_to_7seg:inst13|lpm_divide:Mod6|lpm_divide_kcm:auto_generated|sign_div_unsign_9nh:divider|alt_u_div_6af:divider|StageOut[922]~962            ; 2       ;
; bin32_to_7seg:inst13|lpm_divide:Mod6|lpm_divide_kcm:auto_generated|sign_div_unsign_9nh:divider|alt_u_div_6af:divider|StageOut[923]~961            ; 2       ;
; bin32_to_7seg:inst13|lpm_divide:Mod6|lpm_divide_kcm:auto_generated|sign_div_unsign_9nh:divider|alt_u_div_6af:divider|StageOut[924]~960            ; 2       ;
; bin32_to_7seg:inst13|lpm_divide:Mod6|lpm_divide_kcm:auto_generated|sign_div_unsign_9nh:divider|alt_u_div_6af:divider|StageOut[866]~959            ; 2       ;
; bin32_to_7seg:inst13|lpm_divide:Mod6|lpm_divide_kcm:auto_generated|sign_div_unsign_9nh:divider|alt_u_div_6af:divider|StageOut[867]~958            ; 2       ;
; bin32_to_7seg:inst13|lpm_divide:Mod6|lpm_divide_kcm:auto_generated|sign_div_unsign_9nh:divider|alt_u_div_6af:divider|StageOut[868]~957            ; 2       ;
; bin32_to_7seg:inst13|lpm_divide:Mod6|lpm_divide_kcm:auto_generated|sign_div_unsign_9nh:divider|alt_u_div_6af:divider|StageOut[869]~956            ; 2       ;
; bin32_to_7seg:inst13|lpm_divide:Mod6|lpm_divide_kcm:auto_generated|sign_div_unsign_9nh:divider|alt_u_div_6af:divider|StageOut[870]~955            ; 2       ;
; bin32_to_7seg:inst13|lpm_divide:Mod6|lpm_divide_kcm:auto_generated|sign_div_unsign_9nh:divider|alt_u_div_6af:divider|StageOut[871]~954            ; 2       ;
; bin32_to_7seg:inst13|lpm_divide:Mod6|lpm_divide_kcm:auto_generated|sign_div_unsign_9nh:divider|alt_u_div_6af:divider|StageOut[872]~953            ; 2       ;
; bin32_to_7seg:inst13|lpm_divide:Mod6|lpm_divide_kcm:auto_generated|sign_div_unsign_9nh:divider|alt_u_div_6af:divider|StageOut[873]~952            ; 2       ;
; bin32_to_7seg:inst13|lpm_divide:Mod6|lpm_divide_kcm:auto_generated|sign_div_unsign_9nh:divider|alt_u_div_6af:divider|StageOut[874]~951            ; 2       ;
; bin32_to_7seg:inst13|lpm_divide:Mod6|lpm_divide_kcm:auto_generated|sign_div_unsign_9nh:divider|alt_u_div_6af:divider|StageOut[875]~950            ; 2       ;
; bin32_to_7seg:inst13|lpm_divide:Mod6|lpm_divide_kcm:auto_generated|sign_div_unsign_9nh:divider|alt_u_div_6af:divider|StageOut[876]~949            ; 2       ;
; bin32_to_7seg:inst13|lpm_divide:Mod6|lpm_divide_kcm:auto_generated|sign_div_unsign_9nh:divider|alt_u_div_6af:divider|StageOut[877]~948            ; 2       ;
; bin32_to_7seg:inst13|lpm_divide:Mod6|lpm_divide_kcm:auto_generated|sign_div_unsign_9nh:divider|alt_u_div_6af:divider|StageOut[878]~947            ; 2       ;
; bin32_to_7seg:inst13|lpm_divide:Mod6|lpm_divide_kcm:auto_generated|sign_div_unsign_9nh:divider|alt_u_div_6af:divider|StageOut[879]~946            ; 2       ;
; bin32_to_7seg:inst13|lpm_divide:Mod6|lpm_divide_kcm:auto_generated|sign_div_unsign_9nh:divider|alt_u_div_6af:divider|StageOut[880]~945            ; 2       ;
; bin32_to_7seg:inst13|lpm_divide:Mod6|lpm_divide_kcm:auto_generated|sign_div_unsign_9nh:divider|alt_u_div_6af:divider|StageOut[881]~944            ; 2       ;
; bin32_to_7seg:inst13|lpm_divide:Mod6|lpm_divide_kcm:auto_generated|sign_div_unsign_9nh:divider|alt_u_div_6af:divider|StageOut[882]~943            ; 2       ;
; bin32_to_7seg:inst13|lpm_divide:Mod6|lpm_divide_kcm:auto_generated|sign_div_unsign_9nh:divider|alt_u_div_6af:divider|StageOut[883]~942            ; 2       ;
; bin32_to_7seg:inst13|lpm_divide:Mod6|lpm_divide_kcm:auto_generated|sign_div_unsign_9nh:divider|alt_u_div_6af:divider|StageOut[884]~941            ; 2       ;
; bin32_to_7seg:inst13|lpm_divide:Mod6|lpm_divide_kcm:auto_generated|sign_div_unsign_9nh:divider|alt_u_div_6af:divider|StageOut[885]~940            ; 2       ;
; bin32_to_7seg:inst13|lpm_divide:Mod6|lpm_divide_kcm:auto_generated|sign_div_unsign_9nh:divider|alt_u_div_6af:divider|StageOut[886]~939            ; 2       ;
; bin32_to_7seg:inst13|lpm_divide:Mod6|lpm_divide_kcm:auto_generated|sign_div_unsign_9nh:divider|alt_u_div_6af:divider|StageOut[887]~938            ; 2       ;
; bin32_to_7seg:inst13|lpm_divide:Mod6|lpm_divide_kcm:auto_generated|sign_div_unsign_9nh:divider|alt_u_div_6af:divider|StageOut[888]~937            ; 2       ;
; bin32_to_7seg:inst13|lpm_divide:Mod6|lpm_divide_kcm:auto_generated|sign_div_unsign_9nh:divider|alt_u_div_6af:divider|StageOut[889]~936            ; 2       ;
; bin32_to_7seg:inst13|lpm_divide:Mod6|lpm_divide_kcm:auto_generated|sign_div_unsign_9nh:divider|alt_u_div_6af:divider|StageOut[890]~935            ; 2       ;
; bin32_to_7seg:inst13|lpm_divide:Mod6|lpm_divide_kcm:auto_generated|sign_div_unsign_9nh:divider|alt_u_div_6af:divider|StageOut[891]~934            ; 2       ;
; bin32_to_7seg:inst13|lpm_divide:Mod6|lpm_divide_kcm:auto_generated|sign_div_unsign_9nh:divider|alt_u_div_6af:divider|StageOut[834]~933            ; 2       ;
; bin32_to_7seg:inst13|lpm_divide:Mod6|lpm_divide_kcm:auto_generated|sign_div_unsign_9nh:divider|alt_u_div_6af:divider|StageOut[835]~932            ; 2       ;
; bin32_to_7seg:inst13|lpm_divide:Mod6|lpm_divide_kcm:auto_generated|sign_div_unsign_9nh:divider|alt_u_div_6af:divider|StageOut[836]~931            ; 2       ;
; bin32_to_7seg:inst13|lpm_divide:Mod6|lpm_divide_kcm:auto_generated|sign_div_unsign_9nh:divider|alt_u_div_6af:divider|StageOut[837]~930            ; 2       ;
; bin32_to_7seg:inst13|lpm_divide:Mod6|lpm_divide_kcm:auto_generated|sign_div_unsign_9nh:divider|alt_u_div_6af:divider|StageOut[838]~929            ; 2       ;
; bin32_to_7seg:inst13|lpm_divide:Mod6|lpm_divide_kcm:auto_generated|sign_div_unsign_9nh:divider|alt_u_div_6af:divider|StageOut[839]~928            ; 2       ;
; bin32_to_7seg:inst13|lpm_divide:Mod6|lpm_divide_kcm:auto_generated|sign_div_unsign_9nh:divider|alt_u_div_6af:divider|StageOut[840]~927            ; 2       ;
; bin32_to_7seg:inst13|lpm_divide:Mod6|lpm_divide_kcm:auto_generated|sign_div_unsign_9nh:divider|alt_u_div_6af:divider|StageOut[841]~926            ; 2       ;
; bin32_to_7seg:inst13|lpm_divide:Mod6|lpm_divide_kcm:auto_generated|sign_div_unsign_9nh:divider|alt_u_div_6af:divider|StageOut[842]~925            ; 2       ;
; bin32_to_7seg:inst13|lpm_divide:Mod6|lpm_divide_kcm:auto_generated|sign_div_unsign_9nh:divider|alt_u_div_6af:divider|StageOut[843]~924            ; 2       ;
; bin32_to_7seg:inst13|lpm_divide:Mod6|lpm_divide_kcm:auto_generated|sign_div_unsign_9nh:divider|alt_u_div_6af:divider|StageOut[844]~923            ; 2       ;
; bin32_to_7seg:inst13|lpm_divide:Mod6|lpm_divide_kcm:auto_generated|sign_div_unsign_9nh:divider|alt_u_div_6af:divider|StageOut[845]~922            ; 2       ;
; bin32_to_7seg:inst13|lpm_divide:Mod6|lpm_divide_kcm:auto_generated|sign_div_unsign_9nh:divider|alt_u_div_6af:divider|StageOut[846]~921            ; 2       ;
; bin32_to_7seg:inst13|lpm_divide:Mod6|lpm_divide_kcm:auto_generated|sign_div_unsign_9nh:divider|alt_u_div_6af:divider|StageOut[847]~920            ; 2       ;
; bin32_to_7seg:inst13|lpm_divide:Mod6|lpm_divide_kcm:auto_generated|sign_div_unsign_9nh:divider|alt_u_div_6af:divider|StageOut[848]~919            ; 2       ;
; bin32_to_7seg:inst13|lpm_divide:Mod6|lpm_divide_kcm:auto_generated|sign_div_unsign_9nh:divider|alt_u_div_6af:divider|StageOut[849]~918            ; 2       ;
; bin32_to_7seg:inst13|lpm_divide:Mod6|lpm_divide_kcm:auto_generated|sign_div_unsign_9nh:divider|alt_u_div_6af:divider|StageOut[850]~917            ; 2       ;
; bin32_to_7seg:inst13|lpm_divide:Mod6|lpm_divide_kcm:auto_generated|sign_div_unsign_9nh:divider|alt_u_div_6af:divider|StageOut[851]~916            ; 2       ;
; bin32_to_7seg:inst13|lpm_divide:Mod6|lpm_divide_kcm:auto_generated|sign_div_unsign_9nh:divider|alt_u_div_6af:divider|StageOut[852]~915            ; 2       ;
; bin32_to_7seg:inst13|lpm_divide:Mod6|lpm_divide_kcm:auto_generated|sign_div_unsign_9nh:divider|alt_u_div_6af:divider|StageOut[853]~914            ; 2       ;
; bin32_to_7seg:inst13|lpm_divide:Mod6|lpm_divide_kcm:auto_generated|sign_div_unsign_9nh:divider|alt_u_div_6af:divider|StageOut[854]~913            ; 2       ;
; bin32_to_7seg:inst13|lpm_divide:Mod6|lpm_divide_kcm:auto_generated|sign_div_unsign_9nh:divider|alt_u_div_6af:divider|StageOut[855]~912            ; 2       ;
; bin32_to_7seg:inst13|lpm_divide:Mod6|lpm_divide_kcm:auto_generated|sign_div_unsign_9nh:divider|alt_u_div_6af:divider|StageOut[856]~911            ; 2       ;
; bin32_to_7seg:inst13|lpm_divide:Mod6|lpm_divide_kcm:auto_generated|sign_div_unsign_9nh:divider|alt_u_div_6af:divider|StageOut[857]~910            ; 2       ;
; bin32_to_7seg:inst13|lpm_divide:Mod6|lpm_divide_kcm:auto_generated|sign_div_unsign_9nh:divider|alt_u_div_6af:divider|StageOut[858]~909            ; 2       ;
; bin32_to_7seg:inst13|lpm_divide:Mod6|lpm_divide_kcm:auto_generated|sign_div_unsign_9nh:divider|alt_u_div_6af:divider|StageOut[802]~908            ; 2       ;
; bin32_to_7seg:inst13|lpm_divide:Mod6|lpm_divide_kcm:auto_generated|sign_div_unsign_9nh:divider|alt_u_div_6af:divider|StageOut[803]~907            ; 2       ;
; bin32_to_7seg:inst13|lpm_divide:Mod6|lpm_divide_kcm:auto_generated|sign_div_unsign_9nh:divider|alt_u_div_6af:divider|StageOut[804]~906            ; 2       ;
; bin32_to_7seg:inst13|lpm_divide:Mod6|lpm_divide_kcm:auto_generated|sign_div_unsign_9nh:divider|alt_u_div_6af:divider|StageOut[805]~905            ; 2       ;
; bin32_to_7seg:inst13|lpm_divide:Mod6|lpm_divide_kcm:auto_generated|sign_div_unsign_9nh:divider|alt_u_div_6af:divider|StageOut[806]~904            ; 2       ;
; bin32_to_7seg:inst13|lpm_divide:Mod6|lpm_divide_kcm:auto_generated|sign_div_unsign_9nh:divider|alt_u_div_6af:divider|StageOut[807]~903            ; 2       ;
; bin32_to_7seg:inst13|lpm_divide:Mod6|lpm_divide_kcm:auto_generated|sign_div_unsign_9nh:divider|alt_u_div_6af:divider|StageOut[808]~902            ; 2       ;
; bin32_to_7seg:inst13|lpm_divide:Mod6|lpm_divide_kcm:auto_generated|sign_div_unsign_9nh:divider|alt_u_div_6af:divider|StageOut[809]~901            ; 2       ;
; bin32_to_7seg:inst13|lpm_divide:Mod6|lpm_divide_kcm:auto_generated|sign_div_unsign_9nh:divider|alt_u_div_6af:divider|StageOut[810]~900            ; 2       ;
; bin32_to_7seg:inst13|lpm_divide:Mod6|lpm_divide_kcm:auto_generated|sign_div_unsign_9nh:divider|alt_u_div_6af:divider|StageOut[811]~899            ; 2       ;
; bin32_to_7seg:inst13|lpm_divide:Mod6|lpm_divide_kcm:auto_generated|sign_div_unsign_9nh:divider|alt_u_div_6af:divider|StageOut[812]~898            ; 2       ;
; bin32_to_7seg:inst13|lpm_divide:Mod6|lpm_divide_kcm:auto_generated|sign_div_unsign_9nh:divider|alt_u_div_6af:divider|StageOut[813]~897            ; 2       ;
; bin32_to_7seg:inst13|lpm_divide:Mod6|lpm_divide_kcm:auto_generated|sign_div_unsign_9nh:divider|alt_u_div_6af:divider|StageOut[814]~896            ; 2       ;
; bin32_to_7seg:inst13|lpm_divide:Mod6|lpm_divide_kcm:auto_generated|sign_div_unsign_9nh:divider|alt_u_div_6af:divider|StageOut[815]~895            ; 2       ;
; bin32_to_7seg:inst13|lpm_divide:Mod6|lpm_divide_kcm:auto_generated|sign_div_unsign_9nh:divider|alt_u_div_6af:divider|StageOut[816]~894            ; 2       ;
; bin32_to_7seg:inst13|lpm_divide:Mod6|lpm_divide_kcm:auto_generated|sign_div_unsign_9nh:divider|alt_u_div_6af:divider|StageOut[817]~893            ; 2       ;
; bin32_to_7seg:inst13|lpm_divide:Mod6|lpm_divide_kcm:auto_generated|sign_div_unsign_9nh:divider|alt_u_div_6af:divider|StageOut[818]~892            ; 2       ;
; bin32_to_7seg:inst13|lpm_divide:Mod6|lpm_divide_kcm:auto_generated|sign_div_unsign_9nh:divider|alt_u_div_6af:divider|StageOut[819]~891            ; 2       ;
; bin32_to_7seg:inst13|lpm_divide:Mod6|lpm_divide_kcm:auto_generated|sign_div_unsign_9nh:divider|alt_u_div_6af:divider|StageOut[820]~890            ; 2       ;
; bin32_to_7seg:inst13|lpm_divide:Mod6|lpm_divide_kcm:auto_generated|sign_div_unsign_9nh:divider|alt_u_div_6af:divider|StageOut[821]~889            ; 2       ;
; bin32_to_7seg:inst13|lpm_divide:Mod6|lpm_divide_kcm:auto_generated|sign_div_unsign_9nh:divider|alt_u_div_6af:divider|StageOut[822]~888            ; 2       ;
; bin32_to_7seg:inst13|lpm_divide:Mod6|lpm_divide_kcm:auto_generated|sign_div_unsign_9nh:divider|alt_u_div_6af:divider|StageOut[823]~887            ; 2       ;
; bin32_to_7seg:inst13|lpm_divide:Mod6|lpm_divide_kcm:auto_generated|sign_div_unsign_9nh:divider|alt_u_div_6af:divider|StageOut[824]~886            ; 2       ;
; bin32_to_7seg:inst13|lpm_divide:Mod6|lpm_divide_kcm:auto_generated|sign_div_unsign_9nh:divider|alt_u_div_6af:divider|StageOut[825]~885            ; 2       ;
; bin32_to_7seg:inst13|lpm_divide:Mod6|lpm_divide_kcm:auto_generated|sign_div_unsign_9nh:divider|alt_u_div_6af:divider|StageOut[770]~884            ; 2       ;
; bin32_to_7seg:inst13|lpm_divide:Mod6|lpm_divide_kcm:auto_generated|sign_div_unsign_9nh:divider|alt_u_div_6af:divider|StageOut[771]~883            ; 2       ;
; bin32_to_7seg:inst13|lpm_divide:Mod6|lpm_divide_kcm:auto_generated|sign_div_unsign_9nh:divider|alt_u_div_6af:divider|StageOut[772]~882            ; 2       ;
; bin32_to_7seg:inst13|lpm_divide:Mod6|lpm_divide_kcm:auto_generated|sign_div_unsign_9nh:divider|alt_u_div_6af:divider|StageOut[773]~881            ; 2       ;
; bin32_to_7seg:inst13|lpm_divide:Mod6|lpm_divide_kcm:auto_generated|sign_div_unsign_9nh:divider|alt_u_div_6af:divider|StageOut[774]~880            ; 2       ;
; bin32_to_7seg:inst13|lpm_divide:Mod6|lpm_divide_kcm:auto_generated|sign_div_unsign_9nh:divider|alt_u_div_6af:divider|StageOut[775]~879            ; 2       ;
; bin32_to_7seg:inst13|lpm_divide:Mod6|lpm_divide_kcm:auto_generated|sign_div_unsign_9nh:divider|alt_u_div_6af:divider|StageOut[776]~878            ; 2       ;
; bin32_to_7seg:inst13|lpm_divide:Mod6|lpm_divide_kcm:auto_generated|sign_div_unsign_9nh:divider|alt_u_div_6af:divider|StageOut[777]~877            ; 2       ;
; bin32_to_7seg:inst13|lpm_divide:Mod6|lpm_divide_kcm:auto_generated|sign_div_unsign_9nh:divider|alt_u_div_6af:divider|StageOut[778]~876            ; 2       ;
; bin32_to_7seg:inst13|lpm_divide:Mod6|lpm_divide_kcm:auto_generated|sign_div_unsign_9nh:divider|alt_u_div_6af:divider|StageOut[779]~875            ; 2       ;
; bin32_to_7seg:inst13|lpm_divide:Mod6|lpm_divide_kcm:auto_generated|sign_div_unsign_9nh:divider|alt_u_div_6af:divider|StageOut[780]~874            ; 2       ;
; bin32_to_7seg:inst13|lpm_divide:Mod6|lpm_divide_kcm:auto_generated|sign_div_unsign_9nh:divider|alt_u_div_6af:divider|StageOut[781]~873            ; 2       ;
; bin32_to_7seg:inst13|lpm_divide:Mod6|lpm_divide_kcm:auto_generated|sign_div_unsign_9nh:divider|alt_u_div_6af:divider|StageOut[782]~872            ; 2       ;
; bin32_to_7seg:inst13|lpm_divide:Mod6|lpm_divide_kcm:auto_generated|sign_div_unsign_9nh:divider|alt_u_div_6af:divider|StageOut[783]~871            ; 2       ;
; bin32_to_7seg:inst13|lpm_divide:Mod6|lpm_divide_kcm:auto_generated|sign_div_unsign_9nh:divider|alt_u_div_6af:divider|StageOut[784]~870            ; 2       ;
; bin32_to_7seg:inst13|lpm_divide:Mod6|lpm_divide_kcm:auto_generated|sign_div_unsign_9nh:divider|alt_u_div_6af:divider|StageOut[785]~869            ; 2       ;
; bin32_to_7seg:inst13|lpm_divide:Mod6|lpm_divide_kcm:auto_generated|sign_div_unsign_9nh:divider|alt_u_div_6af:divider|StageOut[786]~868            ; 2       ;
; bin32_to_7seg:inst13|lpm_divide:Mod6|lpm_divide_kcm:auto_generated|sign_div_unsign_9nh:divider|alt_u_div_6af:divider|StageOut[787]~867            ; 2       ;
; bin32_to_7seg:inst13|lpm_divide:Mod6|lpm_divide_kcm:auto_generated|sign_div_unsign_9nh:divider|alt_u_div_6af:divider|StageOut[788]~866            ; 2       ;
; bin32_to_7seg:inst13|lpm_divide:Mod6|lpm_divide_kcm:auto_generated|sign_div_unsign_9nh:divider|alt_u_div_6af:divider|StageOut[789]~865            ; 2       ;
; bin32_to_7seg:inst13|lpm_divide:Mod6|lpm_divide_kcm:auto_generated|sign_div_unsign_9nh:divider|alt_u_div_6af:divider|StageOut[790]~864            ; 2       ;
; bin32_to_7seg:inst13|lpm_divide:Mod6|lpm_divide_kcm:auto_generated|sign_div_unsign_9nh:divider|alt_u_div_6af:divider|StageOut[791]~863            ; 2       ;
; bin32_to_7seg:inst13|lpm_divide:Mod6|lpm_divide_kcm:auto_generated|sign_div_unsign_9nh:divider|alt_u_div_6af:divider|StageOut[792]~862            ; 2       ;
; bin32_to_7seg:inst13|lpm_divide:Mod6|lpm_divide_kcm:auto_generated|sign_div_unsign_9nh:divider|alt_u_div_6af:divider|StageOut[738]~861            ; 2       ;
; bin32_to_7seg:inst13|lpm_divide:Mod6|lpm_divide_kcm:auto_generated|sign_div_unsign_9nh:divider|alt_u_div_6af:divider|StageOut[739]~860            ; 2       ;
; bin32_to_7seg:inst13|lpm_divide:Mod6|lpm_divide_kcm:auto_generated|sign_div_unsign_9nh:divider|alt_u_div_6af:divider|StageOut[740]~859            ; 2       ;
; bin32_to_7seg:inst13|lpm_divide:Mod6|lpm_divide_kcm:auto_generated|sign_div_unsign_9nh:divider|alt_u_div_6af:divider|StageOut[741]~858            ; 2       ;
; bin32_to_7seg:inst13|lpm_divide:Mod6|lpm_divide_kcm:auto_generated|sign_div_unsign_9nh:divider|alt_u_div_6af:divider|StageOut[742]~857            ; 2       ;
; bin32_to_7seg:inst13|lpm_divide:Mod6|lpm_divide_kcm:auto_generated|sign_div_unsign_9nh:divider|alt_u_div_6af:divider|StageOut[743]~856            ; 2       ;
; bin32_to_7seg:inst13|lpm_divide:Mod6|lpm_divide_kcm:auto_generated|sign_div_unsign_9nh:divider|alt_u_div_6af:divider|StageOut[744]~855            ; 2       ;
; bin32_to_7seg:inst13|lpm_divide:Mod6|lpm_divide_kcm:auto_generated|sign_div_unsign_9nh:divider|alt_u_div_6af:divider|StageOut[745]~854            ; 2       ;
; bin32_to_7seg:inst13|lpm_divide:Mod6|lpm_divide_kcm:auto_generated|sign_div_unsign_9nh:divider|alt_u_div_6af:divider|StageOut[746]~853            ; 2       ;
; bin32_to_7seg:inst13|lpm_divide:Mod6|lpm_divide_kcm:auto_generated|sign_div_unsign_9nh:divider|alt_u_div_6af:divider|StageOut[747]~852            ; 2       ;
; bin32_to_7seg:inst13|lpm_divide:Mod6|lpm_divide_kcm:auto_generated|sign_div_unsign_9nh:divider|alt_u_div_6af:divider|StageOut[748]~851            ; 2       ;
; bin32_to_7seg:inst13|lpm_divide:Mod6|lpm_divide_kcm:auto_generated|sign_div_unsign_9nh:divider|alt_u_div_6af:divider|StageOut[749]~850            ; 2       ;
; bin32_to_7seg:inst13|lpm_divide:Mod6|lpm_divide_kcm:auto_generated|sign_div_unsign_9nh:divider|alt_u_div_6af:divider|StageOut[750]~849            ; 2       ;
; bin32_to_7seg:inst13|lpm_divide:Mod6|lpm_divide_kcm:auto_generated|sign_div_unsign_9nh:divider|alt_u_div_6af:divider|StageOut[751]~848            ; 2       ;
; bin32_to_7seg:inst13|lpm_divide:Mod6|lpm_divide_kcm:auto_generated|sign_div_unsign_9nh:divider|alt_u_div_6af:divider|StageOut[752]~847            ; 2       ;
; bin32_to_7seg:inst13|lpm_divide:Mod6|lpm_divide_kcm:auto_generated|sign_div_unsign_9nh:divider|alt_u_div_6af:divider|StageOut[753]~846            ; 2       ;
; bin32_to_7seg:inst13|lpm_divide:Mod6|lpm_divide_kcm:auto_generated|sign_div_unsign_9nh:divider|alt_u_div_6af:divider|StageOut[754]~845            ; 2       ;
; bin32_to_7seg:inst13|lpm_divide:Mod6|lpm_divide_kcm:auto_generated|sign_div_unsign_9nh:divider|alt_u_div_6af:divider|StageOut[755]~844            ; 2       ;
; bin32_to_7seg:inst13|lpm_divide:Mod6|lpm_divide_kcm:auto_generated|sign_div_unsign_9nh:divider|alt_u_div_6af:divider|StageOut[756]~843            ; 2       ;
; bin32_to_7seg:inst13|lpm_divide:Mod6|lpm_divide_kcm:auto_generated|sign_div_unsign_9nh:divider|alt_u_div_6af:divider|StageOut[757]~842            ; 2       ;
; bin32_to_7seg:inst13|lpm_divide:Mod6|lpm_divide_kcm:auto_generated|sign_div_unsign_9nh:divider|alt_u_div_6af:divider|StageOut[758]~841            ; 2       ;
; bin32_to_7seg:inst13|lpm_divide:Mod6|lpm_divide_kcm:auto_generated|sign_div_unsign_9nh:divider|alt_u_div_6af:divider|StageOut[759]~840            ; 2       ;
; bin32_to_7seg:inst13|lpm_divide:Mod6|lpm_divide_kcm:auto_generated|sign_div_unsign_9nh:divider|alt_u_div_6af:divider|StageOut[709]~839            ; 2       ;
; bin32_to_7seg:inst13|lpm_divide:Mod6|lpm_divide_kcm:auto_generated|sign_div_unsign_9nh:divider|alt_u_div_6af:divider|StageOut[710]~838            ; 2       ;
; bin32_to_7seg:inst13|lpm_divide:Mod6|lpm_divide_kcm:auto_generated|sign_div_unsign_9nh:divider|alt_u_div_6af:divider|StageOut[711]~837            ; 2       ;
; bin32_to_7seg:inst13|lpm_divide:Mod6|lpm_divide_kcm:auto_generated|sign_div_unsign_9nh:divider|alt_u_div_6af:divider|StageOut[712]~836            ; 2       ;
; bin32_to_7seg:inst13|lpm_divide:Mod6|lpm_divide_kcm:auto_generated|sign_div_unsign_9nh:divider|alt_u_div_6af:divider|StageOut[713]~835            ; 2       ;
; bin32_to_7seg:inst13|lpm_divide:Mod6|lpm_divide_kcm:auto_generated|sign_div_unsign_9nh:divider|alt_u_div_6af:divider|StageOut[714]~834            ; 2       ;
; bin32_to_7seg:inst13|lpm_divide:Mod6|lpm_divide_kcm:auto_generated|sign_div_unsign_9nh:divider|alt_u_div_6af:divider|StageOut[715]~833            ; 2       ;
; bin32_to_7seg:inst13|lpm_divide:Mod6|lpm_divide_kcm:auto_generated|sign_div_unsign_9nh:divider|alt_u_div_6af:divider|StageOut[716]~832            ; 2       ;
; bin32_to_7seg:inst13|lpm_divide:Mod6|lpm_divide_kcm:auto_generated|sign_div_unsign_9nh:divider|alt_u_div_6af:divider|StageOut[717]~831            ; 2       ;
; bin32_to_7seg:inst13|lpm_divide:Mod6|lpm_divide_kcm:auto_generated|sign_div_unsign_9nh:divider|alt_u_div_6af:divider|StageOut[718]~830            ; 2       ;
; bin32_to_7seg:inst13|lpm_divide:Mod6|lpm_divide_kcm:auto_generated|sign_div_unsign_9nh:divider|alt_u_div_6af:divider|StageOut[719]~829            ; 2       ;
; bin32_to_7seg:inst13|lpm_divide:Mod6|lpm_divide_kcm:auto_generated|sign_div_unsign_9nh:divider|alt_u_div_6af:divider|StageOut[720]~828            ; 2       ;
; bin32_to_7seg:inst13|lpm_divide:Mod6|lpm_divide_kcm:auto_generated|sign_div_unsign_9nh:divider|alt_u_div_6af:divider|StageOut[721]~827            ; 2       ;
; bin32_to_7seg:inst13|lpm_divide:Mod6|lpm_divide_kcm:auto_generated|sign_div_unsign_9nh:divider|alt_u_div_6af:divider|StageOut[722]~826            ; 2       ;
; bin32_to_7seg:inst13|lpm_divide:Mod6|lpm_divide_kcm:auto_generated|sign_div_unsign_9nh:divider|alt_u_div_6af:divider|StageOut[723]~825            ; 2       ;
; bin32_to_7seg:inst13|lpm_divide:Mod6|lpm_divide_kcm:auto_generated|sign_div_unsign_9nh:divider|alt_u_div_6af:divider|StageOut[724]~824            ; 2       ;
; bin32_to_7seg:inst13|lpm_divide:Mod6|lpm_divide_kcm:auto_generated|sign_div_unsign_9nh:divider|alt_u_div_6af:divider|StageOut[725]~823            ; 2       ;
; bin32_to_7seg:inst13|lpm_divide:Mod6|lpm_divide_kcm:auto_generated|sign_div_unsign_9nh:divider|alt_u_div_6af:divider|StageOut[726]~822            ; 2       ;
; bin32_to_7seg:inst13|lpm_divide:Div5|lpm_divide_0jm:auto_generated|sign_div_unsign_olh:divider|alt_u_div_47f:divider|StageOut[147]~243            ; 2       ;
; bin32_to_7seg:inst13|lpm_divide:Div5|lpm_divide_0jm:auto_generated|sign_div_unsign_olh:divider|alt_u_div_47f:divider|StageOut[142]~241            ; 2       ;
; bin32_to_7seg:inst13|lpm_divide:Div5|lpm_divide_0jm:auto_generated|sign_div_unsign_olh:divider|alt_u_div_47f:divider|StageOut[137]~239            ; 2       ;
; bin32_to_7seg:inst13|lpm_divide:Div5|lpm_divide_0jm:auto_generated|sign_div_unsign_olh:divider|alt_u_div_47f:divider|StageOut[132]~237            ; 2       ;
; bin32_to_7seg:inst13|lpm_divide:Div5|lpm_divide_0jm:auto_generated|sign_div_unsign_olh:divider|alt_u_div_47f:divider|StageOut[127]~235            ; 2       ;
; bin32_to_7seg:inst13|lpm_divide:Div5|lpm_divide_0jm:auto_generated|sign_div_unsign_olh:divider|alt_u_div_47f:divider|StageOut[122]~233            ; 2       ;
; bin32_to_7seg:inst13|lpm_divide:Div5|lpm_divide_0jm:auto_generated|sign_div_unsign_olh:divider|alt_u_div_47f:divider|StageOut[117]~231            ; 2       ;
; bin32_to_7seg:inst13|lpm_divide:Div5|lpm_divide_0jm:auto_generated|sign_div_unsign_olh:divider|alt_u_div_47f:divider|StageOut[112]~229            ; 2       ;
; bin32_to_7seg:inst13|lpm_divide:Div5|lpm_divide_0jm:auto_generated|sign_div_unsign_olh:divider|alt_u_div_47f:divider|StageOut[107]~227            ; 2       ;
; bin32_to_7seg:inst13|lpm_divide:Div5|lpm_divide_0jm:auto_generated|sign_div_unsign_olh:divider|alt_u_div_47f:divider|StageOut[102]~225            ; 2       ;
; bin32_to_7seg:inst13|lpm_divide:Mod5|lpm_divide_kcm:auto_generated|sign_div_unsign_9nh:divider|alt_u_div_6af:divider|StageOut[962]~1301           ; 2       ;
; bin32_to_7seg:inst13|lpm_divide:Mod5|lpm_divide_kcm:auto_generated|sign_div_unsign_9nh:divider|alt_u_div_6af:divider|StageOut[930]~1272           ; 2       ;
; bin32_to_7seg:inst13|lpm_divide:Mod5|lpm_divide_kcm:auto_generated|sign_div_unsign_9nh:divider|alt_u_div_6af:divider|StageOut[931]~1271           ; 2       ;
; bin32_to_7seg:inst13|lpm_divide:Mod5|lpm_divide_kcm:auto_generated|sign_div_unsign_9nh:divider|alt_u_div_6af:divider|StageOut[932]~1270           ; 2       ;
; bin32_to_7seg:inst13|lpm_divide:Mod5|lpm_divide_kcm:auto_generated|sign_div_unsign_9nh:divider|alt_u_div_6af:divider|StageOut[933]~1269           ; 2       ;
; bin32_to_7seg:inst13|lpm_divide:Mod5|lpm_divide_kcm:auto_generated|sign_div_unsign_9nh:divider|alt_u_div_6af:divider|StageOut[934]~1268           ; 2       ;
; bin32_to_7seg:inst13|lpm_divide:Mod5|lpm_divide_kcm:auto_generated|sign_div_unsign_9nh:divider|alt_u_div_6af:divider|StageOut[935]~1267           ; 2       ;
; bin32_to_7seg:inst13|lpm_divide:Mod5|lpm_divide_kcm:auto_generated|sign_div_unsign_9nh:divider|alt_u_div_6af:divider|StageOut[936]~1266           ; 2       ;
; bin32_to_7seg:inst13|lpm_divide:Mod5|lpm_divide_kcm:auto_generated|sign_div_unsign_9nh:divider|alt_u_div_6af:divider|StageOut[937]~1265           ; 2       ;
; bin32_to_7seg:inst13|lpm_divide:Mod5|lpm_divide_kcm:auto_generated|sign_div_unsign_9nh:divider|alt_u_div_6af:divider|StageOut[938]~1264           ; 2       ;
; bin32_to_7seg:inst13|lpm_divide:Mod5|lpm_divide_kcm:auto_generated|sign_div_unsign_9nh:divider|alt_u_div_6af:divider|StageOut[939]~1263           ; 2       ;
; bin32_to_7seg:inst13|lpm_divide:Mod5|lpm_divide_kcm:auto_generated|sign_div_unsign_9nh:divider|alt_u_div_6af:divider|StageOut[940]~1262           ; 2       ;
; bin32_to_7seg:inst13|lpm_divide:Mod5|lpm_divide_kcm:auto_generated|sign_div_unsign_9nh:divider|alt_u_div_6af:divider|StageOut[941]~1261           ; 2       ;
+---------------------------------------------------------------------------------------------------------------------------------------------------+---------+


+---------------------------------------------------------+
; Other Routing Usage Summary                             ;
+-----------------------------+---------------------------+
; Other Routing Resource Type ; Usage                     ;
+-----------------------------+---------------------------+
; Block interconnects         ; 14,555 / 342,891 ( 4 % )  ;
; C16 interconnects           ; 102 / 10,120 ( 1 % )      ;
; C4 interconnects            ; 7,699 / 209,544 ( 4 % )   ;
; Direct links                ; 2,942 / 342,891 ( < 1 % ) ;
; Global clocks               ; 2 / 20 ( 10 % )           ;
; Local interconnects         ; 2,743 / 119,088 ( 2 % )   ;
; R24 interconnects           ; 170 / 9,963 ( 2 % )       ;
; R4 interconnects            ; 6,512 / 289,782 ( 2 % )   ;
+-----------------------------+---------------------------+


+-----------------------------------------------------------------------------+
; LAB Logic Elements                                                          ;
+---------------------------------------------+-------------------------------+
; Number of Logic Elements  (Average = 13.57) ; Number of LABs  (Total = 845) ;
+---------------------------------------------+-------------------------------+
; 1                                           ; 38                            ;
; 2                                           ; 19                            ;
; 3                                           ; 14                            ;
; 4                                           ; 14                            ;
; 5                                           ; 8                             ;
; 6                                           ; 5                             ;
; 7                                           ; 3                             ;
; 8                                           ; 3                             ;
; 9                                           ; 4                             ;
; 10                                          ; 12                            ;
; 11                                          ; 14                            ;
; 12                                          ; 27                            ;
; 13                                          ; 41                            ;
; 14                                          ; 83                            ;
; 15                                          ; 112                           ;
; 16                                          ; 448                           ;
+---------------------------------------------+-------------------------------+


+--------------------------------------------------------------------+
; LAB-wide Signals                                                   ;
+------------------------------------+-------------------------------+
; LAB-wide Signals  (Average = 0.05) ; Number of LABs  (Total = 845) ;
+------------------------------------+-------------------------------+
; 1 Async. clear                     ; 4                             ;
; 1 Clock                            ; 20                            ;
; 1 Clock enable                     ; 7                             ;
; 2 Clock enables                    ; 10                            ;
+------------------------------------+-------------------------------+


+------------------------------------------------------------------------------+
; LAB Signals Sourced                                                          ;
+----------------------------------------------+-------------------------------+
; Number of Signals Sourced  (Average = 13.27) ; Number of LABs  (Total = 845) ;
+----------------------------------------------+-------------------------------+
; 0                                            ; 0                             ;
; 1                                            ; 45                            ;
; 2                                            ; 17                            ;
; 3                                            ; 23                            ;
; 4                                            ; 16                            ;
; 5                                            ; 9                             ;
; 6                                            ; 8                             ;
; 7                                            ; 3                             ;
; 8                                            ; 5                             ;
; 9                                            ; 3                             ;
; 10                                           ; 10                            ;
; 11                                           ; 16                            ;
; 12                                           ; 43                            ;
; 13                                           ; 63                            ;
; 14                                           ; 77                            ;
; 15                                           ; 101                           ;
; 16                                           ; 393                           ;
; 17                                           ; 1                             ;
; 18                                           ; 0                             ;
; 19                                           ; 0                             ;
; 20                                           ; 0                             ;
; 21                                           ; 0                             ;
; 22                                           ; 2                             ;
; 23                                           ; 0                             ;
; 24                                           ; 3                             ;
; 25                                           ; 3                             ;
; 26                                           ; 0                             ;
; 27                                           ; 0                             ;
; 28                                           ; 0                             ;
; 29                                           ; 1                             ;
; 30                                           ; 0                             ;
; 31                                           ; 1                             ;
; 32                                           ; 2                             ;
+----------------------------------------------+-------------------------------+


+----------------------------------------------------------------------------------+
; LAB Signals Sourced Out                                                          ;
+--------------------------------------------------+-------------------------------+
; Number of Signals Sourced Out  (Average = 11.55) ; Number of LABs  (Total = 845) ;
+--------------------------------------------------+-------------------------------+
; 0                                                ; 0                             ;
; 1                                                ; 50                            ;
; 2                                                ; 22                            ;
; 3                                                ; 28                            ;
; 4                                                ; 14                            ;
; 5                                                ; 8                             ;
; 6                                                ; 20                            ;
; 7                                                ; 69                            ;
; 8                                                ; 28                            ;
; 9                                                ; 11                            ;
; 10                                               ; 22                            ;
; 11                                               ; 25                            ;
; 12                                               ; 46                            ;
; 13                                               ; 80                            ;
; 14                                               ; 92                            ;
; 15                                               ; 137                           ;
; 16                                               ; 185                           ;
; 17                                               ; 3                             ;
; 18                                               ; 0                             ;
; 19                                               ; 1                             ;
; 20                                               ; 1                             ;
; 21                                               ; 0                             ;
; 22                                               ; 1                             ;
; 23                                               ; 0                             ;
; 24                                               ; 0                             ;
; 25                                               ; 0                             ;
; 26                                               ; 0                             ;
; 27                                               ; 0                             ;
; 28                                               ; 1                             ;
; 29                                               ; 0                             ;
; 30                                               ; 0                             ;
; 31                                               ; 0                             ;
; 32                                               ; 1                             ;
+--------------------------------------------------+-------------------------------+


+------------------------------------------------------------------------------+
; LAB Distinct Inputs                                                          ;
+----------------------------------------------+-------------------------------+
; Number of Distinct Inputs  (Average = 16.17) ; Number of LABs  (Total = 845) ;
+----------------------------------------------+-------------------------------+
; 0                                            ; 0                             ;
; 1                                            ; 7                             ;
; 2                                            ; 30                            ;
; 3                                            ; 19                            ;
; 4                                            ; 18                            ;
; 5                                            ; 16                            ;
; 6                                            ; 10                            ;
; 7                                            ; 7                             ;
; 8                                            ; 86                            ;
; 9                                            ; 22                            ;
; 10                                           ; 14                            ;
; 11                                           ; 23                            ;
; 12                                           ; 22                            ;
; 13                                           ; 34                            ;
; 14                                           ; 47                            ;
; 15                                           ; 56                            ;
; 16                                           ; 54                            ;
; 17                                           ; 53                            ;
; 18                                           ; 41                            ;
; 19                                           ; 32                            ;
; 20                                           ; 28                            ;
; 21                                           ; 14                            ;
; 22                                           ; 21                            ;
; 23                                           ; 7                             ;
; 24                                           ; 27                            ;
; 25                                           ; 8                             ;
; 26                                           ; 20                            ;
; 27                                           ; 11                            ;
; 28                                           ; 21                            ;
; 29                                           ; 23                            ;
; 30                                           ; 23                            ;
; 31                                           ; 36                            ;
; 32                                           ; 14                            ;
; 33                                           ; 0                             ;
; 34                                           ; 0                             ;
; 35                                           ; 0                             ;
; 36                                           ; 1                             ;
+----------------------------------------------+-------------------------------+


+------------------------------------------+
; I/O Rules Summary                        ;
+----------------------------------+-------+
; I/O Rules Statistic              ; Total ;
+----------------------------------+-------+
; Total I/O Rules                  ; 30    ;
; Number of I/O Rules Passed       ; 9     ;
; Number of I/O Rules Failed       ; 0     ;
; Number of I/O Rules Unchecked    ; 0     ;
; Number of I/O Rules Inapplicable ; 21    ;
+----------------------------------+-------+


+-----------------------------------------------------------------------------------------------------------------------------------------------------------------------------------------------------------------------------------------------------------------------------------------------------+
; I/O Rules Details                                                                                                                                                                                                                                                                                   ;
+--------------+-----------+-----------------------------------+------------------------------------------------------------------------------------------------------+----------+--------------------------------------------------------------------------+---------------------+-------------------+
; Status       ; ID        ; Category                          ; Rule Description                                                                                     ; Severity ; Information                                                              ; Area                ; Extra Information ;
+--------------+-----------+-----------------------------------+------------------------------------------------------------------------------------------------------+----------+--------------------------------------------------------------------------+---------------------+-------------------+
; Inapplicable ; IO_000001 ; Capacity Checks                   ; Number of pins in an I/O bank should not exceed the number of locations available.                   ; Critical ; No Location assignments found.                                           ; I/O                 ;                   ;
; Inapplicable ; IO_000002 ; Capacity Checks                   ; Number of clocks in an I/O bank should not exceed the number of clocks available.                    ; Critical ; No Global Signal assignments found.                                      ; I/O                 ;                   ;
; Inapplicable ; IO_000003 ; Capacity Checks                   ; Number of pins in a Vrefgroup should not exceed the number of locations available.                   ; Critical ; No Location assignments found.                                           ; I/O                 ;                   ;
; Inapplicable ; IO_000004 ; Voltage Compatibility Checks      ; The I/O bank should support the requested VCCIO.                                                     ; Critical ; No IOBANK_VCCIO assignments found.                                       ; I/O                 ;                   ;
; Inapplicable ; IO_000005 ; Voltage Compatibility Checks      ; The I/O bank should not have competing VREF values.                                                  ; Critical ; No VREF I/O Standard assignments found.                                  ; I/O                 ;                   ;
; Pass         ; IO_000006 ; Voltage Compatibility Checks      ; The I/O bank should not have competing VCCIO values.                                                 ; Critical ; 0 such failures found.                                                   ; I/O                 ;                   ;
; Inapplicable ; IO_000007 ; Valid Location Checks             ; Checks for unavailable locations.                                                                    ; Critical ; No Location assignments found.                                           ; I/O                 ;                   ;
; Inapplicable ; IO_000008 ; Valid Location Checks             ; Checks for reserved locations.                                                                       ; Critical ; No reserved LogicLock region found.                                      ; I/O                 ;                   ;
; Pass         ; IO_000009 ; I/O Properties Checks for One I/O ; The location should support the requested I/O standard.                                              ; Critical ; 0 such failures found.                                                   ; I/O                 ;                   ;
; Pass         ; IO_000010 ; I/O Properties Checks for One I/O ; The location should support the requested I/O direction.                                             ; Critical ; 0 such failures found.                                                   ; I/O                 ;                   ;
; Inapplicable ; IO_000011 ; I/O Properties Checks for One I/O ; The location should support the requested Current Strength.                                          ; Critical ; No Current Strength assignments found.                                   ; I/O                 ;                   ;
; Pass         ; IO_000012 ; I/O Properties Checks for One I/O ; The location should support the requested On Chip Termination value.                                 ; Critical ; 0 such failures found.                                                   ; I/O                 ;                   ;
; Inapplicable ; IO_000013 ; I/O Properties Checks for One I/O ; The location should support the requested Bus Hold value.                                            ; Critical ; No Enable Bus-Hold Circuitry assignments found.                          ; I/O                 ;                   ;
; Inapplicable ; IO_000014 ; I/O Properties Checks for One I/O ; The location should support the requested Weak Pull Up value.                                        ; Critical ; No Weak Pull-Up Resistor assignments found.                              ; I/O                 ;                   ;
; Pass         ; IO_000015 ; I/O Properties Checks for One I/O ; The location should support the requested PCI Clamp Diode.                                           ; Critical ; 0 such failures found.                                                   ; I/O                 ;                   ;
; Inapplicable ; IO_000018 ; I/O Properties Checks for One I/O ; The I/O standard should support the requested Current Strength.                                      ; Critical ; No Current Strength assignments found.                                   ; I/O                 ;                   ;
; Pass         ; IO_000019 ; I/O Properties Checks for One I/O ; The I/O standard should support the requested On Chip Termination value.                             ; Critical ; 0 such failures found.                                                   ; I/O                 ;                   ;
; Pass         ; IO_000020 ; I/O Properties Checks for One I/O ; The I/O standard should support the requested PCI Clamp Diode.                                       ; Critical ; 0 such failures found.                                                   ; I/O                 ;                   ;
; Inapplicable ; IO_000021 ; I/O Properties Checks for One I/O ; The I/O standard should support the requested Weak Pull Up value.                                    ; Critical ; No Weak Pull-Up Resistor assignments found.                              ; I/O                 ;                   ;
; Inapplicable ; IO_000022 ; I/O Properties Checks for One I/O ; The I/O standard should support the requested Bus Hold value.                                        ; Critical ; No Enable Bus-Hold Circuitry assignments found.                          ; I/O                 ;                   ;
; Inapplicable ; IO_000023 ; I/O Properties Checks for One I/O ; The I/O standard should support the Open Drain value.                                                ; Critical ; No open drain assignments found.                                         ; I/O                 ;                   ;
; Pass         ; IO_000024 ; I/O Properties Checks for One I/O ; The I/O direction should support the On Chip Termination value.                                      ; Critical ; 0 such failures found.                                                   ; I/O                 ;                   ;
; Inapplicable ; IO_000026 ; I/O Properties Checks for One I/O ; On Chip Termination and Current Strength should not be used at the same time.                        ; Critical ; No Current Strength assignments found.                                   ; I/O                 ;                   ;
; Inapplicable ; IO_000027 ; I/O Properties Checks for One I/O ; Weak Pull Up and Bus Hold should not be used at the same time.                                       ; Critical ; No Enable Bus-Hold Circuitry or Weak Pull-Up Resistor assignments found. ; I/O                 ;                   ;
; Inapplicable ; IO_000045 ; I/O Properties Checks for One I/O ; The I/O standard should support the requested Slew Rate value.                                       ; Critical ; No Slew Rate assignments found.                                          ; I/O                 ;                   ;
; Inapplicable ; IO_000046 ; I/O Properties Checks for One I/O ; The location should support the requested Slew Rate value.                                           ; Critical ; No Slew Rate assignments found.                                          ; I/O                 ;                   ;
; Inapplicable ; IO_000047 ; I/O Properties Checks for One I/O ; On Chip Termination and Slew Rate should not be used at the same time.                               ; Critical ; No Slew Rate assignments found.                                          ; I/O                 ;                   ;
; Pass         ; IO_000033 ; Electromigration Checks           ; Current density for consecutive I/Os should not exceed 240mA for row I/Os and 240mA for column I/Os. ; Critical ; 0 such failures found.                                                   ; I/O                 ;                   ;
; Inapplicable ; IO_000034 ; SI Related Distance Checks        ; Single-ended outputs should be 5 LAB row(s) away from a differential I/O.                            ; High     ; No Differential I/O Standard assignments found.                          ; I/O                 ;                   ;
; Inapplicable ; IO_000042 ; SI Related SSO Limit Checks       ; No more than 20 outputs are allowed in a VREF group when VREF is being read from.                    ; High     ; No VREF I/O Standard assignments found.                                  ; I/O                 ;                   ;
; ----         ; ----      ; Disclaimer                        ; OCT rules are checked but not reported.                                                              ; None     ; ----                                                                     ; On Chip Termination ;                   ;
+--------------+-----------+-----------------------------------+------------------------------------------------------------------------------------------------------+----------+--------------------------------------------------------------------------+---------------------+-------------------+


+--------------------------------------------------------------------------------------------------------------------------------------------------------------------------------------------------------------------------------------------------------------------------------------------------------------------------------------------------------------------------------------------------------------------------------------------------------------------------+
; I/O Rules Matrix                                                                                                                                                                                                                                                                                                                                                                                                                                                         ;
+--------------------+--------------+--------------+--------------+--------------+--------------+-----------+--------------+--------------+-----------+-----------+--------------+--------------+--------------+--------------+--------------+--------------+--------------+--------------+--------------+--------------+--------------+--------------+--------------+--------------+--------------+--------------+--------------+-----------+--------------+--------------+
; Pin/Rules          ; IO_000001    ; IO_000002    ; IO_000003    ; IO_000004    ; IO_000005    ; IO_000006 ; IO_000007    ; IO_000008    ; IO_000009 ; IO_000010 ; IO_000011    ; IO_000012    ; IO_000013    ; IO_000014    ; IO_000015    ; IO_000018    ; IO_000019    ; IO_000020    ; IO_000021    ; IO_000022    ; IO_000023    ; IO_000024    ; IO_000026    ; IO_000027    ; IO_000045    ; IO_000046    ; IO_000047    ; IO_000033 ; IO_000034    ; IO_000042    ;
+--------------------+--------------+--------------+--------------+--------------+--------------+-----------+--------------+--------------+-----------+-----------+--------------+--------------+--------------+--------------+--------------+--------------+--------------+--------------+--------------+--------------+--------------+--------------+--------------+--------------+--------------+--------------+--------------+-----------+--------------+--------------+
; Total Pass         ; 0            ; 0            ; 0            ; 0            ; 0            ; 342       ; 0            ; 0            ; 342       ; 342       ; 0            ; 340          ; 0            ; 0            ; 2            ; 0            ; 340          ; 2            ; 0            ; 0            ; 0            ; 340          ; 0            ; 0            ; 0            ; 0            ; 0            ; 342       ; 0            ; 0            ;
; Total Unchecked    ; 0            ; 0            ; 0            ; 0            ; 0            ; 0         ; 0            ; 0            ; 0         ; 0         ; 0            ; 0            ; 0            ; 0            ; 0            ; 0            ; 0            ; 0            ; 0            ; 0            ; 0            ; 0            ; 0            ; 0            ; 0            ; 0            ; 0            ; 0         ; 0            ; 0            ;
; Total Inapplicable ; 342          ; 342          ; 342          ; 342          ; 342          ; 0         ; 342          ; 342          ; 0         ; 0         ; 342          ; 2            ; 342          ; 342          ; 340          ; 342          ; 2            ; 340          ; 342          ; 342          ; 342          ; 2            ; 342          ; 342          ; 342          ; 342          ; 342          ; 0         ; 342          ; 342          ;
; Total Fail         ; 0            ; 0            ; 0            ; 0            ; 0            ; 0         ; 0            ; 0            ; 0         ; 0         ; 0            ; 0            ; 0            ; 0            ; 0            ; 0            ; 0            ; 0            ; 0            ; 0            ; 0            ; 0            ; 0            ; 0            ; 0            ; 0            ; 0            ; 0         ; 0            ; 0            ;
; ALU_result[31]     ; Inapplicable ; Inapplicable ; Inapplicable ; Inapplicable ; Inapplicable ; Pass      ; Inapplicable ; Inapplicable ; Pass      ; Pass      ; Inapplicable ; Pass         ; Inapplicable ; Inapplicable ; Inapplicable ; Inapplicable ; Pass         ; Inapplicable ; Inapplicable ; Inapplicable ; Inapplicable ; Pass         ; Inapplicable ; Inapplicable ; Inapplicable ; Inapplicable ; Inapplicable ; Pass      ; Inapplicable ; Inapplicable ;
; ALU_result[30]     ; Inapplicable ; Inapplicable ; Inapplicable ; Inapplicable ; Inapplicable ; Pass      ; Inapplicable ; Inapplicable ; Pass      ; Pass      ; Inapplicable ; Pass         ; Inapplicable ; Inapplicable ; Inapplicable ; Inapplicable ; Pass         ; Inapplicable ; Inapplicable ; Inapplicable ; Inapplicable ; Pass         ; Inapplicable ; Inapplicable ; Inapplicable ; Inapplicable ; Inapplicable ; Pass      ; Inapplicable ; Inapplicable ;
; ALU_result[29]     ; Inapplicable ; Inapplicable ; Inapplicable ; Inapplicable ; Inapplicable ; Pass      ; Inapplicable ; Inapplicable ; Pass      ; Pass      ; Inapplicable ; Pass         ; Inapplicable ; Inapplicable ; Inapplicable ; Inapplicable ; Pass         ; Inapplicable ; Inapplicable ; Inapplicable ; Inapplicable ; Pass         ; Inapplicable ; Inapplicable ; Inapplicable ; Inapplicable ; Inapplicable ; Pass      ; Inapplicable ; Inapplicable ;
; ALU_result[28]     ; Inapplicable ; Inapplicable ; Inapplicable ; Inapplicable ; Inapplicable ; Pass      ; Inapplicable ; Inapplicable ; Pass      ; Pass      ; Inapplicable ; Pass         ; Inapplicable ; Inapplicable ; Inapplicable ; Inapplicable ; Pass         ; Inapplicable ; Inapplicable ; Inapplicable ; Inapplicable ; Pass         ; Inapplicable ; Inapplicable ; Inapplicable ; Inapplicable ; Inapplicable ; Pass      ; Inapplicable ; Inapplicable ;
; ALU_result[27]     ; Inapplicable ; Inapplicable ; Inapplicable ; Inapplicable ; Inapplicable ; Pass      ; Inapplicable ; Inapplicable ; Pass      ; Pass      ; Inapplicable ; Pass         ; Inapplicable ; Inapplicable ; Inapplicable ; Inapplicable ; Pass         ; Inapplicable ; Inapplicable ; Inapplicable ; Inapplicable ; Pass         ; Inapplicable ; Inapplicable ; Inapplicable ; Inapplicable ; Inapplicable ; Pass      ; Inapplicable ; Inapplicable ;
; ALU_result[26]     ; Inapplicable ; Inapplicable ; Inapplicable ; Inapplicable ; Inapplicable ; Pass      ; Inapplicable ; Inapplicable ; Pass      ; Pass      ; Inapplicable ; Pass         ; Inapplicable ; Inapplicable ; Inapplicable ; Inapplicable ; Pass         ; Inapplicable ; Inapplicable ; Inapplicable ; Inapplicable ; Pass         ; Inapplicable ; Inapplicable ; Inapplicable ; Inapplicable ; Inapplicable ; Pass      ; Inapplicable ; Inapplicable ;
; ALU_result[25]     ; Inapplicable ; Inapplicable ; Inapplicable ; Inapplicable ; Inapplicable ; Pass      ; Inapplicable ; Inapplicable ; Pass      ; Pass      ; Inapplicable ; Pass         ; Inapplicable ; Inapplicable ; Inapplicable ; Inapplicable ; Pass         ; Inapplicable ; Inapplicable ; Inapplicable ; Inapplicable ; Pass         ; Inapplicable ; Inapplicable ; Inapplicable ; Inapplicable ; Inapplicable ; Pass      ; Inapplicable ; Inapplicable ;
; ALU_result[24]     ; Inapplicable ; Inapplicable ; Inapplicable ; Inapplicable ; Inapplicable ; Pass      ; Inapplicable ; Inapplicable ; Pass      ; Pass      ; Inapplicable ; Pass         ; Inapplicable ; Inapplicable ; Inapplicable ; Inapplicable ; Pass         ; Inapplicable ; Inapplicable ; Inapplicable ; Inapplicable ; Pass         ; Inapplicable ; Inapplicable ; Inapplicable ; Inapplicable ; Inapplicable ; Pass      ; Inapplicable ; Inapplicable ;
; ALU_result[23]     ; Inapplicable ; Inapplicable ; Inapplicable ; Inapplicable ; Inapplicable ; Pass      ; Inapplicable ; Inapplicable ; Pass      ; Pass      ; Inapplicable ; Pass         ; Inapplicable ; Inapplicable ; Inapplicable ; Inapplicable ; Pass         ; Inapplicable ; Inapplicable ; Inapplicable ; Inapplicable ; Pass         ; Inapplicable ; Inapplicable ; Inapplicable ; Inapplicable ; Inapplicable ; Pass      ; Inapplicable ; Inapplicable ;
; ALU_result[22]     ; Inapplicable ; Inapplicable ; Inapplicable ; Inapplicable ; Inapplicable ; Pass      ; Inapplicable ; Inapplicable ; Pass      ; Pass      ; Inapplicable ; Pass         ; Inapplicable ; Inapplicable ; Inapplicable ; Inapplicable ; Pass         ; Inapplicable ; Inapplicable ; Inapplicable ; Inapplicable ; Pass         ; Inapplicable ; Inapplicable ; Inapplicable ; Inapplicable ; Inapplicable ; Pass      ; Inapplicable ; Inapplicable ;
; ALU_result[21]     ; Inapplicable ; Inapplicable ; Inapplicable ; Inapplicable ; Inapplicable ; Pass      ; Inapplicable ; Inapplicable ; Pass      ; Pass      ; Inapplicable ; Pass         ; Inapplicable ; Inapplicable ; Inapplicable ; Inapplicable ; Pass         ; Inapplicable ; Inapplicable ; Inapplicable ; Inapplicable ; Pass         ; Inapplicable ; Inapplicable ; Inapplicable ; Inapplicable ; Inapplicable ; Pass      ; Inapplicable ; Inapplicable ;
; ALU_result[20]     ; Inapplicable ; Inapplicable ; Inapplicable ; Inapplicable ; Inapplicable ; Pass      ; Inapplicable ; Inapplicable ; Pass      ; Pass      ; Inapplicable ; Pass         ; Inapplicable ; Inapplicable ; Inapplicable ; Inapplicable ; Pass         ; Inapplicable ; Inapplicable ; Inapplicable ; Inapplicable ; Pass         ; Inapplicable ; Inapplicable ; Inapplicable ; Inapplicable ; Inapplicable ; Pass      ; Inapplicable ; Inapplicable ;
; ALU_result[19]     ; Inapplicable ; Inapplicable ; Inapplicable ; Inapplicable ; Inapplicable ; Pass      ; Inapplicable ; Inapplicable ; Pass      ; Pass      ; Inapplicable ; Pass         ; Inapplicable ; Inapplicable ; Inapplicable ; Inapplicable ; Pass         ; Inapplicable ; Inapplicable ; Inapplicable ; Inapplicable ; Pass         ; Inapplicable ; Inapplicable ; Inapplicable ; Inapplicable ; Inapplicable ; Pass      ; Inapplicable ; Inapplicable ;
; ALU_result[18]     ; Inapplicable ; Inapplicable ; Inapplicable ; Inapplicable ; Inapplicable ; Pass      ; Inapplicable ; Inapplicable ; Pass      ; Pass      ; Inapplicable ; Pass         ; Inapplicable ; Inapplicable ; Inapplicable ; Inapplicable ; Pass         ; Inapplicable ; Inapplicable ; Inapplicable ; Inapplicable ; Pass         ; Inapplicable ; Inapplicable ; Inapplicable ; Inapplicable ; Inapplicable ; Pass      ; Inapplicable ; Inapplicable ;
; ALU_result[17]     ; Inapplicable ; Inapplicable ; Inapplicable ; Inapplicable ; Inapplicable ; Pass      ; Inapplicable ; Inapplicable ; Pass      ; Pass      ; Inapplicable ; Pass         ; Inapplicable ; Inapplicable ; Inapplicable ; Inapplicable ; Pass         ; Inapplicable ; Inapplicable ; Inapplicable ; Inapplicable ; Pass         ; Inapplicable ; Inapplicable ; Inapplicable ; Inapplicable ; Inapplicable ; Pass      ; Inapplicable ; Inapplicable ;
; ALU_result[16]     ; Inapplicable ; Inapplicable ; Inapplicable ; Inapplicable ; Inapplicable ; Pass      ; Inapplicable ; Inapplicable ; Pass      ; Pass      ; Inapplicable ; Pass         ; Inapplicable ; Inapplicable ; Inapplicable ; Inapplicable ; Pass         ; Inapplicable ; Inapplicable ; Inapplicable ; Inapplicable ; Pass         ; Inapplicable ; Inapplicable ; Inapplicable ; Inapplicable ; Inapplicable ; Pass      ; Inapplicable ; Inapplicable ;
; ALU_result[15]     ; Inapplicable ; Inapplicable ; Inapplicable ; Inapplicable ; Inapplicable ; Pass      ; Inapplicable ; Inapplicable ; Pass      ; Pass      ; Inapplicable ; Pass         ; Inapplicable ; Inapplicable ; Inapplicable ; Inapplicable ; Pass         ; Inapplicable ; Inapplicable ; Inapplicable ; Inapplicable ; Pass         ; Inapplicable ; Inapplicable ; Inapplicable ; Inapplicable ; Inapplicable ; Pass      ; Inapplicable ; Inapplicable ;
; ALU_result[14]     ; Inapplicable ; Inapplicable ; Inapplicable ; Inapplicable ; Inapplicable ; Pass      ; Inapplicable ; Inapplicable ; Pass      ; Pass      ; Inapplicable ; Pass         ; Inapplicable ; Inapplicable ; Inapplicable ; Inapplicable ; Pass         ; Inapplicable ; Inapplicable ; Inapplicable ; Inapplicable ; Pass         ; Inapplicable ; Inapplicable ; Inapplicable ; Inapplicable ; Inapplicable ; Pass      ; Inapplicable ; Inapplicable ;
; ALU_result[13]     ; Inapplicable ; Inapplicable ; Inapplicable ; Inapplicable ; Inapplicable ; Pass      ; Inapplicable ; Inapplicable ; Pass      ; Pass      ; Inapplicable ; Pass         ; Inapplicable ; Inapplicable ; Inapplicable ; Inapplicable ; Pass         ; Inapplicable ; Inapplicable ; Inapplicable ; Inapplicable ; Pass         ; Inapplicable ; Inapplicable ; Inapplicable ; Inapplicable ; Inapplicable ; Pass      ; Inapplicable ; Inapplicable ;
; ALU_result[12]     ; Inapplicable ; Inapplicable ; Inapplicable ; Inapplicable ; Inapplicable ; Pass      ; Inapplicable ; Inapplicable ; Pass      ; Pass      ; Inapplicable ; Pass         ; Inapplicable ; Inapplicable ; Inapplicable ; Inapplicable ; Pass         ; Inapplicable ; Inapplicable ; Inapplicable ; Inapplicable ; Pass         ; Inapplicable ; Inapplicable ; Inapplicable ; Inapplicable ; Inapplicable ; Pass      ; Inapplicable ; Inapplicable ;
; ALU_result[11]     ; Inapplicable ; Inapplicable ; Inapplicable ; Inapplicable ; Inapplicable ; Pass      ; Inapplicable ; Inapplicable ; Pass      ; Pass      ; Inapplicable ; Pass         ; Inapplicable ; Inapplicable ; Inapplicable ; Inapplicable ; Pass         ; Inapplicable ; Inapplicable ; Inapplicable ; Inapplicable ; Pass         ; Inapplicable ; Inapplicable ; Inapplicable ; Inapplicable ; Inapplicable ; Pass      ; Inapplicable ; Inapplicable ;
; ALU_result[10]     ; Inapplicable ; Inapplicable ; Inapplicable ; Inapplicable ; Inapplicable ; Pass      ; Inapplicable ; Inapplicable ; Pass      ; Pass      ; Inapplicable ; Pass         ; Inapplicable ; Inapplicable ; Inapplicable ; Inapplicable ; Pass         ; Inapplicable ; Inapplicable ; Inapplicable ; Inapplicable ; Pass         ; Inapplicable ; Inapplicable ; Inapplicable ; Inapplicable ; Inapplicable ; Pass      ; Inapplicable ; Inapplicable ;
; ALU_result[9]      ; Inapplicable ; Inapplicable ; Inapplicable ; Inapplicable ; Inapplicable ; Pass      ; Inapplicable ; Inapplicable ; Pass      ; Pass      ; Inapplicable ; Pass         ; Inapplicable ; Inapplicable ; Inapplicable ; Inapplicable ; Pass         ; Inapplicable ; Inapplicable ; Inapplicable ; Inapplicable ; Pass         ; Inapplicable ; Inapplicable ; Inapplicable ; Inapplicable ; Inapplicable ; Pass      ; Inapplicable ; Inapplicable ;
; ALU_result[8]      ; Inapplicable ; Inapplicable ; Inapplicable ; Inapplicable ; Inapplicable ; Pass      ; Inapplicable ; Inapplicable ; Pass      ; Pass      ; Inapplicable ; Pass         ; Inapplicable ; Inapplicable ; Inapplicable ; Inapplicable ; Pass         ; Inapplicable ; Inapplicable ; Inapplicable ; Inapplicable ; Pass         ; Inapplicable ; Inapplicable ; Inapplicable ; Inapplicable ; Inapplicable ; Pass      ; Inapplicable ; Inapplicable ;
; ALU_result[7]      ; Inapplicable ; Inapplicable ; Inapplicable ; Inapplicable ; Inapplicable ; Pass      ; Inapplicable ; Inapplicable ; Pass      ; Pass      ; Inapplicable ; Pass         ; Inapplicable ; Inapplicable ; Inapplicable ; Inapplicable ; Pass         ; Inapplicable ; Inapplicable ; Inapplicable ; Inapplicable ; Pass         ; Inapplicable ; Inapplicable ; Inapplicable ; Inapplicable ; Inapplicable ; Pass      ; Inapplicable ; Inapplicable ;
; ALU_result[6]      ; Inapplicable ; Inapplicable ; Inapplicable ; Inapplicable ; Inapplicable ; Pass      ; Inapplicable ; Inapplicable ; Pass      ; Pass      ; Inapplicable ; Pass         ; Inapplicable ; Inapplicable ; Inapplicable ; Inapplicable ; Pass         ; Inapplicable ; Inapplicable ; Inapplicable ; Inapplicable ; Pass         ; Inapplicable ; Inapplicable ; Inapplicable ; Inapplicable ; Inapplicable ; Pass      ; Inapplicable ; Inapplicable ;
; ALU_result[5]      ; Inapplicable ; Inapplicable ; Inapplicable ; Inapplicable ; Inapplicable ; Pass      ; Inapplicable ; Inapplicable ; Pass      ; Pass      ; Inapplicable ; Pass         ; Inapplicable ; Inapplicable ; Inapplicable ; Inapplicable ; Pass         ; Inapplicable ; Inapplicable ; Inapplicable ; Inapplicable ; Pass         ; Inapplicable ; Inapplicable ; Inapplicable ; Inapplicable ; Inapplicable ; Pass      ; Inapplicable ; Inapplicable ;
; ALU_result[4]      ; Inapplicable ; Inapplicable ; Inapplicable ; Inapplicable ; Inapplicable ; Pass      ; Inapplicable ; Inapplicable ; Pass      ; Pass      ; Inapplicable ; Pass         ; Inapplicable ; Inapplicable ; Inapplicable ; Inapplicable ; Pass         ; Inapplicable ; Inapplicable ; Inapplicable ; Inapplicable ; Pass         ; Inapplicable ; Inapplicable ; Inapplicable ; Inapplicable ; Inapplicable ; Pass      ; Inapplicable ; Inapplicable ;
; ALU_result[3]      ; Inapplicable ; Inapplicable ; Inapplicable ; Inapplicable ; Inapplicable ; Pass      ; Inapplicable ; Inapplicable ; Pass      ; Pass      ; Inapplicable ; Pass         ; Inapplicable ; Inapplicable ; Inapplicable ; Inapplicable ; Pass         ; Inapplicable ; Inapplicable ; Inapplicable ; Inapplicable ; Pass         ; Inapplicable ; Inapplicable ; Inapplicable ; Inapplicable ; Inapplicable ; Pass      ; Inapplicable ; Inapplicable ;
; ALU_result[2]      ; Inapplicable ; Inapplicable ; Inapplicable ; Inapplicable ; Inapplicable ; Pass      ; Inapplicable ; Inapplicable ; Pass      ; Pass      ; Inapplicable ; Pass         ; Inapplicable ; Inapplicable ; Inapplicable ; Inapplicable ; Pass         ; Inapplicable ; Inapplicable ; Inapplicable ; Inapplicable ; Pass         ; Inapplicable ; Inapplicable ; Inapplicable ; Inapplicable ; Inapplicable ; Pass      ; Inapplicable ; Inapplicable ;
; ALU_result[1]      ; Inapplicable ; Inapplicable ; Inapplicable ; Inapplicable ; Inapplicable ; Pass      ; Inapplicable ; Inapplicable ; Pass      ; Pass      ; Inapplicable ; Pass         ; Inapplicable ; Inapplicable ; Inapplicable ; Inapplicable ; Pass         ; Inapplicable ; Inapplicable ; Inapplicable ; Inapplicable ; Pass         ; Inapplicable ; Inapplicable ; Inapplicable ; Inapplicable ; Inapplicable ; Pass      ; Inapplicable ; Inapplicable ;
; ALU_result[0]      ; Inapplicable ; Inapplicable ; Inapplicable ; Inapplicable ; Inapplicable ; Pass      ; Inapplicable ; Inapplicable ; Pass      ; Pass      ; Inapplicable ; Pass         ; Inapplicable ; Inapplicable ; Inapplicable ; Inapplicable ; Pass         ; Inapplicable ; Inapplicable ; Inapplicable ; Inapplicable ; Pass         ; Inapplicable ; Inapplicable ; Inapplicable ; Inapplicable ; Inapplicable ; Pass      ; Inapplicable ; Inapplicable ;
; HEX0[6]            ; Inapplicable ; Inapplicable ; Inapplicable ; Inapplicable ; Inapplicable ; Pass      ; Inapplicable ; Inapplicable ; Pass      ; Pass      ; Inapplicable ; Pass         ; Inapplicable ; Inapplicable ; Inapplicable ; Inapplicable ; Pass         ; Inapplicable ; Inapplicable ; Inapplicable ; Inapplicable ; Pass         ; Inapplicable ; Inapplicable ; Inapplicable ; Inapplicable ; Inapplicable ; Pass      ; Inapplicable ; Inapplicable ;
; HEX0[5]            ; Inapplicable ; Inapplicable ; Inapplicable ; Inapplicable ; Inapplicable ; Pass      ; Inapplicable ; Inapplicable ; Pass      ; Pass      ; Inapplicable ; Pass         ; Inapplicable ; Inapplicable ; Inapplicable ; Inapplicable ; Pass         ; Inapplicable ; Inapplicable ; Inapplicable ; Inapplicable ; Pass         ; Inapplicable ; Inapplicable ; Inapplicable ; Inapplicable ; Inapplicable ; Pass      ; Inapplicable ; Inapplicable ;
; HEX0[4]            ; Inapplicable ; Inapplicable ; Inapplicable ; Inapplicable ; Inapplicable ; Pass      ; Inapplicable ; Inapplicable ; Pass      ; Pass      ; Inapplicable ; Pass         ; Inapplicable ; Inapplicable ; Inapplicable ; Inapplicable ; Pass         ; Inapplicable ; Inapplicable ; Inapplicable ; Inapplicable ; Pass         ; Inapplicable ; Inapplicable ; Inapplicable ; Inapplicable ; Inapplicable ; Pass      ; Inapplicable ; Inapplicable ;
; HEX0[3]            ; Inapplicable ; Inapplicable ; Inapplicable ; Inapplicable ; Inapplicable ; Pass      ; Inapplicable ; Inapplicable ; Pass      ; Pass      ; Inapplicable ; Pass         ; Inapplicable ; Inapplicable ; Inapplicable ; Inapplicable ; Pass         ; Inapplicable ; Inapplicable ; Inapplicable ; Inapplicable ; Pass         ; Inapplicable ; Inapplicable ; Inapplicable ; Inapplicable ; Inapplicable ; Pass      ; Inapplicable ; Inapplicable ;
; HEX0[2]            ; Inapplicable ; Inapplicable ; Inapplicable ; Inapplicable ; Inapplicable ; Pass      ; Inapplicable ; Inapplicable ; Pass      ; Pass      ; Inapplicable ; Pass         ; Inapplicable ; Inapplicable ; Inapplicable ; Inapplicable ; Pass         ; Inapplicable ; Inapplicable ; Inapplicable ; Inapplicable ; Pass         ; Inapplicable ; Inapplicable ; Inapplicable ; Inapplicable ; Inapplicable ; Pass      ; Inapplicable ; Inapplicable ;
; HEX0[1]            ; Inapplicable ; Inapplicable ; Inapplicable ; Inapplicable ; Inapplicable ; Pass      ; Inapplicable ; Inapplicable ; Pass      ; Pass      ; Inapplicable ; Pass         ; Inapplicable ; Inapplicable ; Inapplicable ; Inapplicable ; Pass         ; Inapplicable ; Inapplicable ; Inapplicable ; Inapplicable ; Pass         ; Inapplicable ; Inapplicable ; Inapplicable ; Inapplicable ; Inapplicable ; Pass      ; Inapplicable ; Inapplicable ;
; HEX0[0]            ; Inapplicable ; Inapplicable ; Inapplicable ; Inapplicable ; Inapplicable ; Pass      ; Inapplicable ; Inapplicable ; Pass      ; Pass      ; Inapplicable ; Pass         ; Inapplicable ; Inapplicable ; Inapplicable ; Inapplicable ; Pass         ; Inapplicable ; Inapplicable ; Inapplicable ; Inapplicable ; Pass         ; Inapplicable ; Inapplicable ; Inapplicable ; Inapplicable ; Inapplicable ; Pass      ; Inapplicable ; Inapplicable ;
; HEX1[6]            ; Inapplicable ; Inapplicable ; Inapplicable ; Inapplicable ; Inapplicable ; Pass      ; Inapplicable ; Inapplicable ; Pass      ; Pass      ; Inapplicable ; Pass         ; Inapplicable ; Inapplicable ; Inapplicable ; Inapplicable ; Pass         ; Inapplicable ; Inapplicable ; Inapplicable ; Inapplicable ; Pass         ; Inapplicable ; Inapplicable ; Inapplicable ; Inapplicable ; Inapplicable ; Pass      ; Inapplicable ; Inapplicable ;
; HEX1[5]            ; Inapplicable ; Inapplicable ; Inapplicable ; Inapplicable ; Inapplicable ; Pass      ; Inapplicable ; Inapplicable ; Pass      ; Pass      ; Inapplicable ; Pass         ; Inapplicable ; Inapplicable ; Inapplicable ; Inapplicable ; Pass         ; Inapplicable ; Inapplicable ; Inapplicable ; Inapplicable ; Pass         ; Inapplicable ; Inapplicable ; Inapplicable ; Inapplicable ; Inapplicable ; Pass      ; Inapplicable ; Inapplicable ;
; HEX1[4]            ; Inapplicable ; Inapplicable ; Inapplicable ; Inapplicable ; Inapplicable ; Pass      ; Inapplicable ; Inapplicable ; Pass      ; Pass      ; Inapplicable ; Pass         ; Inapplicable ; Inapplicable ; Inapplicable ; Inapplicable ; Pass         ; Inapplicable ; Inapplicable ; Inapplicable ; Inapplicable ; Pass         ; Inapplicable ; Inapplicable ; Inapplicable ; Inapplicable ; Inapplicable ; Pass      ; Inapplicable ; Inapplicable ;
; HEX1[3]            ; Inapplicable ; Inapplicable ; Inapplicable ; Inapplicable ; Inapplicable ; Pass      ; Inapplicable ; Inapplicable ; Pass      ; Pass      ; Inapplicable ; Pass         ; Inapplicable ; Inapplicable ; Inapplicable ; Inapplicable ; Pass         ; Inapplicable ; Inapplicable ; Inapplicable ; Inapplicable ; Pass         ; Inapplicable ; Inapplicable ; Inapplicable ; Inapplicable ; Inapplicable ; Pass      ; Inapplicable ; Inapplicable ;
; HEX1[2]            ; Inapplicable ; Inapplicable ; Inapplicable ; Inapplicable ; Inapplicable ; Pass      ; Inapplicable ; Inapplicable ; Pass      ; Pass      ; Inapplicable ; Pass         ; Inapplicable ; Inapplicable ; Inapplicable ; Inapplicable ; Pass         ; Inapplicable ; Inapplicable ; Inapplicable ; Inapplicable ; Pass         ; Inapplicable ; Inapplicable ; Inapplicable ; Inapplicable ; Inapplicable ; Pass      ; Inapplicable ; Inapplicable ;
; HEX1[1]            ; Inapplicable ; Inapplicable ; Inapplicable ; Inapplicable ; Inapplicable ; Pass      ; Inapplicable ; Inapplicable ; Pass      ; Pass      ; Inapplicable ; Pass         ; Inapplicable ; Inapplicable ; Inapplicable ; Inapplicable ; Pass         ; Inapplicable ; Inapplicable ; Inapplicable ; Inapplicable ; Pass         ; Inapplicable ; Inapplicable ; Inapplicable ; Inapplicable ; Inapplicable ; Pass      ; Inapplicable ; Inapplicable ;
; HEX1[0]            ; Inapplicable ; Inapplicable ; Inapplicable ; Inapplicable ; Inapplicable ; Pass      ; Inapplicable ; Inapplicable ; Pass      ; Pass      ; Inapplicable ; Pass         ; Inapplicable ; Inapplicable ; Inapplicable ; Inapplicable ; Pass         ; Inapplicable ; Inapplicable ; Inapplicable ; Inapplicable ; Pass         ; Inapplicable ; Inapplicable ; Inapplicable ; Inapplicable ; Inapplicable ; Pass      ; Inapplicable ; Inapplicable ;
; HEX2[6]            ; Inapplicable ; Inapplicable ; Inapplicable ; Inapplicable ; Inapplicable ; Pass      ; Inapplicable ; Inapplicable ; Pass      ; Pass      ; Inapplicable ; Pass         ; Inapplicable ; Inapplicable ; Inapplicable ; Inapplicable ; Pass         ; Inapplicable ; Inapplicable ; Inapplicable ; Inapplicable ; Pass         ; Inapplicable ; Inapplicable ; Inapplicable ; Inapplicable ; Inapplicable ; Pass      ; Inapplicable ; Inapplicable ;
; HEX2[5]            ; Inapplicable ; Inapplicable ; Inapplicable ; Inapplicable ; Inapplicable ; Pass      ; Inapplicable ; Inapplicable ; Pass      ; Pass      ; Inapplicable ; Pass         ; Inapplicable ; Inapplicable ; Inapplicable ; Inapplicable ; Pass         ; Inapplicable ; Inapplicable ; Inapplicable ; Inapplicable ; Pass         ; Inapplicable ; Inapplicable ; Inapplicable ; Inapplicable ; Inapplicable ; Pass      ; Inapplicable ; Inapplicable ;
; HEX2[4]            ; Inapplicable ; Inapplicable ; Inapplicable ; Inapplicable ; Inapplicable ; Pass      ; Inapplicable ; Inapplicable ; Pass      ; Pass      ; Inapplicable ; Pass         ; Inapplicable ; Inapplicable ; Inapplicable ; Inapplicable ; Pass         ; Inapplicable ; Inapplicable ; Inapplicable ; Inapplicable ; Pass         ; Inapplicable ; Inapplicable ; Inapplicable ; Inapplicable ; Inapplicable ; Pass      ; Inapplicable ; Inapplicable ;
; HEX2[3]            ; Inapplicable ; Inapplicable ; Inapplicable ; Inapplicable ; Inapplicable ; Pass      ; Inapplicable ; Inapplicable ; Pass      ; Pass      ; Inapplicable ; Pass         ; Inapplicable ; Inapplicable ; Inapplicable ; Inapplicable ; Pass         ; Inapplicable ; Inapplicable ; Inapplicable ; Inapplicable ; Pass         ; Inapplicable ; Inapplicable ; Inapplicable ; Inapplicable ; Inapplicable ; Pass      ; Inapplicable ; Inapplicable ;
; HEX2[2]            ; Inapplicable ; Inapplicable ; Inapplicable ; Inapplicable ; Inapplicable ; Pass      ; Inapplicable ; Inapplicable ; Pass      ; Pass      ; Inapplicable ; Pass         ; Inapplicable ; Inapplicable ; Inapplicable ; Inapplicable ; Pass         ; Inapplicable ; Inapplicable ; Inapplicable ; Inapplicable ; Pass         ; Inapplicable ; Inapplicable ; Inapplicable ; Inapplicable ; Inapplicable ; Pass      ; Inapplicable ; Inapplicable ;
; HEX2[1]            ; Inapplicable ; Inapplicable ; Inapplicable ; Inapplicable ; Inapplicable ; Pass      ; Inapplicable ; Inapplicable ; Pass      ; Pass      ; Inapplicable ; Pass         ; Inapplicable ; Inapplicable ; Inapplicable ; Inapplicable ; Pass         ; Inapplicable ; Inapplicable ; Inapplicable ; Inapplicable ; Pass         ; Inapplicable ; Inapplicable ; Inapplicable ; Inapplicable ; Inapplicable ; Pass      ; Inapplicable ; Inapplicable ;
; HEX2[0]            ; Inapplicable ; Inapplicable ; Inapplicable ; Inapplicable ; Inapplicable ; Pass      ; Inapplicable ; Inapplicable ; Pass      ; Pass      ; Inapplicable ; Pass         ; Inapplicable ; Inapplicable ; Inapplicable ; Inapplicable ; Pass         ; Inapplicable ; Inapplicable ; Inapplicable ; Inapplicable ; Pass         ; Inapplicable ; Inapplicable ; Inapplicable ; Inapplicable ; Inapplicable ; Pass      ; Inapplicable ; Inapplicable ;
; HEX3[6]            ; Inapplicable ; Inapplicable ; Inapplicable ; Inapplicable ; Inapplicable ; Pass      ; Inapplicable ; Inapplicable ; Pass      ; Pass      ; Inapplicable ; Pass         ; Inapplicable ; Inapplicable ; Inapplicable ; Inapplicable ; Pass         ; Inapplicable ; Inapplicable ; Inapplicable ; Inapplicable ; Pass         ; Inapplicable ; Inapplicable ; Inapplicable ; Inapplicable ; Inapplicable ; Pass      ; Inapplicable ; Inapplicable ;
; HEX3[5]            ; Inapplicable ; Inapplicable ; Inapplicable ; Inapplicable ; Inapplicable ; Pass      ; Inapplicable ; Inapplicable ; Pass      ; Pass      ; Inapplicable ; Pass         ; Inapplicable ; Inapplicable ; Inapplicable ; Inapplicable ; Pass         ; Inapplicable ; Inapplicable ; Inapplicable ; Inapplicable ; Pass         ; Inapplicable ; Inapplicable ; Inapplicable ; Inapplicable ; Inapplicable ; Pass      ; Inapplicable ; Inapplicable ;
; HEX3[4]            ; Inapplicable ; Inapplicable ; Inapplicable ; Inapplicable ; Inapplicable ; Pass      ; Inapplicable ; Inapplicable ; Pass      ; Pass      ; Inapplicable ; Pass         ; Inapplicable ; Inapplicable ; Inapplicable ; Inapplicable ; Pass         ; Inapplicable ; Inapplicable ; Inapplicable ; Inapplicable ; Pass         ; Inapplicable ; Inapplicable ; Inapplicable ; Inapplicable ; Inapplicable ; Pass      ; Inapplicable ; Inapplicable ;
; HEX3[3]            ; Inapplicable ; Inapplicable ; Inapplicable ; Inapplicable ; Inapplicable ; Pass      ; Inapplicable ; Inapplicable ; Pass      ; Pass      ; Inapplicable ; Pass         ; Inapplicable ; Inapplicable ; Inapplicable ; Inapplicable ; Pass         ; Inapplicable ; Inapplicable ; Inapplicable ; Inapplicable ; Pass         ; Inapplicable ; Inapplicable ; Inapplicable ; Inapplicable ; Inapplicable ; Pass      ; Inapplicable ; Inapplicable ;
; HEX3[2]            ; Inapplicable ; Inapplicable ; Inapplicable ; Inapplicable ; Inapplicable ; Pass      ; Inapplicable ; Inapplicable ; Pass      ; Pass      ; Inapplicable ; Pass         ; Inapplicable ; Inapplicable ; Inapplicable ; Inapplicable ; Pass         ; Inapplicable ; Inapplicable ; Inapplicable ; Inapplicable ; Pass         ; Inapplicable ; Inapplicable ; Inapplicable ; Inapplicable ; Inapplicable ; Pass      ; Inapplicable ; Inapplicable ;
; HEX3[1]            ; Inapplicable ; Inapplicable ; Inapplicable ; Inapplicable ; Inapplicable ; Pass      ; Inapplicable ; Inapplicable ; Pass      ; Pass      ; Inapplicable ; Pass         ; Inapplicable ; Inapplicable ; Inapplicable ; Inapplicable ; Pass         ; Inapplicable ; Inapplicable ; Inapplicable ; Inapplicable ; Pass         ; Inapplicable ; Inapplicable ; Inapplicable ; Inapplicable ; Inapplicable ; Pass      ; Inapplicable ; Inapplicable ;
; HEX3[0]            ; Inapplicable ; Inapplicable ; Inapplicable ; Inapplicable ; Inapplicable ; Pass      ; Inapplicable ; Inapplicable ; Pass      ; Pass      ; Inapplicable ; Pass         ; Inapplicable ; Inapplicable ; Inapplicable ; Inapplicable ; Pass         ; Inapplicable ; Inapplicable ; Inapplicable ; Inapplicable ; Pass         ; Inapplicable ; Inapplicable ; Inapplicable ; Inapplicable ; Inapplicable ; Pass      ; Inapplicable ; Inapplicable ;
; HEX4[6]            ; Inapplicable ; Inapplicable ; Inapplicable ; Inapplicable ; Inapplicable ; Pass      ; Inapplicable ; Inapplicable ; Pass      ; Pass      ; Inapplicable ; Pass         ; Inapplicable ; Inapplicable ; Inapplicable ; Inapplicable ; Pass         ; Inapplicable ; Inapplicable ; Inapplicable ; Inapplicable ; Pass         ; Inapplicable ; Inapplicable ; Inapplicable ; Inapplicable ; Inapplicable ; Pass      ; Inapplicable ; Inapplicable ;
; HEX4[5]            ; Inapplicable ; Inapplicable ; Inapplicable ; Inapplicable ; Inapplicable ; Pass      ; Inapplicable ; Inapplicable ; Pass      ; Pass      ; Inapplicable ; Pass         ; Inapplicable ; Inapplicable ; Inapplicable ; Inapplicable ; Pass         ; Inapplicable ; Inapplicable ; Inapplicable ; Inapplicable ; Pass         ; Inapplicable ; Inapplicable ; Inapplicable ; Inapplicable ; Inapplicable ; Pass      ; Inapplicable ; Inapplicable ;
; HEX4[4]            ; Inapplicable ; Inapplicable ; Inapplicable ; Inapplicable ; Inapplicable ; Pass      ; Inapplicable ; Inapplicable ; Pass      ; Pass      ; Inapplicable ; Pass         ; Inapplicable ; Inapplicable ; Inapplicable ; Inapplicable ; Pass         ; Inapplicable ; Inapplicable ; Inapplicable ; Inapplicable ; Pass         ; Inapplicable ; Inapplicable ; Inapplicable ; Inapplicable ; Inapplicable ; Pass      ; Inapplicable ; Inapplicable ;
; HEX4[3]            ; Inapplicable ; Inapplicable ; Inapplicable ; Inapplicable ; Inapplicable ; Pass      ; Inapplicable ; Inapplicable ; Pass      ; Pass      ; Inapplicable ; Pass         ; Inapplicable ; Inapplicable ; Inapplicable ; Inapplicable ; Pass         ; Inapplicable ; Inapplicable ; Inapplicable ; Inapplicable ; Pass         ; Inapplicable ; Inapplicable ; Inapplicable ; Inapplicable ; Inapplicable ; Pass      ; Inapplicable ; Inapplicable ;
; HEX4[2]            ; Inapplicable ; Inapplicable ; Inapplicable ; Inapplicable ; Inapplicable ; Pass      ; Inapplicable ; Inapplicable ; Pass      ; Pass      ; Inapplicable ; Pass         ; Inapplicable ; Inapplicable ; Inapplicable ; Inapplicable ; Pass         ; Inapplicable ; Inapplicable ; Inapplicable ; Inapplicable ; Pass         ; Inapplicable ; Inapplicable ; Inapplicable ; Inapplicable ; Inapplicable ; Pass      ; Inapplicable ; Inapplicable ;
; HEX4[1]            ; Inapplicable ; Inapplicable ; Inapplicable ; Inapplicable ; Inapplicable ; Pass      ; Inapplicable ; Inapplicable ; Pass      ; Pass      ; Inapplicable ; Pass         ; Inapplicable ; Inapplicable ; Inapplicable ; Inapplicable ; Pass         ; Inapplicable ; Inapplicable ; Inapplicable ; Inapplicable ; Pass         ; Inapplicable ; Inapplicable ; Inapplicable ; Inapplicable ; Inapplicable ; Pass      ; Inapplicable ; Inapplicable ;
; HEX4[0]            ; Inapplicable ; Inapplicable ; Inapplicable ; Inapplicable ; Inapplicable ; Pass      ; Inapplicable ; Inapplicable ; Pass      ; Pass      ; Inapplicable ; Pass         ; Inapplicable ; Inapplicable ; Inapplicable ; Inapplicable ; Pass         ; Inapplicable ; Inapplicable ; Inapplicable ; Inapplicable ; Pass         ; Inapplicable ; Inapplicable ; Inapplicable ; Inapplicable ; Inapplicable ; Pass      ; Inapplicable ; Inapplicable ;
; HEX5[6]            ; Inapplicable ; Inapplicable ; Inapplicable ; Inapplicable ; Inapplicable ; Pass      ; Inapplicable ; Inapplicable ; Pass      ; Pass      ; Inapplicable ; Pass         ; Inapplicable ; Inapplicable ; Inapplicable ; Inapplicable ; Pass         ; Inapplicable ; Inapplicable ; Inapplicable ; Inapplicable ; Pass         ; Inapplicable ; Inapplicable ; Inapplicable ; Inapplicable ; Inapplicable ; Pass      ; Inapplicable ; Inapplicable ;
; HEX5[5]            ; Inapplicable ; Inapplicable ; Inapplicable ; Inapplicable ; Inapplicable ; Pass      ; Inapplicable ; Inapplicable ; Pass      ; Pass      ; Inapplicable ; Pass         ; Inapplicable ; Inapplicable ; Inapplicable ; Inapplicable ; Pass         ; Inapplicable ; Inapplicable ; Inapplicable ; Inapplicable ; Pass         ; Inapplicable ; Inapplicable ; Inapplicable ; Inapplicable ; Inapplicable ; Pass      ; Inapplicable ; Inapplicable ;
; HEX5[4]            ; Inapplicable ; Inapplicable ; Inapplicable ; Inapplicable ; Inapplicable ; Pass      ; Inapplicable ; Inapplicable ; Pass      ; Pass      ; Inapplicable ; Pass         ; Inapplicable ; Inapplicable ; Inapplicable ; Inapplicable ; Pass         ; Inapplicable ; Inapplicable ; Inapplicable ; Inapplicable ; Pass         ; Inapplicable ; Inapplicable ; Inapplicable ; Inapplicable ; Inapplicable ; Pass      ; Inapplicable ; Inapplicable ;
; HEX5[3]            ; Inapplicable ; Inapplicable ; Inapplicable ; Inapplicable ; Inapplicable ; Pass      ; Inapplicable ; Inapplicable ; Pass      ; Pass      ; Inapplicable ; Pass         ; Inapplicable ; Inapplicable ; Inapplicable ; Inapplicable ; Pass         ; Inapplicable ; Inapplicable ; Inapplicable ; Inapplicable ; Pass         ; Inapplicable ; Inapplicable ; Inapplicable ; Inapplicable ; Inapplicable ; Pass      ; Inapplicable ; Inapplicable ;
; HEX5[2]            ; Inapplicable ; Inapplicable ; Inapplicable ; Inapplicable ; Inapplicable ; Pass      ; Inapplicable ; Inapplicable ; Pass      ; Pass      ; Inapplicable ; Pass         ; Inapplicable ; Inapplicable ; Inapplicable ; Inapplicable ; Pass         ; Inapplicable ; Inapplicable ; Inapplicable ; Inapplicable ; Pass         ; Inapplicable ; Inapplicable ; Inapplicable ; Inapplicable ; Inapplicable ; Pass      ; Inapplicable ; Inapplicable ;
; HEX5[1]            ; Inapplicable ; Inapplicable ; Inapplicable ; Inapplicable ; Inapplicable ; Pass      ; Inapplicable ; Inapplicable ; Pass      ; Pass      ; Inapplicable ; Pass         ; Inapplicable ; Inapplicable ; Inapplicable ; Inapplicable ; Pass         ; Inapplicable ; Inapplicable ; Inapplicable ; Inapplicable ; Pass         ; Inapplicable ; Inapplicable ; Inapplicable ; Inapplicable ; Inapplicable ; Pass      ; Inapplicable ; Inapplicable ;
; HEX5[0]            ; Inapplicable ; Inapplicable ; Inapplicable ; Inapplicable ; Inapplicable ; Pass      ; Inapplicable ; Inapplicable ; Pass      ; Pass      ; Inapplicable ; Pass         ; Inapplicable ; Inapplicable ; Inapplicable ; Inapplicable ; Pass         ; Inapplicable ; Inapplicable ; Inapplicable ; Inapplicable ; Pass         ; Inapplicable ; Inapplicable ; Inapplicable ; Inapplicable ; Inapplicable ; Pass      ; Inapplicable ; Inapplicable ;
; HEX6[6]            ; Inapplicable ; Inapplicable ; Inapplicable ; Inapplicable ; Inapplicable ; Pass      ; Inapplicable ; Inapplicable ; Pass      ; Pass      ; Inapplicable ; Pass         ; Inapplicable ; Inapplicable ; Inapplicable ; Inapplicable ; Pass         ; Inapplicable ; Inapplicable ; Inapplicable ; Inapplicable ; Pass         ; Inapplicable ; Inapplicable ; Inapplicable ; Inapplicable ; Inapplicable ; Pass      ; Inapplicable ; Inapplicable ;
; HEX6[5]            ; Inapplicable ; Inapplicable ; Inapplicable ; Inapplicable ; Inapplicable ; Pass      ; Inapplicable ; Inapplicable ; Pass      ; Pass      ; Inapplicable ; Pass         ; Inapplicable ; Inapplicable ; Inapplicable ; Inapplicable ; Pass         ; Inapplicable ; Inapplicable ; Inapplicable ; Inapplicable ; Pass         ; Inapplicable ; Inapplicable ; Inapplicable ; Inapplicable ; Inapplicable ; Pass      ; Inapplicable ; Inapplicable ;
; HEX6[4]            ; Inapplicable ; Inapplicable ; Inapplicable ; Inapplicable ; Inapplicable ; Pass      ; Inapplicable ; Inapplicable ; Pass      ; Pass      ; Inapplicable ; Pass         ; Inapplicable ; Inapplicable ; Inapplicable ; Inapplicable ; Pass         ; Inapplicable ; Inapplicable ; Inapplicable ; Inapplicable ; Pass         ; Inapplicable ; Inapplicable ; Inapplicable ; Inapplicable ; Inapplicable ; Pass      ; Inapplicable ; Inapplicable ;
; HEX6[3]            ; Inapplicable ; Inapplicable ; Inapplicable ; Inapplicable ; Inapplicable ; Pass      ; Inapplicable ; Inapplicable ; Pass      ; Pass      ; Inapplicable ; Pass         ; Inapplicable ; Inapplicable ; Inapplicable ; Inapplicable ; Pass         ; Inapplicable ; Inapplicable ; Inapplicable ; Inapplicable ; Pass         ; Inapplicable ; Inapplicable ; Inapplicable ; Inapplicable ; Inapplicable ; Pass      ; Inapplicable ; Inapplicable ;
; HEX6[2]            ; Inapplicable ; Inapplicable ; Inapplicable ; Inapplicable ; Inapplicable ; Pass      ; Inapplicable ; Inapplicable ; Pass      ; Pass      ; Inapplicable ; Pass         ; Inapplicable ; Inapplicable ; Inapplicable ; Inapplicable ; Pass         ; Inapplicable ; Inapplicable ; Inapplicable ; Inapplicable ; Pass         ; Inapplicable ; Inapplicable ; Inapplicable ; Inapplicable ; Inapplicable ; Pass      ; Inapplicable ; Inapplicable ;
; HEX6[1]            ; Inapplicable ; Inapplicable ; Inapplicable ; Inapplicable ; Inapplicable ; Pass      ; Inapplicable ; Inapplicable ; Pass      ; Pass      ; Inapplicable ; Pass         ; Inapplicable ; Inapplicable ; Inapplicable ; Inapplicable ; Pass         ; Inapplicable ; Inapplicable ; Inapplicable ; Inapplicable ; Pass         ; Inapplicable ; Inapplicable ; Inapplicable ; Inapplicable ; Inapplicable ; Pass      ; Inapplicable ; Inapplicable ;
; HEX6[0]            ; Inapplicable ; Inapplicable ; Inapplicable ; Inapplicable ; Inapplicable ; Pass      ; Inapplicable ; Inapplicable ; Pass      ; Pass      ; Inapplicable ; Pass         ; Inapplicable ; Inapplicable ; Inapplicable ; Inapplicable ; Pass         ; Inapplicable ; Inapplicable ; Inapplicable ; Inapplicable ; Pass         ; Inapplicable ; Inapplicable ; Inapplicable ; Inapplicable ; Inapplicable ; Pass      ; Inapplicable ; Inapplicable ;
; HEX7[6]            ; Inapplicable ; Inapplicable ; Inapplicable ; Inapplicable ; Inapplicable ; Pass      ; Inapplicable ; Inapplicable ; Pass      ; Pass      ; Inapplicable ; Pass         ; Inapplicable ; Inapplicable ; Inapplicable ; Inapplicable ; Pass         ; Inapplicable ; Inapplicable ; Inapplicable ; Inapplicable ; Pass         ; Inapplicable ; Inapplicable ; Inapplicable ; Inapplicable ; Inapplicable ; Pass      ; Inapplicable ; Inapplicable ;
; HEX7[5]            ; Inapplicable ; Inapplicable ; Inapplicable ; Inapplicable ; Inapplicable ; Pass      ; Inapplicable ; Inapplicable ; Pass      ; Pass      ; Inapplicable ; Pass         ; Inapplicable ; Inapplicable ; Inapplicable ; Inapplicable ; Pass         ; Inapplicable ; Inapplicable ; Inapplicable ; Inapplicable ; Pass         ; Inapplicable ; Inapplicable ; Inapplicable ; Inapplicable ; Inapplicable ; Pass      ; Inapplicable ; Inapplicable ;
; HEX7[4]            ; Inapplicable ; Inapplicable ; Inapplicable ; Inapplicable ; Inapplicable ; Pass      ; Inapplicable ; Inapplicable ; Pass      ; Pass      ; Inapplicable ; Pass         ; Inapplicable ; Inapplicable ; Inapplicable ; Inapplicable ; Pass         ; Inapplicable ; Inapplicable ; Inapplicable ; Inapplicable ; Pass         ; Inapplicable ; Inapplicable ; Inapplicable ; Inapplicable ; Inapplicable ; Pass      ; Inapplicable ; Inapplicable ;
; HEX7[3]            ; Inapplicable ; Inapplicable ; Inapplicable ; Inapplicable ; Inapplicable ; Pass      ; Inapplicable ; Inapplicable ; Pass      ; Pass      ; Inapplicable ; Pass         ; Inapplicable ; Inapplicable ; Inapplicable ; Inapplicable ; Pass         ; Inapplicable ; Inapplicable ; Inapplicable ; Inapplicable ; Pass         ; Inapplicable ; Inapplicable ; Inapplicable ; Inapplicable ; Inapplicable ; Pass      ; Inapplicable ; Inapplicable ;
; HEX7[2]            ; Inapplicable ; Inapplicable ; Inapplicable ; Inapplicable ; Inapplicable ; Pass      ; Inapplicable ; Inapplicable ; Pass      ; Pass      ; Inapplicable ; Pass         ; Inapplicable ; Inapplicable ; Inapplicable ; Inapplicable ; Pass         ; Inapplicable ; Inapplicable ; Inapplicable ; Inapplicable ; Pass         ; Inapplicable ; Inapplicable ; Inapplicable ; Inapplicable ; Inapplicable ; Pass      ; Inapplicable ; Inapplicable ;
; HEX7[1]            ; Inapplicable ; Inapplicable ; Inapplicable ; Inapplicable ; Inapplicable ; Pass      ; Inapplicable ; Inapplicable ; Pass      ; Pass      ; Inapplicable ; Pass         ; Inapplicable ; Inapplicable ; Inapplicable ; Inapplicable ; Pass         ; Inapplicable ; Inapplicable ; Inapplicable ; Inapplicable ; Pass         ; Inapplicable ; Inapplicable ; Inapplicable ; Inapplicable ; Inapplicable ; Pass      ; Inapplicable ; Inapplicable ;
; HEX7[0]            ; Inapplicable ; Inapplicable ; Inapplicable ; Inapplicable ; Inapplicable ; Pass      ; Inapplicable ; Inapplicable ; Pass      ; Pass      ; Inapplicable ; Pass         ; Inapplicable ; Inapplicable ; Inapplicable ; Inapplicable ; Pass         ; Inapplicable ; Inapplicable ; Inapplicable ; Inapplicable ; Pass         ; Inapplicable ; Inapplicable ; Inapplicable ; Inapplicable ; Inapplicable ; Pass      ; Inapplicable ; Inapplicable ;
; MUX_INPUT1[31]     ; Inapplicable ; Inapplicable ; Inapplicable ; Inapplicable ; Inapplicable ; Pass      ; Inapplicable ; Inapplicable ; Pass      ; Pass      ; Inapplicable ; Pass         ; Inapplicable ; Inapplicable ; Inapplicable ; Inapplicable ; Pass         ; Inapplicable ; Inapplicable ; Inapplicable ; Inapplicable ; Pass         ; Inapplicable ; Inapplicable ; Inapplicable ; Inapplicable ; Inapplicable ; Pass      ; Inapplicable ; Inapplicable ;
; MUX_INPUT1[30]     ; Inapplicable ; Inapplicable ; Inapplicable ; Inapplicable ; Inapplicable ; Pass      ; Inapplicable ; Inapplicable ; Pass      ; Pass      ; Inapplicable ; Pass         ; Inapplicable ; Inapplicable ; Inapplicable ; Inapplicable ; Pass         ; Inapplicable ; Inapplicable ; Inapplicable ; Inapplicable ; Pass         ; Inapplicable ; Inapplicable ; Inapplicable ; Inapplicable ; Inapplicable ; Pass      ; Inapplicable ; Inapplicable ;
; MUX_INPUT1[29]     ; Inapplicable ; Inapplicable ; Inapplicable ; Inapplicable ; Inapplicable ; Pass      ; Inapplicable ; Inapplicable ; Pass      ; Pass      ; Inapplicable ; Pass         ; Inapplicable ; Inapplicable ; Inapplicable ; Inapplicable ; Pass         ; Inapplicable ; Inapplicable ; Inapplicable ; Inapplicable ; Pass         ; Inapplicable ; Inapplicable ; Inapplicable ; Inapplicable ; Inapplicable ; Pass      ; Inapplicable ; Inapplicable ;
; MUX_INPUT1[28]     ; Inapplicable ; Inapplicable ; Inapplicable ; Inapplicable ; Inapplicable ; Pass      ; Inapplicable ; Inapplicable ; Pass      ; Pass      ; Inapplicable ; Pass         ; Inapplicable ; Inapplicable ; Inapplicable ; Inapplicable ; Pass         ; Inapplicable ; Inapplicable ; Inapplicable ; Inapplicable ; Pass         ; Inapplicable ; Inapplicable ; Inapplicable ; Inapplicable ; Inapplicable ; Pass      ; Inapplicable ; Inapplicable ;
; MUX_INPUT1[27]     ; Inapplicable ; Inapplicable ; Inapplicable ; Inapplicable ; Inapplicable ; Pass      ; Inapplicable ; Inapplicable ; Pass      ; Pass      ; Inapplicable ; Pass         ; Inapplicable ; Inapplicable ; Inapplicable ; Inapplicable ; Pass         ; Inapplicable ; Inapplicable ; Inapplicable ; Inapplicable ; Pass         ; Inapplicable ; Inapplicable ; Inapplicable ; Inapplicable ; Inapplicable ; Pass      ; Inapplicable ; Inapplicable ;
; MUX_INPUT1[26]     ; Inapplicable ; Inapplicable ; Inapplicable ; Inapplicable ; Inapplicable ; Pass      ; Inapplicable ; Inapplicable ; Pass      ; Pass      ; Inapplicable ; Pass         ; Inapplicable ; Inapplicable ; Inapplicable ; Inapplicable ; Pass         ; Inapplicable ; Inapplicable ; Inapplicable ; Inapplicable ; Pass         ; Inapplicable ; Inapplicable ; Inapplicable ; Inapplicable ; Inapplicable ; Pass      ; Inapplicable ; Inapplicable ;
; MUX_INPUT1[25]     ; Inapplicable ; Inapplicable ; Inapplicable ; Inapplicable ; Inapplicable ; Pass      ; Inapplicable ; Inapplicable ; Pass      ; Pass      ; Inapplicable ; Pass         ; Inapplicable ; Inapplicable ; Inapplicable ; Inapplicable ; Pass         ; Inapplicable ; Inapplicable ; Inapplicable ; Inapplicable ; Pass         ; Inapplicable ; Inapplicable ; Inapplicable ; Inapplicable ; Inapplicable ; Pass      ; Inapplicable ; Inapplicable ;
; MUX_INPUT1[24]     ; Inapplicable ; Inapplicable ; Inapplicable ; Inapplicable ; Inapplicable ; Pass      ; Inapplicable ; Inapplicable ; Pass      ; Pass      ; Inapplicable ; Pass         ; Inapplicable ; Inapplicable ; Inapplicable ; Inapplicable ; Pass         ; Inapplicable ; Inapplicable ; Inapplicable ; Inapplicable ; Pass         ; Inapplicable ; Inapplicable ; Inapplicable ; Inapplicable ; Inapplicable ; Pass      ; Inapplicable ; Inapplicable ;
; MUX_INPUT1[23]     ; Inapplicable ; Inapplicable ; Inapplicable ; Inapplicable ; Inapplicable ; Pass      ; Inapplicable ; Inapplicable ; Pass      ; Pass      ; Inapplicable ; Pass         ; Inapplicable ; Inapplicable ; Inapplicable ; Inapplicable ; Pass         ; Inapplicable ; Inapplicable ; Inapplicable ; Inapplicable ; Pass         ; Inapplicable ; Inapplicable ; Inapplicable ; Inapplicable ; Inapplicable ; Pass      ; Inapplicable ; Inapplicable ;
; MUX_INPUT1[22]     ; Inapplicable ; Inapplicable ; Inapplicable ; Inapplicable ; Inapplicable ; Pass      ; Inapplicable ; Inapplicable ; Pass      ; Pass      ; Inapplicable ; Pass         ; Inapplicable ; Inapplicable ; Inapplicable ; Inapplicable ; Pass         ; Inapplicable ; Inapplicable ; Inapplicable ; Inapplicable ; Pass         ; Inapplicable ; Inapplicable ; Inapplicable ; Inapplicable ; Inapplicable ; Pass      ; Inapplicable ; Inapplicable ;
; MUX_INPUT1[21]     ; Inapplicable ; Inapplicable ; Inapplicable ; Inapplicable ; Inapplicable ; Pass      ; Inapplicable ; Inapplicable ; Pass      ; Pass      ; Inapplicable ; Pass         ; Inapplicable ; Inapplicable ; Inapplicable ; Inapplicable ; Pass         ; Inapplicable ; Inapplicable ; Inapplicable ; Inapplicable ; Pass         ; Inapplicable ; Inapplicable ; Inapplicable ; Inapplicable ; Inapplicable ; Pass      ; Inapplicable ; Inapplicable ;
; MUX_INPUT1[20]     ; Inapplicable ; Inapplicable ; Inapplicable ; Inapplicable ; Inapplicable ; Pass      ; Inapplicable ; Inapplicable ; Pass      ; Pass      ; Inapplicable ; Pass         ; Inapplicable ; Inapplicable ; Inapplicable ; Inapplicable ; Pass         ; Inapplicable ; Inapplicable ; Inapplicable ; Inapplicable ; Pass         ; Inapplicable ; Inapplicable ; Inapplicable ; Inapplicable ; Inapplicable ; Pass      ; Inapplicable ; Inapplicable ;
; MUX_INPUT1[19]     ; Inapplicable ; Inapplicable ; Inapplicable ; Inapplicable ; Inapplicable ; Pass      ; Inapplicable ; Inapplicable ; Pass      ; Pass      ; Inapplicable ; Pass         ; Inapplicable ; Inapplicable ; Inapplicable ; Inapplicable ; Pass         ; Inapplicable ; Inapplicable ; Inapplicable ; Inapplicable ; Pass         ; Inapplicable ; Inapplicable ; Inapplicable ; Inapplicable ; Inapplicable ; Pass      ; Inapplicable ; Inapplicable ;
; MUX_INPUT1[18]     ; Inapplicable ; Inapplicable ; Inapplicable ; Inapplicable ; Inapplicable ; Pass      ; Inapplicable ; Inapplicable ; Pass      ; Pass      ; Inapplicable ; Pass         ; Inapplicable ; Inapplicable ; Inapplicable ; Inapplicable ; Pass         ; Inapplicable ; Inapplicable ; Inapplicable ; Inapplicable ; Pass         ; Inapplicable ; Inapplicable ; Inapplicable ; Inapplicable ; Inapplicable ; Pass      ; Inapplicable ; Inapplicable ;
; MUX_INPUT1[17]     ; Inapplicable ; Inapplicable ; Inapplicable ; Inapplicable ; Inapplicable ; Pass      ; Inapplicable ; Inapplicable ; Pass      ; Pass      ; Inapplicable ; Pass         ; Inapplicable ; Inapplicable ; Inapplicable ; Inapplicable ; Pass         ; Inapplicable ; Inapplicable ; Inapplicable ; Inapplicable ; Pass         ; Inapplicable ; Inapplicable ; Inapplicable ; Inapplicable ; Inapplicable ; Pass      ; Inapplicable ; Inapplicable ;
; MUX_INPUT1[16]     ; Inapplicable ; Inapplicable ; Inapplicable ; Inapplicable ; Inapplicable ; Pass      ; Inapplicable ; Inapplicable ; Pass      ; Pass      ; Inapplicable ; Pass         ; Inapplicable ; Inapplicable ; Inapplicable ; Inapplicable ; Pass         ; Inapplicable ; Inapplicable ; Inapplicable ; Inapplicable ; Pass         ; Inapplicable ; Inapplicable ; Inapplicable ; Inapplicable ; Inapplicable ; Pass      ; Inapplicable ; Inapplicable ;
; MUX_INPUT1[15]     ; Inapplicable ; Inapplicable ; Inapplicable ; Inapplicable ; Inapplicable ; Pass      ; Inapplicable ; Inapplicable ; Pass      ; Pass      ; Inapplicable ; Pass         ; Inapplicable ; Inapplicable ; Inapplicable ; Inapplicable ; Pass         ; Inapplicable ; Inapplicable ; Inapplicable ; Inapplicable ; Pass         ; Inapplicable ; Inapplicable ; Inapplicable ; Inapplicable ; Inapplicable ; Pass      ; Inapplicable ; Inapplicable ;
; MUX_INPUT1[14]     ; Inapplicable ; Inapplicable ; Inapplicable ; Inapplicable ; Inapplicable ; Pass      ; Inapplicable ; Inapplicable ; Pass      ; Pass      ; Inapplicable ; Pass         ; Inapplicable ; Inapplicable ; Inapplicable ; Inapplicable ; Pass         ; Inapplicable ; Inapplicable ; Inapplicable ; Inapplicable ; Pass         ; Inapplicable ; Inapplicable ; Inapplicable ; Inapplicable ; Inapplicable ; Pass      ; Inapplicable ; Inapplicable ;
; MUX_INPUT1[13]     ; Inapplicable ; Inapplicable ; Inapplicable ; Inapplicable ; Inapplicable ; Pass      ; Inapplicable ; Inapplicable ; Pass      ; Pass      ; Inapplicable ; Pass         ; Inapplicable ; Inapplicable ; Inapplicable ; Inapplicable ; Pass         ; Inapplicable ; Inapplicable ; Inapplicable ; Inapplicable ; Pass         ; Inapplicable ; Inapplicable ; Inapplicable ; Inapplicable ; Inapplicable ; Pass      ; Inapplicable ; Inapplicable ;
; MUX_INPUT1[12]     ; Inapplicable ; Inapplicable ; Inapplicable ; Inapplicable ; Inapplicable ; Pass      ; Inapplicable ; Inapplicable ; Pass      ; Pass      ; Inapplicable ; Pass         ; Inapplicable ; Inapplicable ; Inapplicable ; Inapplicable ; Pass         ; Inapplicable ; Inapplicable ; Inapplicable ; Inapplicable ; Pass         ; Inapplicable ; Inapplicable ; Inapplicable ; Inapplicable ; Inapplicable ; Pass      ; Inapplicable ; Inapplicable ;
; MUX_INPUT1[11]     ; Inapplicable ; Inapplicable ; Inapplicable ; Inapplicable ; Inapplicable ; Pass      ; Inapplicable ; Inapplicable ; Pass      ; Pass      ; Inapplicable ; Pass         ; Inapplicable ; Inapplicable ; Inapplicable ; Inapplicable ; Pass         ; Inapplicable ; Inapplicable ; Inapplicable ; Inapplicable ; Pass         ; Inapplicable ; Inapplicable ; Inapplicable ; Inapplicable ; Inapplicable ; Pass      ; Inapplicable ; Inapplicable ;
; MUX_INPUT1[10]     ; Inapplicable ; Inapplicable ; Inapplicable ; Inapplicable ; Inapplicable ; Pass      ; Inapplicable ; Inapplicable ; Pass      ; Pass      ; Inapplicable ; Pass         ; Inapplicable ; Inapplicable ; Inapplicable ; Inapplicable ; Pass         ; Inapplicable ; Inapplicable ; Inapplicable ; Inapplicable ; Pass         ; Inapplicable ; Inapplicable ; Inapplicable ; Inapplicable ; Inapplicable ; Pass      ; Inapplicable ; Inapplicable ;
; MUX_INPUT1[9]      ; Inapplicable ; Inapplicable ; Inapplicable ; Inapplicable ; Inapplicable ; Pass      ; Inapplicable ; Inapplicable ; Pass      ; Pass      ; Inapplicable ; Pass         ; Inapplicable ; Inapplicable ; Inapplicable ; Inapplicable ; Pass         ; Inapplicable ; Inapplicable ; Inapplicable ; Inapplicable ; Pass         ; Inapplicable ; Inapplicable ; Inapplicable ; Inapplicable ; Inapplicable ; Pass      ; Inapplicable ; Inapplicable ;
; MUX_INPUT1[8]      ; Inapplicable ; Inapplicable ; Inapplicable ; Inapplicable ; Inapplicable ; Pass      ; Inapplicable ; Inapplicable ; Pass      ; Pass      ; Inapplicable ; Pass         ; Inapplicable ; Inapplicable ; Inapplicable ; Inapplicable ; Pass         ; Inapplicable ; Inapplicable ; Inapplicable ; Inapplicable ; Pass         ; Inapplicable ; Inapplicable ; Inapplicable ; Inapplicable ; Inapplicable ; Pass      ; Inapplicable ; Inapplicable ;
; MUX_INPUT1[7]      ; Inapplicable ; Inapplicable ; Inapplicable ; Inapplicable ; Inapplicable ; Pass      ; Inapplicable ; Inapplicable ; Pass      ; Pass      ; Inapplicable ; Pass         ; Inapplicable ; Inapplicable ; Inapplicable ; Inapplicable ; Pass         ; Inapplicable ; Inapplicable ; Inapplicable ; Inapplicable ; Pass         ; Inapplicable ; Inapplicable ; Inapplicable ; Inapplicable ; Inapplicable ; Pass      ; Inapplicable ; Inapplicable ;
; MUX_INPUT1[6]      ; Inapplicable ; Inapplicable ; Inapplicable ; Inapplicable ; Inapplicable ; Pass      ; Inapplicable ; Inapplicable ; Pass      ; Pass      ; Inapplicable ; Pass         ; Inapplicable ; Inapplicable ; Inapplicable ; Inapplicable ; Pass         ; Inapplicable ; Inapplicable ; Inapplicable ; Inapplicable ; Pass         ; Inapplicable ; Inapplicable ; Inapplicable ; Inapplicable ; Inapplicable ; Pass      ; Inapplicable ; Inapplicable ;
; MUX_INPUT1[5]      ; Inapplicable ; Inapplicable ; Inapplicable ; Inapplicable ; Inapplicable ; Pass      ; Inapplicable ; Inapplicable ; Pass      ; Pass      ; Inapplicable ; Pass         ; Inapplicable ; Inapplicable ; Inapplicable ; Inapplicable ; Pass         ; Inapplicable ; Inapplicable ; Inapplicable ; Inapplicable ; Pass         ; Inapplicable ; Inapplicable ; Inapplicable ; Inapplicable ; Inapplicable ; Pass      ; Inapplicable ; Inapplicable ;
; MUX_INPUT1[4]      ; Inapplicable ; Inapplicable ; Inapplicable ; Inapplicable ; Inapplicable ; Pass      ; Inapplicable ; Inapplicable ; Pass      ; Pass      ; Inapplicable ; Pass         ; Inapplicable ; Inapplicable ; Inapplicable ; Inapplicable ; Pass         ; Inapplicable ; Inapplicable ; Inapplicable ; Inapplicable ; Pass         ; Inapplicable ; Inapplicable ; Inapplicable ; Inapplicable ; Inapplicable ; Pass      ; Inapplicable ; Inapplicable ;
; MUX_INPUT1[3]      ; Inapplicable ; Inapplicable ; Inapplicable ; Inapplicable ; Inapplicable ; Pass      ; Inapplicable ; Inapplicable ; Pass      ; Pass      ; Inapplicable ; Pass         ; Inapplicable ; Inapplicable ; Inapplicable ; Inapplicable ; Pass         ; Inapplicable ; Inapplicable ; Inapplicable ; Inapplicable ; Pass         ; Inapplicable ; Inapplicable ; Inapplicable ; Inapplicable ; Inapplicable ; Pass      ; Inapplicable ; Inapplicable ;
; MUX_INPUT1[2]      ; Inapplicable ; Inapplicable ; Inapplicable ; Inapplicable ; Inapplicable ; Pass      ; Inapplicable ; Inapplicable ; Pass      ; Pass      ; Inapplicable ; Pass         ; Inapplicable ; Inapplicable ; Inapplicable ; Inapplicable ; Pass         ; Inapplicable ; Inapplicable ; Inapplicable ; Inapplicable ; Pass         ; Inapplicable ; Inapplicable ; Inapplicable ; Inapplicable ; Inapplicable ; Pass      ; Inapplicable ; Inapplicable ;
; MUX_INPUT1[1]      ; Inapplicable ; Inapplicable ; Inapplicable ; Inapplicable ; Inapplicable ; Pass      ; Inapplicable ; Inapplicable ; Pass      ; Pass      ; Inapplicable ; Pass         ; Inapplicable ; Inapplicable ; Inapplicable ; Inapplicable ; Pass         ; Inapplicable ; Inapplicable ; Inapplicable ; Inapplicable ; Pass         ; Inapplicable ; Inapplicable ; Inapplicable ; Inapplicable ; Inapplicable ; Pass      ; Inapplicable ; Inapplicable ;
; MUX_INPUT1[0]      ; Inapplicable ; Inapplicable ; Inapplicable ; Inapplicable ; Inapplicable ; Pass      ; Inapplicable ; Inapplicable ; Pass      ; Pass      ; Inapplicable ; Pass         ; Inapplicable ; Inapplicable ; Inapplicable ; Inapplicable ; Pass         ; Inapplicable ; Inapplicable ; Inapplicable ; Inapplicable ; Pass         ; Inapplicable ; Inapplicable ; Inapplicable ; Inapplicable ; Inapplicable ; Pass      ; Inapplicable ; Inapplicable ;
; MUX_INPUT2[31]     ; Inapplicable ; Inapplicable ; Inapplicable ; Inapplicable ; Inapplicable ; Pass      ; Inapplicable ; Inapplicable ; Pass      ; Pass      ; Inapplicable ; Pass         ; Inapplicable ; Inapplicable ; Inapplicable ; Inapplicable ; Pass         ; Inapplicable ; Inapplicable ; Inapplicable ; Inapplicable ; Pass         ; Inapplicable ; Inapplicable ; Inapplicable ; Inapplicable ; Inapplicable ; Pass      ; Inapplicable ; Inapplicable ;
; MUX_INPUT2[30]     ; Inapplicable ; Inapplicable ; Inapplicable ; Inapplicable ; Inapplicable ; Pass      ; Inapplicable ; Inapplicable ; Pass      ; Pass      ; Inapplicable ; Pass         ; Inapplicable ; Inapplicable ; Inapplicable ; Inapplicable ; Pass         ; Inapplicable ; Inapplicable ; Inapplicable ; Inapplicable ; Pass         ; Inapplicable ; Inapplicable ; Inapplicable ; Inapplicable ; Inapplicable ; Pass      ; Inapplicable ; Inapplicable ;
; MUX_INPUT2[29]     ; Inapplicable ; Inapplicable ; Inapplicable ; Inapplicable ; Inapplicable ; Pass      ; Inapplicable ; Inapplicable ; Pass      ; Pass      ; Inapplicable ; Pass         ; Inapplicable ; Inapplicable ; Inapplicable ; Inapplicable ; Pass         ; Inapplicable ; Inapplicable ; Inapplicable ; Inapplicable ; Pass         ; Inapplicable ; Inapplicable ; Inapplicable ; Inapplicable ; Inapplicable ; Pass      ; Inapplicable ; Inapplicable ;
; MUX_INPUT2[28]     ; Inapplicable ; Inapplicable ; Inapplicable ; Inapplicable ; Inapplicable ; Pass      ; Inapplicable ; Inapplicable ; Pass      ; Pass      ; Inapplicable ; Pass         ; Inapplicable ; Inapplicable ; Inapplicable ; Inapplicable ; Pass         ; Inapplicable ; Inapplicable ; Inapplicable ; Inapplicable ; Pass         ; Inapplicable ; Inapplicable ; Inapplicable ; Inapplicable ; Inapplicable ; Pass      ; Inapplicable ; Inapplicable ;
; MUX_INPUT2[27]     ; Inapplicable ; Inapplicable ; Inapplicable ; Inapplicable ; Inapplicable ; Pass      ; Inapplicable ; Inapplicable ; Pass      ; Pass      ; Inapplicable ; Pass         ; Inapplicable ; Inapplicable ; Inapplicable ; Inapplicable ; Pass         ; Inapplicable ; Inapplicable ; Inapplicable ; Inapplicable ; Pass         ; Inapplicable ; Inapplicable ; Inapplicable ; Inapplicable ; Inapplicable ; Pass      ; Inapplicable ; Inapplicable ;
; MUX_INPUT2[26]     ; Inapplicable ; Inapplicable ; Inapplicable ; Inapplicable ; Inapplicable ; Pass      ; Inapplicable ; Inapplicable ; Pass      ; Pass      ; Inapplicable ; Pass         ; Inapplicable ; Inapplicable ; Inapplicable ; Inapplicable ; Pass         ; Inapplicable ; Inapplicable ; Inapplicable ; Inapplicable ; Pass         ; Inapplicable ; Inapplicable ; Inapplicable ; Inapplicable ; Inapplicable ; Pass      ; Inapplicable ; Inapplicable ;
; MUX_INPUT2[25]     ; Inapplicable ; Inapplicable ; Inapplicable ; Inapplicable ; Inapplicable ; Pass      ; Inapplicable ; Inapplicable ; Pass      ; Pass      ; Inapplicable ; Pass         ; Inapplicable ; Inapplicable ; Inapplicable ; Inapplicable ; Pass         ; Inapplicable ; Inapplicable ; Inapplicable ; Inapplicable ; Pass         ; Inapplicable ; Inapplicable ; Inapplicable ; Inapplicable ; Inapplicable ; Pass      ; Inapplicable ; Inapplicable ;
; MUX_INPUT2[24]     ; Inapplicable ; Inapplicable ; Inapplicable ; Inapplicable ; Inapplicable ; Pass      ; Inapplicable ; Inapplicable ; Pass      ; Pass      ; Inapplicable ; Pass         ; Inapplicable ; Inapplicable ; Inapplicable ; Inapplicable ; Pass         ; Inapplicable ; Inapplicable ; Inapplicable ; Inapplicable ; Pass         ; Inapplicable ; Inapplicable ; Inapplicable ; Inapplicable ; Inapplicable ; Pass      ; Inapplicable ; Inapplicable ;
; MUX_INPUT2[23]     ; Inapplicable ; Inapplicable ; Inapplicable ; Inapplicable ; Inapplicable ; Pass      ; Inapplicable ; Inapplicable ; Pass      ; Pass      ; Inapplicable ; Pass         ; Inapplicable ; Inapplicable ; Inapplicable ; Inapplicable ; Pass         ; Inapplicable ; Inapplicable ; Inapplicable ; Inapplicable ; Pass         ; Inapplicable ; Inapplicable ; Inapplicable ; Inapplicable ; Inapplicable ; Pass      ; Inapplicable ; Inapplicable ;
; MUX_INPUT2[22]     ; Inapplicable ; Inapplicable ; Inapplicable ; Inapplicable ; Inapplicable ; Pass      ; Inapplicable ; Inapplicable ; Pass      ; Pass      ; Inapplicable ; Pass         ; Inapplicable ; Inapplicable ; Inapplicable ; Inapplicable ; Pass         ; Inapplicable ; Inapplicable ; Inapplicable ; Inapplicable ; Pass         ; Inapplicable ; Inapplicable ; Inapplicable ; Inapplicable ; Inapplicable ; Pass      ; Inapplicable ; Inapplicable ;
; MUX_INPUT2[21]     ; Inapplicable ; Inapplicable ; Inapplicable ; Inapplicable ; Inapplicable ; Pass      ; Inapplicable ; Inapplicable ; Pass      ; Pass      ; Inapplicable ; Pass         ; Inapplicable ; Inapplicable ; Inapplicable ; Inapplicable ; Pass         ; Inapplicable ; Inapplicable ; Inapplicable ; Inapplicable ; Pass         ; Inapplicable ; Inapplicable ; Inapplicable ; Inapplicable ; Inapplicable ; Pass      ; Inapplicable ; Inapplicable ;
; MUX_INPUT2[20]     ; Inapplicable ; Inapplicable ; Inapplicable ; Inapplicable ; Inapplicable ; Pass      ; Inapplicable ; Inapplicable ; Pass      ; Pass      ; Inapplicable ; Pass         ; Inapplicable ; Inapplicable ; Inapplicable ; Inapplicable ; Pass         ; Inapplicable ; Inapplicable ; Inapplicable ; Inapplicable ; Pass         ; Inapplicable ; Inapplicable ; Inapplicable ; Inapplicable ; Inapplicable ; Pass      ; Inapplicable ; Inapplicable ;
; MUX_INPUT2[19]     ; Inapplicable ; Inapplicable ; Inapplicable ; Inapplicable ; Inapplicable ; Pass      ; Inapplicable ; Inapplicable ; Pass      ; Pass      ; Inapplicable ; Pass         ; Inapplicable ; Inapplicable ; Inapplicable ; Inapplicable ; Pass         ; Inapplicable ; Inapplicable ; Inapplicable ; Inapplicable ; Pass         ; Inapplicable ; Inapplicable ; Inapplicable ; Inapplicable ; Inapplicable ; Pass      ; Inapplicable ; Inapplicable ;
; MUX_INPUT2[18]     ; Inapplicable ; Inapplicable ; Inapplicable ; Inapplicable ; Inapplicable ; Pass      ; Inapplicable ; Inapplicable ; Pass      ; Pass      ; Inapplicable ; Pass         ; Inapplicable ; Inapplicable ; Inapplicable ; Inapplicable ; Pass         ; Inapplicable ; Inapplicable ; Inapplicable ; Inapplicable ; Pass         ; Inapplicable ; Inapplicable ; Inapplicable ; Inapplicable ; Inapplicable ; Pass      ; Inapplicable ; Inapplicable ;
; MUX_INPUT2[17]     ; Inapplicable ; Inapplicable ; Inapplicable ; Inapplicable ; Inapplicable ; Pass      ; Inapplicable ; Inapplicable ; Pass      ; Pass      ; Inapplicable ; Pass         ; Inapplicable ; Inapplicable ; Inapplicable ; Inapplicable ; Pass         ; Inapplicable ; Inapplicable ; Inapplicable ; Inapplicable ; Pass         ; Inapplicable ; Inapplicable ; Inapplicable ; Inapplicable ; Inapplicable ; Pass      ; Inapplicable ; Inapplicable ;
; MUX_INPUT2[16]     ; Inapplicable ; Inapplicable ; Inapplicable ; Inapplicable ; Inapplicable ; Pass      ; Inapplicable ; Inapplicable ; Pass      ; Pass      ; Inapplicable ; Pass         ; Inapplicable ; Inapplicable ; Inapplicable ; Inapplicable ; Pass         ; Inapplicable ; Inapplicable ; Inapplicable ; Inapplicable ; Pass         ; Inapplicable ; Inapplicable ; Inapplicable ; Inapplicable ; Inapplicable ; Pass      ; Inapplicable ; Inapplicable ;
; MUX_INPUT2[15]     ; Inapplicable ; Inapplicable ; Inapplicable ; Inapplicable ; Inapplicable ; Pass      ; Inapplicable ; Inapplicable ; Pass      ; Pass      ; Inapplicable ; Pass         ; Inapplicable ; Inapplicable ; Inapplicable ; Inapplicable ; Pass         ; Inapplicable ; Inapplicable ; Inapplicable ; Inapplicable ; Pass         ; Inapplicable ; Inapplicable ; Inapplicable ; Inapplicable ; Inapplicable ; Pass      ; Inapplicable ; Inapplicable ;
; MUX_INPUT2[14]     ; Inapplicable ; Inapplicable ; Inapplicable ; Inapplicable ; Inapplicable ; Pass      ; Inapplicable ; Inapplicable ; Pass      ; Pass      ; Inapplicable ; Pass         ; Inapplicable ; Inapplicable ; Inapplicable ; Inapplicable ; Pass         ; Inapplicable ; Inapplicable ; Inapplicable ; Inapplicable ; Pass         ; Inapplicable ; Inapplicable ; Inapplicable ; Inapplicable ; Inapplicable ; Pass      ; Inapplicable ; Inapplicable ;
; MUX_INPUT2[13]     ; Inapplicable ; Inapplicable ; Inapplicable ; Inapplicable ; Inapplicable ; Pass      ; Inapplicable ; Inapplicable ; Pass      ; Pass      ; Inapplicable ; Pass         ; Inapplicable ; Inapplicable ; Inapplicable ; Inapplicable ; Pass         ; Inapplicable ; Inapplicable ; Inapplicable ; Inapplicable ; Pass         ; Inapplicable ; Inapplicable ; Inapplicable ; Inapplicable ; Inapplicable ; Pass      ; Inapplicable ; Inapplicable ;
; MUX_INPUT2[12]     ; Inapplicable ; Inapplicable ; Inapplicable ; Inapplicable ; Inapplicable ; Pass      ; Inapplicable ; Inapplicable ; Pass      ; Pass      ; Inapplicable ; Pass         ; Inapplicable ; Inapplicable ; Inapplicable ; Inapplicable ; Pass         ; Inapplicable ; Inapplicable ; Inapplicable ; Inapplicable ; Pass         ; Inapplicable ; Inapplicable ; Inapplicable ; Inapplicable ; Inapplicable ; Pass      ; Inapplicable ; Inapplicable ;
; MUX_INPUT2[11]     ; Inapplicable ; Inapplicable ; Inapplicable ; Inapplicable ; Inapplicable ; Pass      ; Inapplicable ; Inapplicable ; Pass      ; Pass      ; Inapplicable ; Pass         ; Inapplicable ; Inapplicable ; Inapplicable ; Inapplicable ; Pass         ; Inapplicable ; Inapplicable ; Inapplicable ; Inapplicable ; Pass         ; Inapplicable ; Inapplicable ; Inapplicable ; Inapplicable ; Inapplicable ; Pass      ; Inapplicable ; Inapplicable ;
; MUX_INPUT2[10]     ; Inapplicable ; Inapplicable ; Inapplicable ; Inapplicable ; Inapplicable ; Pass      ; Inapplicable ; Inapplicable ; Pass      ; Pass      ; Inapplicable ; Pass         ; Inapplicable ; Inapplicable ; Inapplicable ; Inapplicable ; Pass         ; Inapplicable ; Inapplicable ; Inapplicable ; Inapplicable ; Pass         ; Inapplicable ; Inapplicable ; Inapplicable ; Inapplicable ; Inapplicable ; Pass      ; Inapplicable ; Inapplicable ;
; MUX_INPUT2[9]      ; Inapplicable ; Inapplicable ; Inapplicable ; Inapplicable ; Inapplicable ; Pass      ; Inapplicable ; Inapplicable ; Pass      ; Pass      ; Inapplicable ; Pass         ; Inapplicable ; Inapplicable ; Inapplicable ; Inapplicable ; Pass         ; Inapplicable ; Inapplicable ; Inapplicable ; Inapplicable ; Pass         ; Inapplicable ; Inapplicable ; Inapplicable ; Inapplicable ; Inapplicable ; Pass      ; Inapplicable ; Inapplicable ;
; MUX_INPUT2[8]      ; Inapplicable ; Inapplicable ; Inapplicable ; Inapplicable ; Inapplicable ; Pass      ; Inapplicable ; Inapplicable ; Pass      ; Pass      ; Inapplicable ; Pass         ; Inapplicable ; Inapplicable ; Inapplicable ; Inapplicable ; Pass         ; Inapplicable ; Inapplicable ; Inapplicable ; Inapplicable ; Pass         ; Inapplicable ; Inapplicable ; Inapplicable ; Inapplicable ; Inapplicable ; Pass      ; Inapplicable ; Inapplicable ;
; MUX_INPUT2[7]      ; Inapplicable ; Inapplicable ; Inapplicable ; Inapplicable ; Inapplicable ; Pass      ; Inapplicable ; Inapplicable ; Pass      ; Pass      ; Inapplicable ; Pass         ; Inapplicable ; Inapplicable ; Inapplicable ; Inapplicable ; Pass         ; Inapplicable ; Inapplicable ; Inapplicable ; Inapplicable ; Pass         ; Inapplicable ; Inapplicable ; Inapplicable ; Inapplicable ; Inapplicable ; Pass      ; Inapplicable ; Inapplicable ;
; MUX_INPUT2[6]      ; Inapplicable ; Inapplicable ; Inapplicable ; Inapplicable ; Inapplicable ; Pass      ; Inapplicable ; Inapplicable ; Pass      ; Pass      ; Inapplicable ; Pass         ; Inapplicable ; Inapplicable ; Inapplicable ; Inapplicable ; Pass         ; Inapplicable ; Inapplicable ; Inapplicable ; Inapplicable ; Pass         ; Inapplicable ; Inapplicable ; Inapplicable ; Inapplicable ; Inapplicable ; Pass      ; Inapplicable ; Inapplicable ;
; MUX_INPUT2[5]      ; Inapplicable ; Inapplicable ; Inapplicable ; Inapplicable ; Inapplicable ; Pass      ; Inapplicable ; Inapplicable ; Pass      ; Pass      ; Inapplicable ; Pass         ; Inapplicable ; Inapplicable ; Inapplicable ; Inapplicable ; Pass         ; Inapplicable ; Inapplicable ; Inapplicable ; Inapplicable ; Pass         ; Inapplicable ; Inapplicable ; Inapplicable ; Inapplicable ; Inapplicable ; Pass      ; Inapplicable ; Inapplicable ;
; MUX_INPUT2[4]      ; Inapplicable ; Inapplicable ; Inapplicable ; Inapplicable ; Inapplicable ; Pass      ; Inapplicable ; Inapplicable ; Pass      ; Pass      ; Inapplicable ; Pass         ; Inapplicable ; Inapplicable ; Inapplicable ; Inapplicable ; Pass         ; Inapplicable ; Inapplicable ; Inapplicable ; Inapplicable ; Pass         ; Inapplicable ; Inapplicable ; Inapplicable ; Inapplicable ; Inapplicable ; Pass      ; Inapplicable ; Inapplicable ;
; MUX_INPUT2[3]      ; Inapplicable ; Inapplicable ; Inapplicable ; Inapplicable ; Inapplicable ; Pass      ; Inapplicable ; Inapplicable ; Pass      ; Pass      ; Inapplicable ; Pass         ; Inapplicable ; Inapplicable ; Inapplicable ; Inapplicable ; Pass         ; Inapplicable ; Inapplicable ; Inapplicable ; Inapplicable ; Pass         ; Inapplicable ; Inapplicable ; Inapplicable ; Inapplicable ; Inapplicable ; Pass      ; Inapplicable ; Inapplicable ;
; MUX_INPUT2[2]      ; Inapplicable ; Inapplicable ; Inapplicable ; Inapplicable ; Inapplicable ; Pass      ; Inapplicable ; Inapplicable ; Pass      ; Pass      ; Inapplicable ; Pass         ; Inapplicable ; Inapplicable ; Inapplicable ; Inapplicable ; Pass         ; Inapplicable ; Inapplicable ; Inapplicable ; Inapplicable ; Pass         ; Inapplicable ; Inapplicable ; Inapplicable ; Inapplicable ; Inapplicable ; Pass      ; Inapplicable ; Inapplicable ;
; MUX_INPUT2[1]      ; Inapplicable ; Inapplicable ; Inapplicable ; Inapplicable ; Inapplicable ; Pass      ; Inapplicable ; Inapplicable ; Pass      ; Pass      ; Inapplicable ; Pass         ; Inapplicable ; Inapplicable ; Inapplicable ; Inapplicable ; Pass         ; Inapplicable ; Inapplicable ; Inapplicable ; Inapplicable ; Pass         ; Inapplicable ; Inapplicable ; Inapplicable ; Inapplicable ; Inapplicable ; Pass      ; Inapplicable ; Inapplicable ;
; MUX_INPUT2[0]      ; Inapplicable ; Inapplicable ; Inapplicable ; Inapplicable ; Inapplicable ; Pass      ; Inapplicable ; Inapplicable ; Pass      ; Pass      ; Inapplicable ; Pass         ; Inapplicable ; Inapplicable ; Inapplicable ; Inapplicable ; Pass         ; Inapplicable ; Inapplicable ; Inapplicable ; Inapplicable ; Pass         ; Inapplicable ; Inapplicable ; Inapplicable ; Inapplicable ; Inapplicable ; Pass      ; Inapplicable ; Inapplicable ;
; MUX_INPUT3[27]     ; Inapplicable ; Inapplicable ; Inapplicable ; Inapplicable ; Inapplicable ; Pass      ; Inapplicable ; Inapplicable ; Pass      ; Pass      ; Inapplicable ; Pass         ; Inapplicable ; Inapplicable ; Inapplicable ; Inapplicable ; Pass         ; Inapplicable ; Inapplicable ; Inapplicable ; Inapplicable ; Pass         ; Inapplicable ; Inapplicable ; Inapplicable ; Inapplicable ; Inapplicable ; Pass      ; Inapplicable ; Inapplicable ;
; MUX_INPUT3[26]     ; Inapplicable ; Inapplicable ; Inapplicable ; Inapplicable ; Inapplicable ; Pass      ; Inapplicable ; Inapplicable ; Pass      ; Pass      ; Inapplicable ; Pass         ; Inapplicable ; Inapplicable ; Inapplicable ; Inapplicable ; Pass         ; Inapplicable ; Inapplicable ; Inapplicable ; Inapplicable ; Pass         ; Inapplicable ; Inapplicable ; Inapplicable ; Inapplicable ; Inapplicable ; Pass      ; Inapplicable ; Inapplicable ;
; MUX_INPUT3[25]     ; Inapplicable ; Inapplicable ; Inapplicable ; Inapplicable ; Inapplicable ; Pass      ; Inapplicable ; Inapplicable ; Pass      ; Pass      ; Inapplicable ; Pass         ; Inapplicable ; Inapplicable ; Inapplicable ; Inapplicable ; Pass         ; Inapplicable ; Inapplicable ; Inapplicable ; Inapplicable ; Pass         ; Inapplicable ; Inapplicable ; Inapplicable ; Inapplicable ; Inapplicable ; Pass      ; Inapplicable ; Inapplicable ;
; MUX_INPUT3[24]     ; Inapplicable ; Inapplicable ; Inapplicable ; Inapplicable ; Inapplicable ; Pass      ; Inapplicable ; Inapplicable ; Pass      ; Pass      ; Inapplicable ; Pass         ; Inapplicable ; Inapplicable ; Inapplicable ; Inapplicable ; Pass         ; Inapplicable ; Inapplicable ; Inapplicable ; Inapplicable ; Pass         ; Inapplicable ; Inapplicable ; Inapplicable ; Inapplicable ; Inapplicable ; Pass      ; Inapplicable ; Inapplicable ;
; MUX_INPUT3[23]     ; Inapplicable ; Inapplicable ; Inapplicable ; Inapplicable ; Inapplicable ; Pass      ; Inapplicable ; Inapplicable ; Pass      ; Pass      ; Inapplicable ; Pass         ; Inapplicable ; Inapplicable ; Inapplicable ; Inapplicable ; Pass         ; Inapplicable ; Inapplicable ; Inapplicable ; Inapplicable ; Pass         ; Inapplicable ; Inapplicable ; Inapplicable ; Inapplicable ; Inapplicable ; Pass      ; Inapplicable ; Inapplicable ;
; MUX_INPUT3[22]     ; Inapplicable ; Inapplicable ; Inapplicable ; Inapplicable ; Inapplicable ; Pass      ; Inapplicable ; Inapplicable ; Pass      ; Pass      ; Inapplicable ; Pass         ; Inapplicable ; Inapplicable ; Inapplicable ; Inapplicable ; Pass         ; Inapplicable ; Inapplicable ; Inapplicable ; Inapplicable ; Pass         ; Inapplicable ; Inapplicable ; Inapplicable ; Inapplicable ; Inapplicable ; Pass      ; Inapplicable ; Inapplicable ;
; MUX_INPUT3[21]     ; Inapplicable ; Inapplicable ; Inapplicable ; Inapplicable ; Inapplicable ; Pass      ; Inapplicable ; Inapplicable ; Pass      ; Pass      ; Inapplicable ; Pass         ; Inapplicable ; Inapplicable ; Inapplicable ; Inapplicable ; Pass         ; Inapplicable ; Inapplicable ; Inapplicable ; Inapplicable ; Pass         ; Inapplicable ; Inapplicable ; Inapplicable ; Inapplicable ; Inapplicable ; Pass      ; Inapplicable ; Inapplicable ;
; MUX_INPUT3[20]     ; Inapplicable ; Inapplicable ; Inapplicable ; Inapplicable ; Inapplicable ; Pass      ; Inapplicable ; Inapplicable ; Pass      ; Pass      ; Inapplicable ; Pass         ; Inapplicable ; Inapplicable ; Inapplicable ; Inapplicable ; Pass         ; Inapplicable ; Inapplicable ; Inapplicable ; Inapplicable ; Pass         ; Inapplicable ; Inapplicable ; Inapplicable ; Inapplicable ; Inapplicable ; Pass      ; Inapplicable ; Inapplicable ;
; MUX_INPUT3[19]     ; Inapplicable ; Inapplicable ; Inapplicable ; Inapplicable ; Inapplicable ; Pass      ; Inapplicable ; Inapplicable ; Pass      ; Pass      ; Inapplicable ; Pass         ; Inapplicable ; Inapplicable ; Inapplicable ; Inapplicable ; Pass         ; Inapplicable ; Inapplicable ; Inapplicable ; Inapplicable ; Pass         ; Inapplicable ; Inapplicable ; Inapplicable ; Inapplicable ; Inapplicable ; Pass      ; Inapplicable ; Inapplicable ;
; MUX_INPUT3[18]     ; Inapplicable ; Inapplicable ; Inapplicable ; Inapplicable ; Inapplicable ; Pass      ; Inapplicable ; Inapplicable ; Pass      ; Pass      ; Inapplicable ; Pass         ; Inapplicable ; Inapplicable ; Inapplicable ; Inapplicable ; Pass         ; Inapplicable ; Inapplicable ; Inapplicable ; Inapplicable ; Pass         ; Inapplicable ; Inapplicable ; Inapplicable ; Inapplicable ; Inapplicable ; Pass      ; Inapplicable ; Inapplicable ;
; MUX_INPUT3[17]     ; Inapplicable ; Inapplicable ; Inapplicable ; Inapplicable ; Inapplicable ; Pass      ; Inapplicable ; Inapplicable ; Pass      ; Pass      ; Inapplicable ; Pass         ; Inapplicable ; Inapplicable ; Inapplicable ; Inapplicable ; Pass         ; Inapplicable ; Inapplicable ; Inapplicable ; Inapplicable ; Pass         ; Inapplicable ; Inapplicable ; Inapplicable ; Inapplicable ; Inapplicable ; Pass      ; Inapplicable ; Inapplicable ;
; MUX_INPUT3[16]     ; Inapplicable ; Inapplicable ; Inapplicable ; Inapplicable ; Inapplicable ; Pass      ; Inapplicable ; Inapplicable ; Pass      ; Pass      ; Inapplicable ; Pass         ; Inapplicable ; Inapplicable ; Inapplicable ; Inapplicable ; Pass         ; Inapplicable ; Inapplicable ; Inapplicable ; Inapplicable ; Pass         ; Inapplicable ; Inapplicable ; Inapplicable ; Inapplicable ; Inapplicable ; Pass      ; Inapplicable ; Inapplicable ;
; MUX_INPUT3[15]     ; Inapplicable ; Inapplicable ; Inapplicable ; Inapplicable ; Inapplicable ; Pass      ; Inapplicable ; Inapplicable ; Pass      ; Pass      ; Inapplicable ; Pass         ; Inapplicable ; Inapplicable ; Inapplicable ; Inapplicable ; Pass         ; Inapplicable ; Inapplicable ; Inapplicable ; Inapplicable ; Pass         ; Inapplicable ; Inapplicable ; Inapplicable ; Inapplicable ; Inapplicable ; Pass      ; Inapplicable ; Inapplicable ;
; MUX_INPUT3[14]     ; Inapplicable ; Inapplicable ; Inapplicable ; Inapplicable ; Inapplicable ; Pass      ; Inapplicable ; Inapplicable ; Pass      ; Pass      ; Inapplicable ; Pass         ; Inapplicable ; Inapplicable ; Inapplicable ; Inapplicable ; Pass         ; Inapplicable ; Inapplicable ; Inapplicable ; Inapplicable ; Pass         ; Inapplicable ; Inapplicable ; Inapplicable ; Inapplicable ; Inapplicable ; Pass      ; Inapplicable ; Inapplicable ;
; MUX_INPUT3[13]     ; Inapplicable ; Inapplicable ; Inapplicable ; Inapplicable ; Inapplicable ; Pass      ; Inapplicable ; Inapplicable ; Pass      ; Pass      ; Inapplicable ; Pass         ; Inapplicable ; Inapplicable ; Inapplicable ; Inapplicable ; Pass         ; Inapplicable ; Inapplicable ; Inapplicable ; Inapplicable ; Pass         ; Inapplicable ; Inapplicable ; Inapplicable ; Inapplicable ; Inapplicable ; Pass      ; Inapplicable ; Inapplicable ;
; MUX_INPUT3[12]     ; Inapplicable ; Inapplicable ; Inapplicable ; Inapplicable ; Inapplicable ; Pass      ; Inapplicable ; Inapplicable ; Pass      ; Pass      ; Inapplicable ; Pass         ; Inapplicable ; Inapplicable ; Inapplicable ; Inapplicable ; Pass         ; Inapplicable ; Inapplicable ; Inapplicable ; Inapplicable ; Pass         ; Inapplicable ; Inapplicable ; Inapplicable ; Inapplicable ; Inapplicable ; Pass      ; Inapplicable ; Inapplicable ;
; MUX_INPUT3[11]     ; Inapplicable ; Inapplicable ; Inapplicable ; Inapplicable ; Inapplicable ; Pass      ; Inapplicable ; Inapplicable ; Pass      ; Pass      ; Inapplicable ; Pass         ; Inapplicable ; Inapplicable ; Inapplicable ; Inapplicable ; Pass         ; Inapplicable ; Inapplicable ; Inapplicable ; Inapplicable ; Pass         ; Inapplicable ; Inapplicable ; Inapplicable ; Inapplicable ; Inapplicable ; Pass      ; Inapplicable ; Inapplicable ;
; MUX_INPUT3[10]     ; Inapplicable ; Inapplicable ; Inapplicable ; Inapplicable ; Inapplicable ; Pass      ; Inapplicable ; Inapplicable ; Pass      ; Pass      ; Inapplicable ; Pass         ; Inapplicable ; Inapplicable ; Inapplicable ; Inapplicable ; Pass         ; Inapplicable ; Inapplicable ; Inapplicable ; Inapplicable ; Pass         ; Inapplicable ; Inapplicable ; Inapplicable ; Inapplicable ; Inapplicable ; Pass      ; Inapplicable ; Inapplicable ;
; MUX_INPUT3[9]      ; Inapplicable ; Inapplicable ; Inapplicable ; Inapplicable ; Inapplicable ; Pass      ; Inapplicable ; Inapplicable ; Pass      ; Pass      ; Inapplicable ; Pass         ; Inapplicable ; Inapplicable ; Inapplicable ; Inapplicable ; Pass         ; Inapplicable ; Inapplicable ; Inapplicable ; Inapplicable ; Pass         ; Inapplicable ; Inapplicable ; Inapplicable ; Inapplicable ; Inapplicable ; Pass      ; Inapplicable ; Inapplicable ;
; MUX_INPUT3[8]      ; Inapplicable ; Inapplicable ; Inapplicable ; Inapplicable ; Inapplicable ; Pass      ; Inapplicable ; Inapplicable ; Pass      ; Pass      ; Inapplicable ; Pass         ; Inapplicable ; Inapplicable ; Inapplicable ; Inapplicable ; Pass         ; Inapplicable ; Inapplicable ; Inapplicable ; Inapplicable ; Pass         ; Inapplicable ; Inapplicable ; Inapplicable ; Inapplicable ; Inapplicable ; Pass      ; Inapplicable ; Inapplicable ;
; MUX_INPUT3[7]      ; Inapplicable ; Inapplicable ; Inapplicable ; Inapplicable ; Inapplicable ; Pass      ; Inapplicable ; Inapplicable ; Pass      ; Pass      ; Inapplicable ; Pass         ; Inapplicable ; Inapplicable ; Inapplicable ; Inapplicable ; Pass         ; Inapplicable ; Inapplicable ; Inapplicable ; Inapplicable ; Pass         ; Inapplicable ; Inapplicable ; Inapplicable ; Inapplicable ; Inapplicable ; Pass      ; Inapplicable ; Inapplicable ;
; MUX_INPUT3[6]      ; Inapplicable ; Inapplicable ; Inapplicable ; Inapplicable ; Inapplicable ; Pass      ; Inapplicable ; Inapplicable ; Pass      ; Pass      ; Inapplicable ; Pass         ; Inapplicable ; Inapplicable ; Inapplicable ; Inapplicable ; Pass         ; Inapplicable ; Inapplicable ; Inapplicable ; Inapplicable ; Pass         ; Inapplicable ; Inapplicable ; Inapplicable ; Inapplicable ; Inapplicable ; Pass      ; Inapplicable ; Inapplicable ;
; MUX_INPUT3[5]      ; Inapplicable ; Inapplicable ; Inapplicable ; Inapplicable ; Inapplicable ; Pass      ; Inapplicable ; Inapplicable ; Pass      ; Pass      ; Inapplicable ; Pass         ; Inapplicable ; Inapplicable ; Inapplicable ; Inapplicable ; Pass         ; Inapplicable ; Inapplicable ; Inapplicable ; Inapplicable ; Pass         ; Inapplicable ; Inapplicable ; Inapplicable ; Inapplicable ; Inapplicable ; Pass      ; Inapplicable ; Inapplicable ;
; MUX_INPUT3[4]      ; Inapplicable ; Inapplicable ; Inapplicable ; Inapplicable ; Inapplicable ; Pass      ; Inapplicable ; Inapplicable ; Pass      ; Pass      ; Inapplicable ; Pass         ; Inapplicable ; Inapplicable ; Inapplicable ; Inapplicable ; Pass         ; Inapplicable ; Inapplicable ; Inapplicable ; Inapplicable ; Pass         ; Inapplicable ; Inapplicable ; Inapplicable ; Inapplicable ; Inapplicable ; Pass      ; Inapplicable ; Inapplicable ;
; MUX_INPUT3[3]      ; Inapplicable ; Inapplicable ; Inapplicable ; Inapplicable ; Inapplicable ; Pass      ; Inapplicable ; Inapplicable ; Pass      ; Pass      ; Inapplicable ; Pass         ; Inapplicable ; Inapplicable ; Inapplicable ; Inapplicable ; Pass         ; Inapplicable ; Inapplicable ; Inapplicable ; Inapplicable ; Pass         ; Inapplicable ; Inapplicable ; Inapplicable ; Inapplicable ; Inapplicable ; Pass      ; Inapplicable ; Inapplicable ;
; MUX_INPUT3[2]      ; Inapplicable ; Inapplicable ; Inapplicable ; Inapplicable ; Inapplicable ; Pass      ; Inapplicable ; Inapplicable ; Pass      ; Pass      ; Inapplicable ; Pass         ; Inapplicable ; Inapplicable ; Inapplicable ; Inapplicable ; Pass         ; Inapplicable ; Inapplicable ; Inapplicable ; Inapplicable ; Pass         ; Inapplicable ; Inapplicable ; Inapplicable ; Inapplicable ; Inapplicable ; Pass      ; Inapplicable ; Inapplicable ;
; MUX_INPUT3[1]      ; Inapplicable ; Inapplicable ; Inapplicable ; Inapplicable ; Inapplicable ; Pass      ; Inapplicable ; Inapplicable ; Pass      ; Pass      ; Inapplicable ; Pass         ; Inapplicable ; Inapplicable ; Inapplicable ; Inapplicable ; Pass         ; Inapplicable ; Inapplicable ; Inapplicable ; Inapplicable ; Pass         ; Inapplicable ; Inapplicable ; Inapplicable ; Inapplicable ; Inapplicable ; Pass      ; Inapplicable ; Inapplicable ;
; MUX_INPUT3[0]      ; Inapplicable ; Inapplicable ; Inapplicable ; Inapplicable ; Inapplicable ; Pass      ; Inapplicable ; Inapplicable ; Pass      ; Pass      ; Inapplicable ; Pass         ; Inapplicable ; Inapplicable ; Inapplicable ; Inapplicable ; Pass         ; Inapplicable ; Inapplicable ; Inapplicable ; Inapplicable ; Pass         ; Inapplicable ; Inapplicable ; Inapplicable ; Inapplicable ; Inapplicable ; Pass      ; Inapplicable ; Inapplicable ;
; MUX_INPUT4[31]     ; Inapplicable ; Inapplicable ; Inapplicable ; Inapplicable ; Inapplicable ; Pass      ; Inapplicable ; Inapplicable ; Pass      ; Pass      ; Inapplicable ; Pass         ; Inapplicable ; Inapplicable ; Inapplicable ; Inapplicable ; Pass         ; Inapplicable ; Inapplicable ; Inapplicable ; Inapplicable ; Pass         ; Inapplicable ; Inapplicable ; Inapplicable ; Inapplicable ; Inapplicable ; Pass      ; Inapplicable ; Inapplicable ;
; MUX_INPUT4[30]     ; Inapplicable ; Inapplicable ; Inapplicable ; Inapplicable ; Inapplicable ; Pass      ; Inapplicable ; Inapplicable ; Pass      ; Pass      ; Inapplicable ; Pass         ; Inapplicable ; Inapplicable ; Inapplicable ; Inapplicable ; Pass         ; Inapplicable ; Inapplicable ; Inapplicable ; Inapplicable ; Pass         ; Inapplicable ; Inapplicable ; Inapplicable ; Inapplicable ; Inapplicable ; Pass      ; Inapplicable ; Inapplicable ;
; MUX_INPUT4[29]     ; Inapplicable ; Inapplicable ; Inapplicable ; Inapplicable ; Inapplicable ; Pass      ; Inapplicable ; Inapplicable ; Pass      ; Pass      ; Inapplicable ; Pass         ; Inapplicable ; Inapplicable ; Inapplicable ; Inapplicable ; Pass         ; Inapplicable ; Inapplicable ; Inapplicable ; Inapplicable ; Pass         ; Inapplicable ; Inapplicable ; Inapplicable ; Inapplicable ; Inapplicable ; Pass      ; Inapplicable ; Inapplicable ;
; MUX_INPUT4[28]     ; Inapplicable ; Inapplicable ; Inapplicable ; Inapplicable ; Inapplicable ; Pass      ; Inapplicable ; Inapplicable ; Pass      ; Pass      ; Inapplicable ; Pass         ; Inapplicable ; Inapplicable ; Inapplicable ; Inapplicable ; Pass         ; Inapplicable ; Inapplicable ; Inapplicable ; Inapplicable ; Pass         ; Inapplicable ; Inapplicable ; Inapplicable ; Inapplicable ; Inapplicable ; Pass      ; Inapplicable ; Inapplicable ;
; MUX_INPUT4[27]     ; Inapplicable ; Inapplicable ; Inapplicable ; Inapplicable ; Inapplicable ; Pass      ; Inapplicable ; Inapplicable ; Pass      ; Pass      ; Inapplicable ; Pass         ; Inapplicable ; Inapplicable ; Inapplicable ; Inapplicable ; Pass         ; Inapplicable ; Inapplicable ; Inapplicable ; Inapplicable ; Pass         ; Inapplicable ; Inapplicable ; Inapplicable ; Inapplicable ; Inapplicable ; Pass      ; Inapplicable ; Inapplicable ;
; MUX_INPUT4[26]     ; Inapplicable ; Inapplicable ; Inapplicable ; Inapplicable ; Inapplicable ; Pass      ; Inapplicable ; Inapplicable ; Pass      ; Pass      ; Inapplicable ; Pass         ; Inapplicable ; Inapplicable ; Inapplicable ; Inapplicable ; Pass         ; Inapplicable ; Inapplicable ; Inapplicable ; Inapplicable ; Pass         ; Inapplicable ; Inapplicable ; Inapplicable ; Inapplicable ; Inapplicable ; Pass      ; Inapplicable ; Inapplicable ;
; MUX_INPUT4[25]     ; Inapplicable ; Inapplicable ; Inapplicable ; Inapplicable ; Inapplicable ; Pass      ; Inapplicable ; Inapplicable ; Pass      ; Pass      ; Inapplicable ; Pass         ; Inapplicable ; Inapplicable ; Inapplicable ; Inapplicable ; Pass         ; Inapplicable ; Inapplicable ; Inapplicable ; Inapplicable ; Pass         ; Inapplicable ; Inapplicable ; Inapplicable ; Inapplicable ; Inapplicable ; Pass      ; Inapplicable ; Inapplicable ;
; MUX_INPUT4[24]     ; Inapplicable ; Inapplicable ; Inapplicable ; Inapplicable ; Inapplicable ; Pass      ; Inapplicable ; Inapplicable ; Pass      ; Pass      ; Inapplicable ; Pass         ; Inapplicable ; Inapplicable ; Inapplicable ; Inapplicable ; Pass         ; Inapplicable ; Inapplicable ; Inapplicable ; Inapplicable ; Pass         ; Inapplicable ; Inapplicable ; Inapplicable ; Inapplicable ; Inapplicable ; Pass      ; Inapplicable ; Inapplicable ;
; MUX_INPUT4[23]     ; Inapplicable ; Inapplicable ; Inapplicable ; Inapplicable ; Inapplicable ; Pass      ; Inapplicable ; Inapplicable ; Pass      ; Pass      ; Inapplicable ; Pass         ; Inapplicable ; Inapplicable ; Inapplicable ; Inapplicable ; Pass         ; Inapplicable ; Inapplicable ; Inapplicable ; Inapplicable ; Pass         ; Inapplicable ; Inapplicable ; Inapplicable ; Inapplicable ; Inapplicable ; Pass      ; Inapplicable ; Inapplicable ;
; MUX_INPUT4[22]     ; Inapplicable ; Inapplicable ; Inapplicable ; Inapplicable ; Inapplicable ; Pass      ; Inapplicable ; Inapplicable ; Pass      ; Pass      ; Inapplicable ; Pass         ; Inapplicable ; Inapplicable ; Inapplicable ; Inapplicable ; Pass         ; Inapplicable ; Inapplicable ; Inapplicable ; Inapplicable ; Pass         ; Inapplicable ; Inapplicable ; Inapplicable ; Inapplicable ; Inapplicable ; Pass      ; Inapplicable ; Inapplicable ;
; MUX_INPUT4[21]     ; Inapplicable ; Inapplicable ; Inapplicable ; Inapplicable ; Inapplicable ; Pass      ; Inapplicable ; Inapplicable ; Pass      ; Pass      ; Inapplicable ; Pass         ; Inapplicable ; Inapplicable ; Inapplicable ; Inapplicable ; Pass         ; Inapplicable ; Inapplicable ; Inapplicable ; Inapplicable ; Pass         ; Inapplicable ; Inapplicable ; Inapplicable ; Inapplicable ; Inapplicable ; Pass      ; Inapplicable ; Inapplicable ;
; MUX_INPUT4[20]     ; Inapplicable ; Inapplicable ; Inapplicable ; Inapplicable ; Inapplicable ; Pass      ; Inapplicable ; Inapplicable ; Pass      ; Pass      ; Inapplicable ; Pass         ; Inapplicable ; Inapplicable ; Inapplicable ; Inapplicable ; Pass         ; Inapplicable ; Inapplicable ; Inapplicable ; Inapplicable ; Pass         ; Inapplicable ; Inapplicable ; Inapplicable ; Inapplicable ; Inapplicable ; Pass      ; Inapplicable ; Inapplicable ;
; MUX_INPUT4[19]     ; Inapplicable ; Inapplicable ; Inapplicable ; Inapplicable ; Inapplicable ; Pass      ; Inapplicable ; Inapplicable ; Pass      ; Pass      ; Inapplicable ; Pass         ; Inapplicable ; Inapplicable ; Inapplicable ; Inapplicable ; Pass         ; Inapplicable ; Inapplicable ; Inapplicable ; Inapplicable ; Pass         ; Inapplicable ; Inapplicable ; Inapplicable ; Inapplicable ; Inapplicable ; Pass      ; Inapplicable ; Inapplicable ;
; MUX_INPUT4[18]     ; Inapplicable ; Inapplicable ; Inapplicable ; Inapplicable ; Inapplicable ; Pass      ; Inapplicable ; Inapplicable ; Pass      ; Pass      ; Inapplicable ; Pass         ; Inapplicable ; Inapplicable ; Inapplicable ; Inapplicable ; Pass         ; Inapplicable ; Inapplicable ; Inapplicable ; Inapplicable ; Pass         ; Inapplicable ; Inapplicable ; Inapplicable ; Inapplicable ; Inapplicable ; Pass      ; Inapplicable ; Inapplicable ;
; MUX_INPUT4[17]     ; Inapplicable ; Inapplicable ; Inapplicable ; Inapplicable ; Inapplicable ; Pass      ; Inapplicable ; Inapplicable ; Pass      ; Pass      ; Inapplicable ; Pass         ; Inapplicable ; Inapplicable ; Inapplicable ; Inapplicable ; Pass         ; Inapplicable ; Inapplicable ; Inapplicable ; Inapplicable ; Pass         ; Inapplicable ; Inapplicable ; Inapplicable ; Inapplicable ; Inapplicable ; Pass      ; Inapplicable ; Inapplicable ;
; MUX_INPUT4[16]     ; Inapplicable ; Inapplicable ; Inapplicable ; Inapplicable ; Inapplicable ; Pass      ; Inapplicable ; Inapplicable ; Pass      ; Pass      ; Inapplicable ; Pass         ; Inapplicable ; Inapplicable ; Inapplicable ; Inapplicable ; Pass         ; Inapplicable ; Inapplicable ; Inapplicable ; Inapplicable ; Pass         ; Inapplicable ; Inapplicable ; Inapplicable ; Inapplicable ; Inapplicable ; Pass      ; Inapplicable ; Inapplicable ;
; MUX_INPUT4[15]     ; Inapplicable ; Inapplicable ; Inapplicable ; Inapplicable ; Inapplicable ; Pass      ; Inapplicable ; Inapplicable ; Pass      ; Pass      ; Inapplicable ; Pass         ; Inapplicable ; Inapplicable ; Inapplicable ; Inapplicable ; Pass         ; Inapplicable ; Inapplicable ; Inapplicable ; Inapplicable ; Pass         ; Inapplicable ; Inapplicable ; Inapplicable ; Inapplicable ; Inapplicable ; Pass      ; Inapplicable ; Inapplicable ;
; MUX_INPUT4[14]     ; Inapplicable ; Inapplicable ; Inapplicable ; Inapplicable ; Inapplicable ; Pass      ; Inapplicable ; Inapplicable ; Pass      ; Pass      ; Inapplicable ; Pass         ; Inapplicable ; Inapplicable ; Inapplicable ; Inapplicable ; Pass         ; Inapplicable ; Inapplicable ; Inapplicable ; Inapplicable ; Pass         ; Inapplicable ; Inapplicable ; Inapplicable ; Inapplicable ; Inapplicable ; Pass      ; Inapplicable ; Inapplicable ;
; MUX_INPUT4[13]     ; Inapplicable ; Inapplicable ; Inapplicable ; Inapplicable ; Inapplicable ; Pass      ; Inapplicable ; Inapplicable ; Pass      ; Pass      ; Inapplicable ; Pass         ; Inapplicable ; Inapplicable ; Inapplicable ; Inapplicable ; Pass         ; Inapplicable ; Inapplicable ; Inapplicable ; Inapplicable ; Pass         ; Inapplicable ; Inapplicable ; Inapplicable ; Inapplicable ; Inapplicable ; Pass      ; Inapplicable ; Inapplicable ;
; MUX_INPUT4[12]     ; Inapplicable ; Inapplicable ; Inapplicable ; Inapplicable ; Inapplicable ; Pass      ; Inapplicable ; Inapplicable ; Pass      ; Pass      ; Inapplicable ; Pass         ; Inapplicable ; Inapplicable ; Inapplicable ; Inapplicable ; Pass         ; Inapplicable ; Inapplicable ; Inapplicable ; Inapplicable ; Pass         ; Inapplicable ; Inapplicable ; Inapplicable ; Inapplicable ; Inapplicable ; Pass      ; Inapplicable ; Inapplicable ;
; MUX_INPUT4[11]     ; Inapplicable ; Inapplicable ; Inapplicable ; Inapplicable ; Inapplicable ; Pass      ; Inapplicable ; Inapplicable ; Pass      ; Pass      ; Inapplicable ; Pass         ; Inapplicable ; Inapplicable ; Inapplicable ; Inapplicable ; Pass         ; Inapplicable ; Inapplicable ; Inapplicable ; Inapplicable ; Pass         ; Inapplicable ; Inapplicable ; Inapplicable ; Inapplicable ; Inapplicable ; Pass      ; Inapplicable ; Inapplicable ;
; MUX_INPUT4[10]     ; Inapplicable ; Inapplicable ; Inapplicable ; Inapplicable ; Inapplicable ; Pass      ; Inapplicable ; Inapplicable ; Pass      ; Pass      ; Inapplicable ; Pass         ; Inapplicable ; Inapplicable ; Inapplicable ; Inapplicable ; Pass         ; Inapplicable ; Inapplicable ; Inapplicable ; Inapplicable ; Pass         ; Inapplicable ; Inapplicable ; Inapplicable ; Inapplicable ; Inapplicable ; Pass      ; Inapplicable ; Inapplicable ;
; MUX_INPUT4[9]      ; Inapplicable ; Inapplicable ; Inapplicable ; Inapplicable ; Inapplicable ; Pass      ; Inapplicable ; Inapplicable ; Pass      ; Pass      ; Inapplicable ; Pass         ; Inapplicable ; Inapplicable ; Inapplicable ; Inapplicable ; Pass         ; Inapplicable ; Inapplicable ; Inapplicable ; Inapplicable ; Pass         ; Inapplicable ; Inapplicable ; Inapplicable ; Inapplicable ; Inapplicable ; Pass      ; Inapplicable ; Inapplicable ;
; MUX_INPUT4[8]      ; Inapplicable ; Inapplicable ; Inapplicable ; Inapplicable ; Inapplicable ; Pass      ; Inapplicable ; Inapplicable ; Pass      ; Pass      ; Inapplicable ; Pass         ; Inapplicable ; Inapplicable ; Inapplicable ; Inapplicable ; Pass         ; Inapplicable ; Inapplicable ; Inapplicable ; Inapplicable ; Pass         ; Inapplicable ; Inapplicable ; Inapplicable ; Inapplicable ; Inapplicable ; Pass      ; Inapplicable ; Inapplicable ;
; MUX_INPUT4[7]      ; Inapplicable ; Inapplicable ; Inapplicable ; Inapplicable ; Inapplicable ; Pass      ; Inapplicable ; Inapplicable ; Pass      ; Pass      ; Inapplicable ; Pass         ; Inapplicable ; Inapplicable ; Inapplicable ; Inapplicable ; Pass         ; Inapplicable ; Inapplicable ; Inapplicable ; Inapplicable ; Pass         ; Inapplicable ; Inapplicable ; Inapplicable ; Inapplicable ; Inapplicable ; Pass      ; Inapplicable ; Inapplicable ;
; MUX_INPUT4[6]      ; Inapplicable ; Inapplicable ; Inapplicable ; Inapplicable ; Inapplicable ; Pass      ; Inapplicable ; Inapplicable ; Pass      ; Pass      ; Inapplicable ; Pass         ; Inapplicable ; Inapplicable ; Inapplicable ; Inapplicable ; Pass         ; Inapplicable ; Inapplicable ; Inapplicable ; Inapplicable ; Pass         ; Inapplicable ; Inapplicable ; Inapplicable ; Inapplicable ; Inapplicable ; Pass      ; Inapplicable ; Inapplicable ;
; MUX_INPUT4[5]      ; Inapplicable ; Inapplicable ; Inapplicable ; Inapplicable ; Inapplicable ; Pass      ; Inapplicable ; Inapplicable ; Pass      ; Pass      ; Inapplicable ; Pass         ; Inapplicable ; Inapplicable ; Inapplicable ; Inapplicable ; Pass         ; Inapplicable ; Inapplicable ; Inapplicable ; Inapplicable ; Pass         ; Inapplicable ; Inapplicable ; Inapplicable ; Inapplicable ; Inapplicable ; Pass      ; Inapplicable ; Inapplicable ;
; MUX_INPUT4[4]      ; Inapplicable ; Inapplicable ; Inapplicable ; Inapplicable ; Inapplicable ; Pass      ; Inapplicable ; Inapplicable ; Pass      ; Pass      ; Inapplicable ; Pass         ; Inapplicable ; Inapplicable ; Inapplicable ; Inapplicable ; Pass         ; Inapplicable ; Inapplicable ; Inapplicable ; Inapplicable ; Pass         ; Inapplicable ; Inapplicable ; Inapplicable ; Inapplicable ; Inapplicable ; Pass      ; Inapplicable ; Inapplicable ;
; MUX_INPUT4[3]      ; Inapplicable ; Inapplicable ; Inapplicable ; Inapplicable ; Inapplicable ; Pass      ; Inapplicable ; Inapplicable ; Pass      ; Pass      ; Inapplicable ; Pass         ; Inapplicable ; Inapplicable ; Inapplicable ; Inapplicable ; Pass         ; Inapplicable ; Inapplicable ; Inapplicable ; Inapplicable ; Pass         ; Inapplicable ; Inapplicable ; Inapplicable ; Inapplicable ; Inapplicable ; Pass      ; Inapplicable ; Inapplicable ;
; MUX_INPUT4[2]      ; Inapplicable ; Inapplicable ; Inapplicable ; Inapplicable ; Inapplicable ; Pass      ; Inapplicable ; Inapplicable ; Pass      ; Pass      ; Inapplicable ; Pass         ; Inapplicable ; Inapplicable ; Inapplicable ; Inapplicable ; Pass         ; Inapplicable ; Inapplicable ; Inapplicable ; Inapplicable ; Pass         ; Inapplicable ; Inapplicable ; Inapplicable ; Inapplicable ; Inapplicable ; Pass      ; Inapplicable ; Inapplicable ;
; MUX_INPUT4[1]      ; Inapplicable ; Inapplicable ; Inapplicable ; Inapplicable ; Inapplicable ; Pass      ; Inapplicable ; Inapplicable ; Pass      ; Pass      ; Inapplicable ; Pass         ; Inapplicable ; Inapplicable ; Inapplicable ; Inapplicable ; Pass         ; Inapplicable ; Inapplicable ; Inapplicable ; Inapplicable ; Pass         ; Inapplicable ; Inapplicable ; Inapplicable ; Inapplicable ; Inapplicable ; Pass      ; Inapplicable ; Inapplicable ;
; MUX_INPUT4[0]      ; Inapplicable ; Inapplicable ; Inapplicable ; Inapplicable ; Inapplicable ; Pass      ; Inapplicable ; Inapplicable ; Pass      ; Pass      ; Inapplicable ; Pass         ; Inapplicable ; Inapplicable ; Inapplicable ; Inapplicable ; Pass         ; Inapplicable ; Inapplicable ; Inapplicable ; Inapplicable ; Pass         ; Inapplicable ; Inapplicable ; Inapplicable ; Inapplicable ; Inapplicable ; Pass      ; Inapplicable ; Inapplicable ;
; PC[31]             ; Inapplicable ; Inapplicable ; Inapplicable ; Inapplicable ; Inapplicable ; Pass      ; Inapplicable ; Inapplicable ; Pass      ; Pass      ; Inapplicable ; Pass         ; Inapplicable ; Inapplicable ; Inapplicable ; Inapplicable ; Pass         ; Inapplicable ; Inapplicable ; Inapplicable ; Inapplicable ; Pass         ; Inapplicable ; Inapplicable ; Inapplicable ; Inapplicable ; Inapplicable ; Pass      ; Inapplicable ; Inapplicable ;
; PC[30]             ; Inapplicable ; Inapplicable ; Inapplicable ; Inapplicable ; Inapplicable ; Pass      ; Inapplicable ; Inapplicable ; Pass      ; Pass      ; Inapplicable ; Pass         ; Inapplicable ; Inapplicable ; Inapplicable ; Inapplicable ; Pass         ; Inapplicable ; Inapplicable ; Inapplicable ; Inapplicable ; Pass         ; Inapplicable ; Inapplicable ; Inapplicable ; Inapplicable ; Inapplicable ; Pass      ; Inapplicable ; Inapplicable ;
; PC[29]             ; Inapplicable ; Inapplicable ; Inapplicable ; Inapplicable ; Inapplicable ; Pass      ; Inapplicable ; Inapplicable ; Pass      ; Pass      ; Inapplicable ; Pass         ; Inapplicable ; Inapplicable ; Inapplicable ; Inapplicable ; Pass         ; Inapplicable ; Inapplicable ; Inapplicable ; Inapplicable ; Pass         ; Inapplicable ; Inapplicable ; Inapplicable ; Inapplicable ; Inapplicable ; Pass      ; Inapplicable ; Inapplicable ;
; PC[28]             ; Inapplicable ; Inapplicable ; Inapplicable ; Inapplicable ; Inapplicable ; Pass      ; Inapplicable ; Inapplicable ; Pass      ; Pass      ; Inapplicable ; Pass         ; Inapplicable ; Inapplicable ; Inapplicable ; Inapplicable ; Pass         ; Inapplicable ; Inapplicable ; Inapplicable ; Inapplicable ; Pass         ; Inapplicable ; Inapplicable ; Inapplicable ; Inapplicable ; Inapplicable ; Pass      ; Inapplicable ; Inapplicable ;
; PC[27]             ; Inapplicable ; Inapplicable ; Inapplicable ; Inapplicable ; Inapplicable ; Pass      ; Inapplicable ; Inapplicable ; Pass      ; Pass      ; Inapplicable ; Pass         ; Inapplicable ; Inapplicable ; Inapplicable ; Inapplicable ; Pass         ; Inapplicable ; Inapplicable ; Inapplicable ; Inapplicable ; Pass         ; Inapplicable ; Inapplicable ; Inapplicable ; Inapplicable ; Inapplicable ; Pass      ; Inapplicable ; Inapplicable ;
; PC[26]             ; Inapplicable ; Inapplicable ; Inapplicable ; Inapplicable ; Inapplicable ; Pass      ; Inapplicable ; Inapplicable ; Pass      ; Pass      ; Inapplicable ; Pass         ; Inapplicable ; Inapplicable ; Inapplicable ; Inapplicable ; Pass         ; Inapplicable ; Inapplicable ; Inapplicable ; Inapplicable ; Pass         ; Inapplicable ; Inapplicable ; Inapplicable ; Inapplicable ; Inapplicable ; Pass      ; Inapplicable ; Inapplicable ;
; PC[25]             ; Inapplicable ; Inapplicable ; Inapplicable ; Inapplicable ; Inapplicable ; Pass      ; Inapplicable ; Inapplicable ; Pass      ; Pass      ; Inapplicable ; Pass         ; Inapplicable ; Inapplicable ; Inapplicable ; Inapplicable ; Pass         ; Inapplicable ; Inapplicable ; Inapplicable ; Inapplicable ; Pass         ; Inapplicable ; Inapplicable ; Inapplicable ; Inapplicable ; Inapplicable ; Pass      ; Inapplicable ; Inapplicable ;
; PC[24]             ; Inapplicable ; Inapplicable ; Inapplicable ; Inapplicable ; Inapplicable ; Pass      ; Inapplicable ; Inapplicable ; Pass      ; Pass      ; Inapplicable ; Pass         ; Inapplicable ; Inapplicable ; Inapplicable ; Inapplicable ; Pass         ; Inapplicable ; Inapplicable ; Inapplicable ; Inapplicable ; Pass         ; Inapplicable ; Inapplicable ; Inapplicable ; Inapplicable ; Inapplicable ; Pass      ; Inapplicable ; Inapplicable ;
; PC[23]             ; Inapplicable ; Inapplicable ; Inapplicable ; Inapplicable ; Inapplicable ; Pass      ; Inapplicable ; Inapplicable ; Pass      ; Pass      ; Inapplicable ; Pass         ; Inapplicable ; Inapplicable ; Inapplicable ; Inapplicable ; Pass         ; Inapplicable ; Inapplicable ; Inapplicable ; Inapplicable ; Pass         ; Inapplicable ; Inapplicable ; Inapplicable ; Inapplicable ; Inapplicable ; Pass      ; Inapplicable ; Inapplicable ;
; PC[22]             ; Inapplicable ; Inapplicable ; Inapplicable ; Inapplicable ; Inapplicable ; Pass      ; Inapplicable ; Inapplicable ; Pass      ; Pass      ; Inapplicable ; Pass         ; Inapplicable ; Inapplicable ; Inapplicable ; Inapplicable ; Pass         ; Inapplicable ; Inapplicable ; Inapplicable ; Inapplicable ; Pass         ; Inapplicable ; Inapplicable ; Inapplicable ; Inapplicable ; Inapplicable ; Pass      ; Inapplicable ; Inapplicable ;
; PC[21]             ; Inapplicable ; Inapplicable ; Inapplicable ; Inapplicable ; Inapplicable ; Pass      ; Inapplicable ; Inapplicable ; Pass      ; Pass      ; Inapplicable ; Pass         ; Inapplicable ; Inapplicable ; Inapplicable ; Inapplicable ; Pass         ; Inapplicable ; Inapplicable ; Inapplicable ; Inapplicable ; Pass         ; Inapplicable ; Inapplicable ; Inapplicable ; Inapplicable ; Inapplicable ; Pass      ; Inapplicable ; Inapplicable ;
; PC[20]             ; Inapplicable ; Inapplicable ; Inapplicable ; Inapplicable ; Inapplicable ; Pass      ; Inapplicable ; Inapplicable ; Pass      ; Pass      ; Inapplicable ; Pass         ; Inapplicable ; Inapplicable ; Inapplicable ; Inapplicable ; Pass         ; Inapplicable ; Inapplicable ; Inapplicable ; Inapplicable ; Pass         ; Inapplicable ; Inapplicable ; Inapplicable ; Inapplicable ; Inapplicable ; Pass      ; Inapplicable ; Inapplicable ;
; PC[19]             ; Inapplicable ; Inapplicable ; Inapplicable ; Inapplicable ; Inapplicable ; Pass      ; Inapplicable ; Inapplicable ; Pass      ; Pass      ; Inapplicable ; Pass         ; Inapplicable ; Inapplicable ; Inapplicable ; Inapplicable ; Pass         ; Inapplicable ; Inapplicable ; Inapplicable ; Inapplicable ; Pass         ; Inapplicable ; Inapplicable ; Inapplicable ; Inapplicable ; Inapplicable ; Pass      ; Inapplicable ; Inapplicable ;
; PC[18]             ; Inapplicable ; Inapplicable ; Inapplicable ; Inapplicable ; Inapplicable ; Pass      ; Inapplicable ; Inapplicable ; Pass      ; Pass      ; Inapplicable ; Pass         ; Inapplicable ; Inapplicable ; Inapplicable ; Inapplicable ; Pass         ; Inapplicable ; Inapplicable ; Inapplicable ; Inapplicable ; Pass         ; Inapplicable ; Inapplicable ; Inapplicable ; Inapplicable ; Inapplicable ; Pass      ; Inapplicable ; Inapplicable ;
; PC[17]             ; Inapplicable ; Inapplicable ; Inapplicable ; Inapplicable ; Inapplicable ; Pass      ; Inapplicable ; Inapplicable ; Pass      ; Pass      ; Inapplicable ; Pass         ; Inapplicable ; Inapplicable ; Inapplicable ; Inapplicable ; Pass         ; Inapplicable ; Inapplicable ; Inapplicable ; Inapplicable ; Pass         ; Inapplicable ; Inapplicable ; Inapplicable ; Inapplicable ; Inapplicable ; Pass      ; Inapplicable ; Inapplicable ;
; PC[16]             ; Inapplicable ; Inapplicable ; Inapplicable ; Inapplicable ; Inapplicable ; Pass      ; Inapplicable ; Inapplicable ; Pass      ; Pass      ; Inapplicable ; Pass         ; Inapplicable ; Inapplicable ; Inapplicable ; Inapplicable ; Pass         ; Inapplicable ; Inapplicable ; Inapplicable ; Inapplicable ; Pass         ; Inapplicable ; Inapplicable ; Inapplicable ; Inapplicable ; Inapplicable ; Pass      ; Inapplicable ; Inapplicable ;
; PC[15]             ; Inapplicable ; Inapplicable ; Inapplicable ; Inapplicable ; Inapplicable ; Pass      ; Inapplicable ; Inapplicable ; Pass      ; Pass      ; Inapplicable ; Pass         ; Inapplicable ; Inapplicable ; Inapplicable ; Inapplicable ; Pass         ; Inapplicable ; Inapplicable ; Inapplicable ; Inapplicable ; Pass         ; Inapplicable ; Inapplicable ; Inapplicable ; Inapplicable ; Inapplicable ; Pass      ; Inapplicable ; Inapplicable ;
; PC[14]             ; Inapplicable ; Inapplicable ; Inapplicable ; Inapplicable ; Inapplicable ; Pass      ; Inapplicable ; Inapplicable ; Pass      ; Pass      ; Inapplicable ; Pass         ; Inapplicable ; Inapplicable ; Inapplicable ; Inapplicable ; Pass         ; Inapplicable ; Inapplicable ; Inapplicable ; Inapplicable ; Pass         ; Inapplicable ; Inapplicable ; Inapplicable ; Inapplicable ; Inapplicable ; Pass      ; Inapplicable ; Inapplicable ;
; PC[13]             ; Inapplicable ; Inapplicable ; Inapplicable ; Inapplicable ; Inapplicable ; Pass      ; Inapplicable ; Inapplicable ; Pass      ; Pass      ; Inapplicable ; Pass         ; Inapplicable ; Inapplicable ; Inapplicable ; Inapplicable ; Pass         ; Inapplicable ; Inapplicable ; Inapplicable ; Inapplicable ; Pass         ; Inapplicable ; Inapplicable ; Inapplicable ; Inapplicable ; Inapplicable ; Pass      ; Inapplicable ; Inapplicable ;
; PC[12]             ; Inapplicable ; Inapplicable ; Inapplicable ; Inapplicable ; Inapplicable ; Pass      ; Inapplicable ; Inapplicable ; Pass      ; Pass      ; Inapplicable ; Pass         ; Inapplicable ; Inapplicable ; Inapplicable ; Inapplicable ; Pass         ; Inapplicable ; Inapplicable ; Inapplicable ; Inapplicable ; Pass         ; Inapplicable ; Inapplicable ; Inapplicable ; Inapplicable ; Inapplicable ; Pass      ; Inapplicable ; Inapplicable ;
; PC[11]             ; Inapplicable ; Inapplicable ; Inapplicable ; Inapplicable ; Inapplicable ; Pass      ; Inapplicable ; Inapplicable ; Pass      ; Pass      ; Inapplicable ; Pass         ; Inapplicable ; Inapplicable ; Inapplicable ; Inapplicable ; Pass         ; Inapplicable ; Inapplicable ; Inapplicable ; Inapplicable ; Pass         ; Inapplicable ; Inapplicable ; Inapplicable ; Inapplicable ; Inapplicable ; Pass      ; Inapplicable ; Inapplicable ;
; PC[10]             ; Inapplicable ; Inapplicable ; Inapplicable ; Inapplicable ; Inapplicable ; Pass      ; Inapplicable ; Inapplicable ; Pass      ; Pass      ; Inapplicable ; Pass         ; Inapplicable ; Inapplicable ; Inapplicable ; Inapplicable ; Pass         ; Inapplicable ; Inapplicable ; Inapplicable ; Inapplicable ; Pass         ; Inapplicable ; Inapplicable ; Inapplicable ; Inapplicable ; Inapplicable ; Pass      ; Inapplicable ; Inapplicable ;
; PC[9]              ; Inapplicable ; Inapplicable ; Inapplicable ; Inapplicable ; Inapplicable ; Pass      ; Inapplicable ; Inapplicable ; Pass      ; Pass      ; Inapplicable ; Pass         ; Inapplicable ; Inapplicable ; Inapplicable ; Inapplicable ; Pass         ; Inapplicable ; Inapplicable ; Inapplicable ; Inapplicable ; Pass         ; Inapplicable ; Inapplicable ; Inapplicable ; Inapplicable ; Inapplicable ; Pass      ; Inapplicable ; Inapplicable ;
; PC[8]              ; Inapplicable ; Inapplicable ; Inapplicable ; Inapplicable ; Inapplicable ; Pass      ; Inapplicable ; Inapplicable ; Pass      ; Pass      ; Inapplicable ; Pass         ; Inapplicable ; Inapplicable ; Inapplicable ; Inapplicable ; Pass         ; Inapplicable ; Inapplicable ; Inapplicable ; Inapplicable ; Pass         ; Inapplicable ; Inapplicable ; Inapplicable ; Inapplicable ; Inapplicable ; Pass      ; Inapplicable ; Inapplicable ;
; PC[7]              ; Inapplicable ; Inapplicable ; Inapplicable ; Inapplicable ; Inapplicable ; Pass      ; Inapplicable ; Inapplicable ; Pass      ; Pass      ; Inapplicable ; Pass         ; Inapplicable ; Inapplicable ; Inapplicable ; Inapplicable ; Pass         ; Inapplicable ; Inapplicable ; Inapplicable ; Inapplicable ; Pass         ; Inapplicable ; Inapplicable ; Inapplicable ; Inapplicable ; Inapplicable ; Pass      ; Inapplicable ; Inapplicable ;
; PC[6]              ; Inapplicable ; Inapplicable ; Inapplicable ; Inapplicable ; Inapplicable ; Pass      ; Inapplicable ; Inapplicable ; Pass      ; Pass      ; Inapplicable ; Pass         ; Inapplicable ; Inapplicable ; Inapplicable ; Inapplicable ; Pass         ; Inapplicable ; Inapplicable ; Inapplicable ; Inapplicable ; Pass         ; Inapplicable ; Inapplicable ; Inapplicable ; Inapplicable ; Inapplicable ; Pass      ; Inapplicable ; Inapplicable ;
; PC[5]              ; Inapplicable ; Inapplicable ; Inapplicable ; Inapplicable ; Inapplicable ; Pass      ; Inapplicable ; Inapplicable ; Pass      ; Pass      ; Inapplicable ; Pass         ; Inapplicable ; Inapplicable ; Inapplicable ; Inapplicable ; Pass         ; Inapplicable ; Inapplicable ; Inapplicable ; Inapplicable ; Pass         ; Inapplicable ; Inapplicable ; Inapplicable ; Inapplicable ; Inapplicable ; Pass      ; Inapplicable ; Inapplicable ;
; PC[4]              ; Inapplicable ; Inapplicable ; Inapplicable ; Inapplicable ; Inapplicable ; Pass      ; Inapplicable ; Inapplicable ; Pass      ; Pass      ; Inapplicable ; Pass         ; Inapplicable ; Inapplicable ; Inapplicable ; Inapplicable ; Pass         ; Inapplicable ; Inapplicable ; Inapplicable ; Inapplicable ; Pass         ; Inapplicable ; Inapplicable ; Inapplicable ; Inapplicable ; Inapplicable ; Pass      ; Inapplicable ; Inapplicable ;
; PC[3]              ; Inapplicable ; Inapplicable ; Inapplicable ; Inapplicable ; Inapplicable ; Pass      ; Inapplicable ; Inapplicable ; Pass      ; Pass      ; Inapplicable ; Pass         ; Inapplicable ; Inapplicable ; Inapplicable ; Inapplicable ; Pass         ; Inapplicable ; Inapplicable ; Inapplicable ; Inapplicable ; Pass         ; Inapplicable ; Inapplicable ; Inapplicable ; Inapplicable ; Inapplicable ; Pass      ; Inapplicable ; Inapplicable ;
; PC[2]              ; Inapplicable ; Inapplicable ; Inapplicable ; Inapplicable ; Inapplicable ; Pass      ; Inapplicable ; Inapplicable ; Pass      ; Pass      ; Inapplicable ; Pass         ; Inapplicable ; Inapplicable ; Inapplicable ; Inapplicable ; Pass         ; Inapplicable ; Inapplicable ; Inapplicable ; Inapplicable ; Pass         ; Inapplicable ; Inapplicable ; Inapplicable ; Inapplicable ; Inapplicable ; Pass      ; Inapplicable ; Inapplicable ;
; PC[1]              ; Inapplicable ; Inapplicable ; Inapplicable ; Inapplicable ; Inapplicable ; Pass      ; Inapplicable ; Inapplicable ; Pass      ; Pass      ; Inapplicable ; Pass         ; Inapplicable ; Inapplicable ; Inapplicable ; Inapplicable ; Pass         ; Inapplicable ; Inapplicable ; Inapplicable ; Inapplicable ; Pass         ; Inapplicable ; Inapplicable ; Inapplicable ; Inapplicable ; Inapplicable ; Pass      ; Inapplicable ; Inapplicable ;
; PC[0]              ; Inapplicable ; Inapplicable ; Inapplicable ; Inapplicable ; Inapplicable ; Pass      ; Inapplicable ; Inapplicable ; Pass      ; Pass      ; Inapplicable ; Pass         ; Inapplicable ; Inapplicable ; Inapplicable ; Inapplicable ; Pass         ; Inapplicable ; Inapplicable ; Inapplicable ; Inapplicable ; Pass         ; Inapplicable ; Inapplicable ; Inapplicable ; Inapplicable ; Inapplicable ; Pass      ; Inapplicable ; Inapplicable ;
; PCplus4[31]        ; Inapplicable ; Inapplicable ; Inapplicable ; Inapplicable ; Inapplicable ; Pass      ; Inapplicable ; Inapplicable ; Pass      ; Pass      ; Inapplicable ; Pass         ; Inapplicable ; Inapplicable ; Inapplicable ; Inapplicable ; Pass         ; Inapplicable ; Inapplicable ; Inapplicable ; Inapplicable ; Pass         ; Inapplicable ; Inapplicable ; Inapplicable ; Inapplicable ; Inapplicable ; Pass      ; Inapplicable ; Inapplicable ;
; PCplus4[30]        ; Inapplicable ; Inapplicable ; Inapplicable ; Inapplicable ; Inapplicable ; Pass      ; Inapplicable ; Inapplicable ; Pass      ; Pass      ; Inapplicable ; Pass         ; Inapplicable ; Inapplicable ; Inapplicable ; Inapplicable ; Pass         ; Inapplicable ; Inapplicable ; Inapplicable ; Inapplicable ; Pass         ; Inapplicable ; Inapplicable ; Inapplicable ; Inapplicable ; Inapplicable ; Pass      ; Inapplicable ; Inapplicable ;
; PCplus4[29]        ; Inapplicable ; Inapplicable ; Inapplicable ; Inapplicable ; Inapplicable ; Pass      ; Inapplicable ; Inapplicable ; Pass      ; Pass      ; Inapplicable ; Pass         ; Inapplicable ; Inapplicable ; Inapplicable ; Inapplicable ; Pass         ; Inapplicable ; Inapplicable ; Inapplicable ; Inapplicable ; Pass         ; Inapplicable ; Inapplicable ; Inapplicable ; Inapplicable ; Inapplicable ; Pass      ; Inapplicable ; Inapplicable ;
; PCplus4[28]        ; Inapplicable ; Inapplicable ; Inapplicable ; Inapplicable ; Inapplicable ; Pass      ; Inapplicable ; Inapplicable ; Pass      ; Pass      ; Inapplicable ; Pass         ; Inapplicable ; Inapplicable ; Inapplicable ; Inapplicable ; Pass         ; Inapplicable ; Inapplicable ; Inapplicable ; Inapplicable ; Pass         ; Inapplicable ; Inapplicable ; Inapplicable ; Inapplicable ; Inapplicable ; Pass      ; Inapplicable ; Inapplicable ;
; PCplus4[27]        ; Inapplicable ; Inapplicable ; Inapplicable ; Inapplicable ; Inapplicable ; Pass      ; Inapplicable ; Inapplicable ; Pass      ; Pass      ; Inapplicable ; Pass         ; Inapplicable ; Inapplicable ; Inapplicable ; Inapplicable ; Pass         ; Inapplicable ; Inapplicable ; Inapplicable ; Inapplicable ; Pass         ; Inapplicable ; Inapplicable ; Inapplicable ; Inapplicable ; Inapplicable ; Pass      ; Inapplicable ; Inapplicable ;
; PCplus4[26]        ; Inapplicable ; Inapplicable ; Inapplicable ; Inapplicable ; Inapplicable ; Pass      ; Inapplicable ; Inapplicable ; Pass      ; Pass      ; Inapplicable ; Pass         ; Inapplicable ; Inapplicable ; Inapplicable ; Inapplicable ; Pass         ; Inapplicable ; Inapplicable ; Inapplicable ; Inapplicable ; Pass         ; Inapplicable ; Inapplicable ; Inapplicable ; Inapplicable ; Inapplicable ; Pass      ; Inapplicable ; Inapplicable ;
; PCplus4[25]        ; Inapplicable ; Inapplicable ; Inapplicable ; Inapplicable ; Inapplicable ; Pass      ; Inapplicable ; Inapplicable ; Pass      ; Pass      ; Inapplicable ; Pass         ; Inapplicable ; Inapplicable ; Inapplicable ; Inapplicable ; Pass         ; Inapplicable ; Inapplicable ; Inapplicable ; Inapplicable ; Pass         ; Inapplicable ; Inapplicable ; Inapplicable ; Inapplicable ; Inapplicable ; Pass      ; Inapplicable ; Inapplicable ;
; PCplus4[24]        ; Inapplicable ; Inapplicable ; Inapplicable ; Inapplicable ; Inapplicable ; Pass      ; Inapplicable ; Inapplicable ; Pass      ; Pass      ; Inapplicable ; Pass         ; Inapplicable ; Inapplicable ; Inapplicable ; Inapplicable ; Pass         ; Inapplicable ; Inapplicable ; Inapplicable ; Inapplicable ; Pass         ; Inapplicable ; Inapplicable ; Inapplicable ; Inapplicable ; Inapplicable ; Pass      ; Inapplicable ; Inapplicable ;
; PCplus4[23]        ; Inapplicable ; Inapplicable ; Inapplicable ; Inapplicable ; Inapplicable ; Pass      ; Inapplicable ; Inapplicable ; Pass      ; Pass      ; Inapplicable ; Pass         ; Inapplicable ; Inapplicable ; Inapplicable ; Inapplicable ; Pass         ; Inapplicable ; Inapplicable ; Inapplicable ; Inapplicable ; Pass         ; Inapplicable ; Inapplicable ; Inapplicable ; Inapplicable ; Inapplicable ; Pass      ; Inapplicable ; Inapplicable ;
; PCplus4[22]        ; Inapplicable ; Inapplicable ; Inapplicable ; Inapplicable ; Inapplicable ; Pass      ; Inapplicable ; Inapplicable ; Pass      ; Pass      ; Inapplicable ; Pass         ; Inapplicable ; Inapplicable ; Inapplicable ; Inapplicable ; Pass         ; Inapplicable ; Inapplicable ; Inapplicable ; Inapplicable ; Pass         ; Inapplicable ; Inapplicable ; Inapplicable ; Inapplicable ; Inapplicable ; Pass      ; Inapplicable ; Inapplicable ;
; PCplus4[21]        ; Inapplicable ; Inapplicable ; Inapplicable ; Inapplicable ; Inapplicable ; Pass      ; Inapplicable ; Inapplicable ; Pass      ; Pass      ; Inapplicable ; Pass         ; Inapplicable ; Inapplicable ; Inapplicable ; Inapplicable ; Pass         ; Inapplicable ; Inapplicable ; Inapplicable ; Inapplicable ; Pass         ; Inapplicable ; Inapplicable ; Inapplicable ; Inapplicable ; Inapplicable ; Pass      ; Inapplicable ; Inapplicable ;
; PCplus4[20]        ; Inapplicable ; Inapplicable ; Inapplicable ; Inapplicable ; Inapplicable ; Pass      ; Inapplicable ; Inapplicable ; Pass      ; Pass      ; Inapplicable ; Pass         ; Inapplicable ; Inapplicable ; Inapplicable ; Inapplicable ; Pass         ; Inapplicable ; Inapplicable ; Inapplicable ; Inapplicable ; Pass         ; Inapplicable ; Inapplicable ; Inapplicable ; Inapplicable ; Inapplicable ; Pass      ; Inapplicable ; Inapplicable ;
; PCplus4[19]        ; Inapplicable ; Inapplicable ; Inapplicable ; Inapplicable ; Inapplicable ; Pass      ; Inapplicable ; Inapplicable ; Pass      ; Pass      ; Inapplicable ; Pass         ; Inapplicable ; Inapplicable ; Inapplicable ; Inapplicable ; Pass         ; Inapplicable ; Inapplicable ; Inapplicable ; Inapplicable ; Pass         ; Inapplicable ; Inapplicable ; Inapplicable ; Inapplicable ; Inapplicable ; Pass      ; Inapplicable ; Inapplicable ;
; PCplus4[18]        ; Inapplicable ; Inapplicable ; Inapplicable ; Inapplicable ; Inapplicable ; Pass      ; Inapplicable ; Inapplicable ; Pass      ; Pass      ; Inapplicable ; Pass         ; Inapplicable ; Inapplicable ; Inapplicable ; Inapplicable ; Pass         ; Inapplicable ; Inapplicable ; Inapplicable ; Inapplicable ; Pass         ; Inapplicable ; Inapplicable ; Inapplicable ; Inapplicable ; Inapplicable ; Pass      ; Inapplicable ; Inapplicable ;
; PCplus4[17]        ; Inapplicable ; Inapplicable ; Inapplicable ; Inapplicable ; Inapplicable ; Pass      ; Inapplicable ; Inapplicable ; Pass      ; Pass      ; Inapplicable ; Pass         ; Inapplicable ; Inapplicable ; Inapplicable ; Inapplicable ; Pass         ; Inapplicable ; Inapplicable ; Inapplicable ; Inapplicable ; Pass         ; Inapplicable ; Inapplicable ; Inapplicable ; Inapplicable ; Inapplicable ; Pass      ; Inapplicable ; Inapplicable ;
; PCplus4[16]        ; Inapplicable ; Inapplicable ; Inapplicable ; Inapplicable ; Inapplicable ; Pass      ; Inapplicable ; Inapplicable ; Pass      ; Pass      ; Inapplicable ; Pass         ; Inapplicable ; Inapplicable ; Inapplicable ; Inapplicable ; Pass         ; Inapplicable ; Inapplicable ; Inapplicable ; Inapplicable ; Pass         ; Inapplicable ; Inapplicable ; Inapplicable ; Inapplicable ; Inapplicable ; Pass      ; Inapplicable ; Inapplicable ;
; PCplus4[15]        ; Inapplicable ; Inapplicable ; Inapplicable ; Inapplicable ; Inapplicable ; Pass      ; Inapplicable ; Inapplicable ; Pass      ; Pass      ; Inapplicable ; Pass         ; Inapplicable ; Inapplicable ; Inapplicable ; Inapplicable ; Pass         ; Inapplicable ; Inapplicable ; Inapplicable ; Inapplicable ; Pass         ; Inapplicable ; Inapplicable ; Inapplicable ; Inapplicable ; Inapplicable ; Pass      ; Inapplicable ; Inapplicable ;
; PCplus4[14]        ; Inapplicable ; Inapplicable ; Inapplicable ; Inapplicable ; Inapplicable ; Pass      ; Inapplicable ; Inapplicable ; Pass      ; Pass      ; Inapplicable ; Pass         ; Inapplicable ; Inapplicable ; Inapplicable ; Inapplicable ; Pass         ; Inapplicable ; Inapplicable ; Inapplicable ; Inapplicable ; Pass         ; Inapplicable ; Inapplicable ; Inapplicable ; Inapplicable ; Inapplicable ; Pass      ; Inapplicable ; Inapplicable ;
; PCplus4[13]        ; Inapplicable ; Inapplicable ; Inapplicable ; Inapplicable ; Inapplicable ; Pass      ; Inapplicable ; Inapplicable ; Pass      ; Pass      ; Inapplicable ; Pass         ; Inapplicable ; Inapplicable ; Inapplicable ; Inapplicable ; Pass         ; Inapplicable ; Inapplicable ; Inapplicable ; Inapplicable ; Pass         ; Inapplicable ; Inapplicable ; Inapplicable ; Inapplicable ; Inapplicable ; Pass      ; Inapplicable ; Inapplicable ;
; PCplus4[12]        ; Inapplicable ; Inapplicable ; Inapplicable ; Inapplicable ; Inapplicable ; Pass      ; Inapplicable ; Inapplicable ; Pass      ; Pass      ; Inapplicable ; Pass         ; Inapplicable ; Inapplicable ; Inapplicable ; Inapplicable ; Pass         ; Inapplicable ; Inapplicable ; Inapplicable ; Inapplicable ; Pass         ; Inapplicable ; Inapplicable ; Inapplicable ; Inapplicable ; Inapplicable ; Pass      ; Inapplicable ; Inapplicable ;
; PCplus4[11]        ; Inapplicable ; Inapplicable ; Inapplicable ; Inapplicable ; Inapplicable ; Pass      ; Inapplicable ; Inapplicable ; Pass      ; Pass      ; Inapplicable ; Pass         ; Inapplicable ; Inapplicable ; Inapplicable ; Inapplicable ; Pass         ; Inapplicable ; Inapplicable ; Inapplicable ; Inapplicable ; Pass         ; Inapplicable ; Inapplicable ; Inapplicable ; Inapplicable ; Inapplicable ; Pass      ; Inapplicable ; Inapplicable ;
; PCplus4[10]        ; Inapplicable ; Inapplicable ; Inapplicable ; Inapplicable ; Inapplicable ; Pass      ; Inapplicable ; Inapplicable ; Pass      ; Pass      ; Inapplicable ; Pass         ; Inapplicable ; Inapplicable ; Inapplicable ; Inapplicable ; Pass         ; Inapplicable ; Inapplicable ; Inapplicable ; Inapplicable ; Pass         ; Inapplicable ; Inapplicable ; Inapplicable ; Inapplicable ; Inapplicable ; Pass      ; Inapplicable ; Inapplicable ;
; PCplus4[9]         ; Inapplicable ; Inapplicable ; Inapplicable ; Inapplicable ; Inapplicable ; Pass      ; Inapplicable ; Inapplicable ; Pass      ; Pass      ; Inapplicable ; Pass         ; Inapplicable ; Inapplicable ; Inapplicable ; Inapplicable ; Pass         ; Inapplicable ; Inapplicable ; Inapplicable ; Inapplicable ; Pass         ; Inapplicable ; Inapplicable ; Inapplicable ; Inapplicable ; Inapplicable ; Pass      ; Inapplicable ; Inapplicable ;
; PCplus4[8]         ; Inapplicable ; Inapplicable ; Inapplicable ; Inapplicable ; Inapplicable ; Pass      ; Inapplicable ; Inapplicable ; Pass      ; Pass      ; Inapplicable ; Pass         ; Inapplicable ; Inapplicable ; Inapplicable ; Inapplicable ; Pass         ; Inapplicable ; Inapplicable ; Inapplicable ; Inapplicable ; Pass         ; Inapplicable ; Inapplicable ; Inapplicable ; Inapplicable ; Inapplicable ; Pass      ; Inapplicable ; Inapplicable ;
; PCplus4[7]         ; Inapplicable ; Inapplicable ; Inapplicable ; Inapplicable ; Inapplicable ; Pass      ; Inapplicable ; Inapplicable ; Pass      ; Pass      ; Inapplicable ; Pass         ; Inapplicable ; Inapplicable ; Inapplicable ; Inapplicable ; Pass         ; Inapplicable ; Inapplicable ; Inapplicable ; Inapplicable ; Pass         ; Inapplicable ; Inapplicable ; Inapplicable ; Inapplicable ; Inapplicable ; Pass      ; Inapplicable ; Inapplicable ;
; PCplus4[6]         ; Inapplicable ; Inapplicable ; Inapplicable ; Inapplicable ; Inapplicable ; Pass      ; Inapplicable ; Inapplicable ; Pass      ; Pass      ; Inapplicable ; Pass         ; Inapplicable ; Inapplicable ; Inapplicable ; Inapplicable ; Pass         ; Inapplicable ; Inapplicable ; Inapplicable ; Inapplicable ; Pass         ; Inapplicable ; Inapplicable ; Inapplicable ; Inapplicable ; Inapplicable ; Pass      ; Inapplicable ; Inapplicable ;
; PCplus4[5]         ; Inapplicable ; Inapplicable ; Inapplicable ; Inapplicable ; Inapplicable ; Pass      ; Inapplicable ; Inapplicable ; Pass      ; Pass      ; Inapplicable ; Pass         ; Inapplicable ; Inapplicable ; Inapplicable ; Inapplicable ; Pass         ; Inapplicable ; Inapplicable ; Inapplicable ; Inapplicable ; Pass         ; Inapplicable ; Inapplicable ; Inapplicable ; Inapplicable ; Inapplicable ; Pass      ; Inapplicable ; Inapplicable ;
; PCplus4[4]         ; Inapplicable ; Inapplicable ; Inapplicable ; Inapplicable ; Inapplicable ; Pass      ; Inapplicable ; Inapplicable ; Pass      ; Pass      ; Inapplicable ; Pass         ; Inapplicable ; Inapplicable ; Inapplicable ; Inapplicable ; Pass         ; Inapplicable ; Inapplicable ; Inapplicable ; Inapplicable ; Pass         ; Inapplicable ; Inapplicable ; Inapplicable ; Inapplicable ; Inapplicable ; Pass      ; Inapplicable ; Inapplicable ;
; PCplus4[3]         ; Inapplicable ; Inapplicable ; Inapplicable ; Inapplicable ; Inapplicable ; Pass      ; Inapplicable ; Inapplicable ; Pass      ; Pass      ; Inapplicable ; Pass         ; Inapplicable ; Inapplicable ; Inapplicable ; Inapplicable ; Pass         ; Inapplicable ; Inapplicable ; Inapplicable ; Inapplicable ; Pass         ; Inapplicable ; Inapplicable ; Inapplicable ; Inapplicable ; Inapplicable ; Pass      ; Inapplicable ; Inapplicable ;
; PCplus4[2]         ; Inapplicable ; Inapplicable ; Inapplicable ; Inapplicable ; Inapplicable ; Pass      ; Inapplicable ; Inapplicable ; Pass      ; Pass      ; Inapplicable ; Pass         ; Inapplicable ; Inapplicable ; Inapplicable ; Inapplicable ; Pass         ; Inapplicable ; Inapplicable ; Inapplicable ; Inapplicable ; Pass         ; Inapplicable ; Inapplicable ; Inapplicable ; Inapplicable ; Inapplicable ; Pass      ; Inapplicable ; Inapplicable ;
; PCplus4[1]         ; Inapplicable ; Inapplicable ; Inapplicable ; Inapplicable ; Inapplicable ; Pass      ; Inapplicable ; Inapplicable ; Pass      ; Pass      ; Inapplicable ; Pass         ; Inapplicable ; Inapplicable ; Inapplicable ; Inapplicable ; Pass         ; Inapplicable ; Inapplicable ; Inapplicable ; Inapplicable ; Pass         ; Inapplicable ; Inapplicable ; Inapplicable ; Inapplicable ; Inapplicable ; Pass      ; Inapplicable ; Inapplicable ;
; PCplus4[0]         ; Inapplicable ; Inapplicable ; Inapplicable ; Inapplicable ; Inapplicable ; Pass      ; Inapplicable ; Inapplicable ; Pass      ; Pass      ; Inapplicable ; Pass         ; Inapplicable ; Inapplicable ; Inapplicable ; Inapplicable ; Pass         ; Inapplicable ; Inapplicable ; Inapplicable ; Inapplicable ; Pass         ; Inapplicable ; Inapplicable ; Inapplicable ; Inapplicable ; Inapplicable ; Pass      ; Inapplicable ; Inapplicable ;
; RD1[31]            ; Inapplicable ; Inapplicable ; Inapplicable ; Inapplicable ; Inapplicable ; Pass      ; Inapplicable ; Inapplicable ; Pass      ; Pass      ; Inapplicable ; Pass         ; Inapplicable ; Inapplicable ; Inapplicable ; Inapplicable ; Pass         ; Inapplicable ; Inapplicable ; Inapplicable ; Inapplicable ; Pass         ; Inapplicable ; Inapplicable ; Inapplicable ; Inapplicable ; Inapplicable ; Pass      ; Inapplicable ; Inapplicable ;
; RD1[30]            ; Inapplicable ; Inapplicable ; Inapplicable ; Inapplicable ; Inapplicable ; Pass      ; Inapplicable ; Inapplicable ; Pass      ; Pass      ; Inapplicable ; Pass         ; Inapplicable ; Inapplicable ; Inapplicable ; Inapplicable ; Pass         ; Inapplicable ; Inapplicable ; Inapplicable ; Inapplicable ; Pass         ; Inapplicable ; Inapplicable ; Inapplicable ; Inapplicable ; Inapplicable ; Pass      ; Inapplicable ; Inapplicable ;
; RD1[29]            ; Inapplicable ; Inapplicable ; Inapplicable ; Inapplicable ; Inapplicable ; Pass      ; Inapplicable ; Inapplicable ; Pass      ; Pass      ; Inapplicable ; Pass         ; Inapplicable ; Inapplicable ; Inapplicable ; Inapplicable ; Pass         ; Inapplicable ; Inapplicable ; Inapplicable ; Inapplicable ; Pass         ; Inapplicable ; Inapplicable ; Inapplicable ; Inapplicable ; Inapplicable ; Pass      ; Inapplicable ; Inapplicable ;
; RD1[28]            ; Inapplicable ; Inapplicable ; Inapplicable ; Inapplicable ; Inapplicable ; Pass      ; Inapplicable ; Inapplicable ; Pass      ; Pass      ; Inapplicable ; Pass         ; Inapplicable ; Inapplicable ; Inapplicable ; Inapplicable ; Pass         ; Inapplicable ; Inapplicable ; Inapplicable ; Inapplicable ; Pass         ; Inapplicable ; Inapplicable ; Inapplicable ; Inapplicable ; Inapplicable ; Pass      ; Inapplicable ; Inapplicable ;
; RD1[27]            ; Inapplicable ; Inapplicable ; Inapplicable ; Inapplicable ; Inapplicable ; Pass      ; Inapplicable ; Inapplicable ; Pass      ; Pass      ; Inapplicable ; Pass         ; Inapplicable ; Inapplicable ; Inapplicable ; Inapplicable ; Pass         ; Inapplicable ; Inapplicable ; Inapplicable ; Inapplicable ; Pass         ; Inapplicable ; Inapplicable ; Inapplicable ; Inapplicable ; Inapplicable ; Pass      ; Inapplicable ; Inapplicable ;
; RD1[26]            ; Inapplicable ; Inapplicable ; Inapplicable ; Inapplicable ; Inapplicable ; Pass      ; Inapplicable ; Inapplicable ; Pass      ; Pass      ; Inapplicable ; Pass         ; Inapplicable ; Inapplicable ; Inapplicable ; Inapplicable ; Pass         ; Inapplicable ; Inapplicable ; Inapplicable ; Inapplicable ; Pass         ; Inapplicable ; Inapplicable ; Inapplicable ; Inapplicable ; Inapplicable ; Pass      ; Inapplicable ; Inapplicable ;
; RD1[25]            ; Inapplicable ; Inapplicable ; Inapplicable ; Inapplicable ; Inapplicable ; Pass      ; Inapplicable ; Inapplicable ; Pass      ; Pass      ; Inapplicable ; Pass         ; Inapplicable ; Inapplicable ; Inapplicable ; Inapplicable ; Pass         ; Inapplicable ; Inapplicable ; Inapplicable ; Inapplicable ; Pass         ; Inapplicable ; Inapplicable ; Inapplicable ; Inapplicable ; Inapplicable ; Pass      ; Inapplicable ; Inapplicable ;
; RD1[24]            ; Inapplicable ; Inapplicable ; Inapplicable ; Inapplicable ; Inapplicable ; Pass      ; Inapplicable ; Inapplicable ; Pass      ; Pass      ; Inapplicable ; Pass         ; Inapplicable ; Inapplicable ; Inapplicable ; Inapplicable ; Pass         ; Inapplicable ; Inapplicable ; Inapplicable ; Inapplicable ; Pass         ; Inapplicable ; Inapplicable ; Inapplicable ; Inapplicable ; Inapplicable ; Pass      ; Inapplicable ; Inapplicable ;
; RD1[23]            ; Inapplicable ; Inapplicable ; Inapplicable ; Inapplicable ; Inapplicable ; Pass      ; Inapplicable ; Inapplicable ; Pass      ; Pass      ; Inapplicable ; Pass         ; Inapplicable ; Inapplicable ; Inapplicable ; Inapplicable ; Pass         ; Inapplicable ; Inapplicable ; Inapplicable ; Inapplicable ; Pass         ; Inapplicable ; Inapplicable ; Inapplicable ; Inapplicable ; Inapplicable ; Pass      ; Inapplicable ; Inapplicable ;
; RD1[22]            ; Inapplicable ; Inapplicable ; Inapplicable ; Inapplicable ; Inapplicable ; Pass      ; Inapplicable ; Inapplicable ; Pass      ; Pass      ; Inapplicable ; Pass         ; Inapplicable ; Inapplicable ; Inapplicable ; Inapplicable ; Pass         ; Inapplicable ; Inapplicable ; Inapplicable ; Inapplicable ; Pass         ; Inapplicable ; Inapplicable ; Inapplicable ; Inapplicable ; Inapplicable ; Pass      ; Inapplicable ; Inapplicable ;
; RD1[21]            ; Inapplicable ; Inapplicable ; Inapplicable ; Inapplicable ; Inapplicable ; Pass      ; Inapplicable ; Inapplicable ; Pass      ; Pass      ; Inapplicable ; Pass         ; Inapplicable ; Inapplicable ; Inapplicable ; Inapplicable ; Pass         ; Inapplicable ; Inapplicable ; Inapplicable ; Inapplicable ; Pass         ; Inapplicable ; Inapplicable ; Inapplicable ; Inapplicable ; Inapplicable ; Pass      ; Inapplicable ; Inapplicable ;
; RD1[20]            ; Inapplicable ; Inapplicable ; Inapplicable ; Inapplicable ; Inapplicable ; Pass      ; Inapplicable ; Inapplicable ; Pass      ; Pass      ; Inapplicable ; Pass         ; Inapplicable ; Inapplicable ; Inapplicable ; Inapplicable ; Pass         ; Inapplicable ; Inapplicable ; Inapplicable ; Inapplicable ; Pass         ; Inapplicable ; Inapplicable ; Inapplicable ; Inapplicable ; Inapplicable ; Pass      ; Inapplicable ; Inapplicable ;
; RD1[19]            ; Inapplicable ; Inapplicable ; Inapplicable ; Inapplicable ; Inapplicable ; Pass      ; Inapplicable ; Inapplicable ; Pass      ; Pass      ; Inapplicable ; Pass         ; Inapplicable ; Inapplicable ; Inapplicable ; Inapplicable ; Pass         ; Inapplicable ; Inapplicable ; Inapplicable ; Inapplicable ; Pass         ; Inapplicable ; Inapplicable ; Inapplicable ; Inapplicable ; Inapplicable ; Pass      ; Inapplicable ; Inapplicable ;
; RD1[18]            ; Inapplicable ; Inapplicable ; Inapplicable ; Inapplicable ; Inapplicable ; Pass      ; Inapplicable ; Inapplicable ; Pass      ; Pass      ; Inapplicable ; Pass         ; Inapplicable ; Inapplicable ; Inapplicable ; Inapplicable ; Pass         ; Inapplicable ; Inapplicable ; Inapplicable ; Inapplicable ; Pass         ; Inapplicable ; Inapplicable ; Inapplicable ; Inapplicable ; Inapplicable ; Pass      ; Inapplicable ; Inapplicable ;
; RD1[17]            ; Inapplicable ; Inapplicable ; Inapplicable ; Inapplicable ; Inapplicable ; Pass      ; Inapplicable ; Inapplicable ; Pass      ; Pass      ; Inapplicable ; Pass         ; Inapplicable ; Inapplicable ; Inapplicable ; Inapplicable ; Pass         ; Inapplicable ; Inapplicable ; Inapplicable ; Inapplicable ; Pass         ; Inapplicable ; Inapplicable ; Inapplicable ; Inapplicable ; Inapplicable ; Pass      ; Inapplicable ; Inapplicable ;
; RD1[16]            ; Inapplicable ; Inapplicable ; Inapplicable ; Inapplicable ; Inapplicable ; Pass      ; Inapplicable ; Inapplicable ; Pass      ; Pass      ; Inapplicable ; Pass         ; Inapplicable ; Inapplicable ; Inapplicable ; Inapplicable ; Pass         ; Inapplicable ; Inapplicable ; Inapplicable ; Inapplicable ; Pass         ; Inapplicable ; Inapplicable ; Inapplicable ; Inapplicable ; Inapplicable ; Pass      ; Inapplicable ; Inapplicable ;
; RD1[15]            ; Inapplicable ; Inapplicable ; Inapplicable ; Inapplicable ; Inapplicable ; Pass      ; Inapplicable ; Inapplicable ; Pass      ; Pass      ; Inapplicable ; Pass         ; Inapplicable ; Inapplicable ; Inapplicable ; Inapplicable ; Pass         ; Inapplicable ; Inapplicable ; Inapplicable ; Inapplicable ; Pass         ; Inapplicable ; Inapplicable ; Inapplicable ; Inapplicable ; Inapplicable ; Pass      ; Inapplicable ; Inapplicable ;
; RD1[14]            ; Inapplicable ; Inapplicable ; Inapplicable ; Inapplicable ; Inapplicable ; Pass      ; Inapplicable ; Inapplicable ; Pass      ; Pass      ; Inapplicable ; Pass         ; Inapplicable ; Inapplicable ; Inapplicable ; Inapplicable ; Pass         ; Inapplicable ; Inapplicable ; Inapplicable ; Inapplicable ; Pass         ; Inapplicable ; Inapplicable ; Inapplicable ; Inapplicable ; Inapplicable ; Pass      ; Inapplicable ; Inapplicable ;
; RD1[13]            ; Inapplicable ; Inapplicable ; Inapplicable ; Inapplicable ; Inapplicable ; Pass      ; Inapplicable ; Inapplicable ; Pass      ; Pass      ; Inapplicable ; Pass         ; Inapplicable ; Inapplicable ; Inapplicable ; Inapplicable ; Pass         ; Inapplicable ; Inapplicable ; Inapplicable ; Inapplicable ; Pass         ; Inapplicable ; Inapplicable ; Inapplicable ; Inapplicable ; Inapplicable ; Pass      ; Inapplicable ; Inapplicable ;
; RD1[12]            ; Inapplicable ; Inapplicable ; Inapplicable ; Inapplicable ; Inapplicable ; Pass      ; Inapplicable ; Inapplicable ; Pass      ; Pass      ; Inapplicable ; Pass         ; Inapplicable ; Inapplicable ; Inapplicable ; Inapplicable ; Pass         ; Inapplicable ; Inapplicable ; Inapplicable ; Inapplicable ; Pass         ; Inapplicable ; Inapplicable ; Inapplicable ; Inapplicable ; Inapplicable ; Pass      ; Inapplicable ; Inapplicable ;
; RD1[11]            ; Inapplicable ; Inapplicable ; Inapplicable ; Inapplicable ; Inapplicable ; Pass      ; Inapplicable ; Inapplicable ; Pass      ; Pass      ; Inapplicable ; Pass         ; Inapplicable ; Inapplicable ; Inapplicable ; Inapplicable ; Pass         ; Inapplicable ; Inapplicable ; Inapplicable ; Inapplicable ; Pass         ; Inapplicable ; Inapplicable ; Inapplicable ; Inapplicable ; Inapplicable ; Pass      ; Inapplicable ; Inapplicable ;
; RD1[10]            ; Inapplicable ; Inapplicable ; Inapplicable ; Inapplicable ; Inapplicable ; Pass      ; Inapplicable ; Inapplicable ; Pass      ; Pass      ; Inapplicable ; Pass         ; Inapplicable ; Inapplicable ; Inapplicable ; Inapplicable ; Pass         ; Inapplicable ; Inapplicable ; Inapplicable ; Inapplicable ; Pass         ; Inapplicable ; Inapplicable ; Inapplicable ; Inapplicable ; Inapplicable ; Pass      ; Inapplicable ; Inapplicable ;
; RD1[9]             ; Inapplicable ; Inapplicable ; Inapplicable ; Inapplicable ; Inapplicable ; Pass      ; Inapplicable ; Inapplicable ; Pass      ; Pass      ; Inapplicable ; Pass         ; Inapplicable ; Inapplicable ; Inapplicable ; Inapplicable ; Pass         ; Inapplicable ; Inapplicable ; Inapplicable ; Inapplicable ; Pass         ; Inapplicable ; Inapplicable ; Inapplicable ; Inapplicable ; Inapplicable ; Pass      ; Inapplicable ; Inapplicable ;
; RD1[8]             ; Inapplicable ; Inapplicable ; Inapplicable ; Inapplicable ; Inapplicable ; Pass      ; Inapplicable ; Inapplicable ; Pass      ; Pass      ; Inapplicable ; Pass         ; Inapplicable ; Inapplicable ; Inapplicable ; Inapplicable ; Pass         ; Inapplicable ; Inapplicable ; Inapplicable ; Inapplicable ; Pass         ; Inapplicable ; Inapplicable ; Inapplicable ; Inapplicable ; Inapplicable ; Pass      ; Inapplicable ; Inapplicable ;
; RD1[7]             ; Inapplicable ; Inapplicable ; Inapplicable ; Inapplicable ; Inapplicable ; Pass      ; Inapplicable ; Inapplicable ; Pass      ; Pass      ; Inapplicable ; Pass         ; Inapplicable ; Inapplicable ; Inapplicable ; Inapplicable ; Pass         ; Inapplicable ; Inapplicable ; Inapplicable ; Inapplicable ; Pass         ; Inapplicable ; Inapplicable ; Inapplicable ; Inapplicable ; Inapplicable ; Pass      ; Inapplicable ; Inapplicable ;
; RD1[6]             ; Inapplicable ; Inapplicable ; Inapplicable ; Inapplicable ; Inapplicable ; Pass      ; Inapplicable ; Inapplicable ; Pass      ; Pass      ; Inapplicable ; Pass         ; Inapplicable ; Inapplicable ; Inapplicable ; Inapplicable ; Pass         ; Inapplicable ; Inapplicable ; Inapplicable ; Inapplicable ; Pass         ; Inapplicable ; Inapplicable ; Inapplicable ; Inapplicable ; Inapplicable ; Pass      ; Inapplicable ; Inapplicable ;
; RD1[5]             ; Inapplicable ; Inapplicable ; Inapplicable ; Inapplicable ; Inapplicable ; Pass      ; Inapplicable ; Inapplicable ; Pass      ; Pass      ; Inapplicable ; Pass         ; Inapplicable ; Inapplicable ; Inapplicable ; Inapplicable ; Pass         ; Inapplicable ; Inapplicable ; Inapplicable ; Inapplicable ; Pass         ; Inapplicable ; Inapplicable ; Inapplicable ; Inapplicable ; Inapplicable ; Pass      ; Inapplicable ; Inapplicable ;
; RD1[4]             ; Inapplicable ; Inapplicable ; Inapplicable ; Inapplicable ; Inapplicable ; Pass      ; Inapplicable ; Inapplicable ; Pass      ; Pass      ; Inapplicable ; Pass         ; Inapplicable ; Inapplicable ; Inapplicable ; Inapplicable ; Pass         ; Inapplicable ; Inapplicable ; Inapplicable ; Inapplicable ; Pass         ; Inapplicable ; Inapplicable ; Inapplicable ; Inapplicable ; Inapplicable ; Pass      ; Inapplicable ; Inapplicable ;
; RD1[3]             ; Inapplicable ; Inapplicable ; Inapplicable ; Inapplicable ; Inapplicable ; Pass      ; Inapplicable ; Inapplicable ; Pass      ; Pass      ; Inapplicable ; Pass         ; Inapplicable ; Inapplicable ; Inapplicable ; Inapplicable ; Pass         ; Inapplicable ; Inapplicable ; Inapplicable ; Inapplicable ; Pass         ; Inapplicable ; Inapplicable ; Inapplicable ; Inapplicable ; Inapplicable ; Pass      ; Inapplicable ; Inapplicable ;
; RD1[2]             ; Inapplicable ; Inapplicable ; Inapplicable ; Inapplicable ; Inapplicable ; Pass      ; Inapplicable ; Inapplicable ; Pass      ; Pass      ; Inapplicable ; Pass         ; Inapplicable ; Inapplicable ; Inapplicable ; Inapplicable ; Pass         ; Inapplicable ; Inapplicable ; Inapplicable ; Inapplicable ; Pass         ; Inapplicable ; Inapplicable ; Inapplicable ; Inapplicable ; Inapplicable ; Pass      ; Inapplicable ; Inapplicable ;
; RD1[1]             ; Inapplicable ; Inapplicable ; Inapplicable ; Inapplicable ; Inapplicable ; Pass      ; Inapplicable ; Inapplicable ; Pass      ; Pass      ; Inapplicable ; Pass         ; Inapplicable ; Inapplicable ; Inapplicable ; Inapplicable ; Pass         ; Inapplicable ; Inapplicable ; Inapplicable ; Inapplicable ; Pass         ; Inapplicable ; Inapplicable ; Inapplicable ; Inapplicable ; Inapplicable ; Pass      ; Inapplicable ; Inapplicable ;
; RD1[0]             ; Inapplicable ; Inapplicable ; Inapplicable ; Inapplicable ; Inapplicable ; Pass      ; Inapplicable ; Inapplicable ; Pass      ; Pass      ; Inapplicable ; Pass         ; Inapplicable ; Inapplicable ; Inapplicable ; Inapplicable ; Pass         ; Inapplicable ; Inapplicable ; Inapplicable ; Inapplicable ; Pass         ; Inapplicable ; Inapplicable ; Inapplicable ; Inapplicable ; Inapplicable ; Pass      ; Inapplicable ; Inapplicable ;
; RD2[31]            ; Inapplicable ; Inapplicable ; Inapplicable ; Inapplicable ; Inapplicable ; Pass      ; Inapplicable ; Inapplicable ; Pass      ; Pass      ; Inapplicable ; Pass         ; Inapplicable ; Inapplicable ; Inapplicable ; Inapplicable ; Pass         ; Inapplicable ; Inapplicable ; Inapplicable ; Inapplicable ; Pass         ; Inapplicable ; Inapplicable ; Inapplicable ; Inapplicable ; Inapplicable ; Pass      ; Inapplicable ; Inapplicable ;
; RD2[30]            ; Inapplicable ; Inapplicable ; Inapplicable ; Inapplicable ; Inapplicable ; Pass      ; Inapplicable ; Inapplicable ; Pass      ; Pass      ; Inapplicable ; Pass         ; Inapplicable ; Inapplicable ; Inapplicable ; Inapplicable ; Pass         ; Inapplicable ; Inapplicable ; Inapplicable ; Inapplicable ; Pass         ; Inapplicable ; Inapplicable ; Inapplicable ; Inapplicable ; Inapplicable ; Pass      ; Inapplicable ; Inapplicable ;
; RD2[29]            ; Inapplicable ; Inapplicable ; Inapplicable ; Inapplicable ; Inapplicable ; Pass      ; Inapplicable ; Inapplicable ; Pass      ; Pass      ; Inapplicable ; Pass         ; Inapplicable ; Inapplicable ; Inapplicable ; Inapplicable ; Pass         ; Inapplicable ; Inapplicable ; Inapplicable ; Inapplicable ; Pass         ; Inapplicable ; Inapplicable ; Inapplicable ; Inapplicable ; Inapplicable ; Pass      ; Inapplicable ; Inapplicable ;
; RD2[28]            ; Inapplicable ; Inapplicable ; Inapplicable ; Inapplicable ; Inapplicable ; Pass      ; Inapplicable ; Inapplicable ; Pass      ; Pass      ; Inapplicable ; Pass         ; Inapplicable ; Inapplicable ; Inapplicable ; Inapplicable ; Pass         ; Inapplicable ; Inapplicable ; Inapplicable ; Inapplicable ; Pass         ; Inapplicable ; Inapplicable ; Inapplicable ; Inapplicable ; Inapplicable ; Pass      ; Inapplicable ; Inapplicable ;
; RD2[27]            ; Inapplicable ; Inapplicable ; Inapplicable ; Inapplicable ; Inapplicable ; Pass      ; Inapplicable ; Inapplicable ; Pass      ; Pass      ; Inapplicable ; Pass         ; Inapplicable ; Inapplicable ; Inapplicable ; Inapplicable ; Pass         ; Inapplicable ; Inapplicable ; Inapplicable ; Inapplicable ; Pass         ; Inapplicable ; Inapplicable ; Inapplicable ; Inapplicable ; Inapplicable ; Pass      ; Inapplicable ; Inapplicable ;
; RD2[26]            ; Inapplicable ; Inapplicable ; Inapplicable ; Inapplicable ; Inapplicable ; Pass      ; Inapplicable ; Inapplicable ; Pass      ; Pass      ; Inapplicable ; Pass         ; Inapplicable ; Inapplicable ; Inapplicable ; Inapplicable ; Pass         ; Inapplicable ; Inapplicable ; Inapplicable ; Inapplicable ; Pass         ; Inapplicable ; Inapplicable ; Inapplicable ; Inapplicable ; Inapplicable ; Pass      ; Inapplicable ; Inapplicable ;
; RD2[25]            ; Inapplicable ; Inapplicable ; Inapplicable ; Inapplicable ; Inapplicable ; Pass      ; Inapplicable ; Inapplicable ; Pass      ; Pass      ; Inapplicable ; Pass         ; Inapplicable ; Inapplicable ; Inapplicable ; Inapplicable ; Pass         ; Inapplicable ; Inapplicable ; Inapplicable ; Inapplicable ; Pass         ; Inapplicable ; Inapplicable ; Inapplicable ; Inapplicable ; Inapplicable ; Pass      ; Inapplicable ; Inapplicable ;
; RD2[24]            ; Inapplicable ; Inapplicable ; Inapplicable ; Inapplicable ; Inapplicable ; Pass      ; Inapplicable ; Inapplicable ; Pass      ; Pass      ; Inapplicable ; Pass         ; Inapplicable ; Inapplicable ; Inapplicable ; Inapplicable ; Pass         ; Inapplicable ; Inapplicable ; Inapplicable ; Inapplicable ; Pass         ; Inapplicable ; Inapplicable ; Inapplicable ; Inapplicable ; Inapplicable ; Pass      ; Inapplicable ; Inapplicable ;
; RD2[23]            ; Inapplicable ; Inapplicable ; Inapplicable ; Inapplicable ; Inapplicable ; Pass      ; Inapplicable ; Inapplicable ; Pass      ; Pass      ; Inapplicable ; Pass         ; Inapplicable ; Inapplicable ; Inapplicable ; Inapplicable ; Pass         ; Inapplicable ; Inapplicable ; Inapplicable ; Inapplicable ; Pass         ; Inapplicable ; Inapplicable ; Inapplicable ; Inapplicable ; Inapplicable ; Pass      ; Inapplicable ; Inapplicable ;
; RD2[22]            ; Inapplicable ; Inapplicable ; Inapplicable ; Inapplicable ; Inapplicable ; Pass      ; Inapplicable ; Inapplicable ; Pass      ; Pass      ; Inapplicable ; Pass         ; Inapplicable ; Inapplicable ; Inapplicable ; Inapplicable ; Pass         ; Inapplicable ; Inapplicable ; Inapplicable ; Inapplicable ; Pass         ; Inapplicable ; Inapplicable ; Inapplicable ; Inapplicable ; Inapplicable ; Pass      ; Inapplicable ; Inapplicable ;
; RD2[21]            ; Inapplicable ; Inapplicable ; Inapplicable ; Inapplicable ; Inapplicable ; Pass      ; Inapplicable ; Inapplicable ; Pass      ; Pass      ; Inapplicable ; Pass         ; Inapplicable ; Inapplicable ; Inapplicable ; Inapplicable ; Pass         ; Inapplicable ; Inapplicable ; Inapplicable ; Inapplicable ; Pass         ; Inapplicable ; Inapplicable ; Inapplicable ; Inapplicable ; Inapplicable ; Pass      ; Inapplicable ; Inapplicable ;
; RD2[20]            ; Inapplicable ; Inapplicable ; Inapplicable ; Inapplicable ; Inapplicable ; Pass      ; Inapplicable ; Inapplicable ; Pass      ; Pass      ; Inapplicable ; Pass         ; Inapplicable ; Inapplicable ; Inapplicable ; Inapplicable ; Pass         ; Inapplicable ; Inapplicable ; Inapplicable ; Inapplicable ; Pass         ; Inapplicable ; Inapplicable ; Inapplicable ; Inapplicable ; Inapplicable ; Pass      ; Inapplicable ; Inapplicable ;
; RD2[19]            ; Inapplicable ; Inapplicable ; Inapplicable ; Inapplicable ; Inapplicable ; Pass      ; Inapplicable ; Inapplicable ; Pass      ; Pass      ; Inapplicable ; Pass         ; Inapplicable ; Inapplicable ; Inapplicable ; Inapplicable ; Pass         ; Inapplicable ; Inapplicable ; Inapplicable ; Inapplicable ; Pass         ; Inapplicable ; Inapplicable ; Inapplicable ; Inapplicable ; Inapplicable ; Pass      ; Inapplicable ; Inapplicable ;
; RD2[18]            ; Inapplicable ; Inapplicable ; Inapplicable ; Inapplicable ; Inapplicable ; Pass      ; Inapplicable ; Inapplicable ; Pass      ; Pass      ; Inapplicable ; Pass         ; Inapplicable ; Inapplicable ; Inapplicable ; Inapplicable ; Pass         ; Inapplicable ; Inapplicable ; Inapplicable ; Inapplicable ; Pass         ; Inapplicable ; Inapplicable ; Inapplicable ; Inapplicable ; Inapplicable ; Pass      ; Inapplicable ; Inapplicable ;
; RD2[17]            ; Inapplicable ; Inapplicable ; Inapplicable ; Inapplicable ; Inapplicable ; Pass      ; Inapplicable ; Inapplicable ; Pass      ; Pass      ; Inapplicable ; Pass         ; Inapplicable ; Inapplicable ; Inapplicable ; Inapplicable ; Pass         ; Inapplicable ; Inapplicable ; Inapplicable ; Inapplicable ; Pass         ; Inapplicable ; Inapplicable ; Inapplicable ; Inapplicable ; Inapplicable ; Pass      ; Inapplicable ; Inapplicable ;
; RD2[16]            ; Inapplicable ; Inapplicable ; Inapplicable ; Inapplicable ; Inapplicable ; Pass      ; Inapplicable ; Inapplicable ; Pass      ; Pass      ; Inapplicable ; Pass         ; Inapplicable ; Inapplicable ; Inapplicable ; Inapplicable ; Pass         ; Inapplicable ; Inapplicable ; Inapplicable ; Inapplicable ; Pass         ; Inapplicable ; Inapplicable ; Inapplicable ; Inapplicable ; Inapplicable ; Pass      ; Inapplicable ; Inapplicable ;
; RD2[15]            ; Inapplicable ; Inapplicable ; Inapplicable ; Inapplicable ; Inapplicable ; Pass      ; Inapplicable ; Inapplicable ; Pass      ; Pass      ; Inapplicable ; Pass         ; Inapplicable ; Inapplicable ; Inapplicable ; Inapplicable ; Pass         ; Inapplicable ; Inapplicable ; Inapplicable ; Inapplicable ; Pass         ; Inapplicable ; Inapplicable ; Inapplicable ; Inapplicable ; Inapplicable ; Pass      ; Inapplicable ; Inapplicable ;
; RD2[14]            ; Inapplicable ; Inapplicable ; Inapplicable ; Inapplicable ; Inapplicable ; Pass      ; Inapplicable ; Inapplicable ; Pass      ; Pass      ; Inapplicable ; Pass         ; Inapplicable ; Inapplicable ; Inapplicable ; Inapplicable ; Pass         ; Inapplicable ; Inapplicable ; Inapplicable ; Inapplicable ; Pass         ; Inapplicable ; Inapplicable ; Inapplicable ; Inapplicable ; Inapplicable ; Pass      ; Inapplicable ; Inapplicable ;
; RD2[13]            ; Inapplicable ; Inapplicable ; Inapplicable ; Inapplicable ; Inapplicable ; Pass      ; Inapplicable ; Inapplicable ; Pass      ; Pass      ; Inapplicable ; Pass         ; Inapplicable ; Inapplicable ; Inapplicable ; Inapplicable ; Pass         ; Inapplicable ; Inapplicable ; Inapplicable ; Inapplicable ; Pass         ; Inapplicable ; Inapplicable ; Inapplicable ; Inapplicable ; Inapplicable ; Pass      ; Inapplicable ; Inapplicable ;
; RD2[12]            ; Inapplicable ; Inapplicable ; Inapplicable ; Inapplicable ; Inapplicable ; Pass      ; Inapplicable ; Inapplicable ; Pass      ; Pass      ; Inapplicable ; Pass         ; Inapplicable ; Inapplicable ; Inapplicable ; Inapplicable ; Pass         ; Inapplicable ; Inapplicable ; Inapplicable ; Inapplicable ; Pass         ; Inapplicable ; Inapplicable ; Inapplicable ; Inapplicable ; Inapplicable ; Pass      ; Inapplicable ; Inapplicable ;
; RD2[11]            ; Inapplicable ; Inapplicable ; Inapplicable ; Inapplicable ; Inapplicable ; Pass      ; Inapplicable ; Inapplicable ; Pass      ; Pass      ; Inapplicable ; Pass         ; Inapplicable ; Inapplicable ; Inapplicable ; Inapplicable ; Pass         ; Inapplicable ; Inapplicable ; Inapplicable ; Inapplicable ; Pass         ; Inapplicable ; Inapplicable ; Inapplicable ; Inapplicable ; Inapplicable ; Pass      ; Inapplicable ; Inapplicable ;
; RD2[10]            ; Inapplicable ; Inapplicable ; Inapplicable ; Inapplicable ; Inapplicable ; Pass      ; Inapplicable ; Inapplicable ; Pass      ; Pass      ; Inapplicable ; Pass         ; Inapplicable ; Inapplicable ; Inapplicable ; Inapplicable ; Pass         ; Inapplicable ; Inapplicable ; Inapplicable ; Inapplicable ; Pass         ; Inapplicable ; Inapplicable ; Inapplicable ; Inapplicable ; Inapplicable ; Pass      ; Inapplicable ; Inapplicable ;
; RD2[9]             ; Inapplicable ; Inapplicable ; Inapplicable ; Inapplicable ; Inapplicable ; Pass      ; Inapplicable ; Inapplicable ; Pass      ; Pass      ; Inapplicable ; Pass         ; Inapplicable ; Inapplicable ; Inapplicable ; Inapplicable ; Pass         ; Inapplicable ; Inapplicable ; Inapplicable ; Inapplicable ; Pass         ; Inapplicable ; Inapplicable ; Inapplicable ; Inapplicable ; Inapplicable ; Pass      ; Inapplicable ; Inapplicable ;
; RD2[8]             ; Inapplicable ; Inapplicable ; Inapplicable ; Inapplicable ; Inapplicable ; Pass      ; Inapplicable ; Inapplicable ; Pass      ; Pass      ; Inapplicable ; Pass         ; Inapplicable ; Inapplicable ; Inapplicable ; Inapplicable ; Pass         ; Inapplicable ; Inapplicable ; Inapplicable ; Inapplicable ; Pass         ; Inapplicable ; Inapplicable ; Inapplicable ; Inapplicable ; Inapplicable ; Pass      ; Inapplicable ; Inapplicable ;
; RD2[7]             ; Inapplicable ; Inapplicable ; Inapplicable ; Inapplicable ; Inapplicable ; Pass      ; Inapplicable ; Inapplicable ; Pass      ; Pass      ; Inapplicable ; Pass         ; Inapplicable ; Inapplicable ; Inapplicable ; Inapplicable ; Pass         ; Inapplicable ; Inapplicable ; Inapplicable ; Inapplicable ; Pass         ; Inapplicable ; Inapplicable ; Inapplicable ; Inapplicable ; Inapplicable ; Pass      ; Inapplicable ; Inapplicable ;
; RD2[6]             ; Inapplicable ; Inapplicable ; Inapplicable ; Inapplicable ; Inapplicable ; Pass      ; Inapplicable ; Inapplicable ; Pass      ; Pass      ; Inapplicable ; Pass         ; Inapplicable ; Inapplicable ; Inapplicable ; Inapplicable ; Pass         ; Inapplicable ; Inapplicable ; Inapplicable ; Inapplicable ; Pass         ; Inapplicable ; Inapplicable ; Inapplicable ; Inapplicable ; Inapplicable ; Pass      ; Inapplicable ; Inapplicable ;
; RD2[5]             ; Inapplicable ; Inapplicable ; Inapplicable ; Inapplicable ; Inapplicable ; Pass      ; Inapplicable ; Inapplicable ; Pass      ; Pass      ; Inapplicable ; Pass         ; Inapplicable ; Inapplicable ; Inapplicable ; Inapplicable ; Pass         ; Inapplicable ; Inapplicable ; Inapplicable ; Inapplicable ; Pass         ; Inapplicable ; Inapplicable ; Inapplicable ; Inapplicable ; Inapplicable ; Pass      ; Inapplicable ; Inapplicable ;
; RD2[4]             ; Inapplicable ; Inapplicable ; Inapplicable ; Inapplicable ; Inapplicable ; Pass      ; Inapplicable ; Inapplicable ; Pass      ; Pass      ; Inapplicable ; Pass         ; Inapplicable ; Inapplicable ; Inapplicable ; Inapplicable ; Pass         ; Inapplicable ; Inapplicable ; Inapplicable ; Inapplicable ; Pass         ; Inapplicable ; Inapplicable ; Inapplicable ; Inapplicable ; Inapplicable ; Pass      ; Inapplicable ; Inapplicable ;
; RD2[3]             ; Inapplicable ; Inapplicable ; Inapplicable ; Inapplicable ; Inapplicable ; Pass      ; Inapplicable ; Inapplicable ; Pass      ; Pass      ; Inapplicable ; Pass         ; Inapplicable ; Inapplicable ; Inapplicable ; Inapplicable ; Pass         ; Inapplicable ; Inapplicable ; Inapplicable ; Inapplicable ; Pass         ; Inapplicable ; Inapplicable ; Inapplicable ; Inapplicable ; Inapplicable ; Pass      ; Inapplicable ; Inapplicable ;
; RD2[2]             ; Inapplicable ; Inapplicable ; Inapplicable ; Inapplicable ; Inapplicable ; Pass      ; Inapplicable ; Inapplicable ; Pass      ; Pass      ; Inapplicable ; Pass         ; Inapplicable ; Inapplicable ; Inapplicable ; Inapplicable ; Pass         ; Inapplicable ; Inapplicable ; Inapplicable ; Inapplicable ; Pass         ; Inapplicable ; Inapplicable ; Inapplicable ; Inapplicable ; Inapplicable ; Pass      ; Inapplicable ; Inapplicable ;
; RD2[1]             ; Inapplicable ; Inapplicable ; Inapplicable ; Inapplicable ; Inapplicable ; Pass      ; Inapplicable ; Inapplicable ; Pass      ; Pass      ; Inapplicable ; Pass         ; Inapplicable ; Inapplicable ; Inapplicable ; Inapplicable ; Pass         ; Inapplicable ; Inapplicable ; Inapplicable ; Inapplicable ; Pass         ; Inapplicable ; Inapplicable ; Inapplicable ; Inapplicable ; Inapplicable ; Pass      ; Inapplicable ; Inapplicable ;
; RD2[0]             ; Inapplicable ; Inapplicable ; Inapplicable ; Inapplicable ; Inapplicable ; Pass      ; Inapplicable ; Inapplicable ; Pass      ; Pass      ; Inapplicable ; Pass         ; Inapplicable ; Inapplicable ; Inapplicable ; Inapplicable ; Pass         ; Inapplicable ; Inapplicable ; Inapplicable ; Inapplicable ; Pass         ; Inapplicable ; Inapplicable ; Inapplicable ; Inapplicable ; Inapplicable ; Pass      ; Inapplicable ; Inapplicable ;
; Clock              ; Inapplicable ; Inapplicable ; Inapplicable ; Inapplicable ; Inapplicable ; Pass      ; Inapplicable ; Inapplicable ; Pass      ; Pass      ; Inapplicable ; Inapplicable ; Inapplicable ; Inapplicable ; Pass         ; Inapplicable ; Inapplicable ; Pass         ; Inapplicable ; Inapplicable ; Inapplicable ; Inapplicable ; Inapplicable ; Inapplicable ; Inapplicable ; Inapplicable ; Inapplicable ; Pass      ; Inapplicable ; Inapplicable ;
; Reset              ; Inapplicable ; Inapplicable ; Inapplicable ; Inapplicable ; Inapplicable ; Pass      ; Inapplicable ; Inapplicable ; Pass      ; Pass      ; Inapplicable ; Inapplicable ; Inapplicable ; Inapplicable ; Pass         ; Inapplicable ; Inapplicable ; Pass         ; Inapplicable ; Inapplicable ; Inapplicable ; Inapplicable ; Inapplicable ; Inapplicable ; Inapplicable ; Inapplicable ; Inapplicable ; Pass      ; Inapplicable ; Inapplicable ;
+--------------------+--------------+--------------+--------------+--------------+--------------+-----------+--------------+--------------+-----------+-----------+--------------+--------------+--------------+--------------+--------------+--------------+--------------+--------------+--------------+--------------+--------------+--------------+--------------+--------------+--------------+--------------+--------------+-----------+--------------+--------------+


+---------------------------------------------------------------------------------------------+
; Fitter Device Options                                                                       ;
+------------------------------------------------------------------+--------------------------+
; Option                                                           ; Setting                  ;
+------------------------------------------------------------------+--------------------------+
; Enable user-supplied start-up clock (CLKUSR)                     ; Off                      ;
; Enable device-wide reset (DEV_CLRn)                              ; Off                      ;
; Enable device-wide output enable (DEV_OE)                        ; Off                      ;
; Enable INIT_DONE output                                          ; Off                      ;
; Configuration scheme                                             ; Active Serial            ;
; Error detection CRC                                              ; Off                      ;
; Enable open drain on CRC_ERROR pin                               ; Off                      ;
; Enable input tri-state on active configuration pins in user mode ; Off                      ;
; Configuration Voltage Level                                      ; Auto                     ;
; Force Configuration Voltage Level                                ; Off                      ;
; nCEO                                                             ; As output driving ground ;
; Data[0]                                                          ; As input tri-stated      ;
; Data[1]/ASDO                                                     ; As input tri-stated      ;
; Data[7..2]                                                       ; Unreserved               ;
; FLASH_nCE/nCSO                                                   ; As input tri-stated      ;
; Other Active Parallel pins                                       ; Unreserved               ;
; DCLK                                                             ; As output driving ground ;
; Base pin-out file on sameframe device                            ; Off                      ;
+------------------------------------------------------------------+--------------------------+


+------------------------------------+
; Operating Settings and Conditions  ;
+---------------------------+--------+
; Setting                   ; Value  ;
+---------------------------+--------+
; Nominal Core Voltage      ; 1.20 V ;
; Low Junction Temperature  ; 0 °C   ;
; High Junction Temperature ; 85 °C  ;
+---------------------------+--------+


+-----------------+
; Fitter Messages ;
+-----------------+
Warning (20028): Parallel compilation is not licensed and has been disabled
Info (119006): Selected device EP4CE115F29C7 for design "PROJETO"
Info (21077): Core supply voltage is 1.2V
Info (21077): Low junction temperature is 0 degrees C
Info (21077): High junction temperature is 85 degrees C
Info (171003): Fitter is performing an Auto Fit compilation, which may decrease Fitter effort to reduce compilation time
Warning (292013): Feature LogicLock is only available with a valid subscription license. You can purchase a software subscription to gain full access to this feature.
Info (176444): Device migration not selected. If you intend to use device migration later, you may need to change the pin assignments as they may be incompatible with other devices
    Info (176445): Device EP4CE40F29C7 is compatible
    Info (176445): Device EP4CE40F29I7 is compatible
    Info (176445): Device EP4CE30F29C7 is compatible
    Info (176445): Device EP4CE30F29I7 is compatible
    Info (176445): Device EP4CE55F29C7 is compatible
    Info (176445): Device EP4CE55F29I7 is compatible
    Info (176445): Device EP4CE75F29C7 is compatible
    Info (176445): Device EP4CE75F29I7 is compatible
    Info (176445): Device EP4CE115F29I7 is compatible
Info (169124): Fitter converted 5 user pins into dedicated programming pins
    Info (169125): Pin ~ALTERA_ASDO_DATA1~ is reserved at location F4
    Info (169125): Pin ~ALTERA_FLASH_nCE_nCSO~ is reserved at location E2
    Info (169125): Pin ~ALTERA_DCLK~ is reserved at location P3
    Info (169125): Pin ~ALTERA_DATA0~ is reserved at location N7
    Info (169125): Pin ~ALTERA_nCEO~ is reserved at location P28
Warning (15714): Some pins have incomplete I/O assignments. Refer to the I/O Assignment Warnings report for details
Critical Warning (169085): No exact pin location assignment(s) for 342 pins of 342 total pins
    Info (169086): Pin ALU_result[31] not assigned to an exact location on the device
    Info (169086): Pin ALU_result[30] not assigned to an exact location on the device
    Info (169086): Pin ALU_result[29] not assigned to an exact location on the device
    Info (169086): Pin ALU_result[28] not assigned to an exact location on the device
    Info (169086): Pin ALU_result[27] not assigned to an exact location on the device
    Info (169086): Pin ALU_result[26] not assigned to an exact location on the device
    Info (169086): Pin ALU_result[25] not assigned to an exact location on the device
    Info (169086): Pin ALU_result[24] not assigned to an exact location on the device
    Info (169086): Pin ALU_result[23] not assigned to an exact location on the device
    Info (169086): Pin ALU_result[22] not assigned to an exact location on the device
    Info (169086): Pin ALU_result[21] not assigned to an exact location on the device
    Info (169086): Pin ALU_result[20] not assigned to an exact location on the device
    Info (169086): Pin ALU_result[19] not assigned to an exact location on the device
    Info (169086): Pin ALU_result[18] not assigned to an exact location on the device
    Info (169086): Pin ALU_result[17] not assigned to an exact location on the device
    Info (169086): Pin ALU_result[16] not assigned to an exact location on the device
    Info (169086): Pin ALU_result[15] not assigned to an exact location on the device
    Info (169086): Pin ALU_result[14] not assigned to an exact location on the device
    Info (169086): Pin ALU_result[13] not assigned to an exact location on the device
    Info (169086): Pin ALU_result[12] not assigned to an exact location on the device
    Info (169086): Pin ALU_result[11] not assigned to an exact location on the device
    Info (169086): Pin ALU_result[10] not assigned to an exact location on the device
    Info (169086): Pin ALU_result[9] not assigned to an exact location on the device
    Info (169086): Pin ALU_result[8] not assigned to an exact location on the device
    Info (169086): Pin ALU_result[7] not assigned to an exact location on the device
    Info (169086): Pin ALU_result[6] not assigned to an exact location on the device
    Info (169086): Pin ALU_result[5] not assigned to an exact location on the device
    Info (169086): Pin ALU_result[4] not assigned to an exact location on the device
    Info (169086): Pin ALU_result[3] not assigned to an exact location on the device
    Info (169086): Pin ALU_result[2] not assigned to an exact location on the device
    Info (169086): Pin ALU_result[1] not assigned to an exact location on the device
    Info (169086): Pin ALU_result[0] not assigned to an exact location on the device
    Info (169086): Pin HEX0[6] not assigned to an exact location on the device
    Info (169086): Pin HEX0[5] not assigned to an exact location on the device
    Info (169086): Pin HEX0[4] not assigned to an exact location on the device
    Info (169086): Pin HEX0[3] not assigned to an exact location on the device
    Info (169086): Pin HEX0[2] not assigned to an exact location on the device
    Info (169086): Pin HEX0[1] not assigned to an exact location on the device
    Info (169086): Pin HEX0[0] not assigned to an exact location on the device
    Info (169086): Pin HEX1[6] not assigned to an exact location on the device
    Info (169086): Pin HEX1[5] not assigned to an exact location on the device
    Info (169086): Pin HEX1[4] not assigned to an exact location on the device
    Info (169086): Pin HEX1[3] not assigned to an exact location on the device
    Info (169086): Pin HEX1[2] not assigned to an exact location on the device
    Info (169086): Pin HEX1[1] not assigned to an exact location on the device
    Info (169086): Pin HEX1[0] not assigned to an exact location on the device
    Info (169086): Pin HEX2[6] not assigned to an exact location on the device
    Info (169086): Pin HEX2[5] not assigned to an exact location on the device
    Info (169086): Pin HEX2[4] not assigned to an exact location on the device
    Info (169086): Pin HEX2[3] not assigned to an exact location on the device
    Info (169086): Pin HEX2[2] not assigned to an exact location on the device
    Info (169086): Pin HEX2[1] not assigned to an exact location on the device
    Info (169086): Pin HEX2[0] not assigned to an exact location on the device
    Info (169086): Pin HEX3[6] not assigned to an exact location on the device
    Info (169086): Pin HEX3[5] not assigned to an exact location on the device
    Info (169086): Pin HEX3[4] not assigned to an exact location on the device
    Info (169086): Pin HEX3[3] not assigned to an exact location on the device
    Info (169086): Pin HEX3[2] not assigned to an exact location on the device
    Info (169086): Pin HEX3[1] not assigned to an exact location on the device
    Info (169086): Pin HEX3[0] not assigned to an exact location on the device
    Info (169086): Pin HEX4[6] not assigned to an exact location on the device
    Info (169086): Pin HEX4[5] not assigned to an exact location on the device
    Info (169086): Pin HEX4[4] not assigned to an exact location on the device
    Info (169086): Pin HEX4[3] not assigned to an exact location on the device
    Info (169086): Pin HEX4[2] not assigned to an exact location on the device
    Info (169086): Pin HEX4[1] not assigned to an exact location on the device
    Info (169086): Pin HEX4[0] not assigned to an exact location on the device
    Info (169086): Pin HEX5[6] not assigned to an exact location on the device
    Info (169086): Pin HEX5[5] not assigned to an exact location on the device
    Info (169086): Pin HEX5[4] not assigned to an exact location on the device
    Info (169086): Pin HEX5[3] not assigned to an exact location on the device
    Info (169086): Pin HEX5[2] not assigned to an exact location on the device
    Info (169086): Pin HEX5[1] not assigned to an exact location on the device
    Info (169086): Pin HEX5[0] not assigned to an exact location on the device
    Info (169086): Pin HEX6[6] not assigned to an exact location on the device
    Info (169086): Pin HEX6[5] not assigned to an exact location on the device
    Info (169086): Pin HEX6[4] not assigned to an exact location on the device
    Info (169086): Pin HEX6[3] not assigned to an exact location on the device
    Info (169086): Pin HEX6[2] not assigned to an exact location on the device
    Info (169086): Pin HEX6[1] not assigned to an exact location on the device
    Info (169086): Pin HEX6[0] not assigned to an exact location on the device
    Info (169086): Pin HEX7[6] not assigned to an exact location on the device
    Info (169086): Pin HEX7[5] not assigned to an exact location on the device
    Info (169086): Pin HEX7[4] not assigned to an exact location on the device
    Info (169086): Pin HEX7[3] not assigned to an exact location on the device
    Info (169086): Pin HEX7[2] not assigned to an exact location on the device
    Info (169086): Pin HEX7[1] not assigned to an exact location on the device
    Info (169086): Pin HEX7[0] not assigned to an exact location on the device
    Info (169086): Pin MUX_INPUT1[31] not assigned to an exact location on the device
    Info (169086): Pin MUX_INPUT1[30] not assigned to an exact location on the device
    Info (169086): Pin MUX_INPUT1[29] not assigned to an exact location on the device
    Info (169086): Pin MUX_INPUT1[28] not assigned to an exact location on the device
    Info (169086): Pin MUX_INPUT1[27] not assigned to an exact location on the device
    Info (169086): Pin MUX_INPUT1[26] not assigned to an exact location on the device
    Info (169086): Pin MUX_INPUT1[25] not assigned to an exact location on the device
    Info (169086): Pin MUX_INPUT1[24] not assigned to an exact location on the device
    Info (169086): Pin MUX_INPUT1[23] not assigned to an exact location on the device
    Info (169086): Pin MUX_INPUT1[22] not assigned to an exact location on the device
    Info (169086): Pin MUX_INPUT1[21] not assigned to an exact location on the device
    Info (169086): Pin MUX_INPUT1[20] not assigned to an exact location on the device
    Info (169086): Pin MUX_INPUT1[19] not assigned to an exact location on the device
    Info (169086): Pin MUX_INPUT1[18] not assigned to an exact location on the device
    Info (169086): Pin MUX_INPUT1[17] not assigned to an exact location on the device
    Info (169086): Pin MUX_INPUT1[16] not assigned to an exact location on the device
    Info (169086): Pin MUX_INPUT1[15] not assigned to an exact location on the device
    Info (169086): Pin MUX_INPUT1[14] not assigned to an exact location on the device
    Info (169086): Pin MUX_INPUT1[13] not assigned to an exact location on the device
    Info (169086): Pin MUX_INPUT1[12] not assigned to an exact location on the device
    Info (169086): Pin MUX_INPUT1[11] not assigned to an exact location on the device
    Info (169086): Pin MUX_INPUT1[10] not assigned to an exact location on the device
    Info (169086): Pin MUX_INPUT1[9] not assigned to an exact location on the device
    Info (169086): Pin MUX_INPUT1[8] not assigned to an exact location on the device
    Info (169086): Pin MUX_INPUT1[7] not assigned to an exact location on the device
    Info (169086): Pin MUX_INPUT1[6] not assigned to an exact location on the device
    Info (169086): Pin MUX_INPUT1[5] not assigned to an exact location on the device
    Info (169086): Pin MUX_INPUT1[4] not assigned to an exact location on the device
    Info (169086): Pin MUX_INPUT1[3] not assigned to an exact location on the device
    Info (169086): Pin MUX_INPUT1[2] not assigned to an exact location on the device
    Info (169086): Pin MUX_INPUT1[1] not assigned to an exact location on the device
    Info (169086): Pin MUX_INPUT1[0] not assigned to an exact location on the device
    Info (169086): Pin MUX_INPUT2[31] not assigned to an exact location on the device
    Info (169086): Pin MUX_INPUT2[30] not assigned to an exact location on the device
    Info (169086): Pin MUX_INPUT2[29] not assigned to an exact location on the device
    Info (169086): Pin MUX_INPUT2[28] not assigned to an exact location on the device
    Info (169086): Pin MUX_INPUT2[27] not assigned to an exact location on the device
    Info (169086): Pin MUX_INPUT2[26] not assigned to an exact location on the device
    Info (169086): Pin MUX_INPUT2[25] not assigned to an exact location on the device
    Info (169086): Pin MUX_INPUT2[24] not assigned to an exact location on the device
    Info (169086): Pin MUX_INPUT2[23] not assigned to an exact location on the device
    Info (169086): Pin MUX_INPUT2[22] not assigned to an exact location on the device
    Info (169086): Pin MUX_INPUT2[21] not assigned to an exact location on the device
    Info (169086): Pin MUX_INPUT2[20] not assigned to an exact location on the device
    Info (169086): Pin MUX_INPUT2[19] not assigned to an exact location on the device
    Info (169086): Pin MUX_INPUT2[18] not assigned to an exact location on the device
    Info (169086): Pin MUX_INPUT2[17] not assigned to an exact location on the device
    Info (169086): Pin MUX_INPUT2[16] not assigned to an exact location on the device
    Info (169086): Pin MUX_INPUT2[15] not assigned to an exact location on the device
    Info (169086): Pin MUX_INPUT2[14] not assigned to an exact location on the device
    Info (169086): Pin MUX_INPUT2[13] not assigned to an exact location on the device
    Info (169086): Pin MUX_INPUT2[12] not assigned to an exact location on the device
    Info (169086): Pin MUX_INPUT2[11] not assigned to an exact location on the device
    Info (169086): Pin MUX_INPUT2[10] not assigned to an exact location on the device
    Info (169086): Pin MUX_INPUT2[9] not assigned to an exact location on the device
    Info (169086): Pin MUX_INPUT2[8] not assigned to an exact location on the device
    Info (169086): Pin MUX_INPUT2[7] not assigned to an exact location on the device
    Info (169086): Pin MUX_INPUT2[6] not assigned to an exact location on the device
    Info (169086): Pin MUX_INPUT2[5] not assigned to an exact location on the device
    Info (169086): Pin MUX_INPUT2[4] not assigned to an exact location on the device
    Info (169086): Pin MUX_INPUT2[3] not assigned to an exact location on the device
    Info (169086): Pin MUX_INPUT2[2] not assigned to an exact location on the device
    Info (169086): Pin MUX_INPUT2[1] not assigned to an exact location on the device
    Info (169086): Pin MUX_INPUT2[0] not assigned to an exact location on the device
    Info (169086): Pin MUX_INPUT3[27] not assigned to an exact location on the device
    Info (169086): Pin MUX_INPUT3[26] not assigned to an exact location on the device
    Info (169086): Pin MUX_INPUT3[25] not assigned to an exact location on the device
    Info (169086): Pin MUX_INPUT3[24] not assigned to an exact location on the device
    Info (169086): Pin MUX_INPUT3[23] not assigned to an exact location on the device
    Info (169086): Pin MUX_INPUT3[22] not assigned to an exact location on the device
    Info (169086): Pin MUX_INPUT3[21] not assigned to an exact location on the device
    Info (169086): Pin MUX_INPUT3[20] not assigned to an exact location on the device
    Info (169086): Pin MUX_INPUT3[19] not assigned to an exact location on the device
    Info (169086): Pin MUX_INPUT3[18] not assigned to an exact location on the device
    Info (169086): Pin MUX_INPUT3[17] not assigned to an exact location on the device
    Info (169086): Pin MUX_INPUT3[16] not assigned to an exact location on the device
    Info (169086): Pin MUX_INPUT3[15] not assigned to an exact location on the device
    Info (169086): Pin MUX_INPUT3[14] not assigned to an exact location on the device
    Info (169086): Pin MUX_INPUT3[13] not assigned to an exact location on the device
    Info (169086): Pin MUX_INPUT3[12] not assigned to an exact location on the device
    Info (169086): Pin MUX_INPUT3[11] not assigned to an exact location on the device
    Info (169086): Pin MUX_INPUT3[10] not assigned to an exact location on the device
    Info (169086): Pin MUX_INPUT3[9] not assigned to an exact location on the device
    Info (169086): Pin MUX_INPUT3[8] not assigned to an exact location on the device
    Info (169086): Pin MUX_INPUT3[7] not assigned to an exact location on the device
    Info (169086): Pin MUX_INPUT3[6] not assigned to an exact location on the device
    Info (169086): Pin MUX_INPUT3[5] not assigned to an exact location on the device
    Info (169086): Pin MUX_INPUT3[4] not assigned to an exact location on the device
    Info (169086): Pin MUX_INPUT3[3] not assigned to an exact location on the device
    Info (169086): Pin MUX_INPUT3[2] not assigned to an exact location on the device
    Info (169086): Pin MUX_INPUT3[1] not assigned to an exact location on the device
    Info (169086): Pin MUX_INPUT3[0] not assigned to an exact location on the device
    Info (169086): Pin MUX_INPUT4[31] not assigned to an exact location on the device
    Info (169086): Pin MUX_INPUT4[30] not assigned to an exact location on the device
    Info (169086): Pin MUX_INPUT4[29] not assigned to an exact location on the device
    Info (169086): Pin MUX_INPUT4[28] not assigned to an exact location on the device
    Info (169086): Pin MUX_INPUT4[27] not assigned to an exact location on the device
    Info (169086): Pin MUX_INPUT4[26] not assigned to an exact location on the device
    Info (169086): Pin MUX_INPUT4[25] not assigned to an exact location on the device
    Info (169086): Pin MUX_INPUT4[24] not assigned to an exact location on the device
    Info (169086): Pin MUX_INPUT4[23] not assigned to an exact location on the device
    Info (169086): Pin MUX_INPUT4[22] not assigned to an exact location on the device
    Info (169086): Pin MUX_INPUT4[21] not assigned to an exact location on the device
    Info (169086): Pin MUX_INPUT4[20] not assigned to an exact location on the device
    Info (169086): Pin MUX_INPUT4[19] not assigned to an exact location on the device
    Info (169086): Pin MUX_INPUT4[18] not assigned to an exact location on the device
    Info (169086): Pin MUX_INPUT4[17] not assigned to an exact location on the device
    Info (169086): Pin MUX_INPUT4[16] not assigned to an exact location on the device
    Info (169086): Pin MUX_INPUT4[15] not assigned to an exact location on the device
    Info (169086): Pin MUX_INPUT4[14] not assigned to an exact location on the device
    Info (169086): Pin MUX_INPUT4[13] not assigned to an exact location on the device
    Info (169086): Pin MUX_INPUT4[12] not assigned to an exact location on the device
    Info (169086): Pin MUX_INPUT4[11] not assigned to an exact location on the device
    Info (169086): Pin MUX_INPUT4[10] not assigned to an exact location on the device
    Info (169086): Pin MUX_INPUT4[9] not assigned to an exact location on the device
    Info (169086): Pin MUX_INPUT4[8] not assigned to an exact location on the device
    Info (169086): Pin MUX_INPUT4[7] not assigned to an exact location on the device
    Info (169086): Pin MUX_INPUT4[6] not assigned to an exact location on the device
    Info (169086): Pin MUX_INPUT4[5] not assigned to an exact location on the device
    Info (169086): Pin MUX_INPUT4[4] not assigned to an exact location on the device
    Info (169086): Pin MUX_INPUT4[3] not assigned to an exact location on the device
    Info (169086): Pin MUX_INPUT4[2] not assigned to an exact location on the device
    Info (169086): Pin MUX_INPUT4[1] not assigned to an exact location on the device
    Info (169086): Pin MUX_INPUT4[0] not assigned to an exact location on the device
    Info (169086): Pin PC[31] not assigned to an exact location on the device
    Info (169086): Pin PC[30] not assigned to an exact location on the device
    Info (169086): Pin PC[29] not assigned to an exact location on the device
    Info (169086): Pin PC[28] not assigned to an exact location on the device
    Info (169086): Pin PC[27] not assigned to an exact location on the device
    Info (169086): Pin PC[26] not assigned to an exact location on the device
    Info (169086): Pin PC[25] not assigned to an exact location on the device
    Info (169086): Pin PC[24] not assigned to an exact location on the device
    Info (169086): Pin PC[23] not assigned to an exact location on the device
    Info (169086): Pin PC[22] not assigned to an exact location on the device
    Info (169086): Pin PC[21] not assigned to an exact location on the device
    Info (169086): Pin PC[20] not assigned to an exact location on the device
    Info (169086): Pin PC[19] not assigned to an exact location on the device
    Info (169086): Pin PC[18] not assigned to an exact location on the device
    Info (169086): Pin PC[17] not assigned to an exact location on the device
    Info (169086): Pin PC[16] not assigned to an exact location on the device
    Info (169086): Pin PC[15] not assigned to an exact location on the device
    Info (169086): Pin PC[14] not assigned to an exact location on the device
    Info (169086): Pin PC[13] not assigned to an exact location on the device
    Info (169086): Pin PC[12] not assigned to an exact location on the device
    Info (169086): Pin PC[11] not assigned to an exact location on the device
    Info (169086): Pin PC[10] not assigned to an exact location on the device
    Info (169086): Pin PC[9] not assigned to an exact location on the device
    Info (169086): Pin PC[8] not assigned to an exact location on the device
    Info (169086): Pin PC[7] not assigned to an exact location on the device
    Info (169086): Pin PC[6] not assigned to an exact location on the device
    Info (169086): Pin PC[5] not assigned to an exact location on the device
    Info (169086): Pin PC[4] not assigned to an exact location on the device
    Info (169086): Pin PC[3] not assigned to an exact location on the device
    Info (169086): Pin PC[2] not assigned to an exact location on the device
    Info (169086): Pin PC[1] not assigned to an exact location on the device
    Info (169086): Pin PC[0] not assigned to an exact location on the device
    Info (169086): Pin PCplus4[31] not assigned to an exact location on the device
    Info (169086): Pin PCplus4[30] not assigned to an exact location on the device
    Info (169086): Pin PCplus4[29] not assigned to an exact location on the device
    Info (169086): Pin PCplus4[28] not assigned to an exact location on the device
    Info (169086): Pin PCplus4[27] not assigned to an exact location on the device
    Info (169086): Pin PCplus4[26] not assigned to an exact location on the device
    Info (169086): Pin PCplus4[25] not assigned to an exact location on the device
    Info (169086): Pin PCplus4[24] not assigned to an exact location on the device
    Info (169086): Pin PCplus4[23] not assigned to an exact location on the device
    Info (169086): Pin PCplus4[22] not assigned to an exact location on the device
    Info (169086): Pin PCplus4[21] not assigned to an exact location on the device
    Info (169086): Pin PCplus4[20] not assigned to an exact location on the device
    Info (169086): Pin PCplus4[19] not assigned to an exact location on the device
    Info (169086): Pin PCplus4[18] not assigned to an exact location on the device
    Info (169086): Pin PCplus4[17] not assigned to an exact location on the device
    Info (169086): Pin PCplus4[16] not assigned to an exact location on the device
    Info (169086): Pin PCplus4[15] not assigned to an exact location on the device
    Info (169086): Pin PCplus4[14] not assigned to an exact location on the device
    Info (169086): Pin PCplus4[13] not assigned to an exact location on the device
    Info (169086): Pin PCplus4[12] not assigned to an exact location on the device
    Info (169086): Pin PCplus4[11] not assigned to an exact location on the device
    Info (169086): Pin PCplus4[10] not assigned to an exact location on the device
    Info (169086): Pin PCplus4[9] not assigned to an exact location on the device
    Info (169086): Pin PCplus4[8] not assigned to an exact location on the device
    Info (169086): Pin PCplus4[7] not assigned to an exact location on the device
    Info (169086): Pin PCplus4[6] not assigned to an exact location on the device
    Info (169086): Pin PCplus4[5] not assigned to an exact location on the device
    Info (169086): Pin PCplus4[4] not assigned to an exact location on the device
    Info (169086): Pin PCplus4[3] not assigned to an exact location on the device
    Info (169086): Pin PCplus4[2] not assigned to an exact location on the device
    Info (169086): Pin PCplus4[1] not assigned to an exact location on the device
    Info (169086): Pin PCplus4[0] not assigned to an exact location on the device
    Info (169086): Pin RD1[31] not assigned to an exact location on the device
    Info (169086): Pin RD1[30] not assigned to an exact location on the device
    Info (169086): Pin RD1[29] not assigned to an exact location on the device
    Info (169086): Pin RD1[28] not assigned to an exact location on the device
    Info (169086): Pin RD1[27] not assigned to an exact location on the device
    Info (169086): Pin RD1[26] not assigned to an exact location on the device
    Info (169086): Pin RD1[25] not assigned to an exact location on the device
    Info (169086): Pin RD1[24] not assigned to an exact location on the device
    Info (169086): Pin RD1[23] not assigned to an exact location on the device
    Info (169086): Pin RD1[22] not assigned to an exact location on the device
    Info (169086): Pin RD1[21] not assigned to an exact location on the device
    Info (169086): Pin RD1[20] not assigned to an exact location on the device
    Info (169086): Pin RD1[19] not assigned to an exact location on the device
    Info (169086): Pin RD1[18] not assigned to an exact location on the device
    Info (169086): Pin RD1[17] not assigned to an exact location on the device
    Info (169086): Pin RD1[16] not assigned to an exact location on the device
    Info (169086): Pin RD1[15] not assigned to an exact location on the device
    Info (169086): Pin RD1[14] not assigned to an exact location on the device
    Info (169086): Pin RD1[13] not assigned to an exact location on the device
    Info (169086): Pin RD1[12] not assigned to an exact location on the device
    Info (169086): Pin RD1[11] not assigned to an exact location on the device
    Info (169086): Pin RD1[10] not assigned to an exact location on the device
    Info (169086): Pin RD1[9] not assigned to an exact location on the device
    Info (169086): Pin RD1[8] not assigned to an exact location on the device
    Info (169086): Pin RD1[7] not assigned to an exact location on the device
    Info (169086): Pin RD1[6] not assigned to an exact location on the device
    Info (169086): Pin RD1[5] not assigned to an exact location on the device
    Info (169086): Pin RD1[4] not assigned to an exact location on the device
    Info (169086): Pin RD1[3] not assigned to an exact location on the device
    Info (169086): Pin RD1[2] not assigned to an exact location on the device
    Info (169086): Pin RD1[1] not assigned to an exact location on the device
    Info (169086): Pin RD1[0] not assigned to an exact location on the device
    Info (169086): Pin RD2[31] not assigned to an exact location on the device
    Info (169086): Pin RD2[30] not assigned to an exact location on the device
    Info (169086): Pin RD2[29] not assigned to an exact location on the device
    Info (169086): Pin RD2[28] not assigned to an exact location on the device
    Info (169086): Pin RD2[27] not assigned to an exact location on the device
    Info (169086): Pin RD2[26] not assigned to an exact location on the device
    Info (169086): Pin RD2[25] not assigned to an exact location on the device
    Info (169086): Pin RD2[24] not assigned to an exact location on the device
    Info (169086): Pin RD2[23] not assigned to an exact location on the device
    Info (169086): Pin RD2[22] not assigned to an exact location on the device
    Info (169086): Pin RD2[21] not assigned to an exact location on the device
    Info (169086): Pin RD2[20] not assigned to an exact location on the device
    Info (169086): Pin RD2[19] not assigned to an exact location on the device
    Info (169086): Pin RD2[18] not assigned to an exact location on the device
    Info (169086): Pin RD2[17] not assigned to an exact location on the device
    Info (169086): Pin RD2[16] not assigned to an exact location on the device
    Info (169086): Pin RD2[15] not assigned to an exact location on the device
    Info (169086): Pin RD2[14] not assigned to an exact location on the device
    Info (169086): Pin RD2[13] not assigned to an exact location on the device
    Info (169086): Pin RD2[12] not assigned to an exact location on the device
    Info (169086): Pin RD2[11] not assigned to an exact location on the device
    Info (169086): Pin RD2[10] not assigned to an exact location on the device
    Info (169086): Pin RD2[9] not assigned to an exact location on the device
    Info (169086): Pin RD2[8] not assigned to an exact location on the device
    Info (169086): Pin RD2[7] not assigned to an exact location on the device
    Info (169086): Pin RD2[6] not assigned to an exact location on the device
    Info (169086): Pin RD2[5] not assigned to an exact location on the device
    Info (169086): Pin RD2[4] not assigned to an exact location on the device
    Info (169086): Pin RD2[3] not assigned to an exact location on the device
    Info (169086): Pin RD2[2] not assigned to an exact location on the device
    Info (169086): Pin RD2[1] not assigned to an exact location on the device
    Info (169086): Pin RD2[0] not assigned to an exact location on the device
    Info (169086): Pin Clock not assigned to an exact location on the device
    Info (169086): Pin Reset not assigned to an exact location on the device
Critical Warning (332012): Synopsys Design Constraints File file not found: 'PROJETO.sdc'. A Synopsys Design Constraints File is required by the TimeQuest Timing Analyzer to get proper timing constraints. Without it, the Compiler will not properly optimize the design.
Info (332144): No user constrained base clocks found in the design
Info (332143): No user constrained clock uncertainty found in the design. Calling "derive_clock_uncertainty"
Info (332154): The derive_clock_uncertainty command did not apply clock uncertainty to any clock-to-clock transfers.
Info (332130): Timing requirements not specified -- quality metrics such as performance may be sacrificed to reduce compilation time.
Info (176353): Automatically promoted node Clock~input (placed in PIN J1 (CLK1, DIFFCLK_0n))
    Info (176355): Automatically promoted destinations to use location or clock signal Global Clock CLKCTRL_G2
Info (176353): Automatically promoted node Reset~input (placed in PIN Y2 (CLK2, DIFFCLK_1p))
    Info (176355): Automatically promoted destinations to use location or clock signal Global Clock CLKCTRL_G4
Info (176233): Starting register packing
Info (176235): Finished register packing
    Extra Info (176219): No registers were packed into other blocks
Info (176214): Statistics of I/O pins that need to be placed that use the same VCCIO and VREF, before I/O pin placement
    Info (176211): Number of I/O pins in group: 340 (unused VREF, 2.5V VCCIO, 0 input, 340 output, 0 bidirectional)
        Info (176212): I/O standards used: 2.5 V.
Info (176215): I/O bank details before I/O pin placement
    Info (176214): Statistics of I/O banks
        Info (176213): I/O bank number 1 does not use VREF pins and has undetermined VCCIO pins. 5 total pin(s) used --  51 pins available
        Info (176213): I/O bank number 2 does not use VREF pins and has undetermined VCCIO pins. 1 total pin(s) used --  62 pins available
        Info (176213): I/O bank number 3 does not use VREF pins and has undetermined VCCIO pins. 0 total pin(s) used --  73 pins available
        Info (176213): I/O bank number 4 does not use VREF pins and has undetermined VCCIO pins. 0 total pin(s) used --  71 pins available
        Info (176213): I/O bank number 5 does not use VREF pins and has undetermined VCCIO pins. 0 total pin(s) used --  65 pins available
        Info (176213): I/O bank number 6 does not use VREF pins and has undetermined VCCIO pins. 1 total pin(s) used --  57 pins available
        Info (176213): I/O bank number 7 does not use VREF pins and has undetermined VCCIO pins. 0 total pin(s) used --  72 pins available
        Info (176213): I/O bank number 8 does not use VREF pins and has undetermined VCCIO pins. 0 total pin(s) used --  71 pins available
Info (171121): Fitter preparation operations ending: elapsed time is 00:00:04
Info (170189): Fitter placement preparation operations beginning
Info (170190): Fitter placement preparation operations ending: elapsed time is 00:00:04
Info (170191): Fitter placement operations beginning
Info (170137): Fitter placement was successful
Info (170192): Fitter placement operations ending: elapsed time is 00:00:13
Info (170193): Fitter routing operations beginning
Info (170195): Router estimated average interconnect usage is 2% of the available device resources
    Info (170196): Router estimated peak interconnect usage is 15% of the available device resources in the region that extends from location X46_Y61 to location X57_Y73
Info (170194): Fitter routing operations ending: elapsed time is 00:00:05
Info (170199): The Fitter performed an Auto Fit compilation.  Optimizations were skipped to reduce compilation time.
    Info (170201): Optimizations that may affect the design's routability were skipped
Info (11888): Total time spent on timing analysis during the Fitter is 1.03 seconds.
Info (334003): Started post-fitting delay annotation
Info (334004): Delay annotation completed successfully
Info (334003): Started post-fitting delay annotation
Info (334004): Delay annotation completed successfully
Info (11218): Fitter post-fit operations ending: elapsed time is 00:00:02
Info (144001): Generated suppressed messages file C:/Users/aluno/Documents/PINTO/MIPS-Project/output_files/PROJETO.fit.smsg
Info: Quartus II 64-Bit Fitter was successful. 0 errors, 5 warnings
    Info: Peak virtual memory: 5154 megabytes
    Info: Processing ended: Wed Jun 25 20:52:27 2025
    Info: Elapsed time: 00:00:37
    Info: Total CPU time (on all processors): 00:00:37


+----------------------------+
; Fitter Suppressed Messages ;
+----------------------------+
The suppressed messages can be found in C:/Users/aluno/Documents/PINTO/MIPS-Project/output_files/PROJETO.fit.smsg.


