Analysis & Synthesis report for PROJETO
Wed Jun 25 20:51:49 2025
Quartus II 64-Bit Version 13.0.1 Build 232 06/12/2013 Service Pack 1 SJ Web Edition


---------------------
; Table of Contents ;
---------------------
  1. Legal Notice
  2. Analysis & Synthesis Summary
  3. Analysis & Synthesis Settings
  4. Parallel Compilation
  5. Analysis & Synthesis Source Files Read
  6. Analysis & Synthesis Resource Usage Summary
  7. Analysis & Synthesis Resource Utilization by Entity
  8. Registers Removed During Synthesis
  9. Removed Registers Triggering Further Register Optimizations
 10. General Register Statistics
 11. Multiplexer Restructuring Statistics (Restructuring Performed)
 12. Parameter Settings for User Entity Instance: ULA:inst38
 13. Parameter Settings for User Entity Instance: PC:inst
 14. Parameter Settings for User Entity Instance: ADDER:inst28
 15. Parameter Settings for User Entity Instance: REG_FILE:inst2
 16. Parameter Settings for User Entity Instance: DATA_MEM:inst40
 17. Parameter Settings for Inferred Entity Instance: bin32_to_7seg:inst13|lpm_divide:Mod0
 18. Parameter Settings for Inferred Entity Instance: bin32_to_7seg:inst13|lpm_divide:Div0
 19. Parameter Settings for Inferred Entity Instance: bin32_to_7seg:inst13|lpm_divide:Mod1
 20. Parameter Settings for Inferred Entity Instance: bin32_to_7seg:inst13|lpm_divide:Div1
 21. Parameter Settings for Inferred Entity Instance: bin32_to_7seg:inst13|lpm_divide:Mod2
 22. Parameter Settings for Inferred Entity Instance: bin32_to_7seg:inst13|lpm_divide:Div2
 23. Parameter Settings for Inferred Entity Instance: bin32_to_7seg:inst13|lpm_divide:Mod3
 24. Parameter Settings for Inferred Entity Instance: bin32_to_7seg:inst13|lpm_divide:Div3
 25. Parameter Settings for Inferred Entity Instance: bin32_to_7seg:inst13|lpm_divide:Mod4
 26. Parameter Settings for Inferred Entity Instance: bin32_to_7seg:inst13|lpm_divide:Div4
 27. Parameter Settings for Inferred Entity Instance: bin32_to_7seg:inst13|lpm_divide:Mod5
 28. Parameter Settings for Inferred Entity Instance: bin32_to_7seg:inst13|lpm_divide:Div5
 29. Parameter Settings for Inferred Entity Instance: bin32_to_7seg:inst13|lpm_divide:Mod6
 30. Parameter Settings for Inferred Entity Instance: bin32_to_7seg:inst13|lpm_divide:Div6
 31. Parameter Settings for Inferred Entity Instance: bin32_to_7seg:inst13|lpm_divide:Mod7
 32. Elapsed Time Per Partition
 33. Analysis & Synthesis Messages



----------------
; Legal Notice ;
----------------
Copyright (C) 1991-2013 Altera Corporation
Your use of Altera Corporation's design tools, logic functions 
and other software and tools, and its AMPP partner logic 
functions, and any output files from any of the foregoing 
(including device programming or simulation files), and any 
associated documentation or information are expressly subject 
to the terms and conditions of the Altera Program License 
Subscription Agreement, Altera MegaCore Function License 
Agreement, or other applicable license agreement, including, 
without limitation, that your use is for the sole purpose of 
programming logic devices manufactured by Altera and sold by 
Altera or its authorized distributors.  Please refer to the 
applicable agreement for further details.



+--------------------------------------------------------------------------------------+
; Analysis & Synthesis Summary                                                         ;
+------------------------------------+-------------------------------------------------+
; Analysis & Synthesis Status        ; Successful - Wed Jun 25 20:51:49 2025           ;
; Quartus II 64-Bit Version          ; 13.0.1 Build 232 06/12/2013 SP 1 SJ Web Edition ;
; Revision Name                      ; PROJETO                                         ;
; Top-level Entity Name              ; PROJETO                                         ;
; Family                             ; Cyclone IV E                                    ;
; Total logic elements               ; 11,545                                          ;
;     Total combinational functions  ; 11,449                                          ;
;     Dedicated logic registers      ; 136                                             ;
; Total registers                    ; 136                                             ;
; Total pins                         ; 342                                             ;
; Total virtual pins                 ; 0                                               ;
; Total memory bits                  ; 0                                               ;
; Embedded Multiplier 9-bit elements ; 0                                               ;
; Total PLLs                         ; 0                                               ;
+------------------------------------+-------------------------------------------------+


+----------------------------------------------------------------------------------------------------------------------+
; Analysis & Synthesis Settings                                                                                        ;
+----------------------------------------------------------------------------+--------------------+--------------------+
; Option                                                                     ; Setting            ; Default Value      ;
+----------------------------------------------------------------------------+--------------------+--------------------+
; Device                                                                     ; EP4CE115F29C7      ;                    ;
; Top-level entity name                                                      ; PROJETO            ; PROJETO            ;
; Family name                                                                ; Cyclone IV E       ; Cyclone IV GX      ;
; Use smart compilation                                                      ; Off                ; Off                ;
; Enable parallel Assembler and TimeQuest Timing Analyzer during compilation ; On                 ; On                 ;
; Enable compact report table                                                ; Off                ; Off                ;
; Restructure Multiplexers                                                   ; Auto               ; Auto               ;
; Create Debugging Nodes for IP Cores                                        ; Off                ; Off                ;
; Preserve fewer node names                                                  ; On                 ; On                 ;
; Disable OpenCore Plus hardware evaluation                                  ; Off                ; Off                ;
; Verilog Version                                                            ; Verilog_2001       ; Verilog_2001       ;
; VHDL Version                                                               ; VHDL_1993          ; VHDL_1993          ;
; State Machine Processing                                                   ; Auto               ; Auto               ;
; Safe State Machine                                                         ; Off                ; Off                ;
; Extract Verilog State Machines                                             ; On                 ; On                 ;
; Extract VHDL State Machines                                                ; On                 ; On                 ;
; Ignore Verilog initial constructs                                          ; Off                ; Off                ;
; Iteration limit for constant Verilog loops                                 ; 5000               ; 5000               ;
; Iteration limit for non-constant Verilog loops                             ; 250                ; 250                ;
; Add Pass-Through Logic to Inferred RAMs                                    ; On                 ; On                 ;
; Infer RAMs from Raw Logic                                                  ; On                 ; On                 ;
; Parallel Synthesis                                                         ; On                 ; On                 ;
; DSP Block Balancing                                                        ; Auto               ; Auto               ;
; NOT Gate Push-Back                                                         ; On                 ; On                 ;
; Power-Up Don't Care                                                        ; On                 ; On                 ;
; Remove Redundant Logic Cells                                               ; Off                ; Off                ;
; Remove Duplicate Registers                                                 ; On                 ; On                 ;
; Ignore CARRY Buffers                                                       ; Off                ; Off                ;
; Ignore CASCADE Buffers                                                     ; Off                ; Off                ;
; Ignore GLOBAL Buffers                                                      ; Off                ; Off                ;
; Ignore ROW GLOBAL Buffers                                                  ; Off                ; Off                ;
; Ignore LCELL Buffers                                                       ; Off                ; Off                ;
; Ignore SOFT Buffers                                                        ; On                 ; On                 ;
; Limit AHDL Integers to 32 Bits                                             ; Off                ; Off                ;
; Optimization Technique                                                     ; Balanced           ; Balanced           ;
; Carry Chain Length                                                         ; 70                 ; 70                 ;
; Auto Carry Chains                                                          ; On                 ; On                 ;
; Auto Open-Drain Pins                                                       ; On                 ; On                 ;
; Perform WYSIWYG Primitive Resynthesis                                      ; Off                ; Off                ;
; Auto ROM Replacement                                                       ; On                 ; On                 ;
; Auto RAM Replacement                                                       ; On                 ; On                 ;
; Auto DSP Block Replacement                                                 ; On                 ; On                 ;
; Auto Shift Register Replacement                                            ; Auto               ; Auto               ;
; Allow Shift Register Merging across Hierarchies                            ; Auto               ; Auto               ;
; Auto Clock Enable Replacement                                              ; On                 ; On                 ;
; Strict RAM Replacement                                                     ; Off                ; Off                ;
; Allow Synchronous Control Signals                                          ; On                 ; On                 ;
; Force Use of Synchronous Clear Signals                                     ; Off                ; Off                ;
; Auto RAM Block Balancing                                                   ; On                 ; On                 ;
; Auto RAM to Logic Cell Conversion                                          ; Off                ; Off                ;
; Auto Resource Sharing                                                      ; Off                ; Off                ;
; Allow Any RAM Size For Recognition                                         ; Off                ; Off                ;
; Allow Any ROM Size For Recognition                                         ; Off                ; Off                ;
; Allow Any Shift Register Size For Recognition                              ; Off                ; Off                ;
; Use LogicLock Constraints during Resource Balancing                        ; On                 ; On                 ;
; Ignore translate_off and synthesis_off directives                          ; Off                ; Off                ;
; Timing-Driven Synthesis                                                    ; On                 ; On                 ;
; Report Parameter Settings                                                  ; On                 ; On                 ;
; Report Source Assignments                                                  ; On                 ; On                 ;
; Report Connectivity Checks                                                 ; On                 ; On                 ;
; Ignore Maximum Fan-Out Assignments                                         ; Off                ; Off                ;
; Synchronization Register Chain Length                                      ; 2                  ; 2                  ;
; PowerPlay Power Optimization                                               ; Normal compilation ; Normal compilation ;
; HDL message level                                                          ; Level2             ; Level2             ;
; Suppress Register Optimization Related Messages                            ; Off                ; Off                ;
; Number of Removed Registers Reported in Synthesis Report                   ; 5000               ; 5000               ;
; Number of Swept Nodes Reported in Synthesis Report                         ; 5000               ; 5000               ;
; Number of Inverted Registers Reported in Synthesis Report                  ; 100                ; 100                ;
; Clock MUX Protection                                                       ; On                 ; On                 ;
; Auto Gated Clock Conversion                                                ; Off                ; Off                ;
; Block Design Naming                                                        ; Auto               ; Auto               ;
; SDC constraint protection                                                  ; Off                ; Off                ;
; Synthesis Effort                                                           ; Auto               ; Auto               ;
; Shift Register Replacement - Allow Asynchronous Clear Signal               ; On                 ; On                 ;
; Pre-Mapping Resynthesis Optimization                                       ; Off                ; Off                ;
; Analysis & Synthesis Message Level                                         ; Medium             ; Medium             ;
; Disable Register Merging Across Hierarchies                                ; Auto               ; Auto               ;
; Resource Aware Inference For Block RAM                                     ; On                 ; On                 ;
; Synthesis Seed                                                             ; 1                  ; 1                  ;
+----------------------------------------------------------------------------+--------------------+--------------------+


Parallel compilation was disabled, but you have multiple processors available. Enable parallel compilation to reduce compilation time.
+-------------------------------------+
; Parallel Compilation                ;
+----------------------------+--------+
; Processors                 ; Number ;
+----------------------------+--------+
; Number detected on machine ; 12     ;
; Maximum allowed            ; 1      ;
+----------------------------+--------+


+------------------------------------------------------------------------------------------------------------------------------------------------------------------------------------------------------------------+
; Analysis & Synthesis Source Files Read                                                                                                                                                                           ;
+--------------------------------------------------+-----------------+------------------------------------+----------------------------------------------------------------------------------------------+---------+
; File Name with User-Entered Path                 ; Used in Netlist ; File Type                          ; File Name with Absolute Path                                                                 ; Library ;
+--------------------------------------------------+-----------------+------------------------------------+----------------------------------------------------------------------------------------------+---------+
; Componentes/DISPLAY/hex7seg.vhd                  ; yes             ; User VHDL File                     ; C:/Users/aluno/Documents/PINTO/MIPS-Project/Componentes/DISPLAY/hex7seg.vhd                  ;         ;
; Componentes/SHIFT_LEFT_2_JUMP/SHIFTLEFT2JUMP.vhd ; yes             ; User VHDL File                     ; C:/Users/aluno/Documents/PINTO/MIPS-Project/Componentes/SHIFT_LEFT_2_JUMP/SHIFTLEFT2JUMP.vhd ;         ;
; Componentes/JUMPADDRES/JUMPADDRES.vhd            ; yes             ; User VHDL File                     ; C:/Users/aluno/Documents/PINTO/MIPS-Project/Componentes/JUMPADDRES/JUMPADDRES.vhd            ;         ;
; Componentes/PC4/PC4.vhd                          ; yes             ; User VHDL File                     ; C:/Users/aluno/Documents/PINTO/MIPS-Project/Componentes/PC4/PC4.vhd                          ;         ;
; Componentes/ADDER/ADDER.vhd                      ; yes             ; User VHDL File                     ; C:/Users/aluno/Documents/PINTO/MIPS-Project/Componentes/ADDER/ADDER.vhd                      ;         ;
; Componentes/SHIFT_LEFT_2/SHIFT_LEFT2.vhd         ; yes             ; User VHDL File                     ; C:/Users/aluno/Documents/PINTO/MIPS-Project/Componentes/SHIFT_LEFT_2/SHIFT_LEFT2.vhd         ;         ;
; Componentes/ULA/ULA.vhd                          ; yes             ; User VHDL File                     ; C:/Users/aluno/Documents/PINTO/MIPS-Project/Componentes/ULA/ULA.vhd                          ;         ;
; Componentes/SIGN_EXTEND/SIGN_EXTEND.vhd          ; yes             ; User VHDL File                     ; C:/Users/aluno/Documents/PINTO/MIPS-Project/Componentes/SIGN_EXTEND/SIGN_EXTEND.vhd          ;         ;
; Componentes/REG_FILE/REG_FILE.vhd                ; yes             ; User VHDL File                     ; C:/Users/aluno/Documents/PINTO/MIPS-Project/Componentes/REG_FILE/REG_FILE.vhd                ;         ;
; Componentes/PC/PC.vhd                            ; yes             ; User VHDL File                     ; C:/Users/aluno/Documents/PINTO/MIPS-Project/Componentes/PC/PC.vhd                            ;         ;
; Componentes/MULTIPLEX/MULTIPLEX.vhd              ; yes             ; User VHDL File                     ; C:/Users/aluno/Documents/PINTO/MIPS-Project/Componentes/MULTIPLEX/MULTIPLEX.vhd              ;         ;
; Componentes/DATA_MEM/DATA_MEM.vhd                ; yes             ; User VHDL File                     ; C:/Users/aluno/Documents/PINTO/MIPS-Project/Componentes/DATA_MEM/DATA_MEM.vhd                ;         ;
; Componentes/INST_MEM/INST_MEM.vhd                ; yes             ; User VHDL File                     ; C:/Users/aluno/Documents/PINTO/MIPS-Project/Componentes/INST_MEM/INST_MEM.vhd                ;         ;
; Componentes/CONTROL_UNIT/CONTROL_UNIT.vhd        ; yes             ; User VHDL File                     ; C:/Users/aluno/Documents/PINTO/MIPS-Project/Componentes/CONTROL_UNIT/CONTROL_UNIT.vhd        ;         ;
; PROJETO.bdf                                      ; yes             ; User Block Diagram/Schematic File  ; C:/Users/aluno/Documents/PINTO/MIPS-Project/PROJETO.bdf                                      ;         ;
; MULTIPLEX5bits.vhd                               ; yes             ; User VHDL File                     ; C:/Users/aluno/Documents/PINTO/MIPS-Project/MULTIPLEX5bits.vhd                               ;         ;
; lpm_divide.tdf                                   ; yes             ; Megafunction                       ; c:/altera/13.0sp1/quartus/libraries/megafunctions/lpm_divide.tdf                             ;         ;
; abs_divider.inc                                  ; yes             ; Megafunction                       ; c:/altera/13.0sp1/quartus/libraries/megafunctions/abs_divider.inc                            ;         ;
; sign_div_unsign.inc                              ; yes             ; Megafunction                       ; c:/altera/13.0sp1/quartus/libraries/megafunctions/sign_div_unsign.inc                        ;         ;
; aglobal130.inc                                   ; yes             ; Megafunction                       ; c:/altera/13.0sp1/quartus/libraries/megafunctions/aglobal130.inc                             ;         ;
; db/lpm_divide_kcm.tdf                            ; yes             ; Auto-Generated Megafunction        ; C:/Users/aluno/Documents/PINTO/MIPS-Project/db/lpm_divide_kcm.tdf                            ;         ;
; db/sign_div_unsign_9nh.tdf                       ; yes             ; Auto-Generated Megafunction        ; C:/Users/aluno/Documents/PINTO/MIPS-Project/db/sign_div_unsign_9nh.tdf                       ;         ;
; db/alt_u_div_6af.tdf                             ; yes             ; Auto-Generated Megafunction        ; C:/Users/aluno/Documents/PINTO/MIPS-Project/db/alt_u_div_6af.tdf                             ;         ;
; db/add_sub_7pc.tdf                               ; yes             ; Auto-Generated Megafunction        ; C:/Users/aluno/Documents/PINTO/MIPS-Project/db/add_sub_7pc.tdf                               ;         ;
; db/add_sub_8pc.tdf                               ; yes             ; Auto-Generated Megafunction        ; C:/Users/aluno/Documents/PINTO/MIPS-Project/db/add_sub_8pc.tdf                               ;         ;
; db/lpm_divide_0jm.tdf                            ; yes             ; Auto-Generated Megafunction        ; C:/Users/aluno/Documents/PINTO/MIPS-Project/db/lpm_divide_0jm.tdf                            ;         ;
; db/sign_div_unsign_olh.tdf                       ; yes             ; Auto-Generated Megafunction        ; C:/Users/aluno/Documents/PINTO/MIPS-Project/db/sign_div_unsign_olh.tdf                       ;         ;
; db/alt_u_div_47f.tdf                             ; yes             ; Auto-Generated Megafunction        ; C:/Users/aluno/Documents/PINTO/MIPS-Project/db/alt_u_div_47f.tdf                             ;         ;
+--------------------------------------------------+-----------------+------------------------------------+----------------------------------------------------------------------------------------------+---------+


+-----------------------------------------------------------+
; Analysis & Synthesis Resource Usage Summary               ;
+---------------------------------------------+-------------+
; Resource                                    ; Usage       ;
+---------------------------------------------+-------------+
; Estimated Total logic elements              ; 11,545      ;
;                                             ;             ;
; Total combinational functions               ; 11449       ;
; Logic element usage by number of LUT inputs ;             ;
;     -- 4 input functions                    ; 3227        ;
;     -- 3 input functions                    ; 3579        ;
;     -- <=2 input functions                  ; 4643        ;
;                                             ;             ;
; Logic elements by mode                      ;             ;
;     -- normal mode                          ; 7751        ;
;     -- arithmetic mode                      ; 3698        ;
;                                             ;             ;
; Total registers                             ; 136         ;
;     -- Dedicated logic registers            ; 136         ;
;     -- I/O registers                        ; 0           ;
;                                             ;             ;
; I/O pins                                    ; 342         ;
; Embedded Multiplier 9-bit elements          ; 0           ;
; Maximum fan-out node                        ; Clock~input ;
; Maximum fan-out                             ; 136         ;
; Total fan-out                               ; 33018       ;
; Average fan-out                             ; 2.69        ;
+---------------------------------------------+-------------+


+------------------------------------------------------------------------------------------------------------------------------------------------------------------------------------------------------------------------------------------------------------------------------------------------------+
; Analysis & Synthesis Resource Utilization by Entity                                                                                                                                                                                                                                                  ;
+-------------------------------------------+-------------------+--------------+-------------+--------------+---------+-----------+------+--------------+-------------------------------------------------------------------------------------------------------------------------------+--------------+
; Compilation Hierarchy Node                ; LC Combinationals ; LC Registers ; Memory Bits ; DSP Elements ; DSP 9x9 ; DSP 18x18 ; Pins ; Virtual Pins ; Full Hierarchy Name                                                                                                           ; Library Name ;
+-------------------------------------------+-------------------+--------------+-------------+--------------+---------+-----------+------+--------------+-------------------------------------------------------------------------------------------------------------------------------+--------------+
; |PROJETO                                  ; 11449 (0)         ; 136 (0)      ; 0           ; 0            ; 0       ; 0         ; 342  ; 0            ; |PROJETO                                                                                                                      ; work         ;
;    |CONTROL_UNIT:inst3|                   ; 1 (1)             ; 0 (0)        ; 0           ; 0            ; 0       ; 0         ; 0    ; 0            ; |PROJETO|CONTROL_UNIT:inst3                                                                                                   ; work         ;
;    |INST_MEM:inst29|                      ; 7 (7)             ; 0 (0)        ; 0           ; 0            ; 0       ; 0         ; 0    ; 0            ; |PROJETO|INST_MEM:inst29                                                                                                      ; work         ;
;    |PC4:inst31|                           ; 4 (4)             ; 0 (0)        ; 0           ; 0            ; 0       ; 0         ; 0    ; 0            ; |PROJETO|PC4:inst31                                                                                                           ; work         ;
;    |PC:inst|                              ; 4 (4)             ; 8 (8)        ; 0           ; 0            ; 0       ; 0         ; 0    ; 0            ; |PROJETO|PC:inst                                                                                                              ; work         ;
;    |REG_FILE:inst2|                       ; 134 (134)         ; 128 (128)    ; 0           ; 0            ; 0       ; 0         ; 0    ; 0            ; |PROJETO|REG_FILE:inst2                                                                                                       ; work         ;
;    |ULA:inst38|                           ; 65 (65)           ; 0 (0)        ; 0           ; 0            ; 0       ; 0         ; 0    ; 0            ; |PROJETO|ULA:inst38                                                                                                           ; work         ;
;    |bin32_to_7seg:inst13|                 ; 11234 (56)        ; 0 (0)        ; 0           ; 0            ; 0       ; 0         ; 0    ; 0            ; |PROJETO|bin32_to_7seg:inst13                                                                                                 ; work         ;
;       |lpm_divide:Div0|                   ; 368 (0)           ; 0 (0)        ; 0           ; 0            ; 0       ; 0         ; 0    ; 0            ; |PROJETO|bin32_to_7seg:inst13|lpm_divide:Div0                                                                                 ; work         ;
;          |lpm_divide_0jm:auto_generated|  ; 368 (0)           ; 0 (0)        ; 0           ; 0            ; 0       ; 0         ; 0    ; 0            ; |PROJETO|bin32_to_7seg:inst13|lpm_divide:Div0|lpm_divide_0jm:auto_generated                                                   ; work         ;
;             |sign_div_unsign_olh:divider| ; 368 (0)           ; 0 (0)        ; 0           ; 0            ; 0       ; 0         ; 0    ; 0            ; |PROJETO|bin32_to_7seg:inst13|lpm_divide:Div0|lpm_divide_0jm:auto_generated|sign_div_unsign_olh:divider                       ; work         ;
;                |alt_u_div_47f:divider|    ; 368 (368)         ; 0 (0)        ; 0           ; 0            ; 0       ; 0         ; 0    ; 0            ; |PROJETO|bin32_to_7seg:inst13|lpm_divide:Div0|lpm_divide_0jm:auto_generated|sign_div_unsign_olh:divider|alt_u_div_47f:divider ; work         ;
;       |lpm_divide:Div1|                   ; 355 (0)           ; 0 (0)        ; 0           ; 0            ; 0       ; 0         ; 0    ; 0            ; |PROJETO|bin32_to_7seg:inst13|lpm_divide:Div1                                                                                 ; work         ;
;          |lpm_divide_0jm:auto_generated|  ; 355 (0)           ; 0 (0)        ; 0           ; 0            ; 0       ; 0         ; 0    ; 0            ; |PROJETO|bin32_to_7seg:inst13|lpm_divide:Div1|lpm_divide_0jm:auto_generated                                                   ; work         ;
;             |sign_div_unsign_olh:divider| ; 355 (0)           ; 0 (0)        ; 0           ; 0            ; 0       ; 0         ; 0    ; 0            ; |PROJETO|bin32_to_7seg:inst13|lpm_divide:Div1|lpm_divide_0jm:auto_generated|sign_div_unsign_olh:divider                       ; work         ;
;                |alt_u_div_47f:divider|    ; 355 (355)         ; 0 (0)        ; 0           ; 0            ; 0       ; 0         ; 0    ; 0            ; |PROJETO|bin32_to_7seg:inst13|lpm_divide:Div1|lpm_divide_0jm:auto_generated|sign_div_unsign_olh:divider|alt_u_div_47f:divider ; work         ;
;       |lpm_divide:Div2|                   ; 313 (0)           ; 0 (0)        ; 0           ; 0            ; 0       ; 0         ; 0    ; 0            ; |PROJETO|bin32_to_7seg:inst13|lpm_divide:Div2                                                                                 ; work         ;
;          |lpm_divide_0jm:auto_generated|  ; 313 (0)           ; 0 (0)        ; 0           ; 0            ; 0       ; 0         ; 0    ; 0            ; |PROJETO|bin32_to_7seg:inst13|lpm_divide:Div2|lpm_divide_0jm:auto_generated                                                   ; work         ;
;             |sign_div_unsign_olh:divider| ; 313 (0)           ; 0 (0)        ; 0           ; 0            ; 0       ; 0         ; 0    ; 0            ; |PROJETO|bin32_to_7seg:inst13|lpm_divide:Div2|lpm_divide_0jm:auto_generated|sign_div_unsign_olh:divider                       ; work         ;
;                |alt_u_div_47f:divider|    ; 313 (313)         ; 0 (0)        ; 0           ; 0            ; 0       ; 0         ; 0    ; 0            ; |PROJETO|bin32_to_7seg:inst13|lpm_divide:Div2|lpm_divide_0jm:auto_generated|sign_div_unsign_olh:divider|alt_u_div_47f:divider ; work         ;
;       |lpm_divide:Div3|                   ; 271 (0)           ; 0 (0)        ; 0           ; 0            ; 0       ; 0         ; 0    ; 0            ; |PROJETO|bin32_to_7seg:inst13|lpm_divide:Div3                                                                                 ; work         ;
;          |lpm_divide_0jm:auto_generated|  ; 271 (0)           ; 0 (0)        ; 0           ; 0            ; 0       ; 0         ; 0    ; 0            ; |PROJETO|bin32_to_7seg:inst13|lpm_divide:Div3|lpm_divide_0jm:auto_generated                                                   ; work         ;
;             |sign_div_unsign_olh:divider| ; 271 (0)           ; 0 (0)        ; 0           ; 0            ; 0       ; 0         ; 0    ; 0            ; |PROJETO|bin32_to_7seg:inst13|lpm_divide:Div3|lpm_divide_0jm:auto_generated|sign_div_unsign_olh:divider                       ; work         ;
;                |alt_u_div_47f:divider|    ; 271 (271)         ; 0 (0)        ; 0           ; 0            ; 0       ; 0         ; 0    ; 0            ; |PROJETO|bin32_to_7seg:inst13|lpm_divide:Div3|lpm_divide_0jm:auto_generated|sign_div_unsign_olh:divider|alt_u_div_47f:divider ; work         ;
;       |lpm_divide:Div4|                   ; 229 (0)           ; 0 (0)        ; 0           ; 0            ; 0       ; 0         ; 0    ; 0            ; |PROJETO|bin32_to_7seg:inst13|lpm_divide:Div4                                                                                 ; work         ;
;          |lpm_divide_0jm:auto_generated|  ; 229 (0)           ; 0 (0)        ; 0           ; 0            ; 0       ; 0         ; 0    ; 0            ; |PROJETO|bin32_to_7seg:inst13|lpm_divide:Div4|lpm_divide_0jm:auto_generated                                                   ; work         ;
;             |sign_div_unsign_olh:divider| ; 229 (0)           ; 0 (0)        ; 0           ; 0            ; 0       ; 0         ; 0    ; 0            ; |PROJETO|bin32_to_7seg:inst13|lpm_divide:Div4|lpm_divide_0jm:auto_generated|sign_div_unsign_olh:divider                       ; work         ;
;                |alt_u_div_47f:divider|    ; 229 (229)         ; 0 (0)        ; 0           ; 0            ; 0       ; 0         ; 0    ; 0            ; |PROJETO|bin32_to_7seg:inst13|lpm_divide:Div4|lpm_divide_0jm:auto_generated|sign_div_unsign_olh:divider|alt_u_div_47f:divider ; work         ;
;       |lpm_divide:Div5|                   ; 187 (0)           ; 0 (0)        ; 0           ; 0            ; 0       ; 0         ; 0    ; 0            ; |PROJETO|bin32_to_7seg:inst13|lpm_divide:Div5                                                                                 ; work         ;
;          |lpm_divide_0jm:auto_generated|  ; 187 (0)           ; 0 (0)        ; 0           ; 0            ; 0       ; 0         ; 0    ; 0            ; |PROJETO|bin32_to_7seg:inst13|lpm_divide:Div5|lpm_divide_0jm:auto_generated                                                   ; work         ;
;             |sign_div_unsign_olh:divider| ; 187 (0)           ; 0 (0)        ; 0           ; 0            ; 0       ; 0         ; 0    ; 0            ; |PROJETO|bin32_to_7seg:inst13|lpm_divide:Div5|lpm_divide_0jm:auto_generated|sign_div_unsign_olh:divider                       ; work         ;
;                |alt_u_div_47f:divider|    ; 187 (187)         ; 0 (0)        ; 0           ; 0            ; 0       ; 0         ; 0    ; 0            ; |PROJETO|bin32_to_7seg:inst13|lpm_divide:Div5|lpm_divide_0jm:auto_generated|sign_div_unsign_olh:divider|alt_u_div_47f:divider ; work         ;
;       |lpm_divide:Div6|                   ; 145 (0)           ; 0 (0)        ; 0           ; 0            ; 0       ; 0         ; 0    ; 0            ; |PROJETO|bin32_to_7seg:inst13|lpm_divide:Div6                                                                                 ; work         ;
;          |lpm_divide_0jm:auto_generated|  ; 145 (0)           ; 0 (0)        ; 0           ; 0            ; 0       ; 0         ; 0    ; 0            ; |PROJETO|bin32_to_7seg:inst13|lpm_divide:Div6|lpm_divide_0jm:auto_generated                                                   ; work         ;
;             |sign_div_unsign_olh:divider| ; 145 (0)           ; 0 (0)        ; 0           ; 0            ; 0       ; 0         ; 0    ; 0            ; |PROJETO|bin32_to_7seg:inst13|lpm_divide:Div6|lpm_divide_0jm:auto_generated|sign_div_unsign_olh:divider                       ; work         ;
;                |alt_u_div_47f:divider|    ; 145 (145)         ; 0 (0)        ; 0           ; 0            ; 0       ; 0         ; 0    ; 0            ; |PROJETO|bin32_to_7seg:inst13|lpm_divide:Div6|lpm_divide_0jm:auto_generated|sign_div_unsign_olh:divider|alt_u_div_47f:divider ; work         ;
;       |lpm_divide:Mod0|                   ; 1505 (0)          ; 0 (0)        ; 0           ; 0            ; 0       ; 0         ; 0    ; 0            ; |PROJETO|bin32_to_7seg:inst13|lpm_divide:Mod0                                                                                 ; work         ;
;          |lpm_divide_kcm:auto_generated|  ; 1505 (0)          ; 0 (0)        ; 0           ; 0            ; 0       ; 0         ; 0    ; 0            ; |PROJETO|bin32_to_7seg:inst13|lpm_divide:Mod0|lpm_divide_kcm:auto_generated                                                   ; work         ;
;             |sign_div_unsign_9nh:divider| ; 1505 (0)          ; 0 (0)        ; 0           ; 0            ; 0       ; 0         ; 0    ; 0            ; |PROJETO|bin32_to_7seg:inst13|lpm_divide:Mod0|lpm_divide_kcm:auto_generated|sign_div_unsign_9nh:divider                       ; work         ;
;                |alt_u_div_6af:divider|    ; 1505 (1505)       ; 0 (0)        ; 0           ; 0            ; 0       ; 0         ; 0    ; 0            ; |PROJETO|bin32_to_7seg:inst13|lpm_divide:Mod0|lpm_divide_kcm:auto_generated|sign_div_unsign_9nh:divider|alt_u_div_6af:divider ; work         ;
;       |lpm_divide:Mod1|                   ; 1484 (0)          ; 0 (0)        ; 0           ; 0            ; 0       ; 0         ; 0    ; 0            ; |PROJETO|bin32_to_7seg:inst13|lpm_divide:Mod1                                                                                 ; work         ;
;          |lpm_divide_kcm:auto_generated|  ; 1484 (0)          ; 0 (0)        ; 0           ; 0            ; 0       ; 0         ; 0    ; 0            ; |PROJETO|bin32_to_7seg:inst13|lpm_divide:Mod1|lpm_divide_kcm:auto_generated                                                   ; work         ;
;             |sign_div_unsign_9nh:divider| ; 1484 (0)          ; 0 (0)        ; 0           ; 0            ; 0       ; 0         ; 0    ; 0            ; |PROJETO|bin32_to_7seg:inst13|lpm_divide:Mod1|lpm_divide_kcm:auto_generated|sign_div_unsign_9nh:divider                       ; work         ;
;                |alt_u_div_6af:divider|    ; 1484 (1484)       ; 0 (0)        ; 0           ; 0            ; 0       ; 0         ; 0    ; 0            ; |PROJETO|bin32_to_7seg:inst13|lpm_divide:Mod1|lpm_divide_kcm:auto_generated|sign_div_unsign_9nh:divider|alt_u_div_6af:divider ; work         ;
;       |lpm_divide:Mod2|                   ; 1406 (0)          ; 0 (0)        ; 0           ; 0            ; 0       ; 0         ; 0    ; 0            ; |PROJETO|bin32_to_7seg:inst13|lpm_divide:Mod2                                                                                 ; work         ;
;          |lpm_divide_kcm:auto_generated|  ; 1406 (0)          ; 0 (0)        ; 0           ; 0            ; 0       ; 0         ; 0    ; 0            ; |PROJETO|bin32_to_7seg:inst13|lpm_divide:Mod2|lpm_divide_kcm:auto_generated                                                   ; work         ;
;             |sign_div_unsign_9nh:divider| ; 1406 (0)          ; 0 (0)        ; 0           ; 0            ; 0       ; 0         ; 0    ; 0            ; |PROJETO|bin32_to_7seg:inst13|lpm_divide:Mod2|lpm_divide_kcm:auto_generated|sign_div_unsign_9nh:divider                       ; work         ;
;                |alt_u_div_6af:divider|    ; 1406 (1406)       ; 0 (0)        ; 0           ; 0            ; 0       ; 0         ; 0    ; 0            ; |PROJETO|bin32_to_7seg:inst13|lpm_divide:Mod2|lpm_divide_kcm:auto_generated|sign_div_unsign_9nh:divider|alt_u_div_6af:divider ; work         ;
;       |lpm_divide:Mod3|                   ; 1301 (0)          ; 0 (0)        ; 0           ; 0            ; 0       ; 0         ; 0    ; 0            ; |PROJETO|bin32_to_7seg:inst13|lpm_divide:Mod3                                                                                 ; work         ;
;          |lpm_divide_kcm:auto_generated|  ; 1301 (0)          ; 0 (0)        ; 0           ; 0            ; 0       ; 0         ; 0    ; 0            ; |PROJETO|bin32_to_7seg:inst13|lpm_divide:Mod3|lpm_divide_kcm:auto_generated                                                   ; work         ;
;             |sign_div_unsign_9nh:divider| ; 1301 (0)          ; 0 (0)        ; 0           ; 0            ; 0       ; 0         ; 0    ; 0            ; |PROJETO|bin32_to_7seg:inst13|lpm_divide:Mod3|lpm_divide_kcm:auto_generated|sign_div_unsign_9nh:divider                       ; work         ;
;                |alt_u_div_6af:divider|    ; 1301 (1301)       ; 0 (0)        ; 0           ; 0            ; 0       ; 0         ; 0    ; 0            ; |PROJETO|bin32_to_7seg:inst13|lpm_divide:Mod3|lpm_divide_kcm:auto_generated|sign_div_unsign_9nh:divider|alt_u_div_6af:divider ; work         ;
;       |lpm_divide:Mod4|                   ; 1169 (0)          ; 0 (0)        ; 0           ; 0            ; 0       ; 0         ; 0    ; 0            ; |PROJETO|bin32_to_7seg:inst13|lpm_divide:Mod4                                                                                 ; work         ;
;          |lpm_divide_kcm:auto_generated|  ; 1169 (0)          ; 0 (0)        ; 0           ; 0            ; 0       ; 0         ; 0    ; 0            ; |PROJETO|bin32_to_7seg:inst13|lpm_divide:Mod4|lpm_divide_kcm:auto_generated                                                   ; work         ;
;             |sign_div_unsign_9nh:divider| ; 1169 (0)          ; 0 (0)        ; 0           ; 0            ; 0       ; 0         ; 0    ; 0            ; |PROJETO|bin32_to_7seg:inst13|lpm_divide:Mod4|lpm_divide_kcm:auto_generated|sign_div_unsign_9nh:divider                       ; work         ;
;                |alt_u_div_6af:divider|    ; 1169 (1169)       ; 0 (0)        ; 0           ; 0            ; 0       ; 0         ; 0    ; 0            ; |PROJETO|bin32_to_7seg:inst13|lpm_divide:Mod4|lpm_divide_kcm:auto_generated|sign_div_unsign_9nh:divider|alt_u_div_6af:divider ; work         ;
;       |lpm_divide:Mod5|                   ; 1010 (0)          ; 0 (0)        ; 0           ; 0            ; 0       ; 0         ; 0    ; 0            ; |PROJETO|bin32_to_7seg:inst13|lpm_divide:Mod5                                                                                 ; work         ;
;          |lpm_divide_kcm:auto_generated|  ; 1010 (0)          ; 0 (0)        ; 0           ; 0            ; 0       ; 0         ; 0    ; 0            ; |PROJETO|bin32_to_7seg:inst13|lpm_divide:Mod5|lpm_divide_kcm:auto_generated                                                   ; work         ;
;             |sign_div_unsign_9nh:divider| ; 1010 (0)          ; 0 (0)        ; 0           ; 0            ; 0       ; 0         ; 0    ; 0            ; |PROJETO|bin32_to_7seg:inst13|lpm_divide:Mod5|lpm_divide_kcm:auto_generated|sign_div_unsign_9nh:divider                       ; work         ;
;                |alt_u_div_6af:divider|    ; 1010 (1010)       ; 0 (0)        ; 0           ; 0            ; 0       ; 0         ; 0    ; 0            ; |PROJETO|bin32_to_7seg:inst13|lpm_divide:Mod5|lpm_divide_kcm:auto_generated|sign_div_unsign_9nh:divider|alt_u_div_6af:divider ; work         ;
;       |lpm_divide:Mod6|                   ; 824 (0)           ; 0 (0)        ; 0           ; 0            ; 0       ; 0         ; 0    ; 0            ; |PROJETO|bin32_to_7seg:inst13|lpm_divide:Mod6                                                                                 ; work         ;
;          |lpm_divide_kcm:auto_generated|  ; 824 (0)           ; 0 (0)        ; 0           ; 0            ; 0       ; 0         ; 0    ; 0            ; |PROJETO|bin32_to_7seg:inst13|lpm_divide:Mod6|lpm_divide_kcm:auto_generated                                                   ; work         ;
;             |sign_div_unsign_9nh:divider| ; 824 (0)           ; 0 (0)        ; 0           ; 0            ; 0       ; 0         ; 0    ; 0            ; |PROJETO|bin32_to_7seg:inst13|lpm_divide:Mod6|lpm_divide_kcm:auto_generated|sign_div_unsign_9nh:divider                       ; work         ;
;                |alt_u_div_6af:divider|    ; 824 (824)         ; 0 (0)        ; 0           ; 0            ; 0       ; 0         ; 0    ; 0            ; |PROJETO|bin32_to_7seg:inst13|lpm_divide:Mod6|lpm_divide_kcm:auto_generated|sign_div_unsign_9nh:divider|alt_u_div_6af:divider ; work         ;
;       |lpm_divide:Mod7|                   ; 611 (0)           ; 0 (0)        ; 0           ; 0            ; 0       ; 0         ; 0    ; 0            ; |PROJETO|bin32_to_7seg:inst13|lpm_divide:Mod7                                                                                 ; work         ;
;          |lpm_divide_kcm:auto_generated|  ; 611 (0)           ; 0 (0)        ; 0           ; 0            ; 0       ; 0         ; 0    ; 0            ; |PROJETO|bin32_to_7seg:inst13|lpm_divide:Mod7|lpm_divide_kcm:auto_generated                                                   ; work         ;
;             |sign_div_unsign_9nh:divider| ; 611 (0)           ; 0 (0)        ; 0           ; 0            ; 0       ; 0         ; 0    ; 0            ; |PROJETO|bin32_to_7seg:inst13|lpm_divide:Mod7|lpm_divide_kcm:auto_generated|sign_div_unsign_9nh:divider                       ; work         ;
;                |alt_u_div_6af:divider|    ; 611 (611)         ; 0 (0)        ; 0           ; 0            ; 0       ; 0         ; 0    ; 0            ; |PROJETO|bin32_to_7seg:inst13|lpm_divide:Mod7|lpm_divide_kcm:auto_generated|sign_div_unsign_9nh:divider|alt_u_div_6af:divider ; work         ;
+-------------------------------------------+-------------------+--------------+-------------+--------------+---------+-----------+------+--------------+-------------------------------------------------------------------------------------------------------------------------------+--------------+
Note: For table entries with two numbers listed, the numbers in parentheses indicate the number of resources of the given type used by the specific entity alone. The numbers listed outside of parentheses indicate the total resources of the given type used by the specific entity and all of its sub-entities in the hierarchy.


+-----------------------------------------------------------------------------------------------------+
; Registers Removed During Synthesis                                                                  ;
+-------------------------------------------------------+---------------------------------------------+
; Register name                                         ; Reason for Removal                          ;
+-------------------------------------------------------+---------------------------------------------+
; PC:inst|end_atual[0]                                  ; Merged with PC:inst|end_atual[1]            ;
; PC:inst|end_atual[1]                                  ; Stuck at GND due to stuck port data_in      ;
; DATA_MEM:inst40|mem[0][0]                             ; Stuck at GND due to stuck port clock_enable ;
; DATA_MEM:inst40|mem[127][31]                          ; Stuck at GND due to stuck port clock_enable ;
; DATA_MEM:inst40|mem[127][30]                          ; Stuck at GND due to stuck port clock_enable ;
; DATA_MEM:inst40|mem[127][29]                          ; Stuck at GND due to stuck port clock_enable ;
; DATA_MEM:inst40|mem[127][28]                          ; Stuck at GND due to stuck port clock_enable ;
; DATA_MEM:inst40|mem[127][27]                          ; Stuck at GND due to stuck port clock_enable ;
; DATA_MEM:inst40|mem[127][26]                          ; Stuck at GND due to stuck port clock_enable ;
; DATA_MEM:inst40|mem[127][25]                          ; Stuck at GND due to stuck port clock_enable ;
; DATA_MEM:inst40|mem[127][24]                          ; Stuck at GND due to stuck port clock_enable ;
; DATA_MEM:inst40|mem[127][23]                          ; Stuck at GND due to stuck port clock_enable ;
; DATA_MEM:inst40|mem[127][22]                          ; Stuck at GND due to stuck port clock_enable ;
; DATA_MEM:inst40|mem[127][21]                          ; Stuck at GND due to stuck port clock_enable ;
; DATA_MEM:inst40|mem[127][20]                          ; Stuck at GND due to stuck port clock_enable ;
; DATA_MEM:inst40|mem[127][19]                          ; Stuck at GND due to stuck port clock_enable ;
; DATA_MEM:inst40|mem[127][18]                          ; Stuck at GND due to stuck port clock_enable ;
; DATA_MEM:inst40|mem[127][17]                          ; Stuck at GND due to stuck port clock_enable ;
; DATA_MEM:inst40|mem[127][16]                          ; Stuck at GND due to stuck port clock_enable ;
; DATA_MEM:inst40|mem[127][15]                          ; Stuck at GND due to stuck port clock_enable ;
; DATA_MEM:inst40|mem[127][14]                          ; Stuck at GND due to stuck port clock_enable ;
; DATA_MEM:inst40|mem[127][13]                          ; Stuck at GND due to stuck port clock_enable ;
; DATA_MEM:inst40|mem[127][12]                          ; Stuck at GND due to stuck port clock_enable ;
; DATA_MEM:inst40|mem[127][11]                          ; Stuck at GND due to stuck port clock_enable ;
; DATA_MEM:inst40|mem[127][10]                          ; Stuck at GND due to stuck port clock_enable ;
; DATA_MEM:inst40|mem[127][9]                           ; Stuck at GND due to stuck port clock_enable ;
; DATA_MEM:inst40|mem[127][8]                           ; Stuck at GND due to stuck port clock_enable ;
; DATA_MEM:inst40|mem[127][7]                           ; Stuck at GND due to stuck port clock_enable ;
; DATA_MEM:inst40|mem[127][6]                           ; Stuck at GND due to stuck port clock_enable ;
; DATA_MEM:inst40|mem[127][5]                           ; Stuck at GND due to stuck port clock_enable ;
; DATA_MEM:inst40|mem[127][4]                           ; Stuck at GND due to stuck port clock_enable ;
; DATA_MEM:inst40|mem[127][3]                           ; Stuck at GND due to stuck port clock_enable ;
; DATA_MEM:inst40|mem[127][2]                           ; Stuck at GND due to stuck port clock_enable ;
; DATA_MEM:inst40|mem[127][1]                           ; Stuck at GND due to stuck port clock_enable ;
; DATA_MEM:inst40|mem[127][0]                           ; Stuck at GND due to stuck port clock_enable ;
; DATA_MEM:inst40|mem[126][31]                          ; Stuck at GND due to stuck port clock_enable ;
; DATA_MEM:inst40|mem[126][30]                          ; Stuck at GND due to stuck port clock_enable ;
; DATA_MEM:inst40|mem[126][29]                          ; Stuck at GND due to stuck port clock_enable ;
; DATA_MEM:inst40|mem[126][28]                          ; Stuck at GND due to stuck port clock_enable ;
; DATA_MEM:inst40|mem[126][27]                          ; Stuck at GND due to stuck port clock_enable ;
; DATA_MEM:inst40|mem[126][26]                          ; Stuck at GND due to stuck port clock_enable ;
; DATA_MEM:inst40|mem[126][25]                          ; Stuck at GND due to stuck port clock_enable ;
; DATA_MEM:inst40|mem[126][24]                          ; Stuck at GND due to stuck port clock_enable ;
; DATA_MEM:inst40|mem[126][23]                          ; Stuck at GND due to stuck port clock_enable ;
; DATA_MEM:inst40|mem[126][22]                          ; Stuck at GND due to stuck port clock_enable ;
; DATA_MEM:inst40|mem[126][21]                          ; Stuck at GND due to stuck port clock_enable ;
; DATA_MEM:inst40|mem[126][20]                          ; Stuck at GND due to stuck port clock_enable ;
; DATA_MEM:inst40|mem[126][19]                          ; Stuck at GND due to stuck port clock_enable ;
; DATA_MEM:inst40|mem[126][18]                          ; Stuck at GND due to stuck port clock_enable ;
; DATA_MEM:inst40|mem[126][17]                          ; Stuck at GND due to stuck port clock_enable ;
; DATA_MEM:inst40|mem[126][16]                          ; Stuck at GND due to stuck port clock_enable ;
; DATA_MEM:inst40|mem[126][15]                          ; Stuck at GND due to stuck port clock_enable ;
; DATA_MEM:inst40|mem[126][14]                          ; Stuck at GND due to stuck port clock_enable ;
; DATA_MEM:inst40|mem[126][13]                          ; Stuck at GND due to stuck port clock_enable ;
; DATA_MEM:inst40|mem[126][12]                          ; Stuck at GND due to stuck port clock_enable ;
; DATA_MEM:inst40|mem[126][11]                          ; Stuck at GND due to stuck port clock_enable ;
; DATA_MEM:inst40|mem[126][10]                          ; Stuck at GND due to stuck port clock_enable ;
; DATA_MEM:inst40|mem[126][9]                           ; Stuck at GND due to stuck port clock_enable ;
; DATA_MEM:inst40|mem[126][8]                           ; Stuck at GND due to stuck port clock_enable ;
; DATA_MEM:inst40|mem[126][7]                           ; Stuck at GND due to stuck port clock_enable ;
; DATA_MEM:inst40|mem[126][6]                           ; Stuck at GND due to stuck port clock_enable ;
; DATA_MEM:inst40|mem[126][5]                           ; Stuck at GND due to stuck port clock_enable ;
; DATA_MEM:inst40|mem[126][4]                           ; Stuck at GND due to stuck port clock_enable ;
; DATA_MEM:inst40|mem[126][3]                           ; Stuck at GND due to stuck port clock_enable ;
; DATA_MEM:inst40|mem[126][2]                           ; Stuck at GND due to stuck port clock_enable ;
; DATA_MEM:inst40|mem[126][1]                           ; Stuck at GND due to stuck port clock_enable ;
; DATA_MEM:inst40|mem[126][0]                           ; Stuck at GND due to stuck port clock_enable ;
; DATA_MEM:inst40|mem[125][31]                          ; Stuck at GND due to stuck port clock_enable ;
; DATA_MEM:inst40|mem[125][30]                          ; Stuck at GND due to stuck port clock_enable ;
; DATA_MEM:inst40|mem[125][29]                          ; Stuck at GND due to stuck port clock_enable ;
; DATA_MEM:inst40|mem[125][28]                          ; Stuck at GND due to stuck port clock_enable ;
; DATA_MEM:inst40|mem[125][27]                          ; Stuck at GND due to stuck port clock_enable ;
; DATA_MEM:inst40|mem[125][26]                          ; Stuck at GND due to stuck port clock_enable ;
; DATA_MEM:inst40|mem[125][25]                          ; Stuck at GND due to stuck port clock_enable ;
; DATA_MEM:inst40|mem[125][24]                          ; Stuck at GND due to stuck port clock_enable ;
; DATA_MEM:inst40|mem[125][23]                          ; Stuck at GND due to stuck port clock_enable ;
; DATA_MEM:inst40|mem[125][22]                          ; Stuck at GND due to stuck port clock_enable ;
; DATA_MEM:inst40|mem[125][21]                          ; Stuck at GND due to stuck port clock_enable ;
; DATA_MEM:inst40|mem[125][20]                          ; Stuck at GND due to stuck port clock_enable ;
; DATA_MEM:inst40|mem[125][19]                          ; Stuck at GND due to stuck port clock_enable ;
; DATA_MEM:inst40|mem[125][18]                          ; Stuck at GND due to stuck port clock_enable ;
; DATA_MEM:inst40|mem[125][17]                          ; Stuck at GND due to stuck port clock_enable ;
; DATA_MEM:inst40|mem[125][16]                          ; Stuck at GND due to stuck port clock_enable ;
; DATA_MEM:inst40|mem[125][15]                          ; Stuck at GND due to stuck port clock_enable ;
; DATA_MEM:inst40|mem[125][14]                          ; Stuck at GND due to stuck port clock_enable ;
; DATA_MEM:inst40|mem[125][13]                          ; Stuck at GND due to stuck port clock_enable ;
; DATA_MEM:inst40|mem[125][12]                          ; Stuck at GND due to stuck port clock_enable ;
; DATA_MEM:inst40|mem[125][11]                          ; Stuck at GND due to stuck port clock_enable ;
; DATA_MEM:inst40|mem[125][10]                          ; Stuck at GND due to stuck port clock_enable ;
; DATA_MEM:inst40|mem[125][9]                           ; Stuck at GND due to stuck port clock_enable ;
; DATA_MEM:inst40|mem[125][8]                           ; Stuck at GND due to stuck port clock_enable ;
; DATA_MEM:inst40|mem[125][7]                           ; Stuck at GND due to stuck port clock_enable ;
; DATA_MEM:inst40|mem[125][6]                           ; Stuck at GND due to stuck port clock_enable ;
; DATA_MEM:inst40|mem[125][5]                           ; Stuck at GND due to stuck port clock_enable ;
; DATA_MEM:inst40|mem[125][4]                           ; Stuck at GND due to stuck port clock_enable ;
; DATA_MEM:inst40|mem[125][3]                           ; Stuck at GND due to stuck port clock_enable ;
; DATA_MEM:inst40|mem[125][2]                           ; Stuck at GND due to stuck port clock_enable ;
; DATA_MEM:inst40|mem[125][1]                           ; Stuck at GND due to stuck port clock_enable ;
; DATA_MEM:inst40|mem[125][0]                           ; Stuck at GND due to stuck port clock_enable ;
; DATA_MEM:inst40|mem[124][31]                          ; Stuck at GND due to stuck port clock_enable ;
; DATA_MEM:inst40|mem[124][30]                          ; Stuck at GND due to stuck port clock_enable ;
; DATA_MEM:inst40|mem[124][29]                          ; Stuck at GND due to stuck port clock_enable ;
; DATA_MEM:inst40|mem[124][28]                          ; Stuck at GND due to stuck port clock_enable ;
; DATA_MEM:inst40|mem[124][27]                          ; Stuck at GND due to stuck port clock_enable ;
; DATA_MEM:inst40|mem[124][26]                          ; Stuck at GND due to stuck port clock_enable ;
; DATA_MEM:inst40|mem[124][25]                          ; Stuck at GND due to stuck port clock_enable ;
; DATA_MEM:inst40|mem[124][24]                          ; Stuck at GND due to stuck port clock_enable ;
; DATA_MEM:inst40|mem[124][23]                          ; Stuck at GND due to stuck port clock_enable ;
; DATA_MEM:inst40|mem[124][22]                          ; Stuck at GND due to stuck port clock_enable ;
; DATA_MEM:inst40|mem[124][21]                          ; Stuck at GND due to stuck port clock_enable ;
; DATA_MEM:inst40|mem[124][20]                          ; Stuck at GND due to stuck port clock_enable ;
; DATA_MEM:inst40|mem[124][19]                          ; Stuck at GND due to stuck port clock_enable ;
; DATA_MEM:inst40|mem[124][18]                          ; Stuck at GND due to stuck port clock_enable ;
; DATA_MEM:inst40|mem[124][17]                          ; Stuck at GND due to stuck port clock_enable ;
; DATA_MEM:inst40|mem[124][16]                          ; Stuck at GND due to stuck port clock_enable ;
; DATA_MEM:inst40|mem[124][15]                          ; Stuck at GND due to stuck port clock_enable ;
; DATA_MEM:inst40|mem[124][14]                          ; Stuck at GND due to stuck port clock_enable ;
; DATA_MEM:inst40|mem[124][13]                          ; Stuck at GND due to stuck port clock_enable ;
; DATA_MEM:inst40|mem[124][12]                          ; Stuck at GND due to stuck port clock_enable ;
; DATA_MEM:inst40|mem[124][11]                          ; Stuck at GND due to stuck port clock_enable ;
; DATA_MEM:inst40|mem[124][10]                          ; Stuck at GND due to stuck port clock_enable ;
; DATA_MEM:inst40|mem[124][9]                           ; Stuck at GND due to stuck port clock_enable ;
; DATA_MEM:inst40|mem[124][8]                           ; Stuck at GND due to stuck port clock_enable ;
; DATA_MEM:inst40|mem[124][7]                           ; Stuck at GND due to stuck port clock_enable ;
; DATA_MEM:inst40|mem[124][6]                           ; Stuck at GND due to stuck port clock_enable ;
; DATA_MEM:inst40|mem[124][5]                           ; Stuck at GND due to stuck port clock_enable ;
; DATA_MEM:inst40|mem[124][4]                           ; Stuck at GND due to stuck port clock_enable ;
; DATA_MEM:inst40|mem[124][3]                           ; Stuck at GND due to stuck port clock_enable ;
; DATA_MEM:inst40|mem[124][2]                           ; Stuck at GND due to stuck port clock_enable ;
; DATA_MEM:inst40|mem[124][1]                           ; Stuck at GND due to stuck port clock_enable ;
; DATA_MEM:inst40|mem[124][0]                           ; Stuck at GND due to stuck port clock_enable ;
; DATA_MEM:inst40|mem[123][31]                          ; Stuck at GND due to stuck port clock_enable ;
; DATA_MEM:inst40|mem[123][30]                          ; Stuck at GND due to stuck port clock_enable ;
; DATA_MEM:inst40|mem[123][29]                          ; Stuck at GND due to stuck port clock_enable ;
; DATA_MEM:inst40|mem[123][28]                          ; Stuck at GND due to stuck port clock_enable ;
; DATA_MEM:inst40|mem[123][27]                          ; Stuck at GND due to stuck port clock_enable ;
; DATA_MEM:inst40|mem[123][26]                          ; Stuck at GND due to stuck port clock_enable ;
; DATA_MEM:inst40|mem[123][25]                          ; Stuck at GND due to stuck port clock_enable ;
; DATA_MEM:inst40|mem[123][24]                          ; Stuck at GND due to stuck port clock_enable ;
; DATA_MEM:inst40|mem[123][23]                          ; Stuck at GND due to stuck port clock_enable ;
; DATA_MEM:inst40|mem[123][22]                          ; Stuck at GND due to stuck port clock_enable ;
; DATA_MEM:inst40|mem[123][21]                          ; Stuck at GND due to stuck port clock_enable ;
; DATA_MEM:inst40|mem[123][20]                          ; Stuck at GND due to stuck port clock_enable ;
; DATA_MEM:inst40|mem[123][19]                          ; Stuck at GND due to stuck port clock_enable ;
; DATA_MEM:inst40|mem[123][18]                          ; Stuck at GND due to stuck port clock_enable ;
; DATA_MEM:inst40|mem[123][17]                          ; Stuck at GND due to stuck port clock_enable ;
; DATA_MEM:inst40|mem[123][16]                          ; Stuck at GND due to stuck port clock_enable ;
; DATA_MEM:inst40|mem[123][15]                          ; Stuck at GND due to stuck port clock_enable ;
; DATA_MEM:inst40|mem[123][14]                          ; Stuck at GND due to stuck port clock_enable ;
; DATA_MEM:inst40|mem[123][13]                          ; Stuck at GND due to stuck port clock_enable ;
; DATA_MEM:inst40|mem[123][12]                          ; Stuck at GND due to stuck port clock_enable ;
; DATA_MEM:inst40|mem[123][11]                          ; Stuck at GND due to stuck port clock_enable ;
; DATA_MEM:inst40|mem[123][10]                          ; Stuck at GND due to stuck port clock_enable ;
; DATA_MEM:inst40|mem[123][9]                           ; Stuck at GND due to stuck port clock_enable ;
; DATA_MEM:inst40|mem[123][8]                           ; Stuck at GND due to stuck port clock_enable ;
; DATA_MEM:inst40|mem[123][7]                           ; Stuck at GND due to stuck port clock_enable ;
; DATA_MEM:inst40|mem[123][6]                           ; Stuck at GND due to stuck port clock_enable ;
; DATA_MEM:inst40|mem[123][5]                           ; Stuck at GND due to stuck port clock_enable ;
; DATA_MEM:inst40|mem[123][4]                           ; Stuck at GND due to stuck port clock_enable ;
; DATA_MEM:inst40|mem[123][3]                           ; Stuck at GND due to stuck port clock_enable ;
; DATA_MEM:inst40|mem[123][2]                           ; Stuck at GND due to stuck port clock_enable ;
; DATA_MEM:inst40|mem[123][1]                           ; Stuck at GND due to stuck port clock_enable ;
; DATA_MEM:inst40|mem[123][0]                           ; Stuck at GND due to stuck port clock_enable ;
; DATA_MEM:inst40|mem[122][31]                          ; Stuck at GND due to stuck port clock_enable ;
; DATA_MEM:inst40|mem[122][30]                          ; Stuck at GND due to stuck port clock_enable ;
; DATA_MEM:inst40|mem[122][29]                          ; Stuck at GND due to stuck port clock_enable ;
; DATA_MEM:inst40|mem[122][28]                          ; Stuck at GND due to stuck port clock_enable ;
; DATA_MEM:inst40|mem[122][27]                          ; Stuck at GND due to stuck port clock_enable ;
; DATA_MEM:inst40|mem[122][26]                          ; Stuck at GND due to stuck port clock_enable ;
; DATA_MEM:inst40|mem[122][25]                          ; Stuck at GND due to stuck port clock_enable ;
; DATA_MEM:inst40|mem[122][24]                          ; Stuck at GND due to stuck port clock_enable ;
; DATA_MEM:inst40|mem[122][23]                          ; Stuck at GND due to stuck port clock_enable ;
; DATA_MEM:inst40|mem[122][22]                          ; Stuck at GND due to stuck port clock_enable ;
; DATA_MEM:inst40|mem[122][21]                          ; Stuck at GND due to stuck port clock_enable ;
; DATA_MEM:inst40|mem[122][20]                          ; Stuck at GND due to stuck port clock_enable ;
; DATA_MEM:inst40|mem[122][19]                          ; Stuck at GND due to stuck port clock_enable ;
; DATA_MEM:inst40|mem[122][18]                          ; Stuck at GND due to stuck port clock_enable ;
; DATA_MEM:inst40|mem[122][17]                          ; Stuck at GND due to stuck port clock_enable ;
; DATA_MEM:inst40|mem[122][16]                          ; Stuck at GND due to stuck port clock_enable ;
; DATA_MEM:inst40|mem[122][15]                          ; Stuck at GND due to stuck port clock_enable ;
; DATA_MEM:inst40|mem[122][14]                          ; Stuck at GND due to stuck port clock_enable ;
; DATA_MEM:inst40|mem[122][13]                          ; Stuck at GND due to stuck port clock_enable ;
; DATA_MEM:inst40|mem[122][12]                          ; Stuck at GND due to stuck port clock_enable ;
; DATA_MEM:inst40|mem[122][11]                          ; Stuck at GND due to stuck port clock_enable ;
; DATA_MEM:inst40|mem[122][10]                          ; Stuck at GND due to stuck port clock_enable ;
; DATA_MEM:inst40|mem[122][9]                           ; Stuck at GND due to stuck port clock_enable ;
; DATA_MEM:inst40|mem[122][8]                           ; Stuck at GND due to stuck port clock_enable ;
; DATA_MEM:inst40|mem[122][7]                           ; Stuck at GND due to stuck port clock_enable ;
; DATA_MEM:inst40|mem[122][6]                           ; Stuck at GND due to stuck port clock_enable ;
; DATA_MEM:inst40|mem[122][5]                           ; Stuck at GND due to stuck port clock_enable ;
; DATA_MEM:inst40|mem[122][4]                           ; Stuck at GND due to stuck port clock_enable ;
; DATA_MEM:inst40|mem[122][3]                           ; Stuck at GND due to stuck port clock_enable ;
; DATA_MEM:inst40|mem[122][2]                           ; Stuck at GND due to stuck port clock_enable ;
; DATA_MEM:inst40|mem[122][1]                           ; Stuck at GND due to stuck port clock_enable ;
; DATA_MEM:inst40|mem[122][0]                           ; Stuck at GND due to stuck port clock_enable ;
; DATA_MEM:inst40|mem[121][31]                          ; Stuck at GND due to stuck port clock_enable ;
; DATA_MEM:inst40|mem[121][30]                          ; Stuck at GND due to stuck port clock_enable ;
; DATA_MEM:inst40|mem[121][29]                          ; Stuck at GND due to stuck port clock_enable ;
; DATA_MEM:inst40|mem[121][28]                          ; Stuck at GND due to stuck port clock_enable ;
; DATA_MEM:inst40|mem[121][27]                          ; Stuck at GND due to stuck port clock_enable ;
; DATA_MEM:inst40|mem[121][26]                          ; Stuck at GND due to stuck port clock_enable ;
; DATA_MEM:inst40|mem[121][25]                          ; Stuck at GND due to stuck port clock_enable ;
; DATA_MEM:inst40|mem[121][24]                          ; Stuck at GND due to stuck port clock_enable ;
; DATA_MEM:inst40|mem[121][23]                          ; Stuck at GND due to stuck port clock_enable ;
; DATA_MEM:inst40|mem[121][22]                          ; Stuck at GND due to stuck port clock_enable ;
; DATA_MEM:inst40|mem[121][21]                          ; Stuck at GND due to stuck port clock_enable ;
; DATA_MEM:inst40|mem[121][20]                          ; Stuck at GND due to stuck port clock_enable ;
; DATA_MEM:inst40|mem[121][19]                          ; Stuck at GND due to stuck port clock_enable ;
; DATA_MEM:inst40|mem[121][18]                          ; Stuck at GND due to stuck port clock_enable ;
; DATA_MEM:inst40|mem[121][17]                          ; Stuck at GND due to stuck port clock_enable ;
; DATA_MEM:inst40|mem[121][16]                          ; Stuck at GND due to stuck port clock_enable ;
; DATA_MEM:inst40|mem[121][15]                          ; Stuck at GND due to stuck port clock_enable ;
; DATA_MEM:inst40|mem[121][14]                          ; Stuck at GND due to stuck port clock_enable ;
; DATA_MEM:inst40|mem[121][13]                          ; Stuck at GND due to stuck port clock_enable ;
; DATA_MEM:inst40|mem[121][12]                          ; Stuck at GND due to stuck port clock_enable ;
; DATA_MEM:inst40|mem[121][11]                          ; Stuck at GND due to stuck port clock_enable ;
; DATA_MEM:inst40|mem[121][10]                          ; Stuck at GND due to stuck port clock_enable ;
; DATA_MEM:inst40|mem[121][9]                           ; Stuck at GND due to stuck port clock_enable ;
; DATA_MEM:inst40|mem[121][8]                           ; Stuck at GND due to stuck port clock_enable ;
; DATA_MEM:inst40|mem[121][7]                           ; Stuck at GND due to stuck port clock_enable ;
; DATA_MEM:inst40|mem[121][6]                           ; Stuck at GND due to stuck port clock_enable ;
; DATA_MEM:inst40|mem[121][5]                           ; Stuck at GND due to stuck port clock_enable ;
; DATA_MEM:inst40|mem[121][4]                           ; Stuck at GND due to stuck port clock_enable ;
; DATA_MEM:inst40|mem[121][3]                           ; Stuck at GND due to stuck port clock_enable ;
; DATA_MEM:inst40|mem[121][2]                           ; Stuck at GND due to stuck port clock_enable ;
; DATA_MEM:inst40|mem[121][1]                           ; Stuck at GND due to stuck port clock_enable ;
; DATA_MEM:inst40|mem[121][0]                           ; Stuck at GND due to stuck port clock_enable ;
; DATA_MEM:inst40|mem[120][31]                          ; Stuck at GND due to stuck port clock_enable ;
; DATA_MEM:inst40|mem[120][30]                          ; Stuck at GND due to stuck port clock_enable ;
; DATA_MEM:inst40|mem[120][29]                          ; Stuck at GND due to stuck port clock_enable ;
; DATA_MEM:inst40|mem[120][28]                          ; Stuck at GND due to stuck port clock_enable ;
; DATA_MEM:inst40|mem[120][27]                          ; Stuck at GND due to stuck port clock_enable ;
; DATA_MEM:inst40|mem[120][26]                          ; Stuck at GND due to stuck port clock_enable ;
; DATA_MEM:inst40|mem[120][25]                          ; Stuck at GND due to stuck port clock_enable ;
; DATA_MEM:inst40|mem[120][24]                          ; Stuck at GND due to stuck port clock_enable ;
; DATA_MEM:inst40|mem[120][23]                          ; Stuck at GND due to stuck port clock_enable ;
; DATA_MEM:inst40|mem[120][22]                          ; Stuck at GND due to stuck port clock_enable ;
; DATA_MEM:inst40|mem[120][21]                          ; Stuck at GND due to stuck port clock_enable ;
; DATA_MEM:inst40|mem[120][20]                          ; Stuck at GND due to stuck port clock_enable ;
; DATA_MEM:inst40|mem[120][19]                          ; Stuck at GND due to stuck port clock_enable ;
; DATA_MEM:inst40|mem[120][18]                          ; Stuck at GND due to stuck port clock_enable ;
; DATA_MEM:inst40|mem[120][17]                          ; Stuck at GND due to stuck port clock_enable ;
; DATA_MEM:inst40|mem[120][16]                          ; Stuck at GND due to stuck port clock_enable ;
; DATA_MEM:inst40|mem[120][15]                          ; Stuck at GND due to stuck port clock_enable ;
; DATA_MEM:inst40|mem[120][14]                          ; Stuck at GND due to stuck port clock_enable ;
; DATA_MEM:inst40|mem[120][13]                          ; Stuck at GND due to stuck port clock_enable ;
; DATA_MEM:inst40|mem[120][12]                          ; Stuck at GND due to stuck port clock_enable ;
; DATA_MEM:inst40|mem[120][11]                          ; Stuck at GND due to stuck port clock_enable ;
; DATA_MEM:inst40|mem[120][10]                          ; Stuck at GND due to stuck port clock_enable ;
; DATA_MEM:inst40|mem[120][9]                           ; Stuck at GND due to stuck port clock_enable ;
; DATA_MEM:inst40|mem[120][8]                           ; Stuck at GND due to stuck port clock_enable ;
; DATA_MEM:inst40|mem[120][7]                           ; Stuck at GND due to stuck port clock_enable ;
; DATA_MEM:inst40|mem[120][6]                           ; Stuck at GND due to stuck port clock_enable ;
; DATA_MEM:inst40|mem[120][5]                           ; Stuck at GND due to stuck port clock_enable ;
; DATA_MEM:inst40|mem[120][4]                           ; Stuck at GND due to stuck port clock_enable ;
; DATA_MEM:inst40|mem[120][3]                           ; Stuck at GND due to stuck port clock_enable ;
; DATA_MEM:inst40|mem[120][2]                           ; Stuck at GND due to stuck port clock_enable ;
; DATA_MEM:inst40|mem[120][1]                           ; Stuck at GND due to stuck port clock_enable ;
; DATA_MEM:inst40|mem[120][0]                           ; Stuck at GND due to stuck port clock_enable ;
; DATA_MEM:inst40|mem[119][31]                          ; Stuck at GND due to stuck port clock_enable ;
; DATA_MEM:inst40|mem[119][30]                          ; Stuck at GND due to stuck port clock_enable ;
; DATA_MEM:inst40|mem[119][29]                          ; Stuck at GND due to stuck port clock_enable ;
; DATA_MEM:inst40|mem[119][28]                          ; Stuck at GND due to stuck port clock_enable ;
; DATA_MEM:inst40|mem[119][27]                          ; Stuck at GND due to stuck port clock_enable ;
; DATA_MEM:inst40|mem[119][26]                          ; Stuck at GND due to stuck port clock_enable ;
; DATA_MEM:inst40|mem[119][25]                          ; Stuck at GND due to stuck port clock_enable ;
; DATA_MEM:inst40|mem[119][24]                          ; Stuck at GND due to stuck port clock_enable ;
; DATA_MEM:inst40|mem[119][23]                          ; Stuck at GND due to stuck port clock_enable ;
; DATA_MEM:inst40|mem[119][22]                          ; Stuck at GND due to stuck port clock_enable ;
; DATA_MEM:inst40|mem[119][21]                          ; Stuck at GND due to stuck port clock_enable ;
; DATA_MEM:inst40|mem[119][20]                          ; Stuck at GND due to stuck port clock_enable ;
; DATA_MEM:inst40|mem[119][19]                          ; Stuck at GND due to stuck port clock_enable ;
; DATA_MEM:inst40|mem[119][18]                          ; Stuck at GND due to stuck port clock_enable ;
; DATA_MEM:inst40|mem[119][17]                          ; Stuck at GND due to stuck port clock_enable ;
; DATA_MEM:inst40|mem[119][16]                          ; Stuck at GND due to stuck port clock_enable ;
; DATA_MEM:inst40|mem[119][15]                          ; Stuck at GND due to stuck port clock_enable ;
; DATA_MEM:inst40|mem[119][14]                          ; Stuck at GND due to stuck port clock_enable ;
; DATA_MEM:inst40|mem[119][13]                          ; Stuck at GND due to stuck port clock_enable ;
; DATA_MEM:inst40|mem[119][12]                          ; Stuck at GND due to stuck port clock_enable ;
; DATA_MEM:inst40|mem[119][11]                          ; Stuck at GND due to stuck port clock_enable ;
; DATA_MEM:inst40|mem[119][10]                          ; Stuck at GND due to stuck port clock_enable ;
; DATA_MEM:inst40|mem[119][9]                           ; Stuck at GND due to stuck port clock_enable ;
; DATA_MEM:inst40|mem[119][8]                           ; Stuck at GND due to stuck port clock_enable ;
; DATA_MEM:inst40|mem[119][7]                           ; Stuck at GND due to stuck port clock_enable ;
; DATA_MEM:inst40|mem[119][6]                           ; Stuck at GND due to stuck port clock_enable ;
; DATA_MEM:inst40|mem[119][5]                           ; Stuck at GND due to stuck port clock_enable ;
; DATA_MEM:inst40|mem[119][4]                           ; Stuck at GND due to stuck port clock_enable ;
; DATA_MEM:inst40|mem[119][3]                           ; Stuck at GND due to stuck port clock_enable ;
; DATA_MEM:inst40|mem[119][2]                           ; Stuck at GND due to stuck port clock_enable ;
; DATA_MEM:inst40|mem[119][1]                           ; Stuck at GND due to stuck port clock_enable ;
; DATA_MEM:inst40|mem[119][0]                           ; Stuck at GND due to stuck port clock_enable ;
; DATA_MEM:inst40|mem[118][31]                          ; Stuck at GND due to stuck port clock_enable ;
; DATA_MEM:inst40|mem[118][30]                          ; Stuck at GND due to stuck port clock_enable ;
; DATA_MEM:inst40|mem[118][29]                          ; Stuck at GND due to stuck port clock_enable ;
; DATA_MEM:inst40|mem[118][28]                          ; Stuck at GND due to stuck port clock_enable ;
; DATA_MEM:inst40|mem[118][27]                          ; Stuck at GND due to stuck port clock_enable ;
; DATA_MEM:inst40|mem[118][26]                          ; Stuck at GND due to stuck port clock_enable ;
; DATA_MEM:inst40|mem[118][25]                          ; Stuck at GND due to stuck port clock_enable ;
; DATA_MEM:inst40|mem[118][24]                          ; Stuck at GND due to stuck port clock_enable ;
; DATA_MEM:inst40|mem[118][23]                          ; Stuck at GND due to stuck port clock_enable ;
; DATA_MEM:inst40|mem[118][22]                          ; Stuck at GND due to stuck port clock_enable ;
; DATA_MEM:inst40|mem[118][21]                          ; Stuck at GND due to stuck port clock_enable ;
; DATA_MEM:inst40|mem[118][20]                          ; Stuck at GND due to stuck port clock_enable ;
; DATA_MEM:inst40|mem[118][19]                          ; Stuck at GND due to stuck port clock_enable ;
; DATA_MEM:inst40|mem[118][18]                          ; Stuck at GND due to stuck port clock_enable ;
; DATA_MEM:inst40|mem[118][17]                          ; Stuck at GND due to stuck port clock_enable ;
; DATA_MEM:inst40|mem[118][16]                          ; Stuck at GND due to stuck port clock_enable ;
; DATA_MEM:inst40|mem[118][15]                          ; Stuck at GND due to stuck port clock_enable ;
; DATA_MEM:inst40|mem[118][14]                          ; Stuck at GND due to stuck port clock_enable ;
; DATA_MEM:inst40|mem[118][13]                          ; Stuck at GND due to stuck port clock_enable ;
; DATA_MEM:inst40|mem[118][12]                          ; Stuck at GND due to stuck port clock_enable ;
; DATA_MEM:inst40|mem[118][11]                          ; Stuck at GND due to stuck port clock_enable ;
; DATA_MEM:inst40|mem[118][10]                          ; Stuck at GND due to stuck port clock_enable ;
; DATA_MEM:inst40|mem[118][9]                           ; Stuck at GND due to stuck port clock_enable ;
; DATA_MEM:inst40|mem[118][8]                           ; Stuck at GND due to stuck port clock_enable ;
; DATA_MEM:inst40|mem[118][7]                           ; Stuck at GND due to stuck port clock_enable ;
; DATA_MEM:inst40|mem[118][6]                           ; Stuck at GND due to stuck port clock_enable ;
; DATA_MEM:inst40|mem[118][5]                           ; Stuck at GND due to stuck port clock_enable ;
; DATA_MEM:inst40|mem[118][4]                           ; Stuck at GND due to stuck port clock_enable ;
; DATA_MEM:inst40|mem[118][3]                           ; Stuck at GND due to stuck port clock_enable ;
; DATA_MEM:inst40|mem[118][2]                           ; Stuck at GND due to stuck port clock_enable ;
; DATA_MEM:inst40|mem[118][1]                           ; Stuck at GND due to stuck port clock_enable ;
; DATA_MEM:inst40|mem[118][0]                           ; Stuck at GND due to stuck port clock_enable ;
; DATA_MEM:inst40|mem[117][31]                          ; Stuck at GND due to stuck port clock_enable ;
; DATA_MEM:inst40|mem[117][30]                          ; Stuck at GND due to stuck port clock_enable ;
; DATA_MEM:inst40|mem[117][29]                          ; Stuck at GND due to stuck port clock_enable ;
; DATA_MEM:inst40|mem[117][28]                          ; Stuck at GND due to stuck port clock_enable ;
; DATA_MEM:inst40|mem[117][27]                          ; Stuck at GND due to stuck port clock_enable ;
; DATA_MEM:inst40|mem[117][26]                          ; Stuck at GND due to stuck port clock_enable ;
; DATA_MEM:inst40|mem[117][25]                          ; Stuck at GND due to stuck port clock_enable ;
; DATA_MEM:inst40|mem[117][24]                          ; Stuck at GND due to stuck port clock_enable ;
; DATA_MEM:inst40|mem[117][23]                          ; Stuck at GND due to stuck port clock_enable ;
; DATA_MEM:inst40|mem[117][22]                          ; Stuck at GND due to stuck port clock_enable ;
; DATA_MEM:inst40|mem[117][21]                          ; Stuck at GND due to stuck port clock_enable ;
; DATA_MEM:inst40|mem[117][20]                          ; Stuck at GND due to stuck port clock_enable ;
; DATA_MEM:inst40|mem[117][19]                          ; Stuck at GND due to stuck port clock_enable ;
; DATA_MEM:inst40|mem[117][18]                          ; Stuck at GND due to stuck port clock_enable ;
; DATA_MEM:inst40|mem[117][17]                          ; Stuck at GND due to stuck port clock_enable ;
; DATA_MEM:inst40|mem[117][16]                          ; Stuck at GND due to stuck port clock_enable ;
; DATA_MEM:inst40|mem[117][15]                          ; Stuck at GND due to stuck port clock_enable ;
; DATA_MEM:inst40|mem[117][14]                          ; Stuck at GND due to stuck port clock_enable ;
; DATA_MEM:inst40|mem[117][13]                          ; Stuck at GND due to stuck port clock_enable ;
; DATA_MEM:inst40|mem[117][12]                          ; Stuck at GND due to stuck port clock_enable ;
; DATA_MEM:inst40|mem[117][11]                          ; Stuck at GND due to stuck port clock_enable ;
; DATA_MEM:inst40|mem[117][10]                          ; Stuck at GND due to stuck port clock_enable ;
; DATA_MEM:inst40|mem[117][9]                           ; Stuck at GND due to stuck port clock_enable ;
; DATA_MEM:inst40|mem[117][8]                           ; Stuck at GND due to stuck port clock_enable ;
; DATA_MEM:inst40|mem[117][7]                           ; Stuck at GND due to stuck port clock_enable ;
; DATA_MEM:inst40|mem[117][6]                           ; Stuck at GND due to stuck port clock_enable ;
; DATA_MEM:inst40|mem[117][5]                           ; Stuck at GND due to stuck port clock_enable ;
; DATA_MEM:inst40|mem[117][4]                           ; Stuck at GND due to stuck port clock_enable ;
; DATA_MEM:inst40|mem[117][3]                           ; Stuck at GND due to stuck port clock_enable ;
; DATA_MEM:inst40|mem[117][2]                           ; Stuck at GND due to stuck port clock_enable ;
; DATA_MEM:inst40|mem[117][1]                           ; Stuck at GND due to stuck port clock_enable ;
; DATA_MEM:inst40|mem[117][0]                           ; Stuck at GND due to stuck port clock_enable ;
; DATA_MEM:inst40|mem[116][31]                          ; Stuck at GND due to stuck port clock_enable ;
; DATA_MEM:inst40|mem[116][30]                          ; Stuck at GND due to stuck port clock_enable ;
; DATA_MEM:inst40|mem[116][29]                          ; Stuck at GND due to stuck port clock_enable ;
; DATA_MEM:inst40|mem[116][28]                          ; Stuck at GND due to stuck port clock_enable ;
; DATA_MEM:inst40|mem[116][27]                          ; Stuck at GND due to stuck port clock_enable ;
; DATA_MEM:inst40|mem[116][26]                          ; Stuck at GND due to stuck port clock_enable ;
; DATA_MEM:inst40|mem[116][25]                          ; Stuck at GND due to stuck port clock_enable ;
; DATA_MEM:inst40|mem[116][24]                          ; Stuck at GND due to stuck port clock_enable ;
; DATA_MEM:inst40|mem[116][23]                          ; Stuck at GND due to stuck port clock_enable ;
; DATA_MEM:inst40|mem[116][22]                          ; Stuck at GND due to stuck port clock_enable ;
; DATA_MEM:inst40|mem[116][21]                          ; Stuck at GND due to stuck port clock_enable ;
; DATA_MEM:inst40|mem[116][20]                          ; Stuck at GND due to stuck port clock_enable ;
; DATA_MEM:inst40|mem[116][19]                          ; Stuck at GND due to stuck port clock_enable ;
; DATA_MEM:inst40|mem[116][18]                          ; Stuck at GND due to stuck port clock_enable ;
; DATA_MEM:inst40|mem[116][17]                          ; Stuck at GND due to stuck port clock_enable ;
; DATA_MEM:inst40|mem[116][16]                          ; Stuck at GND due to stuck port clock_enable ;
; DATA_MEM:inst40|mem[116][15]                          ; Stuck at GND due to stuck port clock_enable ;
; DATA_MEM:inst40|mem[116][14]                          ; Stuck at GND due to stuck port clock_enable ;
; DATA_MEM:inst40|mem[116][13]                          ; Stuck at GND due to stuck port clock_enable ;
; DATA_MEM:inst40|mem[116][12]                          ; Stuck at GND due to stuck port clock_enable ;
; DATA_MEM:inst40|mem[116][11]                          ; Stuck at GND due to stuck port clock_enable ;
; DATA_MEM:inst40|mem[116][10]                          ; Stuck at GND due to stuck port clock_enable ;
; DATA_MEM:inst40|mem[116][9]                           ; Stuck at GND due to stuck port clock_enable ;
; DATA_MEM:inst40|mem[116][8]                           ; Stuck at GND due to stuck port clock_enable ;
; DATA_MEM:inst40|mem[116][7]                           ; Stuck at GND due to stuck port clock_enable ;
; DATA_MEM:inst40|mem[116][6]                           ; Stuck at GND due to stuck port clock_enable ;
; DATA_MEM:inst40|mem[116][5]                           ; Stuck at GND due to stuck port clock_enable ;
; DATA_MEM:inst40|mem[116][4]                           ; Stuck at GND due to stuck port clock_enable ;
; DATA_MEM:inst40|mem[116][3]                           ; Stuck at GND due to stuck port clock_enable ;
; DATA_MEM:inst40|mem[116][2]                           ; Stuck at GND due to stuck port clock_enable ;
; DATA_MEM:inst40|mem[116][1]                           ; Stuck at GND due to stuck port clock_enable ;
; DATA_MEM:inst40|mem[116][0]                           ; Stuck at GND due to stuck port clock_enable ;
; DATA_MEM:inst40|mem[115][31]                          ; Stuck at GND due to stuck port clock_enable ;
; DATA_MEM:inst40|mem[115][30]                          ; Stuck at GND due to stuck port clock_enable ;
; DATA_MEM:inst40|mem[115][29]                          ; Stuck at GND due to stuck port clock_enable ;
; DATA_MEM:inst40|mem[115][28]                          ; Stuck at GND due to stuck port clock_enable ;
; DATA_MEM:inst40|mem[115][27]                          ; Stuck at GND due to stuck port clock_enable ;
; DATA_MEM:inst40|mem[115][26]                          ; Stuck at GND due to stuck port clock_enable ;
; DATA_MEM:inst40|mem[115][25]                          ; Stuck at GND due to stuck port clock_enable ;
; DATA_MEM:inst40|mem[115][24]                          ; Stuck at GND due to stuck port clock_enable ;
; DATA_MEM:inst40|mem[115][23]                          ; Stuck at GND due to stuck port clock_enable ;
; DATA_MEM:inst40|mem[115][22]                          ; Stuck at GND due to stuck port clock_enable ;
; DATA_MEM:inst40|mem[115][21]                          ; Stuck at GND due to stuck port clock_enable ;
; DATA_MEM:inst40|mem[115][20]                          ; Stuck at GND due to stuck port clock_enable ;
; DATA_MEM:inst40|mem[115][19]                          ; Stuck at GND due to stuck port clock_enable ;
; DATA_MEM:inst40|mem[115][18]                          ; Stuck at GND due to stuck port clock_enable ;
; DATA_MEM:inst40|mem[115][17]                          ; Stuck at GND due to stuck port clock_enable ;
; DATA_MEM:inst40|mem[115][16]                          ; Stuck at GND due to stuck port clock_enable ;
; DATA_MEM:inst40|mem[115][15]                          ; Stuck at GND due to stuck port clock_enable ;
; DATA_MEM:inst40|mem[115][14]                          ; Stuck at GND due to stuck port clock_enable ;
; DATA_MEM:inst40|mem[115][13]                          ; Stuck at GND due to stuck port clock_enable ;
; DATA_MEM:inst40|mem[115][12]                          ; Stuck at GND due to stuck port clock_enable ;
; DATA_MEM:inst40|mem[115][11]                          ; Stuck at GND due to stuck port clock_enable ;
; DATA_MEM:inst40|mem[115][10]                          ; Stuck at GND due to stuck port clock_enable ;
; DATA_MEM:inst40|mem[115][9]                           ; Stuck at GND due to stuck port clock_enable ;
; DATA_MEM:inst40|mem[115][8]                           ; Stuck at GND due to stuck port clock_enable ;
; DATA_MEM:inst40|mem[115][7]                           ; Stuck at GND due to stuck port clock_enable ;
; DATA_MEM:inst40|mem[115][6]                           ; Stuck at GND due to stuck port clock_enable ;
; DATA_MEM:inst40|mem[115][5]                           ; Stuck at GND due to stuck port clock_enable ;
; DATA_MEM:inst40|mem[115][4]                           ; Stuck at GND due to stuck port clock_enable ;
; DATA_MEM:inst40|mem[115][3]                           ; Stuck at GND due to stuck port clock_enable ;
; DATA_MEM:inst40|mem[115][2]                           ; Stuck at GND due to stuck port clock_enable ;
; DATA_MEM:inst40|mem[115][1]                           ; Stuck at GND due to stuck port clock_enable ;
; DATA_MEM:inst40|mem[115][0]                           ; Stuck at GND due to stuck port clock_enable ;
; DATA_MEM:inst40|mem[114][31]                          ; Stuck at GND due to stuck port clock_enable ;
; DATA_MEM:inst40|mem[114][30]                          ; Stuck at GND due to stuck port clock_enable ;
; DATA_MEM:inst40|mem[114][29]                          ; Stuck at GND due to stuck port clock_enable ;
; DATA_MEM:inst40|mem[114][28]                          ; Stuck at GND due to stuck port clock_enable ;
; DATA_MEM:inst40|mem[114][27]                          ; Stuck at GND due to stuck port clock_enable ;
; DATA_MEM:inst40|mem[114][26]                          ; Stuck at GND due to stuck port clock_enable ;
; DATA_MEM:inst40|mem[114][25]                          ; Stuck at GND due to stuck port clock_enable ;
; DATA_MEM:inst40|mem[114][24]                          ; Stuck at GND due to stuck port clock_enable ;
; DATA_MEM:inst40|mem[114][23]                          ; Stuck at GND due to stuck port clock_enable ;
; DATA_MEM:inst40|mem[114][22]                          ; Stuck at GND due to stuck port clock_enable ;
; DATA_MEM:inst40|mem[114][21]                          ; Stuck at GND due to stuck port clock_enable ;
; DATA_MEM:inst40|mem[114][20]                          ; Stuck at GND due to stuck port clock_enable ;
; DATA_MEM:inst40|mem[114][19]                          ; Stuck at GND due to stuck port clock_enable ;
; DATA_MEM:inst40|mem[114][18]                          ; Stuck at GND due to stuck port clock_enable ;
; DATA_MEM:inst40|mem[114][17]                          ; Stuck at GND due to stuck port clock_enable ;
; DATA_MEM:inst40|mem[114][16]                          ; Stuck at GND due to stuck port clock_enable ;
; DATA_MEM:inst40|mem[114][15]                          ; Stuck at GND due to stuck port clock_enable ;
; DATA_MEM:inst40|mem[114][14]                          ; Stuck at GND due to stuck port clock_enable ;
; DATA_MEM:inst40|mem[114][13]                          ; Stuck at GND due to stuck port clock_enable ;
; DATA_MEM:inst40|mem[114][12]                          ; Stuck at GND due to stuck port clock_enable ;
; DATA_MEM:inst40|mem[114][11]                          ; Stuck at GND due to stuck port clock_enable ;
; DATA_MEM:inst40|mem[114][10]                          ; Stuck at GND due to stuck port clock_enable ;
; DATA_MEM:inst40|mem[114][9]                           ; Stuck at GND due to stuck port clock_enable ;
; DATA_MEM:inst40|mem[114][8]                           ; Stuck at GND due to stuck port clock_enable ;
; DATA_MEM:inst40|mem[114][7]                           ; Stuck at GND due to stuck port clock_enable ;
; DATA_MEM:inst40|mem[114][6]                           ; Stuck at GND due to stuck port clock_enable ;
; DATA_MEM:inst40|mem[114][5]                           ; Stuck at GND due to stuck port clock_enable ;
; DATA_MEM:inst40|mem[114][4]                           ; Stuck at GND due to stuck port clock_enable ;
; DATA_MEM:inst40|mem[114][3]                           ; Stuck at GND due to stuck port clock_enable ;
; DATA_MEM:inst40|mem[114][2]                           ; Stuck at GND due to stuck port clock_enable ;
; DATA_MEM:inst40|mem[114][1]                           ; Stuck at GND due to stuck port clock_enable ;
; DATA_MEM:inst40|mem[114][0]                           ; Stuck at GND due to stuck port clock_enable ;
; DATA_MEM:inst40|mem[113][31]                          ; Stuck at GND due to stuck port clock_enable ;
; DATA_MEM:inst40|mem[113][30]                          ; Stuck at GND due to stuck port clock_enable ;
; DATA_MEM:inst40|mem[113][29]                          ; Stuck at GND due to stuck port clock_enable ;
; DATA_MEM:inst40|mem[113][28]                          ; Stuck at GND due to stuck port clock_enable ;
; DATA_MEM:inst40|mem[113][27]                          ; Stuck at GND due to stuck port clock_enable ;
; DATA_MEM:inst40|mem[113][26]                          ; Stuck at GND due to stuck port clock_enable ;
; DATA_MEM:inst40|mem[113][25]                          ; Stuck at GND due to stuck port clock_enable ;
; DATA_MEM:inst40|mem[113][24]                          ; Stuck at GND due to stuck port clock_enable ;
; DATA_MEM:inst40|mem[113][23]                          ; Stuck at GND due to stuck port clock_enable ;
; DATA_MEM:inst40|mem[113][22]                          ; Stuck at GND due to stuck port clock_enable ;
; DATA_MEM:inst40|mem[113][21]                          ; Stuck at GND due to stuck port clock_enable ;
; DATA_MEM:inst40|mem[113][20]                          ; Stuck at GND due to stuck port clock_enable ;
; DATA_MEM:inst40|mem[113][19]                          ; Stuck at GND due to stuck port clock_enable ;
; DATA_MEM:inst40|mem[113][18]                          ; Stuck at GND due to stuck port clock_enable ;
; DATA_MEM:inst40|mem[113][17]                          ; Stuck at GND due to stuck port clock_enable ;
; DATA_MEM:inst40|mem[113][16]                          ; Stuck at GND due to stuck port clock_enable ;
; DATA_MEM:inst40|mem[113][15]                          ; Stuck at GND due to stuck port clock_enable ;
; DATA_MEM:inst40|mem[113][14]                          ; Stuck at GND due to stuck port clock_enable ;
; DATA_MEM:inst40|mem[113][13]                          ; Stuck at GND due to stuck port clock_enable ;
; DATA_MEM:inst40|mem[113][12]                          ; Stuck at GND due to stuck port clock_enable ;
; DATA_MEM:inst40|mem[113][11]                          ; Stuck at GND due to stuck port clock_enable ;
; DATA_MEM:inst40|mem[113][10]                          ; Stuck at GND due to stuck port clock_enable ;
; DATA_MEM:inst40|mem[113][9]                           ; Stuck at GND due to stuck port clock_enable ;
; DATA_MEM:inst40|mem[113][8]                           ; Stuck at GND due to stuck port clock_enable ;
; DATA_MEM:inst40|mem[113][7]                           ; Stuck at GND due to stuck port clock_enable ;
; DATA_MEM:inst40|mem[113][6]                           ; Stuck at GND due to stuck port clock_enable ;
; DATA_MEM:inst40|mem[113][5]                           ; Stuck at GND due to stuck port clock_enable ;
; DATA_MEM:inst40|mem[113][4]                           ; Stuck at GND due to stuck port clock_enable ;
; DATA_MEM:inst40|mem[113][3]                           ; Stuck at GND due to stuck port clock_enable ;
; DATA_MEM:inst40|mem[113][2]                           ; Stuck at GND due to stuck port clock_enable ;
; DATA_MEM:inst40|mem[113][1]                           ; Stuck at GND due to stuck port clock_enable ;
; DATA_MEM:inst40|mem[113][0]                           ; Stuck at GND due to stuck port clock_enable ;
; DATA_MEM:inst40|mem[112][31]                          ; Stuck at GND due to stuck port clock_enable ;
; DATA_MEM:inst40|mem[112][30]                          ; Stuck at GND due to stuck port clock_enable ;
; DATA_MEM:inst40|mem[112][29]                          ; Stuck at GND due to stuck port clock_enable ;
; DATA_MEM:inst40|mem[112][28]                          ; Stuck at GND due to stuck port clock_enable ;
; DATA_MEM:inst40|mem[112][27]                          ; Stuck at GND due to stuck port clock_enable ;
; DATA_MEM:inst40|mem[112][26]                          ; Stuck at GND due to stuck port clock_enable ;
; DATA_MEM:inst40|mem[112][25]                          ; Stuck at GND due to stuck port clock_enable ;
; DATA_MEM:inst40|mem[112][24]                          ; Stuck at GND due to stuck port clock_enable ;
; DATA_MEM:inst40|mem[112][23]                          ; Stuck at GND due to stuck port clock_enable ;
; DATA_MEM:inst40|mem[112][22]                          ; Stuck at GND due to stuck port clock_enable ;
; DATA_MEM:inst40|mem[112][21]                          ; Stuck at GND due to stuck port clock_enable ;
; DATA_MEM:inst40|mem[112][20]                          ; Stuck at GND due to stuck port clock_enable ;
; DATA_MEM:inst40|mem[112][19]                          ; Stuck at GND due to stuck port clock_enable ;
; DATA_MEM:inst40|mem[112][18]                          ; Stuck at GND due to stuck port clock_enable ;
; DATA_MEM:inst40|mem[112][17]                          ; Stuck at GND due to stuck port clock_enable ;
; DATA_MEM:inst40|mem[112][16]                          ; Stuck at GND due to stuck port clock_enable ;
; DATA_MEM:inst40|mem[112][15]                          ; Stuck at GND due to stuck port clock_enable ;
; DATA_MEM:inst40|mem[112][14]                          ; Stuck at GND due to stuck port clock_enable ;
; DATA_MEM:inst40|mem[112][13]                          ; Stuck at GND due to stuck port clock_enable ;
; DATA_MEM:inst40|mem[112][12]                          ; Stuck at GND due to stuck port clock_enable ;
; DATA_MEM:inst40|mem[112][11]                          ; Stuck at GND due to stuck port clock_enable ;
; DATA_MEM:inst40|mem[112][10]                          ; Stuck at GND due to stuck port clock_enable ;
; DATA_MEM:inst40|mem[112][9]                           ; Stuck at GND due to stuck port clock_enable ;
; DATA_MEM:inst40|mem[112][8]                           ; Stuck at GND due to stuck port clock_enable ;
; DATA_MEM:inst40|mem[112][7]                           ; Stuck at GND due to stuck port clock_enable ;
; DATA_MEM:inst40|mem[112][6]                           ; Stuck at GND due to stuck port clock_enable ;
; DATA_MEM:inst40|mem[112][5]                           ; Stuck at GND due to stuck port clock_enable ;
; DATA_MEM:inst40|mem[112][4]                           ; Stuck at GND due to stuck port clock_enable ;
; DATA_MEM:inst40|mem[112][3]                           ; Stuck at GND due to stuck port clock_enable ;
; DATA_MEM:inst40|mem[112][2]                           ; Stuck at GND due to stuck port clock_enable ;
; DATA_MEM:inst40|mem[112][1]                           ; Stuck at GND due to stuck port clock_enable ;
; DATA_MEM:inst40|mem[112][0]                           ; Stuck at GND due to stuck port clock_enable ;
; DATA_MEM:inst40|mem[111][31]                          ; Stuck at GND due to stuck port clock_enable ;
; DATA_MEM:inst40|mem[111][30]                          ; Stuck at GND due to stuck port clock_enable ;
; DATA_MEM:inst40|mem[111][29]                          ; Stuck at GND due to stuck port clock_enable ;
; DATA_MEM:inst40|mem[111][28]                          ; Stuck at GND due to stuck port clock_enable ;
; DATA_MEM:inst40|mem[111][27]                          ; Stuck at GND due to stuck port clock_enable ;
; DATA_MEM:inst40|mem[111][26]                          ; Stuck at GND due to stuck port clock_enable ;
; DATA_MEM:inst40|mem[111][25]                          ; Stuck at GND due to stuck port clock_enable ;
; DATA_MEM:inst40|mem[111][24]                          ; Stuck at GND due to stuck port clock_enable ;
; DATA_MEM:inst40|mem[111][23]                          ; Stuck at GND due to stuck port clock_enable ;
; DATA_MEM:inst40|mem[111][22]                          ; Stuck at GND due to stuck port clock_enable ;
; DATA_MEM:inst40|mem[111][21]                          ; Stuck at GND due to stuck port clock_enable ;
; DATA_MEM:inst40|mem[111][20]                          ; Stuck at GND due to stuck port clock_enable ;
; DATA_MEM:inst40|mem[111][19]                          ; Stuck at GND due to stuck port clock_enable ;
; DATA_MEM:inst40|mem[111][18]                          ; Stuck at GND due to stuck port clock_enable ;
; DATA_MEM:inst40|mem[111][17]                          ; Stuck at GND due to stuck port clock_enable ;
; DATA_MEM:inst40|mem[111][16]                          ; Stuck at GND due to stuck port clock_enable ;
; DATA_MEM:inst40|mem[111][15]                          ; Stuck at GND due to stuck port clock_enable ;
; DATA_MEM:inst40|mem[111][14]                          ; Stuck at GND due to stuck port clock_enable ;
; DATA_MEM:inst40|mem[111][13]                          ; Stuck at GND due to stuck port clock_enable ;
; DATA_MEM:inst40|mem[111][12]                          ; Stuck at GND due to stuck port clock_enable ;
; DATA_MEM:inst40|mem[111][11]                          ; Stuck at GND due to stuck port clock_enable ;
; DATA_MEM:inst40|mem[111][10]                          ; Stuck at GND due to stuck port clock_enable ;
; DATA_MEM:inst40|mem[111][9]                           ; Stuck at GND due to stuck port clock_enable ;
; DATA_MEM:inst40|mem[111][8]                           ; Stuck at GND due to stuck port clock_enable ;
; DATA_MEM:inst40|mem[111][7]                           ; Stuck at GND due to stuck port clock_enable ;
; DATA_MEM:inst40|mem[111][6]                           ; Stuck at GND due to stuck port clock_enable ;
; DATA_MEM:inst40|mem[111][5]                           ; Stuck at GND due to stuck port clock_enable ;
; DATA_MEM:inst40|mem[111][4]                           ; Stuck at GND due to stuck port clock_enable ;
; DATA_MEM:inst40|mem[111][3]                           ; Stuck at GND due to stuck port clock_enable ;
; DATA_MEM:inst40|mem[111][2]                           ; Stuck at GND due to stuck port clock_enable ;
; DATA_MEM:inst40|mem[111][1]                           ; Stuck at GND due to stuck port clock_enable ;
; DATA_MEM:inst40|mem[111][0]                           ; Stuck at GND due to stuck port clock_enable ;
; DATA_MEM:inst40|mem[110][31]                          ; Stuck at GND due to stuck port clock_enable ;
; DATA_MEM:inst40|mem[110][30]                          ; Stuck at GND due to stuck port clock_enable ;
; DATA_MEM:inst40|mem[110][29]                          ; Stuck at GND due to stuck port clock_enable ;
; DATA_MEM:inst40|mem[110][28]                          ; Stuck at GND due to stuck port clock_enable ;
; DATA_MEM:inst40|mem[110][27]                          ; Stuck at GND due to stuck port clock_enable ;
; DATA_MEM:inst40|mem[110][26]                          ; Stuck at GND due to stuck port clock_enable ;
; DATA_MEM:inst40|mem[110][25]                          ; Stuck at GND due to stuck port clock_enable ;
; DATA_MEM:inst40|mem[110][24]                          ; Stuck at GND due to stuck port clock_enable ;
; DATA_MEM:inst40|mem[110][23]                          ; Stuck at GND due to stuck port clock_enable ;
; DATA_MEM:inst40|mem[110][22]                          ; Stuck at GND due to stuck port clock_enable ;
; DATA_MEM:inst40|mem[110][21]                          ; Stuck at GND due to stuck port clock_enable ;
; DATA_MEM:inst40|mem[110][20]                          ; Stuck at GND due to stuck port clock_enable ;
; DATA_MEM:inst40|mem[110][19]                          ; Stuck at GND due to stuck port clock_enable ;
; DATA_MEM:inst40|mem[110][18]                          ; Stuck at GND due to stuck port clock_enable ;
; DATA_MEM:inst40|mem[110][17]                          ; Stuck at GND due to stuck port clock_enable ;
; DATA_MEM:inst40|mem[110][16]                          ; Stuck at GND due to stuck port clock_enable ;
; DATA_MEM:inst40|mem[110][15]                          ; Stuck at GND due to stuck port clock_enable ;
; DATA_MEM:inst40|mem[110][14]                          ; Stuck at GND due to stuck port clock_enable ;
; DATA_MEM:inst40|mem[110][13]                          ; Stuck at GND due to stuck port clock_enable ;
; DATA_MEM:inst40|mem[110][12]                          ; Stuck at GND due to stuck port clock_enable ;
; DATA_MEM:inst40|mem[110][11]                          ; Stuck at GND due to stuck port clock_enable ;
; DATA_MEM:inst40|mem[110][10]                          ; Stuck at GND due to stuck port clock_enable ;
; DATA_MEM:inst40|mem[110][9]                           ; Stuck at GND due to stuck port clock_enable ;
; DATA_MEM:inst40|mem[110][8]                           ; Stuck at GND due to stuck port clock_enable ;
; DATA_MEM:inst40|mem[110][7]                           ; Stuck at GND due to stuck port clock_enable ;
; DATA_MEM:inst40|mem[110][6]                           ; Stuck at GND due to stuck port clock_enable ;
; DATA_MEM:inst40|mem[110][5]                           ; Stuck at GND due to stuck port clock_enable ;
; DATA_MEM:inst40|mem[110][4]                           ; Stuck at GND due to stuck port clock_enable ;
; DATA_MEM:inst40|mem[110][3]                           ; Stuck at GND due to stuck port clock_enable ;
; DATA_MEM:inst40|mem[110][2]                           ; Stuck at GND due to stuck port clock_enable ;
; DATA_MEM:inst40|mem[110][1]                           ; Stuck at GND due to stuck port clock_enable ;
; DATA_MEM:inst40|mem[110][0]                           ; Stuck at GND due to stuck port clock_enable ;
; DATA_MEM:inst40|mem[109][31]                          ; Stuck at GND due to stuck port clock_enable ;
; DATA_MEM:inst40|mem[109][30]                          ; Stuck at GND due to stuck port clock_enable ;
; DATA_MEM:inst40|mem[109][29]                          ; Stuck at GND due to stuck port clock_enable ;
; DATA_MEM:inst40|mem[109][28]                          ; Stuck at GND due to stuck port clock_enable ;
; DATA_MEM:inst40|mem[109][27]                          ; Stuck at GND due to stuck port clock_enable ;
; DATA_MEM:inst40|mem[109][26]                          ; Stuck at GND due to stuck port clock_enable ;
; DATA_MEM:inst40|mem[109][25]                          ; Stuck at GND due to stuck port clock_enable ;
; DATA_MEM:inst40|mem[109][24]                          ; Stuck at GND due to stuck port clock_enable ;
; DATA_MEM:inst40|mem[109][23]                          ; Stuck at GND due to stuck port clock_enable ;
; DATA_MEM:inst40|mem[109][22]                          ; Stuck at GND due to stuck port clock_enable ;
; DATA_MEM:inst40|mem[109][21]                          ; Stuck at GND due to stuck port clock_enable ;
; DATA_MEM:inst40|mem[109][20]                          ; Stuck at GND due to stuck port clock_enable ;
; DATA_MEM:inst40|mem[109][19]                          ; Stuck at GND due to stuck port clock_enable ;
; DATA_MEM:inst40|mem[109][18]                          ; Stuck at GND due to stuck port clock_enable ;
; DATA_MEM:inst40|mem[109][17]                          ; Stuck at GND due to stuck port clock_enable ;
; DATA_MEM:inst40|mem[109][16]                          ; Stuck at GND due to stuck port clock_enable ;
; DATA_MEM:inst40|mem[109][15]                          ; Stuck at GND due to stuck port clock_enable ;
; DATA_MEM:inst40|mem[109][14]                          ; Stuck at GND due to stuck port clock_enable ;
; DATA_MEM:inst40|mem[109][13]                          ; Stuck at GND due to stuck port clock_enable ;
; DATA_MEM:inst40|mem[109][12]                          ; Stuck at GND due to stuck port clock_enable ;
; DATA_MEM:inst40|mem[109][11]                          ; Stuck at GND due to stuck port clock_enable ;
; DATA_MEM:inst40|mem[109][10]                          ; Stuck at GND due to stuck port clock_enable ;
; DATA_MEM:inst40|mem[109][9]                           ; Stuck at GND due to stuck port clock_enable ;
; DATA_MEM:inst40|mem[109][8]                           ; Stuck at GND due to stuck port clock_enable ;
; DATA_MEM:inst40|mem[109][7]                           ; Stuck at GND due to stuck port clock_enable ;
; DATA_MEM:inst40|mem[109][6]                           ; Stuck at GND due to stuck port clock_enable ;
; DATA_MEM:inst40|mem[109][5]                           ; Stuck at GND due to stuck port clock_enable ;
; DATA_MEM:inst40|mem[109][4]                           ; Stuck at GND due to stuck port clock_enable ;
; DATA_MEM:inst40|mem[109][3]                           ; Stuck at GND due to stuck port clock_enable ;
; DATA_MEM:inst40|mem[109][2]                           ; Stuck at GND due to stuck port clock_enable ;
; DATA_MEM:inst40|mem[109][1]                           ; Stuck at GND due to stuck port clock_enable ;
; DATA_MEM:inst40|mem[109][0]                           ; Stuck at GND due to stuck port clock_enable ;
; DATA_MEM:inst40|mem[108][31]                          ; Stuck at GND due to stuck port clock_enable ;
; DATA_MEM:inst40|mem[108][30]                          ; Stuck at GND due to stuck port clock_enable ;
; DATA_MEM:inst40|mem[108][29]                          ; Stuck at GND due to stuck port clock_enable ;
; DATA_MEM:inst40|mem[108][28]                          ; Stuck at GND due to stuck port clock_enable ;
; DATA_MEM:inst40|mem[108][27]                          ; Stuck at GND due to stuck port clock_enable ;
; DATA_MEM:inst40|mem[108][26]                          ; Stuck at GND due to stuck port clock_enable ;
; DATA_MEM:inst40|mem[108][25]                          ; Stuck at GND due to stuck port clock_enable ;
; DATA_MEM:inst40|mem[108][24]                          ; Stuck at GND due to stuck port clock_enable ;
; DATA_MEM:inst40|mem[108][23]                          ; Stuck at GND due to stuck port clock_enable ;
; DATA_MEM:inst40|mem[108][22]                          ; Stuck at GND due to stuck port clock_enable ;
; DATA_MEM:inst40|mem[108][21]                          ; Stuck at GND due to stuck port clock_enable ;
; DATA_MEM:inst40|mem[108][20]                          ; Stuck at GND due to stuck port clock_enable ;
; DATA_MEM:inst40|mem[108][19]                          ; Stuck at GND due to stuck port clock_enable ;
; DATA_MEM:inst40|mem[108][18]                          ; Stuck at GND due to stuck port clock_enable ;
; DATA_MEM:inst40|mem[108][17]                          ; Stuck at GND due to stuck port clock_enable ;
; DATA_MEM:inst40|mem[108][16]                          ; Stuck at GND due to stuck port clock_enable ;
; DATA_MEM:inst40|mem[108][15]                          ; Stuck at GND due to stuck port clock_enable ;
; DATA_MEM:inst40|mem[108][14]                          ; Stuck at GND due to stuck port clock_enable ;
; DATA_MEM:inst40|mem[108][13]                          ; Stuck at GND due to stuck port clock_enable ;
; DATA_MEM:inst40|mem[108][12]                          ; Stuck at GND due to stuck port clock_enable ;
; DATA_MEM:inst40|mem[108][11]                          ; Stuck at GND due to stuck port clock_enable ;
; DATA_MEM:inst40|mem[108][10]                          ; Stuck at GND due to stuck port clock_enable ;
; DATA_MEM:inst40|mem[108][9]                           ; Stuck at GND due to stuck port clock_enable ;
; DATA_MEM:inst40|mem[108][8]                           ; Stuck at GND due to stuck port clock_enable ;
; DATA_MEM:inst40|mem[108][7]                           ; Stuck at GND due to stuck port clock_enable ;
; DATA_MEM:inst40|mem[108][6]                           ; Stuck at GND due to stuck port clock_enable ;
; DATA_MEM:inst40|mem[108][5]                           ; Stuck at GND due to stuck port clock_enable ;
; DATA_MEM:inst40|mem[108][4]                           ; Stuck at GND due to stuck port clock_enable ;
; DATA_MEM:inst40|mem[108][3]                           ; Stuck at GND due to stuck port clock_enable ;
; DATA_MEM:inst40|mem[108][2]                           ; Stuck at GND due to stuck port clock_enable ;
; DATA_MEM:inst40|mem[108][1]                           ; Stuck at GND due to stuck port clock_enable ;
; DATA_MEM:inst40|mem[108][0]                           ; Stuck at GND due to stuck port clock_enable ;
; DATA_MEM:inst40|mem[107][31]                          ; Stuck at GND due to stuck port clock_enable ;
; DATA_MEM:inst40|mem[107][30]                          ; Stuck at GND due to stuck port clock_enable ;
; DATA_MEM:inst40|mem[107][29]                          ; Stuck at GND due to stuck port clock_enable ;
; DATA_MEM:inst40|mem[107][28]                          ; Stuck at GND due to stuck port clock_enable ;
; DATA_MEM:inst40|mem[107][27]                          ; Stuck at GND due to stuck port clock_enable ;
; DATA_MEM:inst40|mem[107][26]                          ; Stuck at GND due to stuck port clock_enable ;
; DATA_MEM:inst40|mem[107][25]                          ; Stuck at GND due to stuck port clock_enable ;
; DATA_MEM:inst40|mem[107][24]                          ; Stuck at GND due to stuck port clock_enable ;
; DATA_MEM:inst40|mem[107][23]                          ; Stuck at GND due to stuck port clock_enable ;
; DATA_MEM:inst40|mem[107][22]                          ; Stuck at GND due to stuck port clock_enable ;
; DATA_MEM:inst40|mem[107][21]                          ; Stuck at GND due to stuck port clock_enable ;
; DATA_MEM:inst40|mem[107][20]                          ; Stuck at GND due to stuck port clock_enable ;
; DATA_MEM:inst40|mem[107][19]                          ; Stuck at GND due to stuck port clock_enable ;
; DATA_MEM:inst40|mem[107][18]                          ; Stuck at GND due to stuck port clock_enable ;
; DATA_MEM:inst40|mem[107][17]                          ; Stuck at GND due to stuck port clock_enable ;
; DATA_MEM:inst40|mem[107][16]                          ; Stuck at GND due to stuck port clock_enable ;
; DATA_MEM:inst40|mem[107][15]                          ; Stuck at GND due to stuck port clock_enable ;
; DATA_MEM:inst40|mem[107][14]                          ; Stuck at GND due to stuck port clock_enable ;
; DATA_MEM:inst40|mem[107][13]                          ; Stuck at GND due to stuck port clock_enable ;
; DATA_MEM:inst40|mem[107][12]                          ; Stuck at GND due to stuck port clock_enable ;
; DATA_MEM:inst40|mem[107][11]                          ; Stuck at GND due to stuck port clock_enable ;
; DATA_MEM:inst40|mem[107][10]                          ; Stuck at GND due to stuck port clock_enable ;
; DATA_MEM:inst40|mem[107][9]                           ; Stuck at GND due to stuck port clock_enable ;
; DATA_MEM:inst40|mem[107][8]                           ; Stuck at GND due to stuck port clock_enable ;
; DATA_MEM:inst40|mem[107][7]                           ; Stuck at GND due to stuck port clock_enable ;
; DATA_MEM:inst40|mem[107][6]                           ; Stuck at GND due to stuck port clock_enable ;
; DATA_MEM:inst40|mem[107][5]                           ; Stuck at GND due to stuck port clock_enable ;
; DATA_MEM:inst40|mem[107][4]                           ; Stuck at GND due to stuck port clock_enable ;
; DATA_MEM:inst40|mem[107][3]                           ; Stuck at GND due to stuck port clock_enable ;
; DATA_MEM:inst40|mem[107][2]                           ; Stuck at GND due to stuck port clock_enable ;
; DATA_MEM:inst40|mem[107][1]                           ; Stuck at GND due to stuck port clock_enable ;
; DATA_MEM:inst40|mem[107][0]                           ; Stuck at GND due to stuck port clock_enable ;
; DATA_MEM:inst40|mem[106][31]                          ; Stuck at GND due to stuck port clock_enable ;
; DATA_MEM:inst40|mem[106][30]                          ; Stuck at GND due to stuck port clock_enable ;
; DATA_MEM:inst40|mem[106][29]                          ; Stuck at GND due to stuck port clock_enable ;
; DATA_MEM:inst40|mem[106][28]                          ; Stuck at GND due to stuck port clock_enable ;
; DATA_MEM:inst40|mem[106][27]                          ; Stuck at GND due to stuck port clock_enable ;
; DATA_MEM:inst40|mem[106][26]                          ; Stuck at GND due to stuck port clock_enable ;
; DATA_MEM:inst40|mem[106][25]                          ; Stuck at GND due to stuck port clock_enable ;
; DATA_MEM:inst40|mem[106][24]                          ; Stuck at GND due to stuck port clock_enable ;
; DATA_MEM:inst40|mem[106][23]                          ; Stuck at GND due to stuck port clock_enable ;
; DATA_MEM:inst40|mem[106][22]                          ; Stuck at GND due to stuck port clock_enable ;
; DATA_MEM:inst40|mem[106][21]                          ; Stuck at GND due to stuck port clock_enable ;
; DATA_MEM:inst40|mem[106][20]                          ; Stuck at GND due to stuck port clock_enable ;
; DATA_MEM:inst40|mem[106][19]                          ; Stuck at GND due to stuck port clock_enable ;
; DATA_MEM:inst40|mem[106][18]                          ; Stuck at GND due to stuck port clock_enable ;
; DATA_MEM:inst40|mem[106][17]                          ; Stuck at GND due to stuck port clock_enable ;
; DATA_MEM:inst40|mem[106][16]                          ; Stuck at GND due to stuck port clock_enable ;
; DATA_MEM:inst40|mem[106][15]                          ; Stuck at GND due to stuck port clock_enable ;
; DATA_MEM:inst40|mem[106][14]                          ; Stuck at GND due to stuck port clock_enable ;
; DATA_MEM:inst40|mem[106][13]                          ; Stuck at GND due to stuck port clock_enable ;
; DATA_MEM:inst40|mem[106][12]                          ; Stuck at GND due to stuck port clock_enable ;
; DATA_MEM:inst40|mem[106][11]                          ; Stuck at GND due to stuck port clock_enable ;
; DATA_MEM:inst40|mem[106][10]                          ; Stuck at GND due to stuck port clock_enable ;
; DATA_MEM:inst40|mem[106][9]                           ; Stuck at GND due to stuck port clock_enable ;
; DATA_MEM:inst40|mem[106][8]                           ; Stuck at GND due to stuck port clock_enable ;
; DATA_MEM:inst40|mem[106][7]                           ; Stuck at GND due to stuck port clock_enable ;
; DATA_MEM:inst40|mem[106][6]                           ; Stuck at GND due to stuck port clock_enable ;
; DATA_MEM:inst40|mem[106][5]                           ; Stuck at GND due to stuck port clock_enable ;
; DATA_MEM:inst40|mem[106][4]                           ; Stuck at GND due to stuck port clock_enable ;
; DATA_MEM:inst40|mem[106][3]                           ; Stuck at GND due to stuck port clock_enable ;
; DATA_MEM:inst40|mem[106][2]                           ; Stuck at GND due to stuck port clock_enable ;
; DATA_MEM:inst40|mem[106][1]                           ; Stuck at GND due to stuck port clock_enable ;
; DATA_MEM:inst40|mem[106][0]                           ; Stuck at GND due to stuck port clock_enable ;
; DATA_MEM:inst40|mem[105][31]                          ; Stuck at GND due to stuck port clock_enable ;
; DATA_MEM:inst40|mem[105][30]                          ; Stuck at GND due to stuck port clock_enable ;
; DATA_MEM:inst40|mem[105][29]                          ; Stuck at GND due to stuck port clock_enable ;
; DATA_MEM:inst40|mem[105][28]                          ; Stuck at GND due to stuck port clock_enable ;
; DATA_MEM:inst40|mem[105][27]                          ; Stuck at GND due to stuck port clock_enable ;
; DATA_MEM:inst40|mem[105][26]                          ; Stuck at GND due to stuck port clock_enable ;
; DATA_MEM:inst40|mem[105][25]                          ; Stuck at GND due to stuck port clock_enable ;
; DATA_MEM:inst40|mem[105][24]                          ; Stuck at GND due to stuck port clock_enable ;
; DATA_MEM:inst40|mem[105][23]                          ; Stuck at GND due to stuck port clock_enable ;
; DATA_MEM:inst40|mem[105][22]                          ; Stuck at GND due to stuck port clock_enable ;
; DATA_MEM:inst40|mem[105][21]                          ; Stuck at GND due to stuck port clock_enable ;
; DATA_MEM:inst40|mem[105][20]                          ; Stuck at GND due to stuck port clock_enable ;
; DATA_MEM:inst40|mem[105][19]                          ; Stuck at GND due to stuck port clock_enable ;
; DATA_MEM:inst40|mem[105][18]                          ; Stuck at GND due to stuck port clock_enable ;
; DATA_MEM:inst40|mem[105][17]                          ; Stuck at GND due to stuck port clock_enable ;
; DATA_MEM:inst40|mem[105][16]                          ; Stuck at GND due to stuck port clock_enable ;
; DATA_MEM:inst40|mem[105][15]                          ; Stuck at GND due to stuck port clock_enable ;
; DATA_MEM:inst40|mem[105][14]                          ; Stuck at GND due to stuck port clock_enable ;
; DATA_MEM:inst40|mem[105][13]                          ; Stuck at GND due to stuck port clock_enable ;
; DATA_MEM:inst40|mem[105][12]                          ; Stuck at GND due to stuck port clock_enable ;
; DATA_MEM:inst40|mem[105][11]                          ; Stuck at GND due to stuck port clock_enable ;
; DATA_MEM:inst40|mem[105][10]                          ; Stuck at GND due to stuck port clock_enable ;
; DATA_MEM:inst40|mem[105][9]                           ; Stuck at GND due to stuck port clock_enable ;
; DATA_MEM:inst40|mem[105][8]                           ; Stuck at GND due to stuck port clock_enable ;
; DATA_MEM:inst40|mem[105][7]                           ; Stuck at GND due to stuck port clock_enable ;
; DATA_MEM:inst40|mem[105][6]                           ; Stuck at GND due to stuck port clock_enable ;
; DATA_MEM:inst40|mem[105][5]                           ; Stuck at GND due to stuck port clock_enable ;
; DATA_MEM:inst40|mem[105][4]                           ; Stuck at GND due to stuck port clock_enable ;
; DATA_MEM:inst40|mem[105][3]                           ; Stuck at GND due to stuck port clock_enable ;
; DATA_MEM:inst40|mem[105][2]                           ; Stuck at GND due to stuck port clock_enable ;
; DATA_MEM:inst40|mem[105][1]                           ; Stuck at GND due to stuck port clock_enable ;
; DATA_MEM:inst40|mem[105][0]                           ; Stuck at GND due to stuck port clock_enable ;
; DATA_MEM:inst40|mem[104][31]                          ; Stuck at GND due to stuck port clock_enable ;
; DATA_MEM:inst40|mem[104][30]                          ; Stuck at GND due to stuck port clock_enable ;
; DATA_MEM:inst40|mem[104][29]                          ; Stuck at GND due to stuck port clock_enable ;
; DATA_MEM:inst40|mem[104][28]                          ; Stuck at GND due to stuck port clock_enable ;
; DATA_MEM:inst40|mem[104][27]                          ; Stuck at GND due to stuck port clock_enable ;
; DATA_MEM:inst40|mem[104][26]                          ; Stuck at GND due to stuck port clock_enable ;
; DATA_MEM:inst40|mem[104][25]                          ; Stuck at GND due to stuck port clock_enable ;
; DATA_MEM:inst40|mem[104][24]                          ; Stuck at GND due to stuck port clock_enable ;
; DATA_MEM:inst40|mem[104][23]                          ; Stuck at GND due to stuck port clock_enable ;
; DATA_MEM:inst40|mem[104][22]                          ; Stuck at GND due to stuck port clock_enable ;
; DATA_MEM:inst40|mem[104][21]                          ; Stuck at GND due to stuck port clock_enable ;
; DATA_MEM:inst40|mem[104][20]                          ; Stuck at GND due to stuck port clock_enable ;
; DATA_MEM:inst40|mem[104][19]                          ; Stuck at GND due to stuck port clock_enable ;
; DATA_MEM:inst40|mem[104][18]                          ; Stuck at GND due to stuck port clock_enable ;
; DATA_MEM:inst40|mem[104][17]                          ; Stuck at GND due to stuck port clock_enable ;
; DATA_MEM:inst40|mem[104][16]                          ; Stuck at GND due to stuck port clock_enable ;
; DATA_MEM:inst40|mem[104][15]                          ; Stuck at GND due to stuck port clock_enable ;
; DATA_MEM:inst40|mem[104][14]                          ; Stuck at GND due to stuck port clock_enable ;
; DATA_MEM:inst40|mem[104][13]                          ; Stuck at GND due to stuck port clock_enable ;
; DATA_MEM:inst40|mem[104][12]                          ; Stuck at GND due to stuck port clock_enable ;
; DATA_MEM:inst40|mem[104][11]                          ; Stuck at GND due to stuck port clock_enable ;
; DATA_MEM:inst40|mem[104][10]                          ; Stuck at GND due to stuck port clock_enable ;
; DATA_MEM:inst40|mem[104][9]                           ; Stuck at GND due to stuck port clock_enable ;
; DATA_MEM:inst40|mem[104][8]                           ; Stuck at GND due to stuck port clock_enable ;
; DATA_MEM:inst40|mem[104][7]                           ; Stuck at GND due to stuck port clock_enable ;
; DATA_MEM:inst40|mem[104][6]                           ; Stuck at GND due to stuck port clock_enable ;
; DATA_MEM:inst40|mem[104][5]                           ; Stuck at GND due to stuck port clock_enable ;
; DATA_MEM:inst40|mem[104][4]                           ; Stuck at GND due to stuck port clock_enable ;
; DATA_MEM:inst40|mem[104][3]                           ; Stuck at GND due to stuck port clock_enable ;
; DATA_MEM:inst40|mem[104][2]                           ; Stuck at GND due to stuck port clock_enable ;
; DATA_MEM:inst40|mem[104][1]                           ; Stuck at GND due to stuck port clock_enable ;
; DATA_MEM:inst40|mem[104][0]                           ; Stuck at GND due to stuck port clock_enable ;
; DATA_MEM:inst40|mem[103][31]                          ; Stuck at GND due to stuck port clock_enable ;
; DATA_MEM:inst40|mem[103][30]                          ; Stuck at GND due to stuck port clock_enable ;
; DATA_MEM:inst40|mem[103][29]                          ; Stuck at GND due to stuck port clock_enable ;
; DATA_MEM:inst40|mem[103][28]                          ; Stuck at GND due to stuck port clock_enable ;
; DATA_MEM:inst40|mem[103][27]                          ; Stuck at GND due to stuck port clock_enable ;
; DATA_MEM:inst40|mem[103][26]                          ; Stuck at GND due to stuck port clock_enable ;
; DATA_MEM:inst40|mem[103][25]                          ; Stuck at GND due to stuck port clock_enable ;
; DATA_MEM:inst40|mem[103][24]                          ; Stuck at GND due to stuck port clock_enable ;
; DATA_MEM:inst40|mem[103][23]                          ; Stuck at GND due to stuck port clock_enable ;
; DATA_MEM:inst40|mem[103][22]                          ; Stuck at GND due to stuck port clock_enable ;
; DATA_MEM:inst40|mem[103][21]                          ; Stuck at GND due to stuck port clock_enable ;
; DATA_MEM:inst40|mem[103][20]                          ; Stuck at GND due to stuck port clock_enable ;
; DATA_MEM:inst40|mem[103][19]                          ; Stuck at GND due to stuck port clock_enable ;
; DATA_MEM:inst40|mem[103][18]                          ; Stuck at GND due to stuck port clock_enable ;
; DATA_MEM:inst40|mem[103][17]                          ; Stuck at GND due to stuck port clock_enable ;
; DATA_MEM:inst40|mem[103][16]                          ; Stuck at GND due to stuck port clock_enable ;
; DATA_MEM:inst40|mem[103][15]                          ; Stuck at GND due to stuck port clock_enable ;
; DATA_MEM:inst40|mem[103][14]                          ; Stuck at GND due to stuck port clock_enable ;
; DATA_MEM:inst40|mem[103][13]                          ; Stuck at GND due to stuck port clock_enable ;
; DATA_MEM:inst40|mem[103][12]                          ; Stuck at GND due to stuck port clock_enable ;
; DATA_MEM:inst40|mem[103][11]                          ; Stuck at GND due to stuck port clock_enable ;
; DATA_MEM:inst40|mem[103][10]                          ; Stuck at GND due to stuck port clock_enable ;
; DATA_MEM:inst40|mem[103][9]                           ; Stuck at GND due to stuck port clock_enable ;
; DATA_MEM:inst40|mem[103][8]                           ; Stuck at GND due to stuck port clock_enable ;
; DATA_MEM:inst40|mem[103][7]                           ; Stuck at GND due to stuck port clock_enable ;
; DATA_MEM:inst40|mem[103][6]                           ; Stuck at GND due to stuck port clock_enable ;
; DATA_MEM:inst40|mem[103][5]                           ; Stuck at GND due to stuck port clock_enable ;
; DATA_MEM:inst40|mem[103][4]                           ; Stuck at GND due to stuck port clock_enable ;
; DATA_MEM:inst40|mem[103][3]                           ; Stuck at GND due to stuck port clock_enable ;
; DATA_MEM:inst40|mem[103][2]                           ; Stuck at GND due to stuck port clock_enable ;
; DATA_MEM:inst40|mem[103][1]                           ; Stuck at GND due to stuck port clock_enable ;
; DATA_MEM:inst40|mem[103][0]                           ; Stuck at GND due to stuck port clock_enable ;
; DATA_MEM:inst40|mem[102][31]                          ; Stuck at GND due to stuck port clock_enable ;
; DATA_MEM:inst40|mem[102][30]                          ; Stuck at GND due to stuck port clock_enable ;
; DATA_MEM:inst40|mem[102][29]                          ; Stuck at GND due to stuck port clock_enable ;
; DATA_MEM:inst40|mem[102][28]                          ; Stuck at GND due to stuck port clock_enable ;
; DATA_MEM:inst40|mem[102][27]                          ; Stuck at GND due to stuck port clock_enable ;
; DATA_MEM:inst40|mem[102][26]                          ; Stuck at GND due to stuck port clock_enable ;
; DATA_MEM:inst40|mem[102][25]                          ; Stuck at GND due to stuck port clock_enable ;
; DATA_MEM:inst40|mem[102][24]                          ; Stuck at GND due to stuck port clock_enable ;
; DATA_MEM:inst40|mem[102][23]                          ; Stuck at GND due to stuck port clock_enable ;
; DATA_MEM:inst40|mem[102][22]                          ; Stuck at GND due to stuck port clock_enable ;
; DATA_MEM:inst40|mem[102][21]                          ; Stuck at GND due to stuck port clock_enable ;
; DATA_MEM:inst40|mem[102][20]                          ; Stuck at GND due to stuck port clock_enable ;
; DATA_MEM:inst40|mem[102][19]                          ; Stuck at GND due to stuck port clock_enable ;
; DATA_MEM:inst40|mem[102][18]                          ; Stuck at GND due to stuck port clock_enable ;
; DATA_MEM:inst40|mem[102][17]                          ; Stuck at GND due to stuck port clock_enable ;
; DATA_MEM:inst40|mem[102][16]                          ; Stuck at GND due to stuck port clock_enable ;
; DATA_MEM:inst40|mem[102][15]                          ; Stuck at GND due to stuck port clock_enable ;
; DATA_MEM:inst40|mem[102][14]                          ; Stuck at GND due to stuck port clock_enable ;
; DATA_MEM:inst40|mem[102][13]                          ; Stuck at GND due to stuck port clock_enable ;
; DATA_MEM:inst40|mem[102][12]                          ; Stuck at GND due to stuck port clock_enable ;
; DATA_MEM:inst40|mem[102][11]                          ; Stuck at GND due to stuck port clock_enable ;
; DATA_MEM:inst40|mem[102][10]                          ; Stuck at GND due to stuck port clock_enable ;
; DATA_MEM:inst40|mem[102][9]                           ; Stuck at GND due to stuck port clock_enable ;
; DATA_MEM:inst40|mem[102][8]                           ; Stuck at GND due to stuck port clock_enable ;
; DATA_MEM:inst40|mem[102][7]                           ; Stuck at GND due to stuck port clock_enable ;
; DATA_MEM:inst40|mem[102][6]                           ; Stuck at GND due to stuck port clock_enable ;
; DATA_MEM:inst40|mem[102][5]                           ; Stuck at GND due to stuck port clock_enable ;
; DATA_MEM:inst40|mem[102][4]                           ; Stuck at GND due to stuck port clock_enable ;
; DATA_MEM:inst40|mem[102][3]                           ; Stuck at GND due to stuck port clock_enable ;
; DATA_MEM:inst40|mem[102][2]                           ; Stuck at GND due to stuck port clock_enable ;
; DATA_MEM:inst40|mem[102][1]                           ; Stuck at GND due to stuck port clock_enable ;
; DATA_MEM:inst40|mem[102][0]                           ; Stuck at GND due to stuck port clock_enable ;
; DATA_MEM:inst40|mem[101][31]                          ; Stuck at GND due to stuck port clock_enable ;
; DATA_MEM:inst40|mem[101][30]                          ; Stuck at GND due to stuck port clock_enable ;
; DATA_MEM:inst40|mem[101][29]                          ; Stuck at GND due to stuck port clock_enable ;
; DATA_MEM:inst40|mem[101][28]                          ; Stuck at GND due to stuck port clock_enable ;
; DATA_MEM:inst40|mem[101][27]                          ; Stuck at GND due to stuck port clock_enable ;
; DATA_MEM:inst40|mem[101][26]                          ; Stuck at GND due to stuck port clock_enable ;
; DATA_MEM:inst40|mem[101][25]                          ; Stuck at GND due to stuck port clock_enable ;
; DATA_MEM:inst40|mem[101][24]                          ; Stuck at GND due to stuck port clock_enable ;
; DATA_MEM:inst40|mem[101][23]                          ; Stuck at GND due to stuck port clock_enable ;
; DATA_MEM:inst40|mem[101][22]                          ; Stuck at GND due to stuck port clock_enable ;
; DATA_MEM:inst40|mem[101][21]                          ; Stuck at GND due to stuck port clock_enable ;
; DATA_MEM:inst40|mem[101][20]                          ; Stuck at GND due to stuck port clock_enable ;
; DATA_MEM:inst40|mem[101][19]                          ; Stuck at GND due to stuck port clock_enable ;
; DATA_MEM:inst40|mem[101][18]                          ; Stuck at GND due to stuck port clock_enable ;
; DATA_MEM:inst40|mem[101][17]                          ; Stuck at GND due to stuck port clock_enable ;
; DATA_MEM:inst40|mem[101][16]                          ; Stuck at GND due to stuck port clock_enable ;
; DATA_MEM:inst40|mem[101][15]                          ; Stuck at GND due to stuck port clock_enable ;
; DATA_MEM:inst40|mem[101][14]                          ; Stuck at GND due to stuck port clock_enable ;
; DATA_MEM:inst40|mem[101][13]                          ; Stuck at GND due to stuck port clock_enable ;
; DATA_MEM:inst40|mem[101][12]                          ; Stuck at GND due to stuck port clock_enable ;
; DATA_MEM:inst40|mem[101][11]                          ; Stuck at GND due to stuck port clock_enable ;
; DATA_MEM:inst40|mem[101][10]                          ; Stuck at GND due to stuck port clock_enable ;
; DATA_MEM:inst40|mem[101][9]                           ; Stuck at GND due to stuck port clock_enable ;
; DATA_MEM:inst40|mem[101][8]                           ; Stuck at GND due to stuck port clock_enable ;
; DATA_MEM:inst40|mem[101][7]                           ; Stuck at GND due to stuck port clock_enable ;
; DATA_MEM:inst40|mem[101][6]                           ; Stuck at GND due to stuck port clock_enable ;
; DATA_MEM:inst40|mem[101][5]                           ; Stuck at GND due to stuck port clock_enable ;
; DATA_MEM:inst40|mem[101][4]                           ; Stuck at GND due to stuck port clock_enable ;
; DATA_MEM:inst40|mem[101][3]                           ; Stuck at GND due to stuck port clock_enable ;
; DATA_MEM:inst40|mem[101][2]                           ; Stuck at GND due to stuck port clock_enable ;
; DATA_MEM:inst40|mem[101][1]                           ; Stuck at GND due to stuck port clock_enable ;
; DATA_MEM:inst40|mem[101][0]                           ; Stuck at GND due to stuck port clock_enable ;
; DATA_MEM:inst40|mem[100][31]                          ; Stuck at GND due to stuck port clock_enable ;
; DATA_MEM:inst40|mem[100][30]                          ; Stuck at GND due to stuck port clock_enable ;
; DATA_MEM:inst40|mem[100][29]                          ; Stuck at GND due to stuck port clock_enable ;
; DATA_MEM:inst40|mem[100][28]                          ; Stuck at GND due to stuck port clock_enable ;
; DATA_MEM:inst40|mem[100][27]                          ; Stuck at GND due to stuck port clock_enable ;
; DATA_MEM:inst40|mem[100][26]                          ; Stuck at GND due to stuck port clock_enable ;
; DATA_MEM:inst40|mem[100][25]                          ; Stuck at GND due to stuck port clock_enable ;
; DATA_MEM:inst40|mem[100][24]                          ; Stuck at GND due to stuck port clock_enable ;
; DATA_MEM:inst40|mem[100][23]                          ; Stuck at GND due to stuck port clock_enable ;
; DATA_MEM:inst40|mem[100][22]                          ; Stuck at GND due to stuck port clock_enable ;
; DATA_MEM:inst40|mem[100][21]                          ; Stuck at GND due to stuck port clock_enable ;
; DATA_MEM:inst40|mem[100][20]                          ; Stuck at GND due to stuck port clock_enable ;
; DATA_MEM:inst40|mem[100][19]                          ; Stuck at GND due to stuck port clock_enable ;
; DATA_MEM:inst40|mem[100][18]                          ; Stuck at GND due to stuck port clock_enable ;
; DATA_MEM:inst40|mem[100][17]                          ; Stuck at GND due to stuck port clock_enable ;
; DATA_MEM:inst40|mem[100][16]                          ; Stuck at GND due to stuck port clock_enable ;
; DATA_MEM:inst40|mem[100][15]                          ; Stuck at GND due to stuck port clock_enable ;
; DATA_MEM:inst40|mem[100][14]                          ; Stuck at GND due to stuck port clock_enable ;
; DATA_MEM:inst40|mem[100][13]                          ; Stuck at GND due to stuck port clock_enable ;
; DATA_MEM:inst40|mem[100][12]                          ; Stuck at GND due to stuck port clock_enable ;
; DATA_MEM:inst40|mem[100][11]                          ; Stuck at GND due to stuck port clock_enable ;
; DATA_MEM:inst40|mem[100][10]                          ; Stuck at GND due to stuck port clock_enable ;
; DATA_MEM:inst40|mem[100][9]                           ; Stuck at GND due to stuck port clock_enable ;
; DATA_MEM:inst40|mem[100][8]                           ; Stuck at GND due to stuck port clock_enable ;
; DATA_MEM:inst40|mem[100][7]                           ; Stuck at GND due to stuck port clock_enable ;
; DATA_MEM:inst40|mem[100][6]                           ; Stuck at GND due to stuck port clock_enable ;
; DATA_MEM:inst40|mem[100][5]                           ; Stuck at GND due to stuck port clock_enable ;
; DATA_MEM:inst40|mem[100][4]                           ; Stuck at GND due to stuck port clock_enable ;
; DATA_MEM:inst40|mem[100][3]                           ; Stuck at GND due to stuck port clock_enable ;
; DATA_MEM:inst40|mem[100][2]                           ; Stuck at GND due to stuck port clock_enable ;
; DATA_MEM:inst40|mem[100][1]                           ; Stuck at GND due to stuck port clock_enable ;
; DATA_MEM:inst40|mem[100][0]                           ; Stuck at GND due to stuck port clock_enable ;
; DATA_MEM:inst40|mem[99][31]                           ; Stuck at GND due to stuck port clock_enable ;
; DATA_MEM:inst40|mem[99][30]                           ; Stuck at GND due to stuck port clock_enable ;
; DATA_MEM:inst40|mem[99][29]                           ; Stuck at GND due to stuck port clock_enable ;
; DATA_MEM:inst40|mem[99][28]                           ; Stuck at GND due to stuck port clock_enable ;
; DATA_MEM:inst40|mem[99][27]                           ; Stuck at GND due to stuck port clock_enable ;
; DATA_MEM:inst40|mem[99][26]                           ; Stuck at GND due to stuck port clock_enable ;
; DATA_MEM:inst40|mem[99][25]                           ; Stuck at GND due to stuck port clock_enable ;
; DATA_MEM:inst40|mem[99][24]                           ; Stuck at GND due to stuck port clock_enable ;
; DATA_MEM:inst40|mem[99][23]                           ; Stuck at GND due to stuck port clock_enable ;
; DATA_MEM:inst40|mem[99][22]                           ; Stuck at GND due to stuck port clock_enable ;
; DATA_MEM:inst40|mem[99][21]                           ; Stuck at GND due to stuck port clock_enable ;
; DATA_MEM:inst40|mem[99][20]                           ; Stuck at GND due to stuck port clock_enable ;
; DATA_MEM:inst40|mem[99][19]                           ; Stuck at GND due to stuck port clock_enable ;
; DATA_MEM:inst40|mem[99][18]                           ; Stuck at GND due to stuck port clock_enable ;
; DATA_MEM:inst40|mem[99][17]                           ; Stuck at GND due to stuck port clock_enable ;
; DATA_MEM:inst40|mem[99][16]                           ; Stuck at GND due to stuck port clock_enable ;
; DATA_MEM:inst40|mem[99][15]                           ; Stuck at GND due to stuck port clock_enable ;
; DATA_MEM:inst40|mem[99][14]                           ; Stuck at GND due to stuck port clock_enable ;
; DATA_MEM:inst40|mem[99][13]                           ; Stuck at GND due to stuck port clock_enable ;
; DATA_MEM:inst40|mem[99][12]                           ; Stuck at GND due to stuck port clock_enable ;
; DATA_MEM:inst40|mem[99][11]                           ; Stuck at GND due to stuck port clock_enable ;
; DATA_MEM:inst40|mem[99][10]                           ; Stuck at GND due to stuck port clock_enable ;
; DATA_MEM:inst40|mem[99][9]                            ; Stuck at GND due to stuck port clock_enable ;
; DATA_MEM:inst40|mem[99][8]                            ; Stuck at GND due to stuck port clock_enable ;
; DATA_MEM:inst40|mem[99][7]                            ; Stuck at GND due to stuck port clock_enable ;
; DATA_MEM:inst40|mem[99][6]                            ; Stuck at GND due to stuck port clock_enable ;
; DATA_MEM:inst40|mem[99][5]                            ; Stuck at GND due to stuck port clock_enable ;
; DATA_MEM:inst40|mem[99][4]                            ; Stuck at GND due to stuck port clock_enable ;
; DATA_MEM:inst40|mem[99][3]                            ; Stuck at GND due to stuck port clock_enable ;
; DATA_MEM:inst40|mem[99][2]                            ; Stuck at GND due to stuck port clock_enable ;
; DATA_MEM:inst40|mem[99][1]                            ; Stuck at GND due to stuck port clock_enable ;
; DATA_MEM:inst40|mem[99][0]                            ; Stuck at GND due to stuck port clock_enable ;
; DATA_MEM:inst40|mem[98][31]                           ; Stuck at GND due to stuck port clock_enable ;
; DATA_MEM:inst40|mem[98][30]                           ; Stuck at GND due to stuck port clock_enable ;
; DATA_MEM:inst40|mem[98][29]                           ; Stuck at GND due to stuck port clock_enable ;
; DATA_MEM:inst40|mem[98][28]                           ; Stuck at GND due to stuck port clock_enable ;
; DATA_MEM:inst40|mem[98][27]                           ; Stuck at GND due to stuck port clock_enable ;
; DATA_MEM:inst40|mem[98][26]                           ; Stuck at GND due to stuck port clock_enable ;
; DATA_MEM:inst40|mem[98][25]                           ; Stuck at GND due to stuck port clock_enable ;
; DATA_MEM:inst40|mem[98][24]                           ; Stuck at GND due to stuck port clock_enable ;
; DATA_MEM:inst40|mem[98][23]                           ; Stuck at GND due to stuck port clock_enable ;
; DATA_MEM:inst40|mem[98][22]                           ; Stuck at GND due to stuck port clock_enable ;
; DATA_MEM:inst40|mem[98][21]                           ; Stuck at GND due to stuck port clock_enable ;
; DATA_MEM:inst40|mem[98][20]                           ; Stuck at GND due to stuck port clock_enable ;
; DATA_MEM:inst40|mem[98][19]                           ; Stuck at GND due to stuck port clock_enable ;
; DATA_MEM:inst40|mem[98][18]                           ; Stuck at GND due to stuck port clock_enable ;
; DATA_MEM:inst40|mem[98][17]                           ; Stuck at GND due to stuck port clock_enable ;
; DATA_MEM:inst40|mem[98][16]                           ; Stuck at GND due to stuck port clock_enable ;
; DATA_MEM:inst40|mem[98][15]                           ; Stuck at GND due to stuck port clock_enable ;
; DATA_MEM:inst40|mem[98][14]                           ; Stuck at GND due to stuck port clock_enable ;
; DATA_MEM:inst40|mem[98][13]                           ; Stuck at GND due to stuck port clock_enable ;
; DATA_MEM:inst40|mem[98][12]                           ; Stuck at GND due to stuck port clock_enable ;
; DATA_MEM:inst40|mem[98][11]                           ; Stuck at GND due to stuck port clock_enable ;
; DATA_MEM:inst40|mem[98][10]                           ; Stuck at GND due to stuck port clock_enable ;
; DATA_MEM:inst40|mem[98][9]                            ; Stuck at GND due to stuck port clock_enable ;
; DATA_MEM:inst40|mem[98][8]                            ; Stuck at GND due to stuck port clock_enable ;
; DATA_MEM:inst40|mem[98][7]                            ; Stuck at GND due to stuck port clock_enable ;
; DATA_MEM:inst40|mem[98][6]                            ; Stuck at GND due to stuck port clock_enable ;
; DATA_MEM:inst40|mem[98][5]                            ; Stuck at GND due to stuck port clock_enable ;
; DATA_MEM:inst40|mem[98][4]                            ; Stuck at GND due to stuck port clock_enable ;
; DATA_MEM:inst40|mem[98][3]                            ; Stuck at GND due to stuck port clock_enable ;
; DATA_MEM:inst40|mem[98][2]                            ; Stuck at GND due to stuck port clock_enable ;
; DATA_MEM:inst40|mem[98][1]                            ; Stuck at GND due to stuck port clock_enable ;
; DATA_MEM:inst40|mem[98][0]                            ; Stuck at GND due to stuck port clock_enable ;
; DATA_MEM:inst40|mem[97][31]                           ; Stuck at GND due to stuck port clock_enable ;
; DATA_MEM:inst40|mem[97][30]                           ; Stuck at GND due to stuck port clock_enable ;
; DATA_MEM:inst40|mem[97][29]                           ; Stuck at GND due to stuck port clock_enable ;
; DATA_MEM:inst40|mem[97][28]                           ; Stuck at GND due to stuck port clock_enable ;
; DATA_MEM:inst40|mem[97][27]                           ; Stuck at GND due to stuck port clock_enable ;
; DATA_MEM:inst40|mem[97][26]                           ; Stuck at GND due to stuck port clock_enable ;
; DATA_MEM:inst40|mem[97][25]                           ; Stuck at GND due to stuck port clock_enable ;
; DATA_MEM:inst40|mem[97][24]                           ; Stuck at GND due to stuck port clock_enable ;
; DATA_MEM:inst40|mem[97][23]                           ; Stuck at GND due to stuck port clock_enable ;
; DATA_MEM:inst40|mem[97][22]                           ; Stuck at GND due to stuck port clock_enable ;
; DATA_MEM:inst40|mem[97][21]                           ; Stuck at GND due to stuck port clock_enable ;
; DATA_MEM:inst40|mem[97][20]                           ; Stuck at GND due to stuck port clock_enable ;
; DATA_MEM:inst40|mem[97][19]                           ; Stuck at GND due to stuck port clock_enable ;
; DATA_MEM:inst40|mem[97][18]                           ; Stuck at GND due to stuck port clock_enable ;
; DATA_MEM:inst40|mem[97][17]                           ; Stuck at GND due to stuck port clock_enable ;
; DATA_MEM:inst40|mem[97][16]                           ; Stuck at GND due to stuck port clock_enable ;
; DATA_MEM:inst40|mem[97][15]                           ; Stuck at GND due to stuck port clock_enable ;
; DATA_MEM:inst40|mem[97][14]                           ; Stuck at GND due to stuck port clock_enable ;
; DATA_MEM:inst40|mem[97][13]                           ; Stuck at GND due to stuck port clock_enable ;
; DATA_MEM:inst40|mem[97][12]                           ; Stuck at GND due to stuck port clock_enable ;
; DATA_MEM:inst40|mem[97][11]                           ; Stuck at GND due to stuck port clock_enable ;
; DATA_MEM:inst40|mem[97][10]                           ; Stuck at GND due to stuck port clock_enable ;
; DATA_MEM:inst40|mem[97][9]                            ; Stuck at GND due to stuck port clock_enable ;
; DATA_MEM:inst40|mem[97][8]                            ; Stuck at GND due to stuck port clock_enable ;
; DATA_MEM:inst40|mem[97][7]                            ; Stuck at GND due to stuck port clock_enable ;
; DATA_MEM:inst40|mem[97][6]                            ; Stuck at GND due to stuck port clock_enable ;
; DATA_MEM:inst40|mem[97][5]                            ; Stuck at GND due to stuck port clock_enable ;
; DATA_MEM:inst40|mem[97][4]                            ; Stuck at GND due to stuck port clock_enable ;
; DATA_MEM:inst40|mem[97][3]                            ; Stuck at GND due to stuck port clock_enable ;
; DATA_MEM:inst40|mem[97][2]                            ; Stuck at GND due to stuck port clock_enable ;
; DATA_MEM:inst40|mem[97][1]                            ; Stuck at GND due to stuck port clock_enable ;
; DATA_MEM:inst40|mem[97][0]                            ; Stuck at GND due to stuck port clock_enable ;
; DATA_MEM:inst40|mem[96][31]                           ; Stuck at GND due to stuck port clock_enable ;
; DATA_MEM:inst40|mem[96][30]                           ; Stuck at GND due to stuck port clock_enable ;
; DATA_MEM:inst40|mem[96][29]                           ; Stuck at GND due to stuck port clock_enable ;
; DATA_MEM:inst40|mem[96][28]                           ; Stuck at GND due to stuck port clock_enable ;
; DATA_MEM:inst40|mem[96][27]                           ; Stuck at GND due to stuck port clock_enable ;
; DATA_MEM:inst40|mem[96][26]                           ; Stuck at GND due to stuck port clock_enable ;
; DATA_MEM:inst40|mem[96][25]                           ; Stuck at GND due to stuck port clock_enable ;
; DATA_MEM:inst40|mem[96][24]                           ; Stuck at GND due to stuck port clock_enable ;
; DATA_MEM:inst40|mem[96][23]                           ; Stuck at GND due to stuck port clock_enable ;
; DATA_MEM:inst40|mem[96][22]                           ; Stuck at GND due to stuck port clock_enable ;
; DATA_MEM:inst40|mem[96][21]                           ; Stuck at GND due to stuck port clock_enable ;
; DATA_MEM:inst40|mem[96][20]                           ; Stuck at GND due to stuck port clock_enable ;
; DATA_MEM:inst40|mem[96][19]                           ; Stuck at GND due to stuck port clock_enable ;
; DATA_MEM:inst40|mem[96][18]                           ; Stuck at GND due to stuck port clock_enable ;
; DATA_MEM:inst40|mem[96][17]                           ; Stuck at GND due to stuck port clock_enable ;
; DATA_MEM:inst40|mem[96][16]                           ; Stuck at GND due to stuck port clock_enable ;
; DATA_MEM:inst40|mem[96][15]                           ; Stuck at GND due to stuck port clock_enable ;
; DATA_MEM:inst40|mem[96][14]                           ; Stuck at GND due to stuck port clock_enable ;
; DATA_MEM:inst40|mem[96][13]                           ; Stuck at GND due to stuck port clock_enable ;
; DATA_MEM:inst40|mem[96][12]                           ; Stuck at GND due to stuck port clock_enable ;
; DATA_MEM:inst40|mem[96][11]                           ; Stuck at GND due to stuck port clock_enable ;
; DATA_MEM:inst40|mem[96][10]                           ; Stuck at GND due to stuck port clock_enable ;
; DATA_MEM:inst40|mem[96][9]                            ; Stuck at GND due to stuck port clock_enable ;
; DATA_MEM:inst40|mem[96][8]                            ; Stuck at GND due to stuck port clock_enable ;
; DATA_MEM:inst40|mem[96][7]                            ; Stuck at GND due to stuck port clock_enable ;
; DATA_MEM:inst40|mem[96][6]                            ; Stuck at GND due to stuck port clock_enable ;
; DATA_MEM:inst40|mem[96][5]                            ; Stuck at GND due to stuck port clock_enable ;
; DATA_MEM:inst40|mem[96][4]                            ; Stuck at GND due to stuck port clock_enable ;
; DATA_MEM:inst40|mem[96][3]                            ; Stuck at GND due to stuck port clock_enable ;
; DATA_MEM:inst40|mem[96][2]                            ; Stuck at GND due to stuck port clock_enable ;
; DATA_MEM:inst40|mem[96][1]                            ; Stuck at GND due to stuck port clock_enable ;
; DATA_MEM:inst40|mem[96][0]                            ; Stuck at GND due to stuck port clock_enable ;
; DATA_MEM:inst40|mem[95][31]                           ; Stuck at GND due to stuck port clock_enable ;
; DATA_MEM:inst40|mem[95][30]                           ; Stuck at GND due to stuck port clock_enable ;
; DATA_MEM:inst40|mem[95][29]                           ; Stuck at GND due to stuck port clock_enable ;
; DATA_MEM:inst40|mem[95][28]                           ; Stuck at GND due to stuck port clock_enable ;
; DATA_MEM:inst40|mem[95][27]                           ; Stuck at GND due to stuck port clock_enable ;
; DATA_MEM:inst40|mem[95][26]                           ; Stuck at GND due to stuck port clock_enable ;
; DATA_MEM:inst40|mem[95][25]                           ; Stuck at GND due to stuck port clock_enable ;
; DATA_MEM:inst40|mem[95][24]                           ; Stuck at GND due to stuck port clock_enable ;
; DATA_MEM:inst40|mem[95][23]                           ; Stuck at GND due to stuck port clock_enable ;
; DATA_MEM:inst40|mem[95][22]                           ; Stuck at GND due to stuck port clock_enable ;
; DATA_MEM:inst40|mem[95][21]                           ; Stuck at GND due to stuck port clock_enable ;
; DATA_MEM:inst40|mem[95][20]                           ; Stuck at GND due to stuck port clock_enable ;
; DATA_MEM:inst40|mem[95][19]                           ; Stuck at GND due to stuck port clock_enable ;
; DATA_MEM:inst40|mem[95][18]                           ; Stuck at GND due to stuck port clock_enable ;
; DATA_MEM:inst40|mem[95][17]                           ; Stuck at GND due to stuck port clock_enable ;
; DATA_MEM:inst40|mem[95][16]                           ; Stuck at GND due to stuck port clock_enable ;
; DATA_MEM:inst40|mem[95][15]                           ; Stuck at GND due to stuck port clock_enable ;
; DATA_MEM:inst40|mem[95][14]                           ; Stuck at GND due to stuck port clock_enable ;
; DATA_MEM:inst40|mem[95][13]                           ; Stuck at GND due to stuck port clock_enable ;
; DATA_MEM:inst40|mem[95][12]                           ; Stuck at GND due to stuck port clock_enable ;
; DATA_MEM:inst40|mem[95][11]                           ; Stuck at GND due to stuck port clock_enable ;
; DATA_MEM:inst40|mem[95][10]                           ; Stuck at GND due to stuck port clock_enable ;
; DATA_MEM:inst40|mem[95][9]                            ; Stuck at GND due to stuck port clock_enable ;
; DATA_MEM:inst40|mem[95][8]                            ; Stuck at GND due to stuck port clock_enable ;
; DATA_MEM:inst40|mem[95][7]                            ; Stuck at GND due to stuck port clock_enable ;
; DATA_MEM:inst40|mem[95][6]                            ; Stuck at GND due to stuck port clock_enable ;
; DATA_MEM:inst40|mem[95][5]                            ; Stuck at GND due to stuck port clock_enable ;
; DATA_MEM:inst40|mem[95][4]                            ; Stuck at GND due to stuck port clock_enable ;
; DATA_MEM:inst40|mem[95][3]                            ; Stuck at GND due to stuck port clock_enable ;
; DATA_MEM:inst40|mem[95][2]                            ; Stuck at GND due to stuck port clock_enable ;
; DATA_MEM:inst40|mem[95][1]                            ; Stuck at GND due to stuck port clock_enable ;
; DATA_MEM:inst40|mem[95][0]                            ; Stuck at GND due to stuck port clock_enable ;
; DATA_MEM:inst40|mem[94][31]                           ; Stuck at GND due to stuck port clock_enable ;
; DATA_MEM:inst40|mem[94][30]                           ; Stuck at GND due to stuck port clock_enable ;
; DATA_MEM:inst40|mem[94][29]                           ; Stuck at GND due to stuck port clock_enable ;
; DATA_MEM:inst40|mem[94][28]                           ; Stuck at GND due to stuck port clock_enable ;
; DATA_MEM:inst40|mem[94][27]                           ; Stuck at GND due to stuck port clock_enable ;
; DATA_MEM:inst40|mem[94][26]                           ; Stuck at GND due to stuck port clock_enable ;
; DATA_MEM:inst40|mem[94][25]                           ; Stuck at GND due to stuck port clock_enable ;
; DATA_MEM:inst40|mem[94][24]                           ; Stuck at GND due to stuck port clock_enable ;
; DATA_MEM:inst40|mem[94][23]                           ; Stuck at GND due to stuck port clock_enable ;
; DATA_MEM:inst40|mem[94][22]                           ; Stuck at GND due to stuck port clock_enable ;
; DATA_MEM:inst40|mem[94][21]                           ; Stuck at GND due to stuck port clock_enable ;
; DATA_MEM:inst40|mem[94][20]                           ; Stuck at GND due to stuck port clock_enable ;
; DATA_MEM:inst40|mem[94][19]                           ; Stuck at GND due to stuck port clock_enable ;
; DATA_MEM:inst40|mem[94][18]                           ; Stuck at GND due to stuck port clock_enable ;
; DATA_MEM:inst40|mem[94][17]                           ; Stuck at GND due to stuck port clock_enable ;
; DATA_MEM:inst40|mem[94][16]                           ; Stuck at GND due to stuck port clock_enable ;
; DATA_MEM:inst40|mem[94][15]                           ; Stuck at GND due to stuck port clock_enable ;
; DATA_MEM:inst40|mem[94][14]                           ; Stuck at GND due to stuck port clock_enable ;
; DATA_MEM:inst40|mem[94][13]                           ; Stuck at GND due to stuck port clock_enable ;
; DATA_MEM:inst40|mem[94][12]                           ; Stuck at GND due to stuck port clock_enable ;
; DATA_MEM:inst40|mem[94][11]                           ; Stuck at GND due to stuck port clock_enable ;
; DATA_MEM:inst40|mem[94][10]                           ; Stuck at GND due to stuck port clock_enable ;
; DATA_MEM:inst40|mem[94][9]                            ; Stuck at GND due to stuck port clock_enable ;
; DATA_MEM:inst40|mem[94][8]                            ; Stuck at GND due to stuck port clock_enable ;
; DATA_MEM:inst40|mem[94][7]                            ; Stuck at GND due to stuck port clock_enable ;
; DATA_MEM:inst40|mem[94][6]                            ; Stuck at GND due to stuck port clock_enable ;
; DATA_MEM:inst40|mem[94][5]                            ; Stuck at GND due to stuck port clock_enable ;
; DATA_MEM:inst40|mem[94][4]                            ; Stuck at GND due to stuck port clock_enable ;
; DATA_MEM:inst40|mem[94][3]                            ; Stuck at GND due to stuck port clock_enable ;
; DATA_MEM:inst40|mem[94][2]                            ; Stuck at GND due to stuck port clock_enable ;
; DATA_MEM:inst40|mem[94][1]                            ; Stuck at GND due to stuck port clock_enable ;
; DATA_MEM:inst40|mem[94][0]                            ; Stuck at GND due to stuck port clock_enable ;
; DATA_MEM:inst40|mem[93][31]                           ; Stuck at GND due to stuck port clock_enable ;
; DATA_MEM:inst40|mem[93][30]                           ; Stuck at GND due to stuck port clock_enable ;
; DATA_MEM:inst40|mem[93][29]                           ; Stuck at GND due to stuck port clock_enable ;
; DATA_MEM:inst40|mem[93][28]                           ; Stuck at GND due to stuck port clock_enable ;
; DATA_MEM:inst40|mem[93][27]                           ; Stuck at GND due to stuck port clock_enable ;
; DATA_MEM:inst40|mem[93][26]                           ; Stuck at GND due to stuck port clock_enable ;
; DATA_MEM:inst40|mem[93][25]                           ; Stuck at GND due to stuck port clock_enable ;
; DATA_MEM:inst40|mem[93][24]                           ; Stuck at GND due to stuck port clock_enable ;
; DATA_MEM:inst40|mem[93][23]                           ; Stuck at GND due to stuck port clock_enable ;
; DATA_MEM:inst40|mem[93][22]                           ; Stuck at GND due to stuck port clock_enable ;
; DATA_MEM:inst40|mem[93][21]                           ; Stuck at GND due to stuck port clock_enable ;
; DATA_MEM:inst40|mem[93][20]                           ; Stuck at GND due to stuck port clock_enable ;
; DATA_MEM:inst40|mem[93][19]                           ; Stuck at GND due to stuck port clock_enable ;
; DATA_MEM:inst40|mem[93][18]                           ; Stuck at GND due to stuck port clock_enable ;
; DATA_MEM:inst40|mem[93][17]                           ; Stuck at GND due to stuck port clock_enable ;
; DATA_MEM:inst40|mem[93][16]                           ; Stuck at GND due to stuck port clock_enable ;
; DATA_MEM:inst40|mem[93][15]                           ; Stuck at GND due to stuck port clock_enable ;
; DATA_MEM:inst40|mem[93][14]                           ; Stuck at GND due to stuck port clock_enable ;
; DATA_MEM:inst40|mem[93][13]                           ; Stuck at GND due to stuck port clock_enable ;
; DATA_MEM:inst40|mem[93][12]                           ; Stuck at GND due to stuck port clock_enable ;
; DATA_MEM:inst40|mem[93][11]                           ; Stuck at GND due to stuck port clock_enable ;
; DATA_MEM:inst40|mem[93][10]                           ; Stuck at GND due to stuck port clock_enable ;
; DATA_MEM:inst40|mem[93][9]                            ; Stuck at GND due to stuck port clock_enable ;
; DATA_MEM:inst40|mem[93][8]                            ; Stuck at GND due to stuck port clock_enable ;
; DATA_MEM:inst40|mem[93][7]                            ; Stuck at GND due to stuck port clock_enable ;
; DATA_MEM:inst40|mem[93][6]                            ; Stuck at GND due to stuck port clock_enable ;
; DATA_MEM:inst40|mem[93][5]                            ; Stuck at GND due to stuck port clock_enable ;
; DATA_MEM:inst40|mem[93][4]                            ; Stuck at GND due to stuck port clock_enable ;
; DATA_MEM:inst40|mem[93][3]                            ; Stuck at GND due to stuck port clock_enable ;
; DATA_MEM:inst40|mem[93][2]                            ; Stuck at GND due to stuck port clock_enable ;
; DATA_MEM:inst40|mem[93][1]                            ; Stuck at GND due to stuck port clock_enable ;
; DATA_MEM:inst40|mem[93][0]                            ; Stuck at GND due to stuck port clock_enable ;
; DATA_MEM:inst40|mem[92][31]                           ; Stuck at GND due to stuck port clock_enable ;
; DATA_MEM:inst40|mem[92][30]                           ; Stuck at GND due to stuck port clock_enable ;
; DATA_MEM:inst40|mem[92][29]                           ; Stuck at GND due to stuck port clock_enable ;
; DATA_MEM:inst40|mem[92][28]                           ; Stuck at GND due to stuck port clock_enable ;
; DATA_MEM:inst40|mem[92][27]                           ; Stuck at GND due to stuck port clock_enable ;
; DATA_MEM:inst40|mem[92][26]                           ; Stuck at GND due to stuck port clock_enable ;
; DATA_MEM:inst40|mem[92][25]                           ; Stuck at GND due to stuck port clock_enable ;
; DATA_MEM:inst40|mem[92][24]                           ; Stuck at GND due to stuck port clock_enable ;
; DATA_MEM:inst40|mem[92][23]                           ; Stuck at GND due to stuck port clock_enable ;
; DATA_MEM:inst40|mem[92][22]                           ; Stuck at GND due to stuck port clock_enable ;
; DATA_MEM:inst40|mem[92][21]                           ; Stuck at GND due to stuck port clock_enable ;
; DATA_MEM:inst40|mem[92][20]                           ; Stuck at GND due to stuck port clock_enable ;
; DATA_MEM:inst40|mem[92][19]                           ; Stuck at GND due to stuck port clock_enable ;
; DATA_MEM:inst40|mem[92][18]                           ; Stuck at GND due to stuck port clock_enable ;
; DATA_MEM:inst40|mem[92][17]                           ; Stuck at GND due to stuck port clock_enable ;
; DATA_MEM:inst40|mem[92][16]                           ; Stuck at GND due to stuck port clock_enable ;
; DATA_MEM:inst40|mem[92][15]                           ; Stuck at GND due to stuck port clock_enable ;
; DATA_MEM:inst40|mem[92][14]                           ; Stuck at GND due to stuck port clock_enable ;
; DATA_MEM:inst40|mem[92][13]                           ; Stuck at GND due to stuck port clock_enable ;
; DATA_MEM:inst40|mem[92][12]                           ; Stuck at GND due to stuck port clock_enable ;
; DATA_MEM:inst40|mem[92][11]                           ; Stuck at GND due to stuck port clock_enable ;
; DATA_MEM:inst40|mem[92][10]                           ; Stuck at GND due to stuck port clock_enable ;
; DATA_MEM:inst40|mem[92][9]                            ; Stuck at GND due to stuck port clock_enable ;
; DATA_MEM:inst40|mem[92][8]                            ; Stuck at GND due to stuck port clock_enable ;
; DATA_MEM:inst40|mem[92][7]                            ; Stuck at GND due to stuck port clock_enable ;
; DATA_MEM:inst40|mem[92][6]                            ; Stuck at GND due to stuck port clock_enable ;
; DATA_MEM:inst40|mem[92][5]                            ; Stuck at GND due to stuck port clock_enable ;
; DATA_MEM:inst40|mem[92][4]                            ; Stuck at GND due to stuck port clock_enable ;
; DATA_MEM:inst40|mem[92][3]                            ; Stuck at GND due to stuck port clock_enable ;
; DATA_MEM:inst40|mem[92][2]                            ; Stuck at GND due to stuck port clock_enable ;
; DATA_MEM:inst40|mem[92][1]                            ; Stuck at GND due to stuck port clock_enable ;
; DATA_MEM:inst40|mem[92][0]                            ; Stuck at GND due to stuck port clock_enable ;
; DATA_MEM:inst40|mem[91][31]                           ; Stuck at GND due to stuck port clock_enable ;
; DATA_MEM:inst40|mem[91][30]                           ; Stuck at GND due to stuck port clock_enable ;
; DATA_MEM:inst40|mem[91][29]                           ; Stuck at GND due to stuck port clock_enable ;
; DATA_MEM:inst40|mem[91][28]                           ; Stuck at GND due to stuck port clock_enable ;
; DATA_MEM:inst40|mem[91][27]                           ; Stuck at GND due to stuck port clock_enable ;
; DATA_MEM:inst40|mem[91][26]                           ; Stuck at GND due to stuck port clock_enable ;
; DATA_MEM:inst40|mem[91][25]                           ; Stuck at GND due to stuck port clock_enable ;
; DATA_MEM:inst40|mem[91][24]                           ; Stuck at GND due to stuck port clock_enable ;
; DATA_MEM:inst40|mem[91][23]                           ; Stuck at GND due to stuck port clock_enable ;
; DATA_MEM:inst40|mem[91][22]                           ; Stuck at GND due to stuck port clock_enable ;
; DATA_MEM:inst40|mem[91][21]                           ; Stuck at GND due to stuck port clock_enable ;
; DATA_MEM:inst40|mem[91][20]                           ; Stuck at GND due to stuck port clock_enable ;
; DATA_MEM:inst40|mem[91][19]                           ; Stuck at GND due to stuck port clock_enable ;
; DATA_MEM:inst40|mem[91][18]                           ; Stuck at GND due to stuck port clock_enable ;
; DATA_MEM:inst40|mem[91][17]                           ; Stuck at GND due to stuck port clock_enable ;
; DATA_MEM:inst40|mem[91][16]                           ; Stuck at GND due to stuck port clock_enable ;
; DATA_MEM:inst40|mem[91][15]                           ; Stuck at GND due to stuck port clock_enable ;
; DATA_MEM:inst40|mem[91][14]                           ; Stuck at GND due to stuck port clock_enable ;
; DATA_MEM:inst40|mem[91][13]                           ; Stuck at GND due to stuck port clock_enable ;
; DATA_MEM:inst40|mem[91][12]                           ; Stuck at GND due to stuck port clock_enable ;
; DATA_MEM:inst40|mem[91][11]                           ; Stuck at GND due to stuck port clock_enable ;
; DATA_MEM:inst40|mem[91][10]                           ; Stuck at GND due to stuck port clock_enable ;
; DATA_MEM:inst40|mem[91][9]                            ; Stuck at GND due to stuck port clock_enable ;
; DATA_MEM:inst40|mem[91][8]                            ; Stuck at GND due to stuck port clock_enable ;
; DATA_MEM:inst40|mem[91][7]                            ; Stuck at GND due to stuck port clock_enable ;
; DATA_MEM:inst40|mem[91][6]                            ; Stuck at GND due to stuck port clock_enable ;
; DATA_MEM:inst40|mem[91][5]                            ; Stuck at GND due to stuck port clock_enable ;
; DATA_MEM:inst40|mem[91][4]                            ; Stuck at GND due to stuck port clock_enable ;
; DATA_MEM:inst40|mem[91][3]                            ; Stuck at GND due to stuck port clock_enable ;
; DATA_MEM:inst40|mem[91][2]                            ; Stuck at GND due to stuck port clock_enable ;
; DATA_MEM:inst40|mem[91][1]                            ; Stuck at GND due to stuck port clock_enable ;
; DATA_MEM:inst40|mem[91][0]                            ; Stuck at GND due to stuck port clock_enable ;
; DATA_MEM:inst40|mem[90][31]                           ; Stuck at GND due to stuck port clock_enable ;
; DATA_MEM:inst40|mem[90][30]                           ; Stuck at GND due to stuck port clock_enable ;
; DATA_MEM:inst40|mem[90][29]                           ; Stuck at GND due to stuck port clock_enable ;
; DATA_MEM:inst40|mem[90][28]                           ; Stuck at GND due to stuck port clock_enable ;
; DATA_MEM:inst40|mem[90][27]                           ; Stuck at GND due to stuck port clock_enable ;
; DATA_MEM:inst40|mem[90][26]                           ; Stuck at GND due to stuck port clock_enable ;
; DATA_MEM:inst40|mem[90][25]                           ; Stuck at GND due to stuck port clock_enable ;
; DATA_MEM:inst40|mem[90][24]                           ; Stuck at GND due to stuck port clock_enable ;
; DATA_MEM:inst40|mem[90][23]                           ; Stuck at GND due to stuck port clock_enable ;
; DATA_MEM:inst40|mem[90][22]                           ; Stuck at GND due to stuck port clock_enable ;
; DATA_MEM:inst40|mem[90][21]                           ; Stuck at GND due to stuck port clock_enable ;
; DATA_MEM:inst40|mem[90][20]                           ; Stuck at GND due to stuck port clock_enable ;
; DATA_MEM:inst40|mem[90][19]                           ; Stuck at GND due to stuck port clock_enable ;
; DATA_MEM:inst40|mem[90][18]                           ; Stuck at GND due to stuck port clock_enable ;
; DATA_MEM:inst40|mem[90][17]                           ; Stuck at GND due to stuck port clock_enable ;
; DATA_MEM:inst40|mem[90][16]                           ; Stuck at GND due to stuck port clock_enable ;
; DATA_MEM:inst40|mem[90][15]                           ; Stuck at GND due to stuck port clock_enable ;
; DATA_MEM:inst40|mem[90][14]                           ; Stuck at GND due to stuck port clock_enable ;
; DATA_MEM:inst40|mem[90][13]                           ; Stuck at GND due to stuck port clock_enable ;
; DATA_MEM:inst40|mem[90][12]                           ; Stuck at GND due to stuck port clock_enable ;
; DATA_MEM:inst40|mem[90][11]                           ; Stuck at GND due to stuck port clock_enable ;
; DATA_MEM:inst40|mem[90][10]                           ; Stuck at GND due to stuck port clock_enable ;
; DATA_MEM:inst40|mem[90][9]                            ; Stuck at GND due to stuck port clock_enable ;
; DATA_MEM:inst40|mem[90][8]                            ; Stuck at GND due to stuck port clock_enable ;
; DATA_MEM:inst40|mem[90][7]                            ; Stuck at GND due to stuck port clock_enable ;
; DATA_MEM:inst40|mem[90][6]                            ; Stuck at GND due to stuck port clock_enable ;
; DATA_MEM:inst40|mem[90][5]                            ; Stuck at GND due to stuck port clock_enable ;
; DATA_MEM:inst40|mem[90][4]                            ; Stuck at GND due to stuck port clock_enable ;
; DATA_MEM:inst40|mem[90][3]                            ; Stuck at GND due to stuck port clock_enable ;
; DATA_MEM:inst40|mem[90][2]                            ; Stuck at GND due to stuck port clock_enable ;
; DATA_MEM:inst40|mem[90][1]                            ; Stuck at GND due to stuck port clock_enable ;
; DATA_MEM:inst40|mem[90][0]                            ; Stuck at GND due to stuck port clock_enable ;
; DATA_MEM:inst40|mem[89][31]                           ; Stuck at GND due to stuck port clock_enable ;
; DATA_MEM:inst40|mem[89][30]                           ; Stuck at GND due to stuck port clock_enable ;
; DATA_MEM:inst40|mem[89][29]                           ; Stuck at GND due to stuck port clock_enable ;
; DATA_MEM:inst40|mem[89][28]                           ; Stuck at GND due to stuck port clock_enable ;
; DATA_MEM:inst40|mem[89][27]                           ; Stuck at GND due to stuck port clock_enable ;
; DATA_MEM:inst40|mem[89][26]                           ; Stuck at GND due to stuck port clock_enable ;
; DATA_MEM:inst40|mem[89][25]                           ; Stuck at GND due to stuck port clock_enable ;
; DATA_MEM:inst40|mem[89][24]                           ; Stuck at GND due to stuck port clock_enable ;
; DATA_MEM:inst40|mem[89][23]                           ; Stuck at GND due to stuck port clock_enable ;
; DATA_MEM:inst40|mem[89][22]                           ; Stuck at GND due to stuck port clock_enable ;
; DATA_MEM:inst40|mem[89][21]                           ; Stuck at GND due to stuck port clock_enable ;
; DATA_MEM:inst40|mem[89][20]                           ; Stuck at GND due to stuck port clock_enable ;
; DATA_MEM:inst40|mem[89][19]                           ; Stuck at GND due to stuck port clock_enable ;
; DATA_MEM:inst40|mem[89][18]                           ; Stuck at GND due to stuck port clock_enable ;
; DATA_MEM:inst40|mem[89][17]                           ; Stuck at GND due to stuck port clock_enable ;
; DATA_MEM:inst40|mem[89][16]                           ; Stuck at GND due to stuck port clock_enable ;
; DATA_MEM:inst40|mem[89][15]                           ; Stuck at GND due to stuck port clock_enable ;
; DATA_MEM:inst40|mem[89][14]                           ; Stuck at GND due to stuck port clock_enable ;
; DATA_MEM:inst40|mem[89][13]                           ; Stuck at GND due to stuck port clock_enable ;
; DATA_MEM:inst40|mem[89][12]                           ; Stuck at GND due to stuck port clock_enable ;
; DATA_MEM:inst40|mem[89][11]                           ; Stuck at GND due to stuck port clock_enable ;
; DATA_MEM:inst40|mem[89][10]                           ; Stuck at GND due to stuck port clock_enable ;
; DATA_MEM:inst40|mem[89][9]                            ; Stuck at GND due to stuck port clock_enable ;
; DATA_MEM:inst40|mem[89][8]                            ; Stuck at GND due to stuck port clock_enable ;
; DATA_MEM:inst40|mem[89][7]                            ; Stuck at GND due to stuck port clock_enable ;
; DATA_MEM:inst40|mem[89][6]                            ; Stuck at GND due to stuck port clock_enable ;
; DATA_MEM:inst40|mem[89][5]                            ; Stuck at GND due to stuck port clock_enable ;
; DATA_MEM:inst40|mem[89][4]                            ; Stuck at GND due to stuck port clock_enable ;
; DATA_MEM:inst40|mem[89][3]                            ; Stuck at GND due to stuck port clock_enable ;
; DATA_MEM:inst40|mem[89][2]                            ; Stuck at GND due to stuck port clock_enable ;
; DATA_MEM:inst40|mem[89][1]                            ; Stuck at GND due to stuck port clock_enable ;
; DATA_MEM:inst40|mem[89][0]                            ; Stuck at GND due to stuck port clock_enable ;
; DATA_MEM:inst40|mem[88][31]                           ; Stuck at GND due to stuck port clock_enable ;
; DATA_MEM:inst40|mem[88][30]                           ; Stuck at GND due to stuck port clock_enable ;
; DATA_MEM:inst40|mem[88][29]                           ; Stuck at GND due to stuck port clock_enable ;
; DATA_MEM:inst40|mem[88][28]                           ; Stuck at GND due to stuck port clock_enable ;
; DATA_MEM:inst40|mem[88][27]                           ; Stuck at GND due to stuck port clock_enable ;
; DATA_MEM:inst40|mem[88][26]                           ; Stuck at GND due to stuck port clock_enable ;
; DATA_MEM:inst40|mem[88][25]                           ; Stuck at GND due to stuck port clock_enable ;
; DATA_MEM:inst40|mem[88][24]                           ; Stuck at GND due to stuck port clock_enable ;
; DATA_MEM:inst40|mem[88][23]                           ; Stuck at GND due to stuck port clock_enable ;
; DATA_MEM:inst40|mem[88][22]                           ; Stuck at GND due to stuck port clock_enable ;
; DATA_MEM:inst40|mem[88][21]                           ; Stuck at GND due to stuck port clock_enable ;
; DATA_MEM:inst40|mem[88][20]                           ; Stuck at GND due to stuck port clock_enable ;
; DATA_MEM:inst40|mem[88][19]                           ; Stuck at GND due to stuck port clock_enable ;
; DATA_MEM:inst40|mem[88][18]                           ; Stuck at GND due to stuck port clock_enable ;
; DATA_MEM:inst40|mem[88][17]                           ; Stuck at GND due to stuck port clock_enable ;
; DATA_MEM:inst40|mem[88][16]                           ; Stuck at GND due to stuck port clock_enable ;
; DATA_MEM:inst40|mem[88][15]                           ; Stuck at GND due to stuck port clock_enable ;
; DATA_MEM:inst40|mem[88][14]                           ; Stuck at GND due to stuck port clock_enable ;
; DATA_MEM:inst40|mem[88][13]                           ; Stuck at GND due to stuck port clock_enable ;
; DATA_MEM:inst40|mem[88][12]                           ; Stuck at GND due to stuck port clock_enable ;
; DATA_MEM:inst40|mem[88][11]                           ; Stuck at GND due to stuck port clock_enable ;
; DATA_MEM:inst40|mem[88][10]                           ; Stuck at GND due to stuck port clock_enable ;
; DATA_MEM:inst40|mem[88][9]                            ; Stuck at GND due to stuck port clock_enable ;
; DATA_MEM:inst40|mem[88][8]                            ; Stuck at GND due to stuck port clock_enable ;
; DATA_MEM:inst40|mem[88][7]                            ; Stuck at GND due to stuck port clock_enable ;
; DATA_MEM:inst40|mem[88][6]                            ; Stuck at GND due to stuck port clock_enable ;
; DATA_MEM:inst40|mem[88][5]                            ; Stuck at GND due to stuck port clock_enable ;
; DATA_MEM:inst40|mem[88][4]                            ; Stuck at GND due to stuck port clock_enable ;
; DATA_MEM:inst40|mem[88][3]                            ; Stuck at GND due to stuck port clock_enable ;
; DATA_MEM:inst40|mem[88][2]                            ; Stuck at GND due to stuck port clock_enable ;
; DATA_MEM:inst40|mem[88][1]                            ; Stuck at GND due to stuck port clock_enable ;
; DATA_MEM:inst40|mem[88][0]                            ; Stuck at GND due to stuck port clock_enable ;
; DATA_MEM:inst40|mem[87][31]                           ; Stuck at GND due to stuck port clock_enable ;
; DATA_MEM:inst40|mem[87][30]                           ; Stuck at GND due to stuck port clock_enable ;
; DATA_MEM:inst40|mem[87][29]                           ; Stuck at GND due to stuck port clock_enable ;
; DATA_MEM:inst40|mem[87][28]                           ; Stuck at GND due to stuck port clock_enable ;
; DATA_MEM:inst40|mem[87][27]                           ; Stuck at GND due to stuck port clock_enable ;
; DATA_MEM:inst40|mem[87][26]                           ; Stuck at GND due to stuck port clock_enable ;
; DATA_MEM:inst40|mem[87][25]                           ; Stuck at GND due to stuck port clock_enable ;
; DATA_MEM:inst40|mem[87][24]                           ; Stuck at GND due to stuck port clock_enable ;
; DATA_MEM:inst40|mem[87][23]                           ; Stuck at GND due to stuck port clock_enable ;
; DATA_MEM:inst40|mem[87][22]                           ; Stuck at GND due to stuck port clock_enable ;
; DATA_MEM:inst40|mem[87][21]                           ; Stuck at GND due to stuck port clock_enable ;
; DATA_MEM:inst40|mem[87][20]                           ; Stuck at GND due to stuck port clock_enable ;
; DATA_MEM:inst40|mem[87][19]                           ; Stuck at GND due to stuck port clock_enable ;
; DATA_MEM:inst40|mem[87][18]                           ; Stuck at GND due to stuck port clock_enable ;
; DATA_MEM:inst40|mem[87][17]                           ; Stuck at GND due to stuck port clock_enable ;
; DATA_MEM:inst40|mem[87][16]                           ; Stuck at GND due to stuck port clock_enable ;
; DATA_MEM:inst40|mem[87][15]                           ; Stuck at GND due to stuck port clock_enable ;
; DATA_MEM:inst40|mem[87][14]                           ; Stuck at GND due to stuck port clock_enable ;
; DATA_MEM:inst40|mem[87][13]                           ; Stuck at GND due to stuck port clock_enable ;
; DATA_MEM:inst40|mem[87][12]                           ; Stuck at GND due to stuck port clock_enable ;
; DATA_MEM:inst40|mem[87][11]                           ; Stuck at GND due to stuck port clock_enable ;
; DATA_MEM:inst40|mem[87][10]                           ; Stuck at GND due to stuck port clock_enable ;
; DATA_MEM:inst40|mem[87][9]                            ; Stuck at GND due to stuck port clock_enable ;
; DATA_MEM:inst40|mem[87][8]                            ; Stuck at GND due to stuck port clock_enable ;
; DATA_MEM:inst40|mem[87][7]                            ; Stuck at GND due to stuck port clock_enable ;
; DATA_MEM:inst40|mem[87][6]                            ; Stuck at GND due to stuck port clock_enable ;
; DATA_MEM:inst40|mem[87][5]                            ; Stuck at GND due to stuck port clock_enable ;
; DATA_MEM:inst40|mem[87][4]                            ; Stuck at GND due to stuck port clock_enable ;
; DATA_MEM:inst40|mem[87][3]                            ; Stuck at GND due to stuck port clock_enable ;
; DATA_MEM:inst40|mem[87][2]                            ; Stuck at GND due to stuck port clock_enable ;
; DATA_MEM:inst40|mem[87][1]                            ; Stuck at GND due to stuck port clock_enable ;
; DATA_MEM:inst40|mem[87][0]                            ; Stuck at GND due to stuck port clock_enable ;
; DATA_MEM:inst40|mem[86][31]                           ; Stuck at GND due to stuck port clock_enable ;
; DATA_MEM:inst40|mem[86][30]                           ; Stuck at GND due to stuck port clock_enable ;
; DATA_MEM:inst40|mem[86][29]                           ; Stuck at GND due to stuck port clock_enable ;
; DATA_MEM:inst40|mem[86][28]                           ; Stuck at GND due to stuck port clock_enable ;
; DATA_MEM:inst40|mem[86][27]                           ; Stuck at GND due to stuck port clock_enable ;
; DATA_MEM:inst40|mem[86][26]                           ; Stuck at GND due to stuck port clock_enable ;
; DATA_MEM:inst40|mem[86][25]                           ; Stuck at GND due to stuck port clock_enable ;
; DATA_MEM:inst40|mem[86][24]                           ; Stuck at GND due to stuck port clock_enable ;
; DATA_MEM:inst40|mem[86][23]                           ; Stuck at GND due to stuck port clock_enable ;
; DATA_MEM:inst40|mem[86][22]                           ; Stuck at GND due to stuck port clock_enable ;
; DATA_MEM:inst40|mem[86][21]                           ; Stuck at GND due to stuck port clock_enable ;
; DATA_MEM:inst40|mem[86][20]                           ; Stuck at GND due to stuck port clock_enable ;
; DATA_MEM:inst40|mem[86][19]                           ; Stuck at GND due to stuck port clock_enable ;
; DATA_MEM:inst40|mem[86][18]                           ; Stuck at GND due to stuck port clock_enable ;
; DATA_MEM:inst40|mem[86][17]                           ; Stuck at GND due to stuck port clock_enable ;
; DATA_MEM:inst40|mem[86][16]                           ; Stuck at GND due to stuck port clock_enable ;
; DATA_MEM:inst40|mem[86][15]                           ; Stuck at GND due to stuck port clock_enable ;
; DATA_MEM:inst40|mem[86][14]                           ; Stuck at GND due to stuck port clock_enable ;
; DATA_MEM:inst40|mem[86][13]                           ; Stuck at GND due to stuck port clock_enable ;
; DATA_MEM:inst40|mem[86][12]                           ; Stuck at GND due to stuck port clock_enable ;
; DATA_MEM:inst40|mem[86][11]                           ; Stuck at GND due to stuck port clock_enable ;
; DATA_MEM:inst40|mem[86][10]                           ; Stuck at GND due to stuck port clock_enable ;
; DATA_MEM:inst40|mem[86][9]                            ; Stuck at GND due to stuck port clock_enable ;
; DATA_MEM:inst40|mem[86][8]                            ; Stuck at GND due to stuck port clock_enable ;
; DATA_MEM:inst40|mem[86][7]                            ; Stuck at GND due to stuck port clock_enable ;
; DATA_MEM:inst40|mem[86][6]                            ; Stuck at GND due to stuck port clock_enable ;
; DATA_MEM:inst40|mem[86][5]                            ; Stuck at GND due to stuck port clock_enable ;
; DATA_MEM:inst40|mem[86][4]                            ; Stuck at GND due to stuck port clock_enable ;
; DATA_MEM:inst40|mem[86][3]                            ; Stuck at GND due to stuck port clock_enable ;
; DATA_MEM:inst40|mem[86][2]                            ; Stuck at GND due to stuck port clock_enable ;
; DATA_MEM:inst40|mem[86][1]                            ; Stuck at GND due to stuck port clock_enable ;
; DATA_MEM:inst40|mem[86][0]                            ; Stuck at GND due to stuck port clock_enable ;
; DATA_MEM:inst40|mem[85][31]                           ; Stuck at GND due to stuck port clock_enable ;
; DATA_MEM:inst40|mem[85][30]                           ; Stuck at GND due to stuck port clock_enable ;
; DATA_MEM:inst40|mem[85][29]                           ; Stuck at GND due to stuck port clock_enable ;
; DATA_MEM:inst40|mem[85][28]                           ; Stuck at GND due to stuck port clock_enable ;
; DATA_MEM:inst40|mem[85][27]                           ; Stuck at GND due to stuck port clock_enable ;
; DATA_MEM:inst40|mem[85][26]                           ; Stuck at GND due to stuck port clock_enable ;
; DATA_MEM:inst40|mem[85][25]                           ; Stuck at GND due to stuck port clock_enable ;
; DATA_MEM:inst40|mem[85][24]                           ; Stuck at GND due to stuck port clock_enable ;
; DATA_MEM:inst40|mem[85][23]                           ; Stuck at GND due to stuck port clock_enable ;
; DATA_MEM:inst40|mem[85][22]                           ; Stuck at GND due to stuck port clock_enable ;
; DATA_MEM:inst40|mem[85][21]                           ; Stuck at GND due to stuck port clock_enable ;
; DATA_MEM:inst40|mem[85][20]                           ; Stuck at GND due to stuck port clock_enable ;
; DATA_MEM:inst40|mem[85][19]                           ; Stuck at GND due to stuck port clock_enable ;
; DATA_MEM:inst40|mem[85][18]                           ; Stuck at GND due to stuck port clock_enable ;
; DATA_MEM:inst40|mem[85][17]                           ; Stuck at GND due to stuck port clock_enable ;
; DATA_MEM:inst40|mem[85][16]                           ; Stuck at GND due to stuck port clock_enable ;
; DATA_MEM:inst40|mem[85][15]                           ; Stuck at GND due to stuck port clock_enable ;
; DATA_MEM:inst40|mem[85][14]                           ; Stuck at GND due to stuck port clock_enable ;
; DATA_MEM:inst40|mem[85][13]                           ; Stuck at GND due to stuck port clock_enable ;
; DATA_MEM:inst40|mem[85][12]                           ; Stuck at GND due to stuck port clock_enable ;
; DATA_MEM:inst40|mem[85][11]                           ; Stuck at GND due to stuck port clock_enable ;
; DATA_MEM:inst40|mem[85][10]                           ; Stuck at GND due to stuck port clock_enable ;
; DATA_MEM:inst40|mem[85][9]                            ; Stuck at GND due to stuck port clock_enable ;
; DATA_MEM:inst40|mem[85][8]                            ; Stuck at GND due to stuck port clock_enable ;
; DATA_MEM:inst40|mem[85][7]                            ; Stuck at GND due to stuck port clock_enable ;
; DATA_MEM:inst40|mem[85][6]                            ; Stuck at GND due to stuck port clock_enable ;
; DATA_MEM:inst40|mem[85][5]                            ; Stuck at GND due to stuck port clock_enable ;
; DATA_MEM:inst40|mem[85][4]                            ; Stuck at GND due to stuck port clock_enable ;
; DATA_MEM:inst40|mem[85][3]                            ; Stuck at GND due to stuck port clock_enable ;
; DATA_MEM:inst40|mem[85][2]                            ; Stuck at GND due to stuck port clock_enable ;
; DATA_MEM:inst40|mem[85][1]                            ; Stuck at GND due to stuck port clock_enable ;
; DATA_MEM:inst40|mem[85][0]                            ; Stuck at GND due to stuck port clock_enable ;
; DATA_MEM:inst40|mem[84][31]                           ; Stuck at GND due to stuck port clock_enable ;
; DATA_MEM:inst40|mem[84][30]                           ; Stuck at GND due to stuck port clock_enable ;
; DATA_MEM:inst40|mem[84][29]                           ; Stuck at GND due to stuck port clock_enable ;
; DATA_MEM:inst40|mem[84][28]                           ; Stuck at GND due to stuck port clock_enable ;
; DATA_MEM:inst40|mem[84][27]                           ; Stuck at GND due to stuck port clock_enable ;
; DATA_MEM:inst40|mem[84][26]                           ; Stuck at GND due to stuck port clock_enable ;
; DATA_MEM:inst40|mem[84][25]                           ; Stuck at GND due to stuck port clock_enable ;
; DATA_MEM:inst40|mem[84][24]                           ; Stuck at GND due to stuck port clock_enable ;
; DATA_MEM:inst40|mem[84][23]                           ; Stuck at GND due to stuck port clock_enable ;
; DATA_MEM:inst40|mem[84][22]                           ; Stuck at GND due to stuck port clock_enable ;
; DATA_MEM:inst40|mem[84][21]                           ; Stuck at GND due to stuck port clock_enable ;
; DATA_MEM:inst40|mem[84][20]                           ; Stuck at GND due to stuck port clock_enable ;
; DATA_MEM:inst40|mem[84][19]                           ; Stuck at GND due to stuck port clock_enable ;
; DATA_MEM:inst40|mem[84][18]                           ; Stuck at GND due to stuck port clock_enable ;
; DATA_MEM:inst40|mem[84][17]                           ; Stuck at GND due to stuck port clock_enable ;
; DATA_MEM:inst40|mem[84][16]                           ; Stuck at GND due to stuck port clock_enable ;
; DATA_MEM:inst40|mem[84][15]                           ; Stuck at GND due to stuck port clock_enable ;
; DATA_MEM:inst40|mem[84][14]                           ; Stuck at GND due to stuck port clock_enable ;
; DATA_MEM:inst40|mem[84][13]                           ; Stuck at GND due to stuck port clock_enable ;
; DATA_MEM:inst40|mem[84][12]                           ; Stuck at GND due to stuck port clock_enable ;
; DATA_MEM:inst40|mem[84][11]                           ; Stuck at GND due to stuck port clock_enable ;
; DATA_MEM:inst40|mem[84][10]                           ; Stuck at GND due to stuck port clock_enable ;
; DATA_MEM:inst40|mem[84][9]                            ; Stuck at GND due to stuck port clock_enable ;
; DATA_MEM:inst40|mem[84][8]                            ; Stuck at GND due to stuck port clock_enable ;
; DATA_MEM:inst40|mem[84][7]                            ; Stuck at GND due to stuck port clock_enable ;
; DATA_MEM:inst40|mem[84][6]                            ; Stuck at GND due to stuck port clock_enable ;
; DATA_MEM:inst40|mem[84][5]                            ; Stuck at GND due to stuck port clock_enable ;
; DATA_MEM:inst40|mem[84][4]                            ; Stuck at GND due to stuck port clock_enable ;
; DATA_MEM:inst40|mem[84][3]                            ; Stuck at GND due to stuck port clock_enable ;
; DATA_MEM:inst40|mem[84][2]                            ; Stuck at GND due to stuck port clock_enable ;
; DATA_MEM:inst40|mem[84][1]                            ; Stuck at GND due to stuck port clock_enable ;
; DATA_MEM:inst40|mem[84][0]                            ; Stuck at GND due to stuck port clock_enable ;
; DATA_MEM:inst40|mem[83][31]                           ; Stuck at GND due to stuck port clock_enable ;
; DATA_MEM:inst40|mem[83][30]                           ; Stuck at GND due to stuck port clock_enable ;
; DATA_MEM:inst40|mem[83][29]                           ; Stuck at GND due to stuck port clock_enable ;
; DATA_MEM:inst40|mem[83][28]                           ; Stuck at GND due to stuck port clock_enable ;
; DATA_MEM:inst40|mem[83][27]                           ; Stuck at GND due to stuck port clock_enable ;
; DATA_MEM:inst40|mem[83][26]                           ; Stuck at GND due to stuck port clock_enable ;
; DATA_MEM:inst40|mem[83][25]                           ; Stuck at GND due to stuck port clock_enable ;
; DATA_MEM:inst40|mem[83][24]                           ; Stuck at GND due to stuck port clock_enable ;
; DATA_MEM:inst40|mem[83][23]                           ; Stuck at GND due to stuck port clock_enable ;
; DATA_MEM:inst40|mem[83][22]                           ; Stuck at GND due to stuck port clock_enable ;
; DATA_MEM:inst40|mem[83][21]                           ; Stuck at GND due to stuck port clock_enable ;
; DATA_MEM:inst40|mem[83][20]                           ; Stuck at GND due to stuck port clock_enable ;
; DATA_MEM:inst40|mem[83][19]                           ; Stuck at GND due to stuck port clock_enable ;
; DATA_MEM:inst40|mem[83][18]                           ; Stuck at GND due to stuck port clock_enable ;
; DATA_MEM:inst40|mem[83][17]                           ; Stuck at GND due to stuck port clock_enable ;
; DATA_MEM:inst40|mem[83][16]                           ; Stuck at GND due to stuck port clock_enable ;
; DATA_MEM:inst40|mem[83][15]                           ; Stuck at GND due to stuck port clock_enable ;
; DATA_MEM:inst40|mem[83][14]                           ; Stuck at GND due to stuck port clock_enable ;
; DATA_MEM:inst40|mem[83][13]                           ; Stuck at GND due to stuck port clock_enable ;
; DATA_MEM:inst40|mem[83][12]                           ; Stuck at GND due to stuck port clock_enable ;
; DATA_MEM:inst40|mem[83][11]                           ; Stuck at GND due to stuck port clock_enable ;
; DATA_MEM:inst40|mem[83][10]                           ; Stuck at GND due to stuck port clock_enable ;
; DATA_MEM:inst40|mem[83][9]                            ; Stuck at GND due to stuck port clock_enable ;
; DATA_MEM:inst40|mem[83][8]                            ; Stuck at GND due to stuck port clock_enable ;
; DATA_MEM:inst40|mem[83][7]                            ; Stuck at GND due to stuck port clock_enable ;
; DATA_MEM:inst40|mem[83][6]                            ; Stuck at GND due to stuck port clock_enable ;
; DATA_MEM:inst40|mem[83][5]                            ; Stuck at GND due to stuck port clock_enable ;
; DATA_MEM:inst40|mem[83][4]                            ; Stuck at GND due to stuck port clock_enable ;
; DATA_MEM:inst40|mem[83][3]                            ; Stuck at GND due to stuck port clock_enable ;
; DATA_MEM:inst40|mem[83][2]                            ; Stuck at GND due to stuck port clock_enable ;
; DATA_MEM:inst40|mem[83][1]                            ; Stuck at GND due to stuck port clock_enable ;
; DATA_MEM:inst40|mem[83][0]                            ; Stuck at GND due to stuck port clock_enable ;
; DATA_MEM:inst40|mem[82][31]                           ; Stuck at GND due to stuck port clock_enable ;
; DATA_MEM:inst40|mem[82][30]                           ; Stuck at GND due to stuck port clock_enable ;
; DATA_MEM:inst40|mem[82][29]                           ; Stuck at GND due to stuck port clock_enable ;
; DATA_MEM:inst40|mem[82][28]                           ; Stuck at GND due to stuck port clock_enable ;
; DATA_MEM:inst40|mem[82][27]                           ; Stuck at GND due to stuck port clock_enable ;
; DATA_MEM:inst40|mem[82][26]                           ; Stuck at GND due to stuck port clock_enable ;
; DATA_MEM:inst40|mem[82][25]                           ; Stuck at GND due to stuck port clock_enable ;
; DATA_MEM:inst40|mem[82][24]                           ; Stuck at GND due to stuck port clock_enable ;
; DATA_MEM:inst40|mem[82][23]                           ; Stuck at GND due to stuck port clock_enable ;
; DATA_MEM:inst40|mem[82][22]                           ; Stuck at GND due to stuck port clock_enable ;
; DATA_MEM:inst40|mem[82][21]                           ; Stuck at GND due to stuck port clock_enable ;
; DATA_MEM:inst40|mem[82][20]                           ; Stuck at GND due to stuck port clock_enable ;
; DATA_MEM:inst40|mem[82][19]                           ; Stuck at GND due to stuck port clock_enable ;
; DATA_MEM:inst40|mem[82][18]                           ; Stuck at GND due to stuck port clock_enable ;
; DATA_MEM:inst40|mem[82][17]                           ; Stuck at GND due to stuck port clock_enable ;
; DATA_MEM:inst40|mem[82][16]                           ; Stuck at GND due to stuck port clock_enable ;
; DATA_MEM:inst40|mem[82][15]                           ; Stuck at GND due to stuck port clock_enable ;
; DATA_MEM:inst40|mem[82][14]                           ; Stuck at GND due to stuck port clock_enable ;
; DATA_MEM:inst40|mem[82][13]                           ; Stuck at GND due to stuck port clock_enable ;
; DATA_MEM:inst40|mem[82][12]                           ; Stuck at GND due to stuck port clock_enable ;
; DATA_MEM:inst40|mem[82][11]                           ; Stuck at GND due to stuck port clock_enable ;
; DATA_MEM:inst40|mem[82][10]                           ; Stuck at GND due to stuck port clock_enable ;
; DATA_MEM:inst40|mem[82][9]                            ; Stuck at GND due to stuck port clock_enable ;
; DATA_MEM:inst40|mem[82][8]                            ; Stuck at GND due to stuck port clock_enable ;
; DATA_MEM:inst40|mem[82][7]                            ; Stuck at GND due to stuck port clock_enable ;
; DATA_MEM:inst40|mem[82][6]                            ; Stuck at GND due to stuck port clock_enable ;
; DATA_MEM:inst40|mem[82][5]                            ; Stuck at GND due to stuck port clock_enable ;
; DATA_MEM:inst40|mem[82][4]                            ; Stuck at GND due to stuck port clock_enable ;
; DATA_MEM:inst40|mem[82][3]                            ; Stuck at GND due to stuck port clock_enable ;
; DATA_MEM:inst40|mem[82][2]                            ; Stuck at GND due to stuck port clock_enable ;
; DATA_MEM:inst40|mem[82][1]                            ; Stuck at GND due to stuck port clock_enable ;
; DATA_MEM:inst40|mem[82][0]                            ; Stuck at GND due to stuck port clock_enable ;
; DATA_MEM:inst40|mem[81][31]                           ; Stuck at GND due to stuck port clock_enable ;
; DATA_MEM:inst40|mem[81][30]                           ; Stuck at GND due to stuck port clock_enable ;
; DATA_MEM:inst40|mem[81][29]                           ; Stuck at GND due to stuck port clock_enable ;
; DATA_MEM:inst40|mem[81][28]                           ; Stuck at GND due to stuck port clock_enable ;
; DATA_MEM:inst40|mem[81][27]                           ; Stuck at GND due to stuck port clock_enable ;
; DATA_MEM:inst40|mem[81][26]                           ; Stuck at GND due to stuck port clock_enable ;
; DATA_MEM:inst40|mem[81][25]                           ; Stuck at GND due to stuck port clock_enable ;
; DATA_MEM:inst40|mem[81][24]                           ; Stuck at GND due to stuck port clock_enable ;
; DATA_MEM:inst40|mem[81][23]                           ; Stuck at GND due to stuck port clock_enable ;
; DATA_MEM:inst40|mem[81][22]                           ; Stuck at GND due to stuck port clock_enable ;
; DATA_MEM:inst40|mem[81][21]                           ; Stuck at GND due to stuck port clock_enable ;
; DATA_MEM:inst40|mem[81][20]                           ; Stuck at GND due to stuck port clock_enable ;
; DATA_MEM:inst40|mem[81][19]                           ; Stuck at GND due to stuck port clock_enable ;
; DATA_MEM:inst40|mem[81][18]                           ; Stuck at GND due to stuck port clock_enable ;
; DATA_MEM:inst40|mem[81][17]                           ; Stuck at GND due to stuck port clock_enable ;
; DATA_MEM:inst40|mem[81][16]                           ; Stuck at GND due to stuck port clock_enable ;
; DATA_MEM:inst40|mem[81][15]                           ; Stuck at GND due to stuck port clock_enable ;
; DATA_MEM:inst40|mem[81][14]                           ; Stuck at GND due to stuck port clock_enable ;
; DATA_MEM:inst40|mem[81][13]                           ; Stuck at GND due to stuck port clock_enable ;
; DATA_MEM:inst40|mem[81][12]                           ; Stuck at GND due to stuck port clock_enable ;
; DATA_MEM:inst40|mem[81][11]                           ; Stuck at GND due to stuck port clock_enable ;
; DATA_MEM:inst40|mem[81][10]                           ; Stuck at GND due to stuck port clock_enable ;
; DATA_MEM:inst40|mem[81][9]                            ; Stuck at GND due to stuck port clock_enable ;
; DATA_MEM:inst40|mem[81][8]                            ; Stuck at GND due to stuck port clock_enable ;
; DATA_MEM:inst40|mem[81][7]                            ; Stuck at GND due to stuck port clock_enable ;
; DATA_MEM:inst40|mem[81][6]                            ; Stuck at GND due to stuck port clock_enable ;
; DATA_MEM:inst40|mem[81][5]                            ; Stuck at GND due to stuck port clock_enable ;
; DATA_MEM:inst40|mem[81][4]                            ; Stuck at GND due to stuck port clock_enable ;
; DATA_MEM:inst40|mem[81][3]                            ; Stuck at GND due to stuck port clock_enable ;
; DATA_MEM:inst40|mem[81][2]                            ; Stuck at GND due to stuck port clock_enable ;
; DATA_MEM:inst40|mem[81][1]                            ; Stuck at GND due to stuck port clock_enable ;
; DATA_MEM:inst40|mem[81][0]                            ; Stuck at GND due to stuck port clock_enable ;
; DATA_MEM:inst40|mem[80][31]                           ; Stuck at GND due to stuck port clock_enable ;
; DATA_MEM:inst40|mem[80][30]                           ; Stuck at GND due to stuck port clock_enable ;
; DATA_MEM:inst40|mem[80][29]                           ; Stuck at GND due to stuck port clock_enable ;
; DATA_MEM:inst40|mem[80][28]                           ; Stuck at GND due to stuck port clock_enable ;
; DATA_MEM:inst40|mem[80][27]                           ; Stuck at GND due to stuck port clock_enable ;
; DATA_MEM:inst40|mem[80][26]                           ; Stuck at GND due to stuck port clock_enable ;
; DATA_MEM:inst40|mem[80][25]                           ; Stuck at GND due to stuck port clock_enable ;
; DATA_MEM:inst40|mem[80][24]                           ; Stuck at GND due to stuck port clock_enable ;
; DATA_MEM:inst40|mem[80][23]                           ; Stuck at GND due to stuck port clock_enable ;
; DATA_MEM:inst40|mem[80][22]                           ; Stuck at GND due to stuck port clock_enable ;
; DATA_MEM:inst40|mem[80][21]                           ; Stuck at GND due to stuck port clock_enable ;
; DATA_MEM:inst40|mem[80][20]                           ; Stuck at GND due to stuck port clock_enable ;
; DATA_MEM:inst40|mem[80][19]                           ; Stuck at GND due to stuck port clock_enable ;
; DATA_MEM:inst40|mem[80][18]                           ; Stuck at GND due to stuck port clock_enable ;
; DATA_MEM:inst40|mem[80][17]                           ; Stuck at GND due to stuck port clock_enable ;
; DATA_MEM:inst40|mem[80][16]                           ; Stuck at GND due to stuck port clock_enable ;
; DATA_MEM:inst40|mem[80][15]                           ; Stuck at GND due to stuck port clock_enable ;
; DATA_MEM:inst40|mem[80][14]                           ; Stuck at GND due to stuck port clock_enable ;
; DATA_MEM:inst40|mem[80][13]                           ; Stuck at GND due to stuck port clock_enable ;
; DATA_MEM:inst40|mem[80][12]                           ; Stuck at GND due to stuck port clock_enable ;
; DATA_MEM:inst40|mem[80][11]                           ; Stuck at GND due to stuck port clock_enable ;
; DATA_MEM:inst40|mem[80][10]                           ; Stuck at GND due to stuck port clock_enable ;
; DATA_MEM:inst40|mem[80][9]                            ; Stuck at GND due to stuck port clock_enable ;
; DATA_MEM:inst40|mem[80][8]                            ; Stuck at GND due to stuck port clock_enable ;
; DATA_MEM:inst40|mem[80][7]                            ; Stuck at GND due to stuck port clock_enable ;
; DATA_MEM:inst40|mem[80][6]                            ; Stuck at GND due to stuck port clock_enable ;
; DATA_MEM:inst40|mem[80][5]                            ; Stuck at GND due to stuck port clock_enable ;
; DATA_MEM:inst40|mem[80][4]                            ; Stuck at GND due to stuck port clock_enable ;
; DATA_MEM:inst40|mem[80][3]                            ; Stuck at GND due to stuck port clock_enable ;
; DATA_MEM:inst40|mem[80][2]                            ; Stuck at GND due to stuck port clock_enable ;
; DATA_MEM:inst40|mem[80][1]                            ; Stuck at GND due to stuck port clock_enable ;
; DATA_MEM:inst40|mem[80][0]                            ; Stuck at GND due to stuck port clock_enable ;
; DATA_MEM:inst40|mem[79][31]                           ; Stuck at GND due to stuck port clock_enable ;
; DATA_MEM:inst40|mem[79][30]                           ; Stuck at GND due to stuck port clock_enable ;
; DATA_MEM:inst40|mem[79][29]                           ; Stuck at GND due to stuck port clock_enable ;
; DATA_MEM:inst40|mem[79][28]                           ; Stuck at GND due to stuck port clock_enable ;
; DATA_MEM:inst40|mem[79][27]                           ; Stuck at GND due to stuck port clock_enable ;
; DATA_MEM:inst40|mem[79][26]                           ; Stuck at GND due to stuck port clock_enable ;
; DATA_MEM:inst40|mem[79][25]                           ; Stuck at GND due to stuck port clock_enable ;
; DATA_MEM:inst40|mem[79][24]                           ; Stuck at GND due to stuck port clock_enable ;
; DATA_MEM:inst40|mem[79][23]                           ; Stuck at GND due to stuck port clock_enable ;
; DATA_MEM:inst40|mem[79][22]                           ; Stuck at GND due to stuck port clock_enable ;
; DATA_MEM:inst40|mem[79][21]                           ; Stuck at GND due to stuck port clock_enable ;
; DATA_MEM:inst40|mem[79][20]                           ; Stuck at GND due to stuck port clock_enable ;
; DATA_MEM:inst40|mem[79][19]                           ; Stuck at GND due to stuck port clock_enable ;
; DATA_MEM:inst40|mem[79][18]                           ; Stuck at GND due to stuck port clock_enable ;
; DATA_MEM:inst40|mem[79][17]                           ; Stuck at GND due to stuck port clock_enable ;
; DATA_MEM:inst40|mem[79][16]                           ; Stuck at GND due to stuck port clock_enable ;
; DATA_MEM:inst40|mem[79][15]                           ; Stuck at GND due to stuck port clock_enable ;
; DATA_MEM:inst40|mem[79][14]                           ; Stuck at GND due to stuck port clock_enable ;
; DATA_MEM:inst40|mem[79][13]                           ; Stuck at GND due to stuck port clock_enable ;
; DATA_MEM:inst40|mem[79][12]                           ; Stuck at GND due to stuck port clock_enable ;
; DATA_MEM:inst40|mem[79][11]                           ; Stuck at GND due to stuck port clock_enable ;
; DATA_MEM:inst40|mem[79][10]                           ; Stuck at GND due to stuck port clock_enable ;
; DATA_MEM:inst40|mem[79][9]                            ; Stuck at GND due to stuck port clock_enable ;
; DATA_MEM:inst40|mem[79][8]                            ; Stuck at GND due to stuck port clock_enable ;
; DATA_MEM:inst40|mem[79][7]                            ; Stuck at GND due to stuck port clock_enable ;
; DATA_MEM:inst40|mem[79][6]                            ; Stuck at GND due to stuck port clock_enable ;
; DATA_MEM:inst40|mem[79][5]                            ; Stuck at GND due to stuck port clock_enable ;
; DATA_MEM:inst40|mem[79][4]                            ; Stuck at GND due to stuck port clock_enable ;
; DATA_MEM:inst40|mem[79][3]                            ; Stuck at GND due to stuck port clock_enable ;
; DATA_MEM:inst40|mem[79][2]                            ; Stuck at GND due to stuck port clock_enable ;
; DATA_MEM:inst40|mem[79][1]                            ; Stuck at GND due to stuck port clock_enable ;
; DATA_MEM:inst40|mem[79][0]                            ; Stuck at GND due to stuck port clock_enable ;
; DATA_MEM:inst40|mem[78][31]                           ; Stuck at GND due to stuck port clock_enable ;
; DATA_MEM:inst40|mem[78][30]                           ; Stuck at GND due to stuck port clock_enable ;
; DATA_MEM:inst40|mem[78][29]                           ; Stuck at GND due to stuck port clock_enable ;
; DATA_MEM:inst40|mem[78][28]                           ; Stuck at GND due to stuck port clock_enable ;
; DATA_MEM:inst40|mem[78][27]                           ; Stuck at GND due to stuck port clock_enable ;
; DATA_MEM:inst40|mem[78][26]                           ; Stuck at GND due to stuck port clock_enable ;
; DATA_MEM:inst40|mem[78][25]                           ; Stuck at GND due to stuck port clock_enable ;
; DATA_MEM:inst40|mem[78][24]                           ; Stuck at GND due to stuck port clock_enable ;
; DATA_MEM:inst40|mem[78][23]                           ; Stuck at GND due to stuck port clock_enable ;
; DATA_MEM:inst40|mem[78][22]                           ; Stuck at GND due to stuck port clock_enable ;
; DATA_MEM:inst40|mem[78][21]                           ; Stuck at GND due to stuck port clock_enable ;
; DATA_MEM:inst40|mem[78][20]                           ; Stuck at GND due to stuck port clock_enable ;
; DATA_MEM:inst40|mem[78][19]                           ; Stuck at GND due to stuck port clock_enable ;
; DATA_MEM:inst40|mem[78][18]                           ; Stuck at GND due to stuck port clock_enable ;
; DATA_MEM:inst40|mem[78][17]                           ; Stuck at GND due to stuck port clock_enable ;
; DATA_MEM:inst40|mem[78][16]                           ; Stuck at GND due to stuck port clock_enable ;
; DATA_MEM:inst40|mem[78][15]                           ; Stuck at GND due to stuck port clock_enable ;
; DATA_MEM:inst40|mem[78][14]                           ; Stuck at GND due to stuck port clock_enable ;
; DATA_MEM:inst40|mem[78][13]                           ; Stuck at GND due to stuck port clock_enable ;
; DATA_MEM:inst40|mem[78][12]                           ; Stuck at GND due to stuck port clock_enable ;
; DATA_MEM:inst40|mem[78][11]                           ; Stuck at GND due to stuck port clock_enable ;
; DATA_MEM:inst40|mem[78][10]                           ; Stuck at GND due to stuck port clock_enable ;
; DATA_MEM:inst40|mem[78][9]                            ; Stuck at GND due to stuck port clock_enable ;
; DATA_MEM:inst40|mem[78][8]                            ; Stuck at GND due to stuck port clock_enable ;
; DATA_MEM:inst40|mem[78][7]                            ; Stuck at GND due to stuck port clock_enable ;
; DATA_MEM:inst40|mem[78][6]                            ; Stuck at GND due to stuck port clock_enable ;
; DATA_MEM:inst40|mem[78][5]                            ; Stuck at GND due to stuck port clock_enable ;
; DATA_MEM:inst40|mem[78][4]                            ; Stuck at GND due to stuck port clock_enable ;
; DATA_MEM:inst40|mem[78][3]                            ; Stuck at GND due to stuck port clock_enable ;
; DATA_MEM:inst40|mem[78][2]                            ; Stuck at GND due to stuck port clock_enable ;
; DATA_MEM:inst40|mem[78][1]                            ; Stuck at GND due to stuck port clock_enable ;
; DATA_MEM:inst40|mem[78][0]                            ; Stuck at GND due to stuck port clock_enable ;
; DATA_MEM:inst40|mem[77][31]                           ; Stuck at GND due to stuck port clock_enable ;
; DATA_MEM:inst40|mem[77][30]                           ; Stuck at GND due to stuck port clock_enable ;
; DATA_MEM:inst40|mem[77][29]                           ; Stuck at GND due to stuck port clock_enable ;
; DATA_MEM:inst40|mem[77][28]                           ; Stuck at GND due to stuck port clock_enable ;
; DATA_MEM:inst40|mem[77][27]                           ; Stuck at GND due to stuck port clock_enable ;
; DATA_MEM:inst40|mem[77][26]                           ; Stuck at GND due to stuck port clock_enable ;
; DATA_MEM:inst40|mem[77][25]                           ; Stuck at GND due to stuck port clock_enable ;
; DATA_MEM:inst40|mem[77][24]                           ; Stuck at GND due to stuck port clock_enable ;
; DATA_MEM:inst40|mem[77][23]                           ; Stuck at GND due to stuck port clock_enable ;
; DATA_MEM:inst40|mem[77][22]                           ; Stuck at GND due to stuck port clock_enable ;
; DATA_MEM:inst40|mem[77][21]                           ; Stuck at GND due to stuck port clock_enable ;
; DATA_MEM:inst40|mem[77][20]                           ; Stuck at GND due to stuck port clock_enable ;
; DATA_MEM:inst40|mem[77][19]                           ; Stuck at GND due to stuck port clock_enable ;
; DATA_MEM:inst40|mem[77][18]                           ; Stuck at GND due to stuck port clock_enable ;
; DATA_MEM:inst40|mem[77][17]                           ; Stuck at GND due to stuck port clock_enable ;
; DATA_MEM:inst40|mem[77][16]                           ; Stuck at GND due to stuck port clock_enable ;
; DATA_MEM:inst40|mem[77][15]                           ; Stuck at GND due to stuck port clock_enable ;
; DATA_MEM:inst40|mem[77][14]                           ; Stuck at GND due to stuck port clock_enable ;
; DATA_MEM:inst40|mem[77][13]                           ; Stuck at GND due to stuck port clock_enable ;
; DATA_MEM:inst40|mem[77][12]                           ; Stuck at GND due to stuck port clock_enable ;
; DATA_MEM:inst40|mem[77][11]                           ; Stuck at GND due to stuck port clock_enable ;
; DATA_MEM:inst40|mem[77][10]                           ; Stuck at GND due to stuck port clock_enable ;
; DATA_MEM:inst40|mem[77][9]                            ; Stuck at GND due to stuck port clock_enable ;
; DATA_MEM:inst40|mem[77][8]                            ; Stuck at GND due to stuck port clock_enable ;
; DATA_MEM:inst40|mem[77][7]                            ; Stuck at GND due to stuck port clock_enable ;
; DATA_MEM:inst40|mem[77][6]                            ; Stuck at GND due to stuck port clock_enable ;
; DATA_MEM:inst40|mem[77][5]                            ; Stuck at GND due to stuck port clock_enable ;
; DATA_MEM:inst40|mem[77][4]                            ; Stuck at GND due to stuck port clock_enable ;
; DATA_MEM:inst40|mem[77][3]                            ; Stuck at GND due to stuck port clock_enable ;
; DATA_MEM:inst40|mem[77][2]                            ; Stuck at GND due to stuck port clock_enable ;
; DATA_MEM:inst40|mem[77][1]                            ; Stuck at GND due to stuck port clock_enable ;
; DATA_MEM:inst40|mem[77][0]                            ; Stuck at GND due to stuck port clock_enable ;
; DATA_MEM:inst40|mem[76][31]                           ; Stuck at GND due to stuck port clock_enable ;
; DATA_MEM:inst40|mem[76][30]                           ; Stuck at GND due to stuck port clock_enable ;
; DATA_MEM:inst40|mem[76][29]                           ; Stuck at GND due to stuck port clock_enable ;
; DATA_MEM:inst40|mem[76][28]                           ; Stuck at GND due to stuck port clock_enable ;
; DATA_MEM:inst40|mem[76][27]                           ; Stuck at GND due to stuck port clock_enable ;
; DATA_MEM:inst40|mem[76][26]                           ; Stuck at GND due to stuck port clock_enable ;
; DATA_MEM:inst40|mem[76][25]                           ; Stuck at GND due to stuck port clock_enable ;
; DATA_MEM:inst40|mem[76][24]                           ; Stuck at GND due to stuck port clock_enable ;
; DATA_MEM:inst40|mem[76][23]                           ; Stuck at GND due to stuck port clock_enable ;
; DATA_MEM:inst40|mem[76][22]                           ; Stuck at GND due to stuck port clock_enable ;
; DATA_MEM:inst40|mem[76][21]                           ; Stuck at GND due to stuck port clock_enable ;
; DATA_MEM:inst40|mem[76][20]                           ; Stuck at GND due to stuck port clock_enable ;
; DATA_MEM:inst40|mem[76][19]                           ; Stuck at GND due to stuck port clock_enable ;
; DATA_MEM:inst40|mem[76][18]                           ; Stuck at GND due to stuck port clock_enable ;
; DATA_MEM:inst40|mem[76][17]                           ; Stuck at GND due to stuck port clock_enable ;
; DATA_MEM:inst40|mem[76][16]                           ; Stuck at GND due to stuck port clock_enable ;
; DATA_MEM:inst40|mem[76][15]                           ; Stuck at GND due to stuck port clock_enable ;
; DATA_MEM:inst40|mem[76][14]                           ; Stuck at GND due to stuck port clock_enable ;
; DATA_MEM:inst40|mem[76][13]                           ; Stuck at GND due to stuck port clock_enable ;
; DATA_MEM:inst40|mem[76][12]                           ; Stuck at GND due to stuck port clock_enable ;
; DATA_MEM:inst40|mem[76][11]                           ; Stuck at GND due to stuck port clock_enable ;
; DATA_MEM:inst40|mem[76][10]                           ; Stuck at GND due to stuck port clock_enable ;
; DATA_MEM:inst40|mem[76][9]                            ; Stuck at GND due to stuck port clock_enable ;
; DATA_MEM:inst40|mem[76][8]                            ; Stuck at GND due to stuck port clock_enable ;
; DATA_MEM:inst40|mem[76][7]                            ; Stuck at GND due to stuck port clock_enable ;
; DATA_MEM:inst40|mem[76][6]                            ; Stuck at GND due to stuck port clock_enable ;
; DATA_MEM:inst40|mem[76][5]                            ; Stuck at GND due to stuck port clock_enable ;
; DATA_MEM:inst40|mem[76][4]                            ; Stuck at GND due to stuck port clock_enable ;
; DATA_MEM:inst40|mem[76][3]                            ; Stuck at GND due to stuck port clock_enable ;
; DATA_MEM:inst40|mem[76][2]                            ; Stuck at GND due to stuck port clock_enable ;
; DATA_MEM:inst40|mem[76][1]                            ; Stuck at GND due to stuck port clock_enable ;
; DATA_MEM:inst40|mem[76][0]                            ; Stuck at GND due to stuck port clock_enable ;
; DATA_MEM:inst40|mem[75][31]                           ; Stuck at GND due to stuck port clock_enable ;
; DATA_MEM:inst40|mem[75][30]                           ; Stuck at GND due to stuck port clock_enable ;
; DATA_MEM:inst40|mem[75][29]                           ; Stuck at GND due to stuck port clock_enable ;
; DATA_MEM:inst40|mem[75][28]                           ; Stuck at GND due to stuck port clock_enable ;
; DATA_MEM:inst40|mem[75][27]                           ; Stuck at GND due to stuck port clock_enable ;
; DATA_MEM:inst40|mem[75][26]                           ; Stuck at GND due to stuck port clock_enable ;
; DATA_MEM:inst40|mem[75][25]                           ; Stuck at GND due to stuck port clock_enable ;
; DATA_MEM:inst40|mem[75][24]                           ; Stuck at GND due to stuck port clock_enable ;
; DATA_MEM:inst40|mem[75][23]                           ; Stuck at GND due to stuck port clock_enable ;
; DATA_MEM:inst40|mem[75][22]                           ; Stuck at GND due to stuck port clock_enable ;
; DATA_MEM:inst40|mem[75][21]                           ; Stuck at GND due to stuck port clock_enable ;
; DATA_MEM:inst40|mem[75][20]                           ; Stuck at GND due to stuck port clock_enable ;
; DATA_MEM:inst40|mem[75][19]                           ; Stuck at GND due to stuck port clock_enable ;
; DATA_MEM:inst40|mem[75][18]                           ; Stuck at GND due to stuck port clock_enable ;
; DATA_MEM:inst40|mem[75][17]                           ; Stuck at GND due to stuck port clock_enable ;
; DATA_MEM:inst40|mem[75][16]                           ; Stuck at GND due to stuck port clock_enable ;
; DATA_MEM:inst40|mem[75][15]                           ; Stuck at GND due to stuck port clock_enable ;
; DATA_MEM:inst40|mem[75][14]                           ; Stuck at GND due to stuck port clock_enable ;
; DATA_MEM:inst40|mem[75][13]                           ; Stuck at GND due to stuck port clock_enable ;
; DATA_MEM:inst40|mem[75][12]                           ; Stuck at GND due to stuck port clock_enable ;
; DATA_MEM:inst40|mem[75][11]                           ; Stuck at GND due to stuck port clock_enable ;
; DATA_MEM:inst40|mem[75][10]                           ; Stuck at GND due to stuck port clock_enable ;
; DATA_MEM:inst40|mem[75][9]                            ; Stuck at GND due to stuck port clock_enable ;
; DATA_MEM:inst40|mem[75][8]                            ; Stuck at GND due to stuck port clock_enable ;
; DATA_MEM:inst40|mem[75][7]                            ; Stuck at GND due to stuck port clock_enable ;
; DATA_MEM:inst40|mem[75][6]                            ; Stuck at GND due to stuck port clock_enable ;
; DATA_MEM:inst40|mem[75][5]                            ; Stuck at GND due to stuck port clock_enable ;
; DATA_MEM:inst40|mem[75][4]                            ; Stuck at GND due to stuck port clock_enable ;
; DATA_MEM:inst40|mem[75][3]                            ; Stuck at GND due to stuck port clock_enable ;
; DATA_MEM:inst40|mem[75][2]                            ; Stuck at GND due to stuck port clock_enable ;
; DATA_MEM:inst40|mem[75][1]                            ; Stuck at GND due to stuck port clock_enable ;
; DATA_MEM:inst40|mem[75][0]                            ; Stuck at GND due to stuck port clock_enable ;
; DATA_MEM:inst40|mem[74][31]                           ; Stuck at GND due to stuck port clock_enable ;
; DATA_MEM:inst40|mem[74][30]                           ; Stuck at GND due to stuck port clock_enable ;
; DATA_MEM:inst40|mem[74][29]                           ; Stuck at GND due to stuck port clock_enable ;
; DATA_MEM:inst40|mem[74][28]                           ; Stuck at GND due to stuck port clock_enable ;
; DATA_MEM:inst40|mem[74][27]                           ; Stuck at GND due to stuck port clock_enable ;
; DATA_MEM:inst40|mem[74][26]                           ; Stuck at GND due to stuck port clock_enable ;
; DATA_MEM:inst40|mem[74][25]                           ; Stuck at GND due to stuck port clock_enable ;
; DATA_MEM:inst40|mem[74][24]                           ; Stuck at GND due to stuck port clock_enable ;
; DATA_MEM:inst40|mem[74][23]                           ; Stuck at GND due to stuck port clock_enable ;
; DATA_MEM:inst40|mem[74][22]                           ; Stuck at GND due to stuck port clock_enable ;
; DATA_MEM:inst40|mem[74][21]                           ; Stuck at GND due to stuck port clock_enable ;
; DATA_MEM:inst40|mem[74][20]                           ; Stuck at GND due to stuck port clock_enable ;
; DATA_MEM:inst40|mem[74][19]                           ; Stuck at GND due to stuck port clock_enable ;
; DATA_MEM:inst40|mem[74][18]                           ; Stuck at GND due to stuck port clock_enable ;
; DATA_MEM:inst40|mem[74][17]                           ; Stuck at GND due to stuck port clock_enable ;
; DATA_MEM:inst40|mem[74][16]                           ; Stuck at GND due to stuck port clock_enable ;
; DATA_MEM:inst40|mem[74][15]                           ; Stuck at GND due to stuck port clock_enable ;
; DATA_MEM:inst40|mem[74][14]                           ; Stuck at GND due to stuck port clock_enable ;
; DATA_MEM:inst40|mem[74][13]                           ; Stuck at GND due to stuck port clock_enable ;
; DATA_MEM:inst40|mem[74][12]                           ; Stuck at GND due to stuck port clock_enable ;
; DATA_MEM:inst40|mem[74][11]                           ; Stuck at GND due to stuck port clock_enable ;
; DATA_MEM:inst40|mem[74][10]                           ; Stuck at GND due to stuck port clock_enable ;
; DATA_MEM:inst40|mem[74][9]                            ; Stuck at GND due to stuck port clock_enable ;
; DATA_MEM:inst40|mem[74][8]                            ; Stuck at GND due to stuck port clock_enable ;
; DATA_MEM:inst40|mem[74][7]                            ; Stuck at GND due to stuck port clock_enable ;
; DATA_MEM:inst40|mem[74][6]                            ; Stuck at GND due to stuck port clock_enable ;
; DATA_MEM:inst40|mem[74][5]                            ; Stuck at GND due to stuck port clock_enable ;
; DATA_MEM:inst40|mem[74][4]                            ; Stuck at GND due to stuck port clock_enable ;
; DATA_MEM:inst40|mem[74][3]                            ; Stuck at GND due to stuck port clock_enable ;
; DATA_MEM:inst40|mem[74][2]                            ; Stuck at GND due to stuck port clock_enable ;
; DATA_MEM:inst40|mem[74][1]                            ; Stuck at GND due to stuck port clock_enable ;
; DATA_MEM:inst40|mem[74][0]                            ; Stuck at GND due to stuck port clock_enable ;
; DATA_MEM:inst40|mem[73][31]                           ; Stuck at GND due to stuck port clock_enable ;
; DATA_MEM:inst40|mem[73][30]                           ; Stuck at GND due to stuck port clock_enable ;
; DATA_MEM:inst40|mem[73][29]                           ; Stuck at GND due to stuck port clock_enable ;
; DATA_MEM:inst40|mem[73][28]                           ; Stuck at GND due to stuck port clock_enable ;
; DATA_MEM:inst40|mem[73][27]                           ; Stuck at GND due to stuck port clock_enable ;
; DATA_MEM:inst40|mem[73][26]                           ; Stuck at GND due to stuck port clock_enable ;
; DATA_MEM:inst40|mem[73][25]                           ; Stuck at GND due to stuck port clock_enable ;
; DATA_MEM:inst40|mem[73][24]                           ; Stuck at GND due to stuck port clock_enable ;
; DATA_MEM:inst40|mem[73][23]                           ; Stuck at GND due to stuck port clock_enable ;
; DATA_MEM:inst40|mem[73][22]                           ; Stuck at GND due to stuck port clock_enable ;
; DATA_MEM:inst40|mem[73][21]                           ; Stuck at GND due to stuck port clock_enable ;
; DATA_MEM:inst40|mem[73][20]                           ; Stuck at GND due to stuck port clock_enable ;
; DATA_MEM:inst40|mem[73][19]                           ; Stuck at GND due to stuck port clock_enable ;
; DATA_MEM:inst40|mem[73][18]                           ; Stuck at GND due to stuck port clock_enable ;
; DATA_MEM:inst40|mem[73][17]                           ; Stuck at GND due to stuck port clock_enable ;
; DATA_MEM:inst40|mem[73][16]                           ; Stuck at GND due to stuck port clock_enable ;
; DATA_MEM:inst40|mem[73][15]                           ; Stuck at GND due to stuck port clock_enable ;
; DATA_MEM:inst40|mem[73][14]                           ; Stuck at GND due to stuck port clock_enable ;
; DATA_MEM:inst40|mem[73][13]                           ; Stuck at GND due to stuck port clock_enable ;
; DATA_MEM:inst40|mem[73][12]                           ; Stuck at GND due to stuck port clock_enable ;
; DATA_MEM:inst40|mem[73][11]                           ; Stuck at GND due to stuck port clock_enable ;
; DATA_MEM:inst40|mem[73][10]                           ; Stuck at GND due to stuck port clock_enable ;
; DATA_MEM:inst40|mem[73][9]                            ; Stuck at GND due to stuck port clock_enable ;
; DATA_MEM:inst40|mem[73][8]                            ; Stuck at GND due to stuck port clock_enable ;
; DATA_MEM:inst40|mem[73][7]                            ; Stuck at GND due to stuck port clock_enable ;
; DATA_MEM:inst40|mem[73][6]                            ; Stuck at GND due to stuck port clock_enable ;
; DATA_MEM:inst40|mem[73][5]                            ; Stuck at GND due to stuck port clock_enable ;
; DATA_MEM:inst40|mem[73][4]                            ; Stuck at GND due to stuck port clock_enable ;
; DATA_MEM:inst40|mem[73][3]                            ; Stuck at GND due to stuck port clock_enable ;
; DATA_MEM:inst40|mem[73][2]                            ; Stuck at GND due to stuck port clock_enable ;
; DATA_MEM:inst40|mem[73][1]                            ; Stuck at GND due to stuck port clock_enable ;
; DATA_MEM:inst40|mem[73][0]                            ; Stuck at GND due to stuck port clock_enable ;
; DATA_MEM:inst40|mem[72][31]                           ; Stuck at GND due to stuck port clock_enable ;
; DATA_MEM:inst40|mem[72][30]                           ; Stuck at GND due to stuck port clock_enable ;
; DATA_MEM:inst40|mem[72][29]                           ; Stuck at GND due to stuck port clock_enable ;
; DATA_MEM:inst40|mem[72][28]                           ; Stuck at GND due to stuck port clock_enable ;
; DATA_MEM:inst40|mem[72][27]                           ; Stuck at GND due to stuck port clock_enable ;
; DATA_MEM:inst40|mem[72][26]                           ; Stuck at GND due to stuck port clock_enable ;
; DATA_MEM:inst40|mem[72][25]                           ; Stuck at GND due to stuck port clock_enable ;
; DATA_MEM:inst40|mem[72][24]                           ; Stuck at GND due to stuck port clock_enable ;
; DATA_MEM:inst40|mem[72][23]                           ; Stuck at GND due to stuck port clock_enable ;
; DATA_MEM:inst40|mem[72][22]                           ; Stuck at GND due to stuck port clock_enable ;
; DATA_MEM:inst40|mem[72][21]                           ; Stuck at GND due to stuck port clock_enable ;
; DATA_MEM:inst40|mem[72][20]                           ; Stuck at GND due to stuck port clock_enable ;
; DATA_MEM:inst40|mem[72][19]                           ; Stuck at GND due to stuck port clock_enable ;
; DATA_MEM:inst40|mem[72][18]                           ; Stuck at GND due to stuck port clock_enable ;
; DATA_MEM:inst40|mem[72][17]                           ; Stuck at GND due to stuck port clock_enable ;
; DATA_MEM:inst40|mem[72][16]                           ; Stuck at GND due to stuck port clock_enable ;
; DATA_MEM:inst40|mem[72][15]                           ; Stuck at GND due to stuck port clock_enable ;
; DATA_MEM:inst40|mem[72][14]                           ; Stuck at GND due to stuck port clock_enable ;
; DATA_MEM:inst40|mem[72][13]                           ; Stuck at GND due to stuck port clock_enable ;
; DATA_MEM:inst40|mem[72][12]                           ; Stuck at GND due to stuck port clock_enable ;
; DATA_MEM:inst40|mem[72][11]                           ; Stuck at GND due to stuck port clock_enable ;
; DATA_MEM:inst40|mem[72][10]                           ; Stuck at GND due to stuck port clock_enable ;
; DATA_MEM:inst40|mem[72][9]                            ; Stuck at GND due to stuck port clock_enable ;
; DATA_MEM:inst40|mem[72][8]                            ; Stuck at GND due to stuck port clock_enable ;
; DATA_MEM:inst40|mem[72][7]                            ; Stuck at GND due to stuck port clock_enable ;
; DATA_MEM:inst40|mem[72][6]                            ; Stuck at GND due to stuck port clock_enable ;
; DATA_MEM:inst40|mem[72][5]                            ; Stuck at GND due to stuck port clock_enable ;
; DATA_MEM:inst40|mem[72][4]                            ; Stuck at GND due to stuck port clock_enable ;
; DATA_MEM:inst40|mem[72][3]                            ; Stuck at GND due to stuck port clock_enable ;
; DATA_MEM:inst40|mem[72][2]                            ; Stuck at GND due to stuck port clock_enable ;
; DATA_MEM:inst40|mem[72][1]                            ; Stuck at GND due to stuck port clock_enable ;
; DATA_MEM:inst40|mem[72][0]                            ; Stuck at GND due to stuck port clock_enable ;
; DATA_MEM:inst40|mem[71][31]                           ; Stuck at GND due to stuck port clock_enable ;
; DATA_MEM:inst40|mem[71][30]                           ; Stuck at GND due to stuck port clock_enable ;
; DATA_MEM:inst40|mem[71][29]                           ; Stuck at GND due to stuck port clock_enable ;
; DATA_MEM:inst40|mem[71][28]                           ; Stuck at GND due to stuck port clock_enable ;
; DATA_MEM:inst40|mem[71][27]                           ; Stuck at GND due to stuck port clock_enable ;
; DATA_MEM:inst40|mem[71][26]                           ; Stuck at GND due to stuck port clock_enable ;
; DATA_MEM:inst40|mem[71][25]                           ; Stuck at GND due to stuck port clock_enable ;
; DATA_MEM:inst40|mem[71][24]                           ; Stuck at GND due to stuck port clock_enable ;
; DATA_MEM:inst40|mem[71][23]                           ; Stuck at GND due to stuck port clock_enable ;
; DATA_MEM:inst40|mem[71][22]                           ; Stuck at GND due to stuck port clock_enable ;
; DATA_MEM:inst40|mem[71][21]                           ; Stuck at GND due to stuck port clock_enable ;
; DATA_MEM:inst40|mem[71][20]                           ; Stuck at GND due to stuck port clock_enable ;
; DATA_MEM:inst40|mem[71][19]                           ; Stuck at GND due to stuck port clock_enable ;
; DATA_MEM:inst40|mem[71][18]                           ; Stuck at GND due to stuck port clock_enable ;
; DATA_MEM:inst40|mem[71][17]                           ; Stuck at GND due to stuck port clock_enable ;
; DATA_MEM:inst40|mem[71][16]                           ; Stuck at GND due to stuck port clock_enable ;
; DATA_MEM:inst40|mem[71][15]                           ; Stuck at GND due to stuck port clock_enable ;
; DATA_MEM:inst40|mem[71][14]                           ; Stuck at GND due to stuck port clock_enable ;
; DATA_MEM:inst40|mem[71][13]                           ; Stuck at GND due to stuck port clock_enable ;
; DATA_MEM:inst40|mem[71][12]                           ; Stuck at GND due to stuck port clock_enable ;
; DATA_MEM:inst40|mem[71][11]                           ; Stuck at GND due to stuck port clock_enable ;
; DATA_MEM:inst40|mem[71][10]                           ; Stuck at GND due to stuck port clock_enable ;
; DATA_MEM:inst40|mem[71][9]                            ; Stuck at GND due to stuck port clock_enable ;
; DATA_MEM:inst40|mem[71][8]                            ; Stuck at GND due to stuck port clock_enable ;
; DATA_MEM:inst40|mem[71][7]                            ; Stuck at GND due to stuck port clock_enable ;
; DATA_MEM:inst40|mem[71][6]                            ; Stuck at GND due to stuck port clock_enable ;
; DATA_MEM:inst40|mem[71][5]                            ; Stuck at GND due to stuck port clock_enable ;
; DATA_MEM:inst40|mem[71][4]                            ; Stuck at GND due to stuck port clock_enable ;
; DATA_MEM:inst40|mem[71][3]                            ; Stuck at GND due to stuck port clock_enable ;
; DATA_MEM:inst40|mem[71][2]                            ; Stuck at GND due to stuck port clock_enable ;
; DATA_MEM:inst40|mem[71][1]                            ; Stuck at GND due to stuck port clock_enable ;
; DATA_MEM:inst40|mem[71][0]                            ; Stuck at GND due to stuck port clock_enable ;
; DATA_MEM:inst40|mem[70][31]                           ; Stuck at GND due to stuck port clock_enable ;
; DATA_MEM:inst40|mem[70][30]                           ; Stuck at GND due to stuck port clock_enable ;
; DATA_MEM:inst40|mem[70][29]                           ; Stuck at GND due to stuck port clock_enable ;
; DATA_MEM:inst40|mem[70][28]                           ; Stuck at GND due to stuck port clock_enable ;
; DATA_MEM:inst40|mem[70][27]                           ; Stuck at GND due to stuck port clock_enable ;
; DATA_MEM:inst40|mem[70][26]                           ; Stuck at GND due to stuck port clock_enable ;
; DATA_MEM:inst40|mem[70][25]                           ; Stuck at GND due to stuck port clock_enable ;
; DATA_MEM:inst40|mem[70][24]                           ; Stuck at GND due to stuck port clock_enable ;
; DATA_MEM:inst40|mem[70][23]                           ; Stuck at GND due to stuck port clock_enable ;
; DATA_MEM:inst40|mem[70][22]                           ; Stuck at GND due to stuck port clock_enable ;
; DATA_MEM:inst40|mem[70][21]                           ; Stuck at GND due to stuck port clock_enable ;
; DATA_MEM:inst40|mem[70][20]                           ; Stuck at GND due to stuck port clock_enable ;
; DATA_MEM:inst40|mem[70][19]                           ; Stuck at GND due to stuck port clock_enable ;
; DATA_MEM:inst40|mem[70][18]                           ; Stuck at GND due to stuck port clock_enable ;
; DATA_MEM:inst40|mem[70][17]                           ; Stuck at GND due to stuck port clock_enable ;
; DATA_MEM:inst40|mem[70][16]                           ; Stuck at GND due to stuck port clock_enable ;
; DATA_MEM:inst40|mem[70][15]                           ; Stuck at GND due to stuck port clock_enable ;
; DATA_MEM:inst40|mem[70][14]                           ; Stuck at GND due to stuck port clock_enable ;
; DATA_MEM:inst40|mem[70][13]                           ; Stuck at GND due to stuck port clock_enable ;
; DATA_MEM:inst40|mem[70][12]                           ; Stuck at GND due to stuck port clock_enable ;
; DATA_MEM:inst40|mem[70][11]                           ; Stuck at GND due to stuck port clock_enable ;
; DATA_MEM:inst40|mem[70][10]                           ; Stuck at GND due to stuck port clock_enable ;
; DATA_MEM:inst40|mem[70][9]                            ; Stuck at GND due to stuck port clock_enable ;
; DATA_MEM:inst40|mem[70][8]                            ; Stuck at GND due to stuck port clock_enable ;
; DATA_MEM:inst40|mem[70][7]                            ; Stuck at GND due to stuck port clock_enable ;
; DATA_MEM:inst40|mem[70][6]                            ; Stuck at GND due to stuck port clock_enable ;
; DATA_MEM:inst40|mem[70][5]                            ; Stuck at GND due to stuck port clock_enable ;
; DATA_MEM:inst40|mem[70][4]                            ; Stuck at GND due to stuck port clock_enable ;
; DATA_MEM:inst40|mem[70][3]                            ; Stuck at GND due to stuck port clock_enable ;
; DATA_MEM:inst40|mem[70][2]                            ; Stuck at GND due to stuck port clock_enable ;
; DATA_MEM:inst40|mem[70][1]                            ; Stuck at GND due to stuck port clock_enable ;
; DATA_MEM:inst40|mem[70][0]                            ; Stuck at GND due to stuck port clock_enable ;
; DATA_MEM:inst40|mem[69][31]                           ; Stuck at GND due to stuck port clock_enable ;
; DATA_MEM:inst40|mem[69][30]                           ; Stuck at GND due to stuck port clock_enable ;
; DATA_MEM:inst40|mem[69][29]                           ; Stuck at GND due to stuck port clock_enable ;
; DATA_MEM:inst40|mem[69][28]                           ; Stuck at GND due to stuck port clock_enable ;
; DATA_MEM:inst40|mem[69][27]                           ; Stuck at GND due to stuck port clock_enable ;
; DATA_MEM:inst40|mem[69][26]                           ; Stuck at GND due to stuck port clock_enable ;
; DATA_MEM:inst40|mem[69][25]                           ; Stuck at GND due to stuck port clock_enable ;
; DATA_MEM:inst40|mem[69][24]                           ; Stuck at GND due to stuck port clock_enable ;
; DATA_MEM:inst40|mem[69][23]                           ; Stuck at GND due to stuck port clock_enable ;
; DATA_MEM:inst40|mem[69][22]                           ; Stuck at GND due to stuck port clock_enable ;
; DATA_MEM:inst40|mem[69][21]                           ; Stuck at GND due to stuck port clock_enable ;
; DATA_MEM:inst40|mem[69][20]                           ; Stuck at GND due to stuck port clock_enable ;
; DATA_MEM:inst40|mem[69][19]                           ; Stuck at GND due to stuck port clock_enable ;
; DATA_MEM:inst40|mem[69][18]                           ; Stuck at GND due to stuck port clock_enable ;
; DATA_MEM:inst40|mem[69][17]                           ; Stuck at GND due to stuck port clock_enable ;
; DATA_MEM:inst40|mem[69][16]                           ; Stuck at GND due to stuck port clock_enable ;
; DATA_MEM:inst40|mem[69][15]                           ; Stuck at GND due to stuck port clock_enable ;
; DATA_MEM:inst40|mem[69][14]                           ; Stuck at GND due to stuck port clock_enable ;
; DATA_MEM:inst40|mem[69][13]                           ; Stuck at GND due to stuck port clock_enable ;
; DATA_MEM:inst40|mem[69][12]                           ; Stuck at GND due to stuck port clock_enable ;
; DATA_MEM:inst40|mem[69][11]                           ; Stuck at GND due to stuck port clock_enable ;
; DATA_MEM:inst40|mem[69][10]                           ; Stuck at GND due to stuck port clock_enable ;
; DATA_MEM:inst40|mem[69][9]                            ; Stuck at GND due to stuck port clock_enable ;
; DATA_MEM:inst40|mem[69][8]                            ; Stuck at GND due to stuck port clock_enable ;
; DATA_MEM:inst40|mem[69][7]                            ; Stuck at GND due to stuck port clock_enable ;
; DATA_MEM:inst40|mem[69][6]                            ; Stuck at GND due to stuck port clock_enable ;
; DATA_MEM:inst40|mem[69][5]                            ; Stuck at GND due to stuck port clock_enable ;
; DATA_MEM:inst40|mem[69][4]                            ; Stuck at GND due to stuck port clock_enable ;
; DATA_MEM:inst40|mem[69][3]                            ; Stuck at GND due to stuck port clock_enable ;
; DATA_MEM:inst40|mem[69][2]                            ; Stuck at GND due to stuck port clock_enable ;
; DATA_MEM:inst40|mem[69][1]                            ; Stuck at GND due to stuck port clock_enable ;
; DATA_MEM:inst40|mem[69][0]                            ; Stuck at GND due to stuck port clock_enable ;
; DATA_MEM:inst40|mem[68][31]                           ; Stuck at GND due to stuck port clock_enable ;
; DATA_MEM:inst40|mem[68][30]                           ; Stuck at GND due to stuck port clock_enable ;
; DATA_MEM:inst40|mem[68][29]                           ; Stuck at GND due to stuck port clock_enable ;
; DATA_MEM:inst40|mem[68][28]                           ; Stuck at GND due to stuck port clock_enable ;
; DATA_MEM:inst40|mem[68][27]                           ; Stuck at GND due to stuck port clock_enable ;
; DATA_MEM:inst40|mem[68][26]                           ; Stuck at GND due to stuck port clock_enable ;
; DATA_MEM:inst40|mem[68][25]                           ; Stuck at GND due to stuck port clock_enable ;
; DATA_MEM:inst40|mem[68][24]                           ; Stuck at GND due to stuck port clock_enable ;
; DATA_MEM:inst40|mem[68][23]                           ; Stuck at GND due to stuck port clock_enable ;
; DATA_MEM:inst40|mem[68][22]                           ; Stuck at GND due to stuck port clock_enable ;
; DATA_MEM:inst40|mem[68][21]                           ; Stuck at GND due to stuck port clock_enable ;
; DATA_MEM:inst40|mem[68][20]                           ; Stuck at GND due to stuck port clock_enable ;
; DATA_MEM:inst40|mem[68][19]                           ; Stuck at GND due to stuck port clock_enable ;
; DATA_MEM:inst40|mem[68][18]                           ; Stuck at GND due to stuck port clock_enable ;
; DATA_MEM:inst40|mem[68][17]                           ; Stuck at GND due to stuck port clock_enable ;
; DATA_MEM:inst40|mem[68][16]                           ; Stuck at GND due to stuck port clock_enable ;
; DATA_MEM:inst40|mem[68][15]                           ; Stuck at GND due to stuck port clock_enable ;
; DATA_MEM:inst40|mem[68][14]                           ; Stuck at GND due to stuck port clock_enable ;
; DATA_MEM:inst40|mem[68][13]                           ; Stuck at GND due to stuck port clock_enable ;
; DATA_MEM:inst40|mem[68][12]                           ; Stuck at GND due to stuck port clock_enable ;
; DATA_MEM:inst40|mem[68][11]                           ; Stuck at GND due to stuck port clock_enable ;
; DATA_MEM:inst40|mem[68][10]                           ; Stuck at GND due to stuck port clock_enable ;
; DATA_MEM:inst40|mem[68][9]                            ; Stuck at GND due to stuck port clock_enable ;
; DATA_MEM:inst40|mem[68][8]                            ; Stuck at GND due to stuck port clock_enable ;
; DATA_MEM:inst40|mem[68][7]                            ; Stuck at GND due to stuck port clock_enable ;
; DATA_MEM:inst40|mem[68][6]                            ; Stuck at GND due to stuck port clock_enable ;
; DATA_MEM:inst40|mem[68][5]                            ; Stuck at GND due to stuck port clock_enable ;
; DATA_MEM:inst40|mem[68][4]                            ; Stuck at GND due to stuck port clock_enable ;
; DATA_MEM:inst40|mem[68][3]                            ; Stuck at GND due to stuck port clock_enable ;
; DATA_MEM:inst40|mem[68][2]                            ; Stuck at GND due to stuck port clock_enable ;
; DATA_MEM:inst40|mem[68][1]                            ; Stuck at GND due to stuck port clock_enable ;
; DATA_MEM:inst40|mem[68][0]                            ; Stuck at GND due to stuck port clock_enable ;
; DATA_MEM:inst40|mem[67][31]                           ; Stuck at GND due to stuck port clock_enable ;
; DATA_MEM:inst40|mem[67][30]                           ; Stuck at GND due to stuck port clock_enable ;
; DATA_MEM:inst40|mem[67][29]                           ; Stuck at GND due to stuck port clock_enable ;
; DATA_MEM:inst40|mem[67][28]                           ; Stuck at GND due to stuck port clock_enable ;
; DATA_MEM:inst40|mem[67][27]                           ; Stuck at GND due to stuck port clock_enable ;
; DATA_MEM:inst40|mem[67][26]                           ; Stuck at GND due to stuck port clock_enable ;
; DATA_MEM:inst40|mem[67][25]                           ; Stuck at GND due to stuck port clock_enable ;
; DATA_MEM:inst40|mem[67][24]                           ; Stuck at GND due to stuck port clock_enable ;
; DATA_MEM:inst40|mem[67][23]                           ; Stuck at GND due to stuck port clock_enable ;
; DATA_MEM:inst40|mem[67][22]                           ; Stuck at GND due to stuck port clock_enable ;
; DATA_MEM:inst40|mem[67][21]                           ; Stuck at GND due to stuck port clock_enable ;
; DATA_MEM:inst40|mem[67][20]                           ; Stuck at GND due to stuck port clock_enable ;
; DATA_MEM:inst40|mem[67][19]                           ; Stuck at GND due to stuck port clock_enable ;
; DATA_MEM:inst40|mem[67][18]                           ; Stuck at GND due to stuck port clock_enable ;
; DATA_MEM:inst40|mem[67][17]                           ; Stuck at GND due to stuck port clock_enable ;
; DATA_MEM:inst40|mem[67][16]                           ; Stuck at GND due to stuck port clock_enable ;
; DATA_MEM:inst40|mem[67][15]                           ; Stuck at GND due to stuck port clock_enable ;
; DATA_MEM:inst40|mem[67][14]                           ; Stuck at GND due to stuck port clock_enable ;
; DATA_MEM:inst40|mem[67][13]                           ; Stuck at GND due to stuck port clock_enable ;
; DATA_MEM:inst40|mem[67][12]                           ; Stuck at GND due to stuck port clock_enable ;
; DATA_MEM:inst40|mem[67][11]                           ; Stuck at GND due to stuck port clock_enable ;
; DATA_MEM:inst40|mem[67][10]                           ; Stuck at GND due to stuck port clock_enable ;
; DATA_MEM:inst40|mem[67][9]                            ; Stuck at GND due to stuck port clock_enable ;
; DATA_MEM:inst40|mem[67][8]                            ; Stuck at GND due to stuck port clock_enable ;
; DATA_MEM:inst40|mem[67][7]                            ; Stuck at GND due to stuck port clock_enable ;
; DATA_MEM:inst40|mem[67][6]                            ; Stuck at GND due to stuck port clock_enable ;
; DATA_MEM:inst40|mem[67][5]                            ; Stuck at GND due to stuck port clock_enable ;
; DATA_MEM:inst40|mem[67][4]                            ; Stuck at GND due to stuck port clock_enable ;
; DATA_MEM:inst40|mem[67][3]                            ; Stuck at GND due to stuck port clock_enable ;
; DATA_MEM:inst40|mem[67][2]                            ; Stuck at GND due to stuck port clock_enable ;
; DATA_MEM:inst40|mem[67][1]                            ; Stuck at GND due to stuck port clock_enable ;
; DATA_MEM:inst40|mem[67][0]                            ; Stuck at GND due to stuck port clock_enable ;
; DATA_MEM:inst40|mem[66][31]                           ; Stuck at GND due to stuck port clock_enable ;
; DATA_MEM:inst40|mem[66][30]                           ; Stuck at GND due to stuck port clock_enable ;
; DATA_MEM:inst40|mem[66][29]                           ; Stuck at GND due to stuck port clock_enable ;
; DATA_MEM:inst40|mem[66][28]                           ; Stuck at GND due to stuck port clock_enable ;
; DATA_MEM:inst40|mem[66][27]                           ; Stuck at GND due to stuck port clock_enable ;
; DATA_MEM:inst40|mem[66][26]                           ; Stuck at GND due to stuck port clock_enable ;
; DATA_MEM:inst40|mem[66][25]                           ; Stuck at GND due to stuck port clock_enable ;
; DATA_MEM:inst40|mem[66][24]                           ; Stuck at GND due to stuck port clock_enable ;
; DATA_MEM:inst40|mem[66][23]                           ; Stuck at GND due to stuck port clock_enable ;
; DATA_MEM:inst40|mem[66][22]                           ; Stuck at GND due to stuck port clock_enable ;
; DATA_MEM:inst40|mem[66][21]                           ; Stuck at GND due to stuck port clock_enable ;
; DATA_MEM:inst40|mem[66][20]                           ; Stuck at GND due to stuck port clock_enable ;
; DATA_MEM:inst40|mem[66][19]                           ; Stuck at GND due to stuck port clock_enable ;
; DATA_MEM:inst40|mem[66][18]                           ; Stuck at GND due to stuck port clock_enable ;
; DATA_MEM:inst40|mem[66][17]                           ; Stuck at GND due to stuck port clock_enable ;
; DATA_MEM:inst40|mem[66][16]                           ; Stuck at GND due to stuck port clock_enable ;
; DATA_MEM:inst40|mem[66][15]                           ; Stuck at GND due to stuck port clock_enable ;
; DATA_MEM:inst40|mem[66][14]                           ; Stuck at GND due to stuck port clock_enable ;
; DATA_MEM:inst40|mem[66][13]                           ; Stuck at GND due to stuck port clock_enable ;
; DATA_MEM:inst40|mem[66][12]                           ; Stuck at GND due to stuck port clock_enable ;
; DATA_MEM:inst40|mem[66][11]                           ; Stuck at GND due to stuck port clock_enable ;
; DATA_MEM:inst40|mem[66][10]                           ; Stuck at GND due to stuck port clock_enable ;
; DATA_MEM:inst40|mem[66][9]                            ; Stuck at GND due to stuck port clock_enable ;
; DATA_MEM:inst40|mem[66][8]                            ; Stuck at GND due to stuck port clock_enable ;
; DATA_MEM:inst40|mem[66][7]                            ; Stuck at GND due to stuck port clock_enable ;
; DATA_MEM:inst40|mem[66][6]                            ; Stuck at GND due to stuck port clock_enable ;
; DATA_MEM:inst40|mem[66][5]                            ; Stuck at GND due to stuck port clock_enable ;
; DATA_MEM:inst40|mem[66][4]                            ; Stuck at GND due to stuck port clock_enable ;
; DATA_MEM:inst40|mem[66][3]                            ; Stuck at GND due to stuck port clock_enable ;
; DATA_MEM:inst40|mem[66][2]                            ; Stuck at GND due to stuck port clock_enable ;
; DATA_MEM:inst40|mem[66][1]                            ; Stuck at GND due to stuck port clock_enable ;
; DATA_MEM:inst40|mem[66][0]                            ; Stuck at GND due to stuck port clock_enable ;
; DATA_MEM:inst40|mem[65][31]                           ; Stuck at GND due to stuck port clock_enable ;
; DATA_MEM:inst40|mem[65][30]                           ; Stuck at GND due to stuck port clock_enable ;
; DATA_MEM:inst40|mem[65][29]                           ; Stuck at GND due to stuck port clock_enable ;
; DATA_MEM:inst40|mem[65][28]                           ; Stuck at GND due to stuck port clock_enable ;
; DATA_MEM:inst40|mem[65][27]                           ; Stuck at GND due to stuck port clock_enable ;
; DATA_MEM:inst40|mem[65][26]                           ; Stuck at GND due to stuck port clock_enable ;
; DATA_MEM:inst40|mem[65][25]                           ; Stuck at GND due to stuck port clock_enable ;
; DATA_MEM:inst40|mem[65][24]                           ; Stuck at GND due to stuck port clock_enable ;
; DATA_MEM:inst40|mem[65][23]                           ; Stuck at GND due to stuck port clock_enable ;
; DATA_MEM:inst40|mem[65][22]                           ; Stuck at GND due to stuck port clock_enable ;
; DATA_MEM:inst40|mem[65][21]                           ; Stuck at GND due to stuck port clock_enable ;
; DATA_MEM:inst40|mem[65][20]                           ; Stuck at GND due to stuck port clock_enable ;
; DATA_MEM:inst40|mem[65][19]                           ; Stuck at GND due to stuck port clock_enable ;
; DATA_MEM:inst40|mem[65][18]                           ; Stuck at GND due to stuck port clock_enable ;
; DATA_MEM:inst40|mem[65][17]                           ; Stuck at GND due to stuck port clock_enable ;
; DATA_MEM:inst40|mem[65][16]                           ; Stuck at GND due to stuck port clock_enable ;
; DATA_MEM:inst40|mem[65][15]                           ; Stuck at GND due to stuck port clock_enable ;
; DATA_MEM:inst40|mem[65][14]                           ; Stuck at GND due to stuck port clock_enable ;
; DATA_MEM:inst40|mem[65][13]                           ; Stuck at GND due to stuck port clock_enable ;
; DATA_MEM:inst40|mem[65][12]                           ; Stuck at GND due to stuck port clock_enable ;
; DATA_MEM:inst40|mem[65][11]                           ; Stuck at GND due to stuck port clock_enable ;
; DATA_MEM:inst40|mem[65][10]                           ; Stuck at GND due to stuck port clock_enable ;
; DATA_MEM:inst40|mem[65][9]                            ; Stuck at GND due to stuck port clock_enable ;
; DATA_MEM:inst40|mem[65][8]                            ; Stuck at GND due to stuck port clock_enable ;
; DATA_MEM:inst40|mem[65][7]                            ; Stuck at GND due to stuck port clock_enable ;
; DATA_MEM:inst40|mem[65][6]                            ; Stuck at GND due to stuck port clock_enable ;
; DATA_MEM:inst40|mem[65][5]                            ; Stuck at GND due to stuck port clock_enable ;
; DATA_MEM:inst40|mem[65][4]                            ; Stuck at GND due to stuck port clock_enable ;
; DATA_MEM:inst40|mem[65][3]                            ; Stuck at GND due to stuck port clock_enable ;
; DATA_MEM:inst40|mem[65][2]                            ; Stuck at GND due to stuck port clock_enable ;
; DATA_MEM:inst40|mem[65][1]                            ; Stuck at GND due to stuck port clock_enable ;
; DATA_MEM:inst40|mem[65][0]                            ; Stuck at GND due to stuck port clock_enable ;
; DATA_MEM:inst40|mem[64][31]                           ; Stuck at GND due to stuck port clock_enable ;
; DATA_MEM:inst40|mem[64][30]                           ; Stuck at GND due to stuck port clock_enable ;
; DATA_MEM:inst40|mem[64][29]                           ; Stuck at GND due to stuck port clock_enable ;
; DATA_MEM:inst40|mem[64][28]                           ; Stuck at GND due to stuck port clock_enable ;
; DATA_MEM:inst40|mem[64][27]                           ; Stuck at GND due to stuck port clock_enable ;
; DATA_MEM:inst40|mem[64][26]                           ; Stuck at GND due to stuck port clock_enable ;
; DATA_MEM:inst40|mem[64][25]                           ; Stuck at GND due to stuck port clock_enable ;
; DATA_MEM:inst40|mem[64][24]                           ; Stuck at GND due to stuck port clock_enable ;
; DATA_MEM:inst40|mem[64][23]                           ; Stuck at GND due to stuck port clock_enable ;
; DATA_MEM:inst40|mem[64][22]                           ; Stuck at GND due to stuck port clock_enable ;
; DATA_MEM:inst40|mem[64][21]                           ; Stuck at GND due to stuck port clock_enable ;
; DATA_MEM:inst40|mem[64][20]                           ; Stuck at GND due to stuck port clock_enable ;
; DATA_MEM:inst40|mem[64][19]                           ; Stuck at GND due to stuck port clock_enable ;
; DATA_MEM:inst40|mem[64][18]                           ; Stuck at GND due to stuck port clock_enable ;
; DATA_MEM:inst40|mem[64][17]                           ; Stuck at GND due to stuck port clock_enable ;
; DATA_MEM:inst40|mem[64][16]                           ; Stuck at GND due to stuck port clock_enable ;
; DATA_MEM:inst40|mem[64][15]                           ; Stuck at GND due to stuck port clock_enable ;
; DATA_MEM:inst40|mem[64][14]                           ; Stuck at GND due to stuck port clock_enable ;
; DATA_MEM:inst40|mem[64][13]                           ; Stuck at GND due to stuck port clock_enable ;
; DATA_MEM:inst40|mem[64][12]                           ; Stuck at GND due to stuck port clock_enable ;
; DATA_MEM:inst40|mem[64][11]                           ; Stuck at GND due to stuck port clock_enable ;
; DATA_MEM:inst40|mem[64][10]                           ; Stuck at GND due to stuck port clock_enable ;
; DATA_MEM:inst40|mem[64][9]                            ; Stuck at GND due to stuck port clock_enable ;
; DATA_MEM:inst40|mem[64][8]                            ; Stuck at GND due to stuck port clock_enable ;
; DATA_MEM:inst40|mem[64][7]                            ; Stuck at GND due to stuck port clock_enable ;
; DATA_MEM:inst40|mem[64][6]                            ; Stuck at GND due to stuck port clock_enable ;
; DATA_MEM:inst40|mem[64][5]                            ; Stuck at GND due to stuck port clock_enable ;
; DATA_MEM:inst40|mem[64][4]                            ; Stuck at GND due to stuck port clock_enable ;
; DATA_MEM:inst40|mem[64][3]                            ; Stuck at GND due to stuck port clock_enable ;
; DATA_MEM:inst40|mem[64][2]                            ; Stuck at GND due to stuck port clock_enable ;
; DATA_MEM:inst40|mem[64][1]                            ; Stuck at GND due to stuck port clock_enable ;
; DATA_MEM:inst40|mem[64][0]                            ; Stuck at GND due to stuck port clock_enable ;
; DATA_MEM:inst40|mem[63][31]                           ; Stuck at GND due to stuck port clock_enable ;
; DATA_MEM:inst40|mem[63][30]                           ; Stuck at GND due to stuck port clock_enable ;
; DATA_MEM:inst40|mem[63][29]                           ; Stuck at GND due to stuck port clock_enable ;
; DATA_MEM:inst40|mem[63][28]                           ; Stuck at GND due to stuck port clock_enable ;
; DATA_MEM:inst40|mem[63][27]                           ; Stuck at GND due to stuck port clock_enable ;
; DATA_MEM:inst40|mem[63][26]                           ; Stuck at GND due to stuck port clock_enable ;
; DATA_MEM:inst40|mem[63][25]                           ; Stuck at GND due to stuck port clock_enable ;
; DATA_MEM:inst40|mem[63][24]                           ; Stuck at GND due to stuck port clock_enable ;
; DATA_MEM:inst40|mem[63][23]                           ; Stuck at GND due to stuck port clock_enable ;
; DATA_MEM:inst40|mem[63][22]                           ; Stuck at GND due to stuck port clock_enable ;
; DATA_MEM:inst40|mem[63][21]                           ; Stuck at GND due to stuck port clock_enable ;
; DATA_MEM:inst40|mem[63][20]                           ; Stuck at GND due to stuck port clock_enable ;
; DATA_MEM:inst40|mem[63][19]                           ; Stuck at GND due to stuck port clock_enable ;
; DATA_MEM:inst40|mem[63][18]                           ; Stuck at GND due to stuck port clock_enable ;
; DATA_MEM:inst40|mem[63][17]                           ; Stuck at GND due to stuck port clock_enable ;
; DATA_MEM:inst40|mem[63][16]                           ; Stuck at GND due to stuck port clock_enable ;
; DATA_MEM:inst40|mem[63][15]                           ; Stuck at GND due to stuck port clock_enable ;
; DATA_MEM:inst40|mem[63][14]                           ; Stuck at GND due to stuck port clock_enable ;
; DATA_MEM:inst40|mem[63][13]                           ; Stuck at GND due to stuck port clock_enable ;
; DATA_MEM:inst40|mem[63][12]                           ; Stuck at GND due to stuck port clock_enable ;
; DATA_MEM:inst40|mem[63][11]                           ; Stuck at GND due to stuck port clock_enable ;
; DATA_MEM:inst40|mem[63][10]                           ; Stuck at GND due to stuck port clock_enable ;
; DATA_MEM:inst40|mem[63][9]                            ; Stuck at GND due to stuck port clock_enable ;
; DATA_MEM:inst40|mem[63][8]                            ; Stuck at GND due to stuck port clock_enable ;
; DATA_MEM:inst40|mem[63][7]                            ; Stuck at GND due to stuck port clock_enable ;
; DATA_MEM:inst40|mem[63][6]                            ; Stuck at GND due to stuck port clock_enable ;
; DATA_MEM:inst40|mem[63][5]                            ; Stuck at GND due to stuck port clock_enable ;
; DATA_MEM:inst40|mem[63][4]                            ; Stuck at GND due to stuck port clock_enable ;
; DATA_MEM:inst40|mem[63][3]                            ; Stuck at GND due to stuck port clock_enable ;
; DATA_MEM:inst40|mem[63][2]                            ; Stuck at GND due to stuck port clock_enable ;
; DATA_MEM:inst40|mem[63][1]                            ; Stuck at GND due to stuck port clock_enable ;
; DATA_MEM:inst40|mem[63][0]                            ; Stuck at GND due to stuck port clock_enable ;
; DATA_MEM:inst40|mem[62][31]                           ; Stuck at GND due to stuck port clock_enable ;
; DATA_MEM:inst40|mem[62][30]                           ; Stuck at GND due to stuck port clock_enable ;
; DATA_MEM:inst40|mem[62][29]                           ; Stuck at GND due to stuck port clock_enable ;
; DATA_MEM:inst40|mem[62][28]                           ; Stuck at GND due to stuck port clock_enable ;
; DATA_MEM:inst40|mem[62][27]                           ; Stuck at GND due to stuck port clock_enable ;
; DATA_MEM:inst40|mem[62][26]                           ; Stuck at GND due to stuck port clock_enable ;
; DATA_MEM:inst40|mem[62][25]                           ; Stuck at GND due to stuck port clock_enable ;
; DATA_MEM:inst40|mem[62][24]                           ; Stuck at GND due to stuck port clock_enable ;
; DATA_MEM:inst40|mem[62][23]                           ; Stuck at GND due to stuck port clock_enable ;
; DATA_MEM:inst40|mem[62][22]                           ; Stuck at GND due to stuck port clock_enable ;
; DATA_MEM:inst40|mem[62][21]                           ; Stuck at GND due to stuck port clock_enable ;
; DATA_MEM:inst40|mem[62][20]                           ; Stuck at GND due to stuck port clock_enable ;
; DATA_MEM:inst40|mem[62][19]                           ; Stuck at GND due to stuck port clock_enable ;
; DATA_MEM:inst40|mem[62][18]                           ; Stuck at GND due to stuck port clock_enable ;
; DATA_MEM:inst40|mem[62][17]                           ; Stuck at GND due to stuck port clock_enable ;
; DATA_MEM:inst40|mem[62][16]                           ; Stuck at GND due to stuck port clock_enable ;
; DATA_MEM:inst40|mem[62][15]                           ; Stuck at GND due to stuck port clock_enable ;
; DATA_MEM:inst40|mem[62][14]                           ; Stuck at GND due to stuck port clock_enable ;
; DATA_MEM:inst40|mem[62][13]                           ; Stuck at GND due to stuck port clock_enable ;
; DATA_MEM:inst40|mem[62][12]                           ; Stuck at GND due to stuck port clock_enable ;
; DATA_MEM:inst40|mem[62][11]                           ; Stuck at GND due to stuck port clock_enable ;
; DATA_MEM:inst40|mem[62][10]                           ; Stuck at GND due to stuck port clock_enable ;
; DATA_MEM:inst40|mem[62][9]                            ; Stuck at GND due to stuck port clock_enable ;
; DATA_MEM:inst40|mem[62][8]                            ; Stuck at GND due to stuck port clock_enable ;
; DATA_MEM:inst40|mem[62][7]                            ; Stuck at GND due to stuck port clock_enable ;
; DATA_MEM:inst40|mem[62][6]                            ; Stuck at GND due to stuck port clock_enable ;
; DATA_MEM:inst40|mem[62][5]                            ; Stuck at GND due to stuck port clock_enable ;
; DATA_MEM:inst40|mem[62][4]                            ; Stuck at GND due to stuck port clock_enable ;
; DATA_MEM:inst40|mem[62][3]                            ; Stuck at GND due to stuck port clock_enable ;
; DATA_MEM:inst40|mem[62][2]                            ; Stuck at GND due to stuck port clock_enable ;
; DATA_MEM:inst40|mem[62][1]                            ; Stuck at GND due to stuck port clock_enable ;
; DATA_MEM:inst40|mem[62][0]                            ; Stuck at GND due to stuck port clock_enable ;
; DATA_MEM:inst40|mem[61][31]                           ; Stuck at GND due to stuck port clock_enable ;
; DATA_MEM:inst40|mem[61][30]                           ; Stuck at GND due to stuck port clock_enable ;
; DATA_MEM:inst40|mem[61][29]                           ; Stuck at GND due to stuck port clock_enable ;
; DATA_MEM:inst40|mem[61][28]                           ; Stuck at GND due to stuck port clock_enable ;
; DATA_MEM:inst40|mem[61][27]                           ; Stuck at GND due to stuck port clock_enable ;
; DATA_MEM:inst40|mem[61][26]                           ; Stuck at GND due to stuck port clock_enable ;
; DATA_MEM:inst40|mem[61][25]                           ; Stuck at GND due to stuck port clock_enable ;
; DATA_MEM:inst40|mem[61][24]                           ; Stuck at GND due to stuck port clock_enable ;
; DATA_MEM:inst40|mem[61][23]                           ; Stuck at GND due to stuck port clock_enable ;
; DATA_MEM:inst40|mem[61][22]                           ; Stuck at GND due to stuck port clock_enable ;
; DATA_MEM:inst40|mem[61][21]                           ; Stuck at GND due to stuck port clock_enable ;
; DATA_MEM:inst40|mem[61][20]                           ; Stuck at GND due to stuck port clock_enable ;
; DATA_MEM:inst40|mem[61][19]                           ; Stuck at GND due to stuck port clock_enable ;
; DATA_MEM:inst40|mem[61][18]                           ; Stuck at GND due to stuck port clock_enable ;
; DATA_MEM:inst40|mem[61][17]                           ; Stuck at GND due to stuck port clock_enable ;
; DATA_MEM:inst40|mem[61][16]                           ; Stuck at GND due to stuck port clock_enable ;
; DATA_MEM:inst40|mem[61][15]                           ; Stuck at GND due to stuck port clock_enable ;
; DATA_MEM:inst40|mem[61][14]                           ; Stuck at GND due to stuck port clock_enable ;
; DATA_MEM:inst40|mem[61][13]                           ; Stuck at GND due to stuck port clock_enable ;
; DATA_MEM:inst40|mem[61][12]                           ; Stuck at GND due to stuck port clock_enable ;
; DATA_MEM:inst40|mem[61][11]                           ; Stuck at GND due to stuck port clock_enable ;
; DATA_MEM:inst40|mem[61][10]                           ; Stuck at GND due to stuck port clock_enable ;
; DATA_MEM:inst40|mem[61][9]                            ; Stuck at GND due to stuck port clock_enable ;
; DATA_MEM:inst40|mem[61][8]                            ; Stuck at GND due to stuck port clock_enable ;
; DATA_MEM:inst40|mem[61][7]                            ; Stuck at GND due to stuck port clock_enable ;
; DATA_MEM:inst40|mem[61][6]                            ; Stuck at GND due to stuck port clock_enable ;
; DATA_MEM:inst40|mem[61][5]                            ; Stuck at GND due to stuck port clock_enable ;
; DATA_MEM:inst40|mem[61][4]                            ; Stuck at GND due to stuck port clock_enable ;
; DATA_MEM:inst40|mem[61][3]                            ; Stuck at GND due to stuck port clock_enable ;
; DATA_MEM:inst40|mem[61][2]                            ; Stuck at GND due to stuck port clock_enable ;
; DATA_MEM:inst40|mem[61][1]                            ; Stuck at GND due to stuck port clock_enable ;
; DATA_MEM:inst40|mem[61][0]                            ; Stuck at GND due to stuck port clock_enable ;
; DATA_MEM:inst40|mem[60][31]                           ; Stuck at GND due to stuck port clock_enable ;
; DATA_MEM:inst40|mem[60][30]                           ; Stuck at GND due to stuck port clock_enable ;
; DATA_MEM:inst40|mem[60][29]                           ; Stuck at GND due to stuck port clock_enable ;
; DATA_MEM:inst40|mem[60][28]                           ; Stuck at GND due to stuck port clock_enable ;
; DATA_MEM:inst40|mem[60][27]                           ; Stuck at GND due to stuck port clock_enable ;
; DATA_MEM:inst40|mem[60][26]                           ; Stuck at GND due to stuck port clock_enable ;
; DATA_MEM:inst40|mem[60][25]                           ; Stuck at GND due to stuck port clock_enable ;
; DATA_MEM:inst40|mem[60][24]                           ; Stuck at GND due to stuck port clock_enable ;
; DATA_MEM:inst40|mem[60][23]                           ; Stuck at GND due to stuck port clock_enable ;
; DATA_MEM:inst40|mem[60][22]                           ; Stuck at GND due to stuck port clock_enable ;
; DATA_MEM:inst40|mem[60][21]                           ; Stuck at GND due to stuck port clock_enable ;
; DATA_MEM:inst40|mem[60][20]                           ; Stuck at GND due to stuck port clock_enable ;
; DATA_MEM:inst40|mem[60][19]                           ; Stuck at GND due to stuck port clock_enable ;
; DATA_MEM:inst40|mem[60][18]                           ; Stuck at GND due to stuck port clock_enable ;
; DATA_MEM:inst40|mem[60][17]                           ; Stuck at GND due to stuck port clock_enable ;
; DATA_MEM:inst40|mem[60][16]                           ; Stuck at GND due to stuck port clock_enable ;
; DATA_MEM:inst40|mem[60][15]                           ; Stuck at GND due to stuck port clock_enable ;
; DATA_MEM:inst40|mem[60][14]                           ; Stuck at GND due to stuck port clock_enable ;
; DATA_MEM:inst40|mem[60][13]                           ; Stuck at GND due to stuck port clock_enable ;
; DATA_MEM:inst40|mem[60][12]                           ; Stuck at GND due to stuck port clock_enable ;
; DATA_MEM:inst40|mem[60][11]                           ; Stuck at GND due to stuck port clock_enable ;
; DATA_MEM:inst40|mem[60][10]                           ; Stuck at GND due to stuck port clock_enable ;
; DATA_MEM:inst40|mem[60][9]                            ; Stuck at GND due to stuck port clock_enable ;
; DATA_MEM:inst40|mem[60][8]                            ; Stuck at GND due to stuck port clock_enable ;
; DATA_MEM:inst40|mem[60][7]                            ; Stuck at GND due to stuck port clock_enable ;
; DATA_MEM:inst40|mem[60][6]                            ; Stuck at GND due to stuck port clock_enable ;
; DATA_MEM:inst40|mem[60][5]                            ; Stuck at GND due to stuck port clock_enable ;
; DATA_MEM:inst40|mem[60][4]                            ; Stuck at GND due to stuck port clock_enable ;
; DATA_MEM:inst40|mem[60][3]                            ; Stuck at GND due to stuck port clock_enable ;
; DATA_MEM:inst40|mem[60][2]                            ; Stuck at GND due to stuck port clock_enable ;
; DATA_MEM:inst40|mem[60][1]                            ; Stuck at GND due to stuck port clock_enable ;
; DATA_MEM:inst40|mem[60][0]                            ; Stuck at GND due to stuck port clock_enable ;
; DATA_MEM:inst40|mem[59][31]                           ; Stuck at GND due to stuck port clock_enable ;
; DATA_MEM:inst40|mem[59][30]                           ; Stuck at GND due to stuck port clock_enable ;
; DATA_MEM:inst40|mem[59][29]                           ; Stuck at GND due to stuck port clock_enable ;
; DATA_MEM:inst40|mem[59][28]                           ; Stuck at GND due to stuck port clock_enable ;
; DATA_MEM:inst40|mem[59][27]                           ; Stuck at GND due to stuck port clock_enable ;
; DATA_MEM:inst40|mem[59][26]                           ; Stuck at GND due to stuck port clock_enable ;
; DATA_MEM:inst40|mem[59][25]                           ; Stuck at GND due to stuck port clock_enable ;
; DATA_MEM:inst40|mem[59][24]                           ; Stuck at GND due to stuck port clock_enable ;
; DATA_MEM:inst40|mem[59][23]                           ; Stuck at GND due to stuck port clock_enable ;
; DATA_MEM:inst40|mem[59][22]                           ; Stuck at GND due to stuck port clock_enable ;
; DATA_MEM:inst40|mem[59][21]                           ; Stuck at GND due to stuck port clock_enable ;
; DATA_MEM:inst40|mem[59][20]                           ; Stuck at GND due to stuck port clock_enable ;
; DATA_MEM:inst40|mem[59][19]                           ; Stuck at GND due to stuck port clock_enable ;
; DATA_MEM:inst40|mem[59][18]                           ; Stuck at GND due to stuck port clock_enable ;
; DATA_MEM:inst40|mem[59][17]                           ; Stuck at GND due to stuck port clock_enable ;
; DATA_MEM:inst40|mem[59][16]                           ; Stuck at GND due to stuck port clock_enable ;
; DATA_MEM:inst40|mem[59][15]                           ; Stuck at GND due to stuck port clock_enable ;
; DATA_MEM:inst40|mem[59][14]                           ; Stuck at GND due to stuck port clock_enable ;
; DATA_MEM:inst40|mem[59][13]                           ; Stuck at GND due to stuck port clock_enable ;
; DATA_MEM:inst40|mem[59][12]                           ; Stuck at GND due to stuck port clock_enable ;
; DATA_MEM:inst40|mem[59][11]                           ; Stuck at GND due to stuck port clock_enable ;
; DATA_MEM:inst40|mem[59][10]                           ; Stuck at GND due to stuck port clock_enable ;
; DATA_MEM:inst40|mem[59][9]                            ; Stuck at GND due to stuck port clock_enable ;
; DATA_MEM:inst40|mem[59][8]                            ; Stuck at GND due to stuck port clock_enable ;
; DATA_MEM:inst40|mem[59][7]                            ; Stuck at GND due to stuck port clock_enable ;
; DATA_MEM:inst40|mem[59][6]                            ; Stuck at GND due to stuck port clock_enable ;
; DATA_MEM:inst40|mem[59][5]                            ; Stuck at GND due to stuck port clock_enable ;
; DATA_MEM:inst40|mem[59][4]                            ; Stuck at GND due to stuck port clock_enable ;
; DATA_MEM:inst40|mem[59][3]                            ; Stuck at GND due to stuck port clock_enable ;
; DATA_MEM:inst40|mem[59][2]                            ; Stuck at GND due to stuck port clock_enable ;
; DATA_MEM:inst40|mem[59][1]                            ; Stuck at GND due to stuck port clock_enable ;
; DATA_MEM:inst40|mem[59][0]                            ; Stuck at GND due to stuck port clock_enable ;
; DATA_MEM:inst40|mem[58][31]                           ; Stuck at GND due to stuck port clock_enable ;
; DATA_MEM:inst40|mem[58][30]                           ; Stuck at GND due to stuck port clock_enable ;
; DATA_MEM:inst40|mem[58][29]                           ; Stuck at GND due to stuck port clock_enable ;
; DATA_MEM:inst40|mem[58][28]                           ; Stuck at GND due to stuck port clock_enable ;
; DATA_MEM:inst40|mem[58][27]                           ; Stuck at GND due to stuck port clock_enable ;
; DATA_MEM:inst40|mem[58][26]                           ; Stuck at GND due to stuck port clock_enable ;
; DATA_MEM:inst40|mem[58][25]                           ; Stuck at GND due to stuck port clock_enable ;
; DATA_MEM:inst40|mem[58][24]                           ; Stuck at GND due to stuck port clock_enable ;
; DATA_MEM:inst40|mem[58][23]                           ; Stuck at GND due to stuck port clock_enable ;
; DATA_MEM:inst40|mem[58][22]                           ; Stuck at GND due to stuck port clock_enable ;
; DATA_MEM:inst40|mem[58][21]                           ; Stuck at GND due to stuck port clock_enable ;
; DATA_MEM:inst40|mem[58][20]                           ; Stuck at GND due to stuck port clock_enable ;
; DATA_MEM:inst40|mem[58][19]                           ; Stuck at GND due to stuck port clock_enable ;
; DATA_MEM:inst40|mem[58][18]                           ; Stuck at GND due to stuck port clock_enable ;
; DATA_MEM:inst40|mem[58][17]                           ; Stuck at GND due to stuck port clock_enable ;
; DATA_MEM:inst40|mem[58][16]                           ; Stuck at GND due to stuck port clock_enable ;
; DATA_MEM:inst40|mem[58][15]                           ; Stuck at GND due to stuck port clock_enable ;
; DATA_MEM:inst40|mem[58][14]                           ; Stuck at GND due to stuck port clock_enable ;
; DATA_MEM:inst40|mem[58][13]                           ; Stuck at GND due to stuck port clock_enable ;
; DATA_MEM:inst40|mem[58][12]                           ; Stuck at GND due to stuck port clock_enable ;
; DATA_MEM:inst40|mem[58][11]                           ; Stuck at GND due to stuck port clock_enable ;
; DATA_MEM:inst40|mem[58][10]                           ; Stuck at GND due to stuck port clock_enable ;
; DATA_MEM:inst40|mem[58][9]                            ; Stuck at GND due to stuck port clock_enable ;
; DATA_MEM:inst40|mem[58][8]                            ; Stuck at GND due to stuck port clock_enable ;
; DATA_MEM:inst40|mem[58][7]                            ; Stuck at GND due to stuck port clock_enable ;
; DATA_MEM:inst40|mem[58][6]                            ; Stuck at GND due to stuck port clock_enable ;
; DATA_MEM:inst40|mem[58][5]                            ; Stuck at GND due to stuck port clock_enable ;
; DATA_MEM:inst40|mem[58][4]                            ; Stuck at GND due to stuck port clock_enable ;
; DATA_MEM:inst40|mem[58][3]                            ; Stuck at GND due to stuck port clock_enable ;
; DATA_MEM:inst40|mem[58][2]                            ; Stuck at GND due to stuck port clock_enable ;
; DATA_MEM:inst40|mem[58][1]                            ; Stuck at GND due to stuck port clock_enable ;
; DATA_MEM:inst40|mem[58][0]                            ; Stuck at GND due to stuck port clock_enable ;
; DATA_MEM:inst40|mem[57][31]                           ; Stuck at GND due to stuck port clock_enable ;
; DATA_MEM:inst40|mem[57][30]                           ; Stuck at GND due to stuck port clock_enable ;
; DATA_MEM:inst40|mem[57][29]                           ; Stuck at GND due to stuck port clock_enable ;
; DATA_MEM:inst40|mem[57][28]                           ; Stuck at GND due to stuck port clock_enable ;
; DATA_MEM:inst40|mem[57][27]                           ; Stuck at GND due to stuck port clock_enable ;
; DATA_MEM:inst40|mem[57][26]                           ; Stuck at GND due to stuck port clock_enable ;
; DATA_MEM:inst40|mem[57][25]                           ; Stuck at GND due to stuck port clock_enable ;
; DATA_MEM:inst40|mem[57][24]                           ; Stuck at GND due to stuck port clock_enable ;
; DATA_MEM:inst40|mem[57][23]                           ; Stuck at GND due to stuck port clock_enable ;
; DATA_MEM:inst40|mem[57][22]                           ; Stuck at GND due to stuck port clock_enable ;
; DATA_MEM:inst40|mem[57][21]                           ; Stuck at GND due to stuck port clock_enable ;
; DATA_MEM:inst40|mem[57][20]                           ; Stuck at GND due to stuck port clock_enable ;
; DATA_MEM:inst40|mem[57][19]                           ; Stuck at GND due to stuck port clock_enable ;
; DATA_MEM:inst40|mem[57][18]                           ; Stuck at GND due to stuck port clock_enable ;
; DATA_MEM:inst40|mem[57][17]                           ; Stuck at GND due to stuck port clock_enable ;
; DATA_MEM:inst40|mem[57][16]                           ; Stuck at GND due to stuck port clock_enable ;
; DATA_MEM:inst40|mem[57][15]                           ; Stuck at GND due to stuck port clock_enable ;
; DATA_MEM:inst40|mem[57][14]                           ; Stuck at GND due to stuck port clock_enable ;
; DATA_MEM:inst40|mem[57][13]                           ; Stuck at GND due to stuck port clock_enable ;
; DATA_MEM:inst40|mem[57][12]                           ; Stuck at GND due to stuck port clock_enable ;
; DATA_MEM:inst40|mem[57][11]                           ; Stuck at GND due to stuck port clock_enable ;
; DATA_MEM:inst40|mem[57][10]                           ; Stuck at GND due to stuck port clock_enable ;
; DATA_MEM:inst40|mem[57][9]                            ; Stuck at GND due to stuck port clock_enable ;
; DATA_MEM:inst40|mem[57][8]                            ; Stuck at GND due to stuck port clock_enable ;
; DATA_MEM:inst40|mem[57][7]                            ; Stuck at GND due to stuck port clock_enable ;
; DATA_MEM:inst40|mem[57][6]                            ; Stuck at GND due to stuck port clock_enable ;
; DATA_MEM:inst40|mem[57][5]                            ; Stuck at GND due to stuck port clock_enable ;
; DATA_MEM:inst40|mem[57][4]                            ; Stuck at GND due to stuck port clock_enable ;
; DATA_MEM:inst40|mem[57][3]                            ; Stuck at GND due to stuck port clock_enable ;
; DATA_MEM:inst40|mem[57][2]                            ; Stuck at GND due to stuck port clock_enable ;
; DATA_MEM:inst40|mem[57][1]                            ; Stuck at GND due to stuck port clock_enable ;
; DATA_MEM:inst40|mem[57][0]                            ; Stuck at GND due to stuck port clock_enable ;
; DATA_MEM:inst40|mem[56][31]                           ; Stuck at GND due to stuck port clock_enable ;
; DATA_MEM:inst40|mem[56][30]                           ; Stuck at GND due to stuck port clock_enable ;
; DATA_MEM:inst40|mem[56][29]                           ; Stuck at GND due to stuck port clock_enable ;
; DATA_MEM:inst40|mem[56][28]                           ; Stuck at GND due to stuck port clock_enable ;
; DATA_MEM:inst40|mem[56][27]                           ; Stuck at GND due to stuck port clock_enable ;
; DATA_MEM:inst40|mem[56][26]                           ; Stuck at GND due to stuck port clock_enable ;
; DATA_MEM:inst40|mem[56][25]                           ; Stuck at GND due to stuck port clock_enable ;
; DATA_MEM:inst40|mem[56][24]                           ; Stuck at GND due to stuck port clock_enable ;
; DATA_MEM:inst40|mem[56][23]                           ; Stuck at GND due to stuck port clock_enable ;
; DATA_MEM:inst40|mem[56][22]                           ; Stuck at GND due to stuck port clock_enable ;
; DATA_MEM:inst40|mem[56][21]                           ; Stuck at GND due to stuck port clock_enable ;
; DATA_MEM:inst40|mem[56][20]                           ; Stuck at GND due to stuck port clock_enable ;
; DATA_MEM:inst40|mem[56][19]                           ; Stuck at GND due to stuck port clock_enable ;
; DATA_MEM:inst40|mem[56][18]                           ; Stuck at GND due to stuck port clock_enable ;
; DATA_MEM:inst40|mem[56][17]                           ; Stuck at GND due to stuck port clock_enable ;
; DATA_MEM:inst40|mem[56][16]                           ; Stuck at GND due to stuck port clock_enable ;
; DATA_MEM:inst40|mem[56][15]                           ; Stuck at GND due to stuck port clock_enable ;
; DATA_MEM:inst40|mem[56][14]                           ; Stuck at GND due to stuck port clock_enable ;
; DATA_MEM:inst40|mem[56][13]                           ; Stuck at GND due to stuck port clock_enable ;
; DATA_MEM:inst40|mem[56][12]                           ; Stuck at GND due to stuck port clock_enable ;
; DATA_MEM:inst40|mem[56][11]                           ; Stuck at GND due to stuck port clock_enable ;
; DATA_MEM:inst40|mem[56][10]                           ; Stuck at GND due to stuck port clock_enable ;
; DATA_MEM:inst40|mem[56][9]                            ; Stuck at GND due to stuck port clock_enable ;
; DATA_MEM:inst40|mem[56][8]                            ; Stuck at GND due to stuck port clock_enable ;
; DATA_MEM:inst40|mem[56][7]                            ; Stuck at GND due to stuck port clock_enable ;
; DATA_MEM:inst40|mem[56][6]                            ; Stuck at GND due to stuck port clock_enable ;
; DATA_MEM:inst40|mem[56][5]                            ; Stuck at GND due to stuck port clock_enable ;
; DATA_MEM:inst40|mem[56][4]                            ; Stuck at GND due to stuck port clock_enable ;
; DATA_MEM:inst40|mem[56][3]                            ; Stuck at GND due to stuck port clock_enable ;
; DATA_MEM:inst40|mem[56][2]                            ; Stuck at GND due to stuck port clock_enable ;
; DATA_MEM:inst40|mem[56][1]                            ; Stuck at GND due to stuck port clock_enable ;
; DATA_MEM:inst40|mem[56][0]                            ; Stuck at GND due to stuck port clock_enable ;
; DATA_MEM:inst40|mem[55][31]                           ; Stuck at GND due to stuck port clock_enable ;
; DATA_MEM:inst40|mem[55][30]                           ; Stuck at GND due to stuck port clock_enable ;
; DATA_MEM:inst40|mem[55][29]                           ; Stuck at GND due to stuck port clock_enable ;
; DATA_MEM:inst40|mem[55][28]                           ; Stuck at GND due to stuck port clock_enable ;
; DATA_MEM:inst40|mem[55][27]                           ; Stuck at GND due to stuck port clock_enable ;
; DATA_MEM:inst40|mem[55][26]                           ; Stuck at GND due to stuck port clock_enable ;
; DATA_MEM:inst40|mem[55][25]                           ; Stuck at GND due to stuck port clock_enable ;
; DATA_MEM:inst40|mem[55][24]                           ; Stuck at GND due to stuck port clock_enable ;
; DATA_MEM:inst40|mem[55][23]                           ; Stuck at GND due to stuck port clock_enable ;
; DATA_MEM:inst40|mem[55][22]                           ; Stuck at GND due to stuck port clock_enable ;
; DATA_MEM:inst40|mem[55][21]                           ; Stuck at GND due to stuck port clock_enable ;
; DATA_MEM:inst40|mem[55][20]                           ; Stuck at GND due to stuck port clock_enable ;
; DATA_MEM:inst40|mem[55][19]                           ; Stuck at GND due to stuck port clock_enable ;
; DATA_MEM:inst40|mem[55][18]                           ; Stuck at GND due to stuck port clock_enable ;
; DATA_MEM:inst40|mem[55][17]                           ; Stuck at GND due to stuck port clock_enable ;
; DATA_MEM:inst40|mem[55][16]                           ; Stuck at GND due to stuck port clock_enable ;
; DATA_MEM:inst40|mem[55][15]                           ; Stuck at GND due to stuck port clock_enable ;
; DATA_MEM:inst40|mem[55][14]                           ; Stuck at GND due to stuck port clock_enable ;
; DATA_MEM:inst40|mem[55][13]                           ; Stuck at GND due to stuck port clock_enable ;
; DATA_MEM:inst40|mem[55][12]                           ; Stuck at GND due to stuck port clock_enable ;
; DATA_MEM:inst40|mem[55][11]                           ; Stuck at GND due to stuck port clock_enable ;
; DATA_MEM:inst40|mem[55][10]                           ; Stuck at GND due to stuck port clock_enable ;
; DATA_MEM:inst40|mem[55][9]                            ; Stuck at GND due to stuck port clock_enable ;
; DATA_MEM:inst40|mem[55][8]                            ; Stuck at GND due to stuck port clock_enable ;
; DATA_MEM:inst40|mem[55][7]                            ; Stuck at GND due to stuck port clock_enable ;
; DATA_MEM:inst40|mem[55][6]                            ; Stuck at GND due to stuck port clock_enable ;
; DATA_MEM:inst40|mem[55][5]                            ; Stuck at GND due to stuck port clock_enable ;
; DATA_MEM:inst40|mem[55][4]                            ; Stuck at GND due to stuck port clock_enable ;
; DATA_MEM:inst40|mem[55][3]                            ; Stuck at GND due to stuck port clock_enable ;
; DATA_MEM:inst40|mem[55][2]                            ; Stuck at GND due to stuck port clock_enable ;
; DATA_MEM:inst40|mem[55][1]                            ; Stuck at GND due to stuck port clock_enable ;
; DATA_MEM:inst40|mem[55][0]                            ; Stuck at GND due to stuck port clock_enable ;
; DATA_MEM:inst40|mem[54][31]                           ; Stuck at GND due to stuck port clock_enable ;
; DATA_MEM:inst40|mem[54][30]                           ; Stuck at GND due to stuck port clock_enable ;
; DATA_MEM:inst40|mem[54][29]                           ; Stuck at GND due to stuck port clock_enable ;
; DATA_MEM:inst40|mem[54][28]                           ; Stuck at GND due to stuck port clock_enable ;
; DATA_MEM:inst40|mem[54][27]                           ; Stuck at GND due to stuck port clock_enable ;
; DATA_MEM:inst40|mem[54][26]                           ; Stuck at GND due to stuck port clock_enable ;
; DATA_MEM:inst40|mem[54][25]                           ; Stuck at GND due to stuck port clock_enable ;
; DATA_MEM:inst40|mem[54][24]                           ; Stuck at GND due to stuck port clock_enable ;
; DATA_MEM:inst40|mem[54][23]                           ; Stuck at GND due to stuck port clock_enable ;
; DATA_MEM:inst40|mem[54][22]                           ; Stuck at GND due to stuck port clock_enable ;
; DATA_MEM:inst40|mem[54][21]                           ; Stuck at GND due to stuck port clock_enable ;
; DATA_MEM:inst40|mem[54][20]                           ; Stuck at GND due to stuck port clock_enable ;
; DATA_MEM:inst40|mem[54][19]                           ; Stuck at GND due to stuck port clock_enable ;
; DATA_MEM:inst40|mem[54][18]                           ; Stuck at GND due to stuck port clock_enable ;
; DATA_MEM:inst40|mem[54][17]                           ; Stuck at GND due to stuck port clock_enable ;
; DATA_MEM:inst40|mem[54][16]                           ; Stuck at GND due to stuck port clock_enable ;
; DATA_MEM:inst40|mem[54][15]                           ; Stuck at GND due to stuck port clock_enable ;
; DATA_MEM:inst40|mem[54][14]                           ; Stuck at GND due to stuck port clock_enable ;
; DATA_MEM:inst40|mem[54][13]                           ; Stuck at GND due to stuck port clock_enable ;
; DATA_MEM:inst40|mem[54][12]                           ; Stuck at GND due to stuck port clock_enable ;
; DATA_MEM:inst40|mem[54][11]                           ; Stuck at GND due to stuck port clock_enable ;
; DATA_MEM:inst40|mem[54][10]                           ; Stuck at GND due to stuck port clock_enable ;
; DATA_MEM:inst40|mem[54][9]                            ; Stuck at GND due to stuck port clock_enable ;
; DATA_MEM:inst40|mem[54][8]                            ; Stuck at GND due to stuck port clock_enable ;
; DATA_MEM:inst40|mem[54][7]                            ; Stuck at GND due to stuck port clock_enable ;
; DATA_MEM:inst40|mem[54][6]                            ; Stuck at GND due to stuck port clock_enable ;
; DATA_MEM:inst40|mem[54][5]                            ; Stuck at GND due to stuck port clock_enable ;
; DATA_MEM:inst40|mem[54][4]                            ; Stuck at GND due to stuck port clock_enable ;
; DATA_MEM:inst40|mem[54][3]                            ; Stuck at GND due to stuck port clock_enable ;
; DATA_MEM:inst40|mem[54][2]                            ; Stuck at GND due to stuck port clock_enable ;
; DATA_MEM:inst40|mem[54][1]                            ; Stuck at GND due to stuck port clock_enable ;
; DATA_MEM:inst40|mem[54][0]                            ; Stuck at GND due to stuck port clock_enable ;
; DATA_MEM:inst40|mem[53][31]                           ; Stuck at GND due to stuck port clock_enable ;
; DATA_MEM:inst40|mem[53][30]                           ; Stuck at GND due to stuck port clock_enable ;
; DATA_MEM:inst40|mem[53][29]                           ; Stuck at GND due to stuck port clock_enable ;
; DATA_MEM:inst40|mem[53][28]                           ; Stuck at GND due to stuck port clock_enable ;
; DATA_MEM:inst40|mem[53][27]                           ; Stuck at GND due to stuck port clock_enable ;
; DATA_MEM:inst40|mem[53][26]                           ; Stuck at GND due to stuck port clock_enable ;
; DATA_MEM:inst40|mem[53][25]                           ; Stuck at GND due to stuck port clock_enable ;
; DATA_MEM:inst40|mem[53][24]                           ; Stuck at GND due to stuck port clock_enable ;
; DATA_MEM:inst40|mem[53][23]                           ; Stuck at GND due to stuck port clock_enable ;
; DATA_MEM:inst40|mem[53][22]                           ; Stuck at GND due to stuck port clock_enable ;
; DATA_MEM:inst40|mem[53][21]                           ; Stuck at GND due to stuck port clock_enable ;
; DATA_MEM:inst40|mem[53][20]                           ; Stuck at GND due to stuck port clock_enable ;
; DATA_MEM:inst40|mem[53][19]                           ; Stuck at GND due to stuck port clock_enable ;
; DATA_MEM:inst40|mem[53][18]                           ; Stuck at GND due to stuck port clock_enable ;
; DATA_MEM:inst40|mem[53][17]                           ; Stuck at GND due to stuck port clock_enable ;
; DATA_MEM:inst40|mem[53][16]                           ; Stuck at GND due to stuck port clock_enable ;
; DATA_MEM:inst40|mem[53][15]                           ; Stuck at GND due to stuck port clock_enable ;
; DATA_MEM:inst40|mem[53][14]                           ; Stuck at GND due to stuck port clock_enable ;
; DATA_MEM:inst40|mem[53][13]                           ; Stuck at GND due to stuck port clock_enable ;
; DATA_MEM:inst40|mem[53][12]                           ; Stuck at GND due to stuck port clock_enable ;
; DATA_MEM:inst40|mem[53][11]                           ; Stuck at GND due to stuck port clock_enable ;
; DATA_MEM:inst40|mem[53][10]                           ; Stuck at GND due to stuck port clock_enable ;
; DATA_MEM:inst40|mem[53][9]                            ; Stuck at GND due to stuck port clock_enable ;
; DATA_MEM:inst40|mem[53][8]                            ; Stuck at GND due to stuck port clock_enable ;
; DATA_MEM:inst40|mem[53][7]                            ; Stuck at GND due to stuck port clock_enable ;
; DATA_MEM:inst40|mem[53][6]                            ; Stuck at GND due to stuck port clock_enable ;
; DATA_MEM:inst40|mem[53][5]                            ; Stuck at GND due to stuck port clock_enable ;
; DATA_MEM:inst40|mem[53][4]                            ; Stuck at GND due to stuck port clock_enable ;
; DATA_MEM:inst40|mem[53][3]                            ; Stuck at GND due to stuck port clock_enable ;
; DATA_MEM:inst40|mem[53][2]                            ; Stuck at GND due to stuck port clock_enable ;
; DATA_MEM:inst40|mem[53][1]                            ; Stuck at GND due to stuck port clock_enable ;
; DATA_MEM:inst40|mem[53][0]                            ; Stuck at GND due to stuck port clock_enable ;
; DATA_MEM:inst40|mem[52][31]                           ; Stuck at GND due to stuck port clock_enable ;
; DATA_MEM:inst40|mem[52][30]                           ; Stuck at GND due to stuck port clock_enable ;
; DATA_MEM:inst40|mem[52][29]                           ; Stuck at GND due to stuck port clock_enable ;
; DATA_MEM:inst40|mem[52][28]                           ; Stuck at GND due to stuck port clock_enable ;
; DATA_MEM:inst40|mem[52][27]                           ; Stuck at GND due to stuck port clock_enable ;
; DATA_MEM:inst40|mem[52][26]                           ; Stuck at GND due to stuck port clock_enable ;
; DATA_MEM:inst40|mem[52][25]                           ; Stuck at GND due to stuck port clock_enable ;
; DATA_MEM:inst40|mem[52][24]                           ; Stuck at GND due to stuck port clock_enable ;
; DATA_MEM:inst40|mem[52][23]                           ; Stuck at GND due to stuck port clock_enable ;
; DATA_MEM:inst40|mem[52][22]                           ; Stuck at GND due to stuck port clock_enable ;
; DATA_MEM:inst40|mem[52][21]                           ; Stuck at GND due to stuck port clock_enable ;
; DATA_MEM:inst40|mem[52][20]                           ; Stuck at GND due to stuck port clock_enable ;
; DATA_MEM:inst40|mem[52][19]                           ; Stuck at GND due to stuck port clock_enable ;
; DATA_MEM:inst40|mem[52][18]                           ; Stuck at GND due to stuck port clock_enable ;
; DATA_MEM:inst40|mem[52][17]                           ; Stuck at GND due to stuck port clock_enable ;
; DATA_MEM:inst40|mem[52][16]                           ; Stuck at GND due to stuck port clock_enable ;
; DATA_MEM:inst40|mem[52][15]                           ; Stuck at GND due to stuck port clock_enable ;
; DATA_MEM:inst40|mem[52][14]                           ; Stuck at GND due to stuck port clock_enable ;
; DATA_MEM:inst40|mem[52][13]                           ; Stuck at GND due to stuck port clock_enable ;
; DATA_MEM:inst40|mem[52][12]                           ; Stuck at GND due to stuck port clock_enable ;
; DATA_MEM:inst40|mem[52][11]                           ; Stuck at GND due to stuck port clock_enable ;
; DATA_MEM:inst40|mem[52][10]                           ; Stuck at GND due to stuck port clock_enable ;
; DATA_MEM:inst40|mem[52][9]                            ; Stuck at GND due to stuck port clock_enable ;
; DATA_MEM:inst40|mem[52][8]                            ; Stuck at GND due to stuck port clock_enable ;
; DATA_MEM:inst40|mem[52][7]                            ; Stuck at GND due to stuck port clock_enable ;
; DATA_MEM:inst40|mem[52][6]                            ; Stuck at GND due to stuck port clock_enable ;
; DATA_MEM:inst40|mem[52][5]                            ; Stuck at GND due to stuck port clock_enable ;
; DATA_MEM:inst40|mem[52][4]                            ; Stuck at GND due to stuck port clock_enable ;
; DATA_MEM:inst40|mem[52][3]                            ; Stuck at GND due to stuck port clock_enable ;
; DATA_MEM:inst40|mem[52][2]                            ; Stuck at GND due to stuck port clock_enable ;
; DATA_MEM:inst40|mem[52][1]                            ; Stuck at GND due to stuck port clock_enable ;
; DATA_MEM:inst40|mem[52][0]                            ; Stuck at GND due to stuck port clock_enable ;
; DATA_MEM:inst40|mem[51][31]                           ; Stuck at GND due to stuck port clock_enable ;
; DATA_MEM:inst40|mem[51][30]                           ; Stuck at GND due to stuck port clock_enable ;
; DATA_MEM:inst40|mem[51][29]                           ; Stuck at GND due to stuck port clock_enable ;
; DATA_MEM:inst40|mem[51][28]                           ; Stuck at GND due to stuck port clock_enable ;
; DATA_MEM:inst40|mem[51][27]                           ; Stuck at GND due to stuck port clock_enable ;
; DATA_MEM:inst40|mem[51][26]                           ; Stuck at GND due to stuck port clock_enable ;
; DATA_MEM:inst40|mem[51][25]                           ; Stuck at GND due to stuck port clock_enable ;
; DATA_MEM:inst40|mem[51][24]                           ; Stuck at GND due to stuck port clock_enable ;
; DATA_MEM:inst40|mem[51][23]                           ; Stuck at GND due to stuck port clock_enable ;
; DATA_MEM:inst40|mem[51][22]                           ; Stuck at GND due to stuck port clock_enable ;
; DATA_MEM:inst40|mem[51][21]                           ; Stuck at GND due to stuck port clock_enable ;
; DATA_MEM:inst40|mem[51][20]                           ; Stuck at GND due to stuck port clock_enable ;
; DATA_MEM:inst40|mem[51][19]                           ; Stuck at GND due to stuck port clock_enable ;
; DATA_MEM:inst40|mem[51][18]                           ; Stuck at GND due to stuck port clock_enable ;
; DATA_MEM:inst40|mem[51][17]                           ; Stuck at GND due to stuck port clock_enable ;
; DATA_MEM:inst40|mem[51][16]                           ; Stuck at GND due to stuck port clock_enable ;
; DATA_MEM:inst40|mem[51][15]                           ; Stuck at GND due to stuck port clock_enable ;
; DATA_MEM:inst40|mem[51][14]                           ; Stuck at GND due to stuck port clock_enable ;
; DATA_MEM:inst40|mem[51][13]                           ; Stuck at GND due to stuck port clock_enable ;
; DATA_MEM:inst40|mem[51][12]                           ; Stuck at GND due to stuck port clock_enable ;
; DATA_MEM:inst40|mem[51][11]                           ; Stuck at GND due to stuck port clock_enable ;
; DATA_MEM:inst40|mem[51][10]                           ; Stuck at GND due to stuck port clock_enable ;
; DATA_MEM:inst40|mem[51][9]                            ; Stuck at GND due to stuck port clock_enable ;
; DATA_MEM:inst40|mem[51][8]                            ; Stuck at GND due to stuck port clock_enable ;
; DATA_MEM:inst40|mem[51][7]                            ; Stuck at GND due to stuck port clock_enable ;
; DATA_MEM:inst40|mem[51][6]                            ; Stuck at GND due to stuck port clock_enable ;
; DATA_MEM:inst40|mem[51][5]                            ; Stuck at GND due to stuck port clock_enable ;
; DATA_MEM:inst40|mem[51][4]                            ; Stuck at GND due to stuck port clock_enable ;
; DATA_MEM:inst40|mem[51][3]                            ; Stuck at GND due to stuck port clock_enable ;
; DATA_MEM:inst40|mem[51][2]                            ; Stuck at GND due to stuck port clock_enable ;
; DATA_MEM:inst40|mem[51][1]                            ; Stuck at GND due to stuck port clock_enable ;
; DATA_MEM:inst40|mem[51][0]                            ; Stuck at GND due to stuck port clock_enable ;
; DATA_MEM:inst40|mem[50][31]                           ; Stuck at GND due to stuck port clock_enable ;
; DATA_MEM:inst40|mem[50][30]                           ; Stuck at GND due to stuck port clock_enable ;
; DATA_MEM:inst40|mem[50][29]                           ; Stuck at GND due to stuck port clock_enable ;
; DATA_MEM:inst40|mem[50][28]                           ; Stuck at GND due to stuck port clock_enable ;
; DATA_MEM:inst40|mem[50][27]                           ; Stuck at GND due to stuck port clock_enable ;
; DATA_MEM:inst40|mem[50][26]                           ; Stuck at GND due to stuck port clock_enable ;
; DATA_MEM:inst40|mem[50][25]                           ; Stuck at GND due to stuck port clock_enable ;
; DATA_MEM:inst40|mem[50][24]                           ; Stuck at GND due to stuck port clock_enable ;
; DATA_MEM:inst40|mem[50][23]                           ; Stuck at GND due to stuck port clock_enable ;
; DATA_MEM:inst40|mem[50][22]                           ; Stuck at GND due to stuck port clock_enable ;
; DATA_MEM:inst40|mem[50][21]                           ; Stuck at GND due to stuck port clock_enable ;
; DATA_MEM:inst40|mem[50][20]                           ; Stuck at GND due to stuck port clock_enable ;
; DATA_MEM:inst40|mem[50][19]                           ; Stuck at GND due to stuck port clock_enable ;
; DATA_MEM:inst40|mem[50][18]                           ; Stuck at GND due to stuck port clock_enable ;
; DATA_MEM:inst40|mem[50][17]                           ; Stuck at GND due to stuck port clock_enable ;
; DATA_MEM:inst40|mem[50][16]                           ; Stuck at GND due to stuck port clock_enable ;
; DATA_MEM:inst40|mem[50][15]                           ; Stuck at GND due to stuck port clock_enable ;
; DATA_MEM:inst40|mem[50][14]                           ; Stuck at GND due to stuck port clock_enable ;
; DATA_MEM:inst40|mem[50][13]                           ; Stuck at GND due to stuck port clock_enable ;
; DATA_MEM:inst40|mem[50][12]                           ; Stuck at GND due to stuck port clock_enable ;
; DATA_MEM:inst40|mem[50][11]                           ; Stuck at GND due to stuck port clock_enable ;
; DATA_MEM:inst40|mem[50][10]                           ; Stuck at GND due to stuck port clock_enable ;
; DATA_MEM:inst40|mem[50][9]                            ; Stuck at GND due to stuck port clock_enable ;
; DATA_MEM:inst40|mem[50][8]                            ; Stuck at GND due to stuck port clock_enable ;
; DATA_MEM:inst40|mem[50][7]                            ; Stuck at GND due to stuck port clock_enable ;
; DATA_MEM:inst40|mem[50][6]                            ; Stuck at GND due to stuck port clock_enable ;
; DATA_MEM:inst40|mem[50][5]                            ; Stuck at GND due to stuck port clock_enable ;
; DATA_MEM:inst40|mem[50][4]                            ; Stuck at GND due to stuck port clock_enable ;
; DATA_MEM:inst40|mem[50][3]                            ; Stuck at GND due to stuck port clock_enable ;
; DATA_MEM:inst40|mem[50][2]                            ; Stuck at GND due to stuck port clock_enable ;
; DATA_MEM:inst40|mem[50][1]                            ; Stuck at GND due to stuck port clock_enable ;
; DATA_MEM:inst40|mem[50][0]                            ; Stuck at GND due to stuck port clock_enable ;
; DATA_MEM:inst40|mem[49][31]                           ; Stuck at GND due to stuck port clock_enable ;
; DATA_MEM:inst40|mem[49][30]                           ; Stuck at GND due to stuck port clock_enable ;
; DATA_MEM:inst40|mem[49][29]                           ; Stuck at GND due to stuck port clock_enable ;
; DATA_MEM:inst40|mem[49][28]                           ; Stuck at GND due to stuck port clock_enable ;
; DATA_MEM:inst40|mem[49][27]                           ; Stuck at GND due to stuck port clock_enable ;
; DATA_MEM:inst40|mem[49][26]                           ; Stuck at GND due to stuck port clock_enable ;
; DATA_MEM:inst40|mem[49][25]                           ; Stuck at GND due to stuck port clock_enable ;
; DATA_MEM:inst40|mem[49][24]                           ; Stuck at GND due to stuck port clock_enable ;
; DATA_MEM:inst40|mem[49][23]                           ; Stuck at GND due to stuck port clock_enable ;
; DATA_MEM:inst40|mem[49][22]                           ; Stuck at GND due to stuck port clock_enable ;
; DATA_MEM:inst40|mem[49][21]                           ; Stuck at GND due to stuck port clock_enable ;
; DATA_MEM:inst40|mem[49][20]                           ; Stuck at GND due to stuck port clock_enable ;
; DATA_MEM:inst40|mem[49][19]                           ; Stuck at GND due to stuck port clock_enable ;
; DATA_MEM:inst40|mem[49][18]                           ; Stuck at GND due to stuck port clock_enable ;
; DATA_MEM:inst40|mem[49][17]                           ; Stuck at GND due to stuck port clock_enable ;
; DATA_MEM:inst40|mem[49][16]                           ; Stuck at GND due to stuck port clock_enable ;
; DATA_MEM:inst40|mem[49][15]                           ; Stuck at GND due to stuck port clock_enable ;
; DATA_MEM:inst40|mem[49][14]                           ; Stuck at GND due to stuck port clock_enable ;
; DATA_MEM:inst40|mem[49][13]                           ; Stuck at GND due to stuck port clock_enable ;
; DATA_MEM:inst40|mem[49][12]                           ; Stuck at GND due to stuck port clock_enable ;
; DATA_MEM:inst40|mem[49][11]                           ; Stuck at GND due to stuck port clock_enable ;
; DATA_MEM:inst40|mem[49][10]                           ; Stuck at GND due to stuck port clock_enable ;
; DATA_MEM:inst40|mem[49][9]                            ; Stuck at GND due to stuck port clock_enable ;
; DATA_MEM:inst40|mem[49][8]                            ; Stuck at GND due to stuck port clock_enable ;
; DATA_MEM:inst40|mem[49][7]                            ; Stuck at GND due to stuck port clock_enable ;
; DATA_MEM:inst40|mem[49][6]                            ; Stuck at GND due to stuck port clock_enable ;
; DATA_MEM:inst40|mem[49][5]                            ; Stuck at GND due to stuck port clock_enable ;
; DATA_MEM:inst40|mem[49][4]                            ; Stuck at GND due to stuck port clock_enable ;
; DATA_MEM:inst40|mem[49][3]                            ; Stuck at GND due to stuck port clock_enable ;
; DATA_MEM:inst40|mem[49][2]                            ; Stuck at GND due to stuck port clock_enable ;
; DATA_MEM:inst40|mem[49][1]                            ; Stuck at GND due to stuck port clock_enable ;
; DATA_MEM:inst40|mem[49][0]                            ; Stuck at GND due to stuck port clock_enable ;
; DATA_MEM:inst40|mem[48][31]                           ; Stuck at GND due to stuck port clock_enable ;
; DATA_MEM:inst40|mem[48][30]                           ; Stuck at GND due to stuck port clock_enable ;
; DATA_MEM:inst40|mem[48][29]                           ; Stuck at GND due to stuck port clock_enable ;
; DATA_MEM:inst40|mem[48][28]                           ; Stuck at GND due to stuck port clock_enable ;
; DATA_MEM:inst40|mem[48][27]                           ; Stuck at GND due to stuck port clock_enable ;
; DATA_MEM:inst40|mem[48][26]                           ; Stuck at GND due to stuck port clock_enable ;
; DATA_MEM:inst40|mem[48][25]                           ; Stuck at GND due to stuck port clock_enable ;
; DATA_MEM:inst40|mem[48][24]                           ; Stuck at GND due to stuck port clock_enable ;
; DATA_MEM:inst40|mem[48][23]                           ; Stuck at GND due to stuck port clock_enable ;
; DATA_MEM:inst40|mem[48][22]                           ; Stuck at GND due to stuck port clock_enable ;
; DATA_MEM:inst40|mem[48][21]                           ; Stuck at GND due to stuck port clock_enable ;
; DATA_MEM:inst40|mem[48][20]                           ; Stuck at GND due to stuck port clock_enable ;
; DATA_MEM:inst40|mem[48][19]                           ; Stuck at GND due to stuck port clock_enable ;
; DATA_MEM:inst40|mem[48][18]                           ; Stuck at GND due to stuck port clock_enable ;
; DATA_MEM:inst40|mem[48][17]                           ; Stuck at GND due to stuck port clock_enable ;
; DATA_MEM:inst40|mem[48][16]                           ; Stuck at GND due to stuck port clock_enable ;
; DATA_MEM:inst40|mem[48][15]                           ; Stuck at GND due to stuck port clock_enable ;
; DATA_MEM:inst40|mem[48][14]                           ; Stuck at GND due to stuck port clock_enable ;
; DATA_MEM:inst40|mem[48][13]                           ; Stuck at GND due to stuck port clock_enable ;
; DATA_MEM:inst40|mem[48][12]                           ; Stuck at GND due to stuck port clock_enable ;
; DATA_MEM:inst40|mem[48][11]                           ; Stuck at GND due to stuck port clock_enable ;
; DATA_MEM:inst40|mem[48][10]                           ; Stuck at GND due to stuck port clock_enable ;
; DATA_MEM:inst40|mem[48][9]                            ; Stuck at GND due to stuck port clock_enable ;
; DATA_MEM:inst40|mem[48][8]                            ; Stuck at GND due to stuck port clock_enable ;
; DATA_MEM:inst40|mem[48][7]                            ; Stuck at GND due to stuck port clock_enable ;
; DATA_MEM:inst40|mem[48][6]                            ; Stuck at GND due to stuck port clock_enable ;
; DATA_MEM:inst40|mem[48][5]                            ; Stuck at GND due to stuck port clock_enable ;
; DATA_MEM:inst40|mem[48][4]                            ; Stuck at GND due to stuck port clock_enable ;
; DATA_MEM:inst40|mem[48][3]                            ; Stuck at GND due to stuck port clock_enable ;
; DATA_MEM:inst40|mem[48][2]                            ; Stuck at GND due to stuck port clock_enable ;
; DATA_MEM:inst40|mem[48][1]                            ; Stuck at GND due to stuck port clock_enable ;
; DATA_MEM:inst40|mem[48][0]                            ; Stuck at GND due to stuck port clock_enable ;
; DATA_MEM:inst40|mem[47][31]                           ; Stuck at GND due to stuck port clock_enable ;
; DATA_MEM:inst40|mem[47][30]                           ; Stuck at GND due to stuck port clock_enable ;
; DATA_MEM:inst40|mem[47][29]                           ; Stuck at GND due to stuck port clock_enable ;
; DATA_MEM:inst40|mem[47][28]                           ; Stuck at GND due to stuck port clock_enable ;
; DATA_MEM:inst40|mem[47][27]                           ; Stuck at GND due to stuck port clock_enable ;
; DATA_MEM:inst40|mem[47][26]                           ; Stuck at GND due to stuck port clock_enable ;
; DATA_MEM:inst40|mem[47][25]                           ; Stuck at GND due to stuck port clock_enable ;
; DATA_MEM:inst40|mem[47][24]                           ; Stuck at GND due to stuck port clock_enable ;
; DATA_MEM:inst40|mem[47][23]                           ; Stuck at GND due to stuck port clock_enable ;
; DATA_MEM:inst40|mem[47][22]                           ; Stuck at GND due to stuck port clock_enable ;
; DATA_MEM:inst40|mem[47][21]                           ; Stuck at GND due to stuck port clock_enable ;
; DATA_MEM:inst40|mem[47][20]                           ; Stuck at GND due to stuck port clock_enable ;
; DATA_MEM:inst40|mem[47][19]                           ; Stuck at GND due to stuck port clock_enable ;
; DATA_MEM:inst40|mem[47][18]                           ; Stuck at GND due to stuck port clock_enable ;
; DATA_MEM:inst40|mem[47][17]                           ; Stuck at GND due to stuck port clock_enable ;
; DATA_MEM:inst40|mem[47][16]                           ; Stuck at GND due to stuck port clock_enable ;
; DATA_MEM:inst40|mem[47][15]                           ; Stuck at GND due to stuck port clock_enable ;
; DATA_MEM:inst40|mem[47][14]                           ; Stuck at GND due to stuck port clock_enable ;
; DATA_MEM:inst40|mem[47][13]                           ; Stuck at GND due to stuck port clock_enable ;
; DATA_MEM:inst40|mem[47][12]                           ; Stuck at GND due to stuck port clock_enable ;
; DATA_MEM:inst40|mem[47][11]                           ; Stuck at GND due to stuck port clock_enable ;
; DATA_MEM:inst40|mem[47][10]                           ; Stuck at GND due to stuck port clock_enable ;
; DATA_MEM:inst40|mem[47][9]                            ; Stuck at GND due to stuck port clock_enable ;
; DATA_MEM:inst40|mem[47][8]                            ; Stuck at GND due to stuck port clock_enable ;
; DATA_MEM:inst40|mem[47][7]                            ; Stuck at GND due to stuck port clock_enable ;
; DATA_MEM:inst40|mem[47][6]                            ; Stuck at GND due to stuck port clock_enable ;
; DATA_MEM:inst40|mem[47][5]                            ; Stuck at GND due to stuck port clock_enable ;
; DATA_MEM:inst40|mem[47][4]                            ; Stuck at GND due to stuck port clock_enable ;
; DATA_MEM:inst40|mem[47][3]                            ; Stuck at GND due to stuck port clock_enable ;
; DATA_MEM:inst40|mem[47][2]                            ; Stuck at GND due to stuck port clock_enable ;
; DATA_MEM:inst40|mem[47][1]                            ; Stuck at GND due to stuck port clock_enable ;
; DATA_MEM:inst40|mem[47][0]                            ; Stuck at GND due to stuck port clock_enable ;
; DATA_MEM:inst40|mem[46][31]                           ; Stuck at GND due to stuck port clock_enable ;
; DATA_MEM:inst40|mem[46][30]                           ; Stuck at GND due to stuck port clock_enable ;
; DATA_MEM:inst40|mem[46][29]                           ; Stuck at GND due to stuck port clock_enable ;
; DATA_MEM:inst40|mem[46][28]                           ; Stuck at GND due to stuck port clock_enable ;
; DATA_MEM:inst40|mem[46][27]                           ; Stuck at GND due to stuck port clock_enable ;
; DATA_MEM:inst40|mem[46][26]                           ; Stuck at GND due to stuck port clock_enable ;
; DATA_MEM:inst40|mem[46][25]                           ; Stuck at GND due to stuck port clock_enable ;
; DATA_MEM:inst40|mem[46][24]                           ; Stuck at GND due to stuck port clock_enable ;
; DATA_MEM:inst40|mem[46][23]                           ; Stuck at GND due to stuck port clock_enable ;
; DATA_MEM:inst40|mem[46][22]                           ; Stuck at GND due to stuck port clock_enable ;
; DATA_MEM:inst40|mem[46][21]                           ; Stuck at GND due to stuck port clock_enable ;
; DATA_MEM:inst40|mem[46][20]                           ; Stuck at GND due to stuck port clock_enable ;
; DATA_MEM:inst40|mem[46][19]                           ; Stuck at GND due to stuck port clock_enable ;
; DATA_MEM:inst40|mem[46][18]                           ; Stuck at GND due to stuck port clock_enable ;
; DATA_MEM:inst40|mem[46][17]                           ; Stuck at GND due to stuck port clock_enable ;
; DATA_MEM:inst40|mem[46][16]                           ; Stuck at GND due to stuck port clock_enable ;
; DATA_MEM:inst40|mem[46][15]                           ; Stuck at GND due to stuck port clock_enable ;
; DATA_MEM:inst40|mem[46][14]                           ; Stuck at GND due to stuck port clock_enable ;
; DATA_MEM:inst40|mem[46][13]                           ; Stuck at GND due to stuck port clock_enable ;
; DATA_MEM:inst40|mem[46][12]                           ; Stuck at GND due to stuck port clock_enable ;
; DATA_MEM:inst40|mem[46][11]                           ; Stuck at GND due to stuck port clock_enable ;
; DATA_MEM:inst40|mem[46][10]                           ; Stuck at GND due to stuck port clock_enable ;
; DATA_MEM:inst40|mem[46][9]                            ; Stuck at GND due to stuck port clock_enable ;
; DATA_MEM:inst40|mem[46][8]                            ; Stuck at GND due to stuck port clock_enable ;
; DATA_MEM:inst40|mem[46][7]                            ; Stuck at GND due to stuck port clock_enable ;
; DATA_MEM:inst40|mem[46][6]                            ; Stuck at GND due to stuck port clock_enable ;
; DATA_MEM:inst40|mem[46][5]                            ; Stuck at GND due to stuck port clock_enable ;
; DATA_MEM:inst40|mem[46][4]                            ; Stuck at GND due to stuck port clock_enable ;
; DATA_MEM:inst40|mem[46][3]                            ; Stuck at GND due to stuck port clock_enable ;
; DATA_MEM:inst40|mem[46][2]                            ; Stuck at GND due to stuck port clock_enable ;
; DATA_MEM:inst40|mem[46][1]                            ; Stuck at GND due to stuck port clock_enable ;
; DATA_MEM:inst40|mem[46][0]                            ; Stuck at GND due to stuck port clock_enable ;
; DATA_MEM:inst40|mem[45][31]                           ; Stuck at GND due to stuck port clock_enable ;
; DATA_MEM:inst40|mem[45][30]                           ; Stuck at GND due to stuck port clock_enable ;
; DATA_MEM:inst40|mem[45][29]                           ; Stuck at GND due to stuck port clock_enable ;
; DATA_MEM:inst40|mem[45][28]                           ; Stuck at GND due to stuck port clock_enable ;
; DATA_MEM:inst40|mem[45][27]                           ; Stuck at GND due to stuck port clock_enable ;
; DATA_MEM:inst40|mem[45][26]                           ; Stuck at GND due to stuck port clock_enable ;
; DATA_MEM:inst40|mem[45][25]                           ; Stuck at GND due to stuck port clock_enable ;
; DATA_MEM:inst40|mem[45][24]                           ; Stuck at GND due to stuck port clock_enable ;
; DATA_MEM:inst40|mem[45][23]                           ; Stuck at GND due to stuck port clock_enable ;
; DATA_MEM:inst40|mem[45][22]                           ; Stuck at GND due to stuck port clock_enable ;
; DATA_MEM:inst40|mem[45][21]                           ; Stuck at GND due to stuck port clock_enable ;
; DATA_MEM:inst40|mem[45][20]                           ; Stuck at GND due to stuck port clock_enable ;
; DATA_MEM:inst40|mem[45][19]                           ; Stuck at GND due to stuck port clock_enable ;
; DATA_MEM:inst40|mem[45][18]                           ; Stuck at GND due to stuck port clock_enable ;
; DATA_MEM:inst40|mem[45][17]                           ; Stuck at GND due to stuck port clock_enable ;
; DATA_MEM:inst40|mem[45][16]                           ; Stuck at GND due to stuck port clock_enable ;
; DATA_MEM:inst40|mem[45][15]                           ; Stuck at GND due to stuck port clock_enable ;
; DATA_MEM:inst40|mem[45][14]                           ; Stuck at GND due to stuck port clock_enable ;
; DATA_MEM:inst40|mem[45][13]                           ; Stuck at GND due to stuck port clock_enable ;
; DATA_MEM:inst40|mem[45][12]                           ; Stuck at GND due to stuck port clock_enable ;
; DATA_MEM:inst40|mem[45][11]                           ; Stuck at GND due to stuck port clock_enable ;
; DATA_MEM:inst40|mem[45][10]                           ; Stuck at GND due to stuck port clock_enable ;
; DATA_MEM:inst40|mem[45][9]                            ; Stuck at GND due to stuck port clock_enable ;
; DATA_MEM:inst40|mem[45][8]                            ; Stuck at GND due to stuck port clock_enable ;
; DATA_MEM:inst40|mem[45][7]                            ; Stuck at GND due to stuck port clock_enable ;
; DATA_MEM:inst40|mem[45][6]                            ; Stuck at GND due to stuck port clock_enable ;
; DATA_MEM:inst40|mem[45][5]                            ; Stuck at GND due to stuck port clock_enable ;
; DATA_MEM:inst40|mem[45][4]                            ; Stuck at GND due to stuck port clock_enable ;
; DATA_MEM:inst40|mem[45][3]                            ; Stuck at GND due to stuck port clock_enable ;
; DATA_MEM:inst40|mem[45][2]                            ; Stuck at GND due to stuck port clock_enable ;
; DATA_MEM:inst40|mem[45][1]                            ; Stuck at GND due to stuck port clock_enable ;
; DATA_MEM:inst40|mem[45][0]                            ; Stuck at GND due to stuck port clock_enable ;
; DATA_MEM:inst40|mem[44][31]                           ; Stuck at GND due to stuck port clock_enable ;
; DATA_MEM:inst40|mem[44][30]                           ; Stuck at GND due to stuck port clock_enable ;
; DATA_MEM:inst40|mem[44][29]                           ; Stuck at GND due to stuck port clock_enable ;
; DATA_MEM:inst40|mem[44][28]                           ; Stuck at GND due to stuck port clock_enable ;
; DATA_MEM:inst40|mem[44][27]                           ; Stuck at GND due to stuck port clock_enable ;
; DATA_MEM:inst40|mem[44][26]                           ; Stuck at GND due to stuck port clock_enable ;
; DATA_MEM:inst40|mem[44][25]                           ; Stuck at GND due to stuck port clock_enable ;
; DATA_MEM:inst40|mem[44][24]                           ; Stuck at GND due to stuck port clock_enable ;
; DATA_MEM:inst40|mem[44][23]                           ; Stuck at GND due to stuck port clock_enable ;
; DATA_MEM:inst40|mem[44][22]                           ; Stuck at GND due to stuck port clock_enable ;
; DATA_MEM:inst40|mem[44][21]                           ; Stuck at GND due to stuck port clock_enable ;
; DATA_MEM:inst40|mem[44][20]                           ; Stuck at GND due to stuck port clock_enable ;
; DATA_MEM:inst40|mem[44][19]                           ; Stuck at GND due to stuck port clock_enable ;
; DATA_MEM:inst40|mem[44][18]                           ; Stuck at GND due to stuck port clock_enable ;
; DATA_MEM:inst40|mem[44][17]                           ; Stuck at GND due to stuck port clock_enable ;
; DATA_MEM:inst40|mem[44][16]                           ; Stuck at GND due to stuck port clock_enable ;
; DATA_MEM:inst40|mem[44][15]                           ; Stuck at GND due to stuck port clock_enable ;
; DATA_MEM:inst40|mem[44][14]                           ; Stuck at GND due to stuck port clock_enable ;
; DATA_MEM:inst40|mem[44][13]                           ; Stuck at GND due to stuck port clock_enable ;
; DATA_MEM:inst40|mem[44][12]                           ; Stuck at GND due to stuck port clock_enable ;
; DATA_MEM:inst40|mem[44][11]                           ; Stuck at GND due to stuck port clock_enable ;
; DATA_MEM:inst40|mem[44][10]                           ; Stuck at GND due to stuck port clock_enable ;
; DATA_MEM:inst40|mem[44][9]                            ; Stuck at GND due to stuck port clock_enable ;
; DATA_MEM:inst40|mem[44][8]                            ; Stuck at GND due to stuck port clock_enable ;
; DATA_MEM:inst40|mem[44][7]                            ; Stuck at GND due to stuck port clock_enable ;
; DATA_MEM:inst40|mem[44][6]                            ; Stuck at GND due to stuck port clock_enable ;
; DATA_MEM:inst40|mem[44][5]                            ; Stuck at GND due to stuck port clock_enable ;
; DATA_MEM:inst40|mem[44][4]                            ; Stuck at GND due to stuck port clock_enable ;
; DATA_MEM:inst40|mem[44][3]                            ; Stuck at GND due to stuck port clock_enable ;
; DATA_MEM:inst40|mem[44][2]                            ; Stuck at GND due to stuck port clock_enable ;
; DATA_MEM:inst40|mem[44][1]                            ; Stuck at GND due to stuck port clock_enable ;
; DATA_MEM:inst40|mem[44][0]                            ; Stuck at GND due to stuck port clock_enable ;
; DATA_MEM:inst40|mem[43][31]                           ; Stuck at GND due to stuck port clock_enable ;
; DATA_MEM:inst40|mem[43][30]                           ; Stuck at GND due to stuck port clock_enable ;
; DATA_MEM:inst40|mem[43][29]                           ; Stuck at GND due to stuck port clock_enable ;
; DATA_MEM:inst40|mem[43][28]                           ; Stuck at GND due to stuck port clock_enable ;
; DATA_MEM:inst40|mem[43][27]                           ; Stuck at GND due to stuck port clock_enable ;
; DATA_MEM:inst40|mem[43][26]                           ; Stuck at GND due to stuck port clock_enable ;
; DATA_MEM:inst40|mem[43][25]                           ; Stuck at GND due to stuck port clock_enable ;
; DATA_MEM:inst40|mem[43][24]                           ; Stuck at GND due to stuck port clock_enable ;
; DATA_MEM:inst40|mem[43][23]                           ; Stuck at GND due to stuck port clock_enable ;
; DATA_MEM:inst40|mem[43][22]                           ; Stuck at GND due to stuck port clock_enable ;
; DATA_MEM:inst40|mem[43][21]                           ; Stuck at GND due to stuck port clock_enable ;
; DATA_MEM:inst40|mem[43][20]                           ; Stuck at GND due to stuck port clock_enable ;
; DATA_MEM:inst40|mem[43][19]                           ; Stuck at GND due to stuck port clock_enable ;
; DATA_MEM:inst40|mem[43][18]                           ; Stuck at GND due to stuck port clock_enable ;
; DATA_MEM:inst40|mem[43][17]                           ; Stuck at GND due to stuck port clock_enable ;
; DATA_MEM:inst40|mem[43][16]                           ; Stuck at GND due to stuck port clock_enable ;
; DATA_MEM:inst40|mem[43][15]                           ; Stuck at GND due to stuck port clock_enable ;
; DATA_MEM:inst40|mem[43][14]                           ; Stuck at GND due to stuck port clock_enable ;
; DATA_MEM:inst40|mem[43][13]                           ; Stuck at GND due to stuck port clock_enable ;
; DATA_MEM:inst40|mem[43][12]                           ; Stuck at GND due to stuck port clock_enable ;
; DATA_MEM:inst40|mem[43][11]                           ; Stuck at GND due to stuck port clock_enable ;
; DATA_MEM:inst40|mem[43][10]                           ; Stuck at GND due to stuck port clock_enable ;
; DATA_MEM:inst40|mem[43][9]                            ; Stuck at GND due to stuck port clock_enable ;
; DATA_MEM:inst40|mem[43][8]                            ; Stuck at GND due to stuck port clock_enable ;
; DATA_MEM:inst40|mem[43][7]                            ; Stuck at GND due to stuck port clock_enable ;
; DATA_MEM:inst40|mem[43][6]                            ; Stuck at GND due to stuck port clock_enable ;
; DATA_MEM:inst40|mem[43][5]                            ; Stuck at GND due to stuck port clock_enable ;
; DATA_MEM:inst40|mem[43][4]                            ; Stuck at GND due to stuck port clock_enable ;
; DATA_MEM:inst40|mem[43][3]                            ; Stuck at GND due to stuck port clock_enable ;
; DATA_MEM:inst40|mem[43][2]                            ; Stuck at GND due to stuck port clock_enable ;
; DATA_MEM:inst40|mem[43][1]                            ; Stuck at GND due to stuck port clock_enable ;
; DATA_MEM:inst40|mem[43][0]                            ; Stuck at GND due to stuck port clock_enable ;
; DATA_MEM:inst40|mem[42][31]                           ; Stuck at GND due to stuck port clock_enable ;
; DATA_MEM:inst40|mem[42][30]                           ; Stuck at GND due to stuck port clock_enable ;
; DATA_MEM:inst40|mem[42][29]                           ; Stuck at GND due to stuck port clock_enable ;
; DATA_MEM:inst40|mem[42][28]                           ; Stuck at GND due to stuck port clock_enable ;
; DATA_MEM:inst40|mem[42][27]                           ; Stuck at GND due to stuck port clock_enable ;
; DATA_MEM:inst40|mem[42][26]                           ; Stuck at GND due to stuck port clock_enable ;
; DATA_MEM:inst40|mem[42][25]                           ; Stuck at GND due to stuck port clock_enable ;
; DATA_MEM:inst40|mem[42][24]                           ; Stuck at GND due to stuck port clock_enable ;
; DATA_MEM:inst40|mem[42][23]                           ; Stuck at GND due to stuck port clock_enable ;
; DATA_MEM:inst40|mem[42][22]                           ; Stuck at GND due to stuck port clock_enable ;
; DATA_MEM:inst40|mem[42][21]                           ; Stuck at GND due to stuck port clock_enable ;
; DATA_MEM:inst40|mem[42][20]                           ; Stuck at GND due to stuck port clock_enable ;
; DATA_MEM:inst40|mem[42][19]                           ; Stuck at GND due to stuck port clock_enable ;
; DATA_MEM:inst40|mem[42][18]                           ; Stuck at GND due to stuck port clock_enable ;
; DATA_MEM:inst40|mem[42][17]                           ; Stuck at GND due to stuck port clock_enable ;
; DATA_MEM:inst40|mem[42][16]                           ; Stuck at GND due to stuck port clock_enable ;
; DATA_MEM:inst40|mem[42][15]                           ; Stuck at GND due to stuck port clock_enable ;
; DATA_MEM:inst40|mem[42][14]                           ; Stuck at GND due to stuck port clock_enable ;
; DATA_MEM:inst40|mem[42][13]                           ; Stuck at GND due to stuck port clock_enable ;
; DATA_MEM:inst40|mem[42][12]                           ; Stuck at GND due to stuck port clock_enable ;
; DATA_MEM:inst40|mem[42][11]                           ; Stuck at GND due to stuck port clock_enable ;
; DATA_MEM:inst40|mem[42][10]                           ; Stuck at GND due to stuck port clock_enable ;
; DATA_MEM:inst40|mem[42][9]                            ; Stuck at GND due to stuck port clock_enable ;
; DATA_MEM:inst40|mem[42][8]                            ; Stuck at GND due to stuck port clock_enable ;
; DATA_MEM:inst40|mem[42][7]                            ; Stuck at GND due to stuck port clock_enable ;
; DATA_MEM:inst40|mem[42][6]                            ; Stuck at GND due to stuck port clock_enable ;
; DATA_MEM:inst40|mem[42][5]                            ; Stuck at GND due to stuck port clock_enable ;
; DATA_MEM:inst40|mem[42][4]                            ; Stuck at GND due to stuck port clock_enable ;
; DATA_MEM:inst40|mem[42][3]                            ; Stuck at GND due to stuck port clock_enable ;
; DATA_MEM:inst40|mem[42][2]                            ; Stuck at GND due to stuck port clock_enable ;
; DATA_MEM:inst40|mem[42][1]                            ; Stuck at GND due to stuck port clock_enable ;
; DATA_MEM:inst40|mem[42][0]                            ; Stuck at GND due to stuck port clock_enable ;
; DATA_MEM:inst40|mem[41][31]                           ; Stuck at GND due to stuck port clock_enable ;
; DATA_MEM:inst40|mem[41][30]                           ; Stuck at GND due to stuck port clock_enable ;
; DATA_MEM:inst40|mem[41][29]                           ; Stuck at GND due to stuck port clock_enable ;
; DATA_MEM:inst40|mem[41][28]                           ; Stuck at GND due to stuck port clock_enable ;
; DATA_MEM:inst40|mem[41][27]                           ; Stuck at GND due to stuck port clock_enable ;
; DATA_MEM:inst40|mem[41][26]                           ; Stuck at GND due to stuck port clock_enable ;
; DATA_MEM:inst40|mem[41][25]                           ; Stuck at GND due to stuck port clock_enable ;
; DATA_MEM:inst40|mem[41][24]                           ; Stuck at GND due to stuck port clock_enable ;
; DATA_MEM:inst40|mem[41][23]                           ; Stuck at GND due to stuck port clock_enable ;
; DATA_MEM:inst40|mem[41][22]                           ; Stuck at GND due to stuck port clock_enable ;
; DATA_MEM:inst40|mem[41][21]                           ; Stuck at GND due to stuck port clock_enable ;
; DATA_MEM:inst40|mem[41][20]                           ; Stuck at GND due to stuck port clock_enable ;
; DATA_MEM:inst40|mem[41][19]                           ; Stuck at GND due to stuck port clock_enable ;
; DATA_MEM:inst40|mem[41][18]                           ; Stuck at GND due to stuck port clock_enable ;
; DATA_MEM:inst40|mem[41][17]                           ; Stuck at GND due to stuck port clock_enable ;
; DATA_MEM:inst40|mem[41][16]                           ; Stuck at GND due to stuck port clock_enable ;
; DATA_MEM:inst40|mem[41][15]                           ; Stuck at GND due to stuck port clock_enable ;
; DATA_MEM:inst40|mem[41][14]                           ; Stuck at GND due to stuck port clock_enable ;
; DATA_MEM:inst40|mem[41][13]                           ; Stuck at GND due to stuck port clock_enable ;
; DATA_MEM:inst40|mem[41][12]                           ; Stuck at GND due to stuck port clock_enable ;
; DATA_MEM:inst40|mem[41][11]                           ; Stuck at GND due to stuck port clock_enable ;
; DATA_MEM:inst40|mem[41][10]                           ; Stuck at GND due to stuck port clock_enable ;
; DATA_MEM:inst40|mem[41][9]                            ; Stuck at GND due to stuck port clock_enable ;
; DATA_MEM:inst40|mem[41][8]                            ; Stuck at GND due to stuck port clock_enable ;
; DATA_MEM:inst40|mem[41][7]                            ; Stuck at GND due to stuck port clock_enable ;
; DATA_MEM:inst40|mem[41][6]                            ; Stuck at GND due to stuck port clock_enable ;
; DATA_MEM:inst40|mem[41][5]                            ; Stuck at GND due to stuck port clock_enable ;
; DATA_MEM:inst40|mem[41][4]                            ; Stuck at GND due to stuck port clock_enable ;
; DATA_MEM:inst40|mem[41][3]                            ; Stuck at GND due to stuck port clock_enable ;
; DATA_MEM:inst40|mem[41][2]                            ; Stuck at GND due to stuck port clock_enable ;
; DATA_MEM:inst40|mem[41][1]                            ; Stuck at GND due to stuck port clock_enable ;
; DATA_MEM:inst40|mem[41][0]                            ; Stuck at GND due to stuck port clock_enable ;
; DATA_MEM:inst40|mem[40][31]                           ; Stuck at GND due to stuck port clock_enable ;
; DATA_MEM:inst40|mem[40][30]                           ; Stuck at GND due to stuck port clock_enable ;
; DATA_MEM:inst40|mem[40][29]                           ; Stuck at GND due to stuck port clock_enable ;
; DATA_MEM:inst40|mem[40][28]                           ; Stuck at GND due to stuck port clock_enable ;
; DATA_MEM:inst40|mem[40][27]                           ; Stuck at GND due to stuck port clock_enable ;
; DATA_MEM:inst40|mem[40][26]                           ; Stuck at GND due to stuck port clock_enable ;
; DATA_MEM:inst40|mem[40][25]                           ; Stuck at GND due to stuck port clock_enable ;
; DATA_MEM:inst40|mem[40][24]                           ; Stuck at GND due to stuck port clock_enable ;
; DATA_MEM:inst40|mem[40][23]                           ; Stuck at GND due to stuck port clock_enable ;
; DATA_MEM:inst40|mem[40][22]                           ; Stuck at GND due to stuck port clock_enable ;
; DATA_MEM:inst40|mem[40][21]                           ; Stuck at GND due to stuck port clock_enable ;
; DATA_MEM:inst40|mem[40][20]                           ; Stuck at GND due to stuck port clock_enable ;
; DATA_MEM:inst40|mem[40][19]                           ; Stuck at GND due to stuck port clock_enable ;
; DATA_MEM:inst40|mem[40][18]                           ; Stuck at GND due to stuck port clock_enable ;
; DATA_MEM:inst40|mem[40][17]                           ; Stuck at GND due to stuck port clock_enable ;
; DATA_MEM:inst40|mem[40][16]                           ; Stuck at GND due to stuck port clock_enable ;
; DATA_MEM:inst40|mem[40][15]                           ; Stuck at GND due to stuck port clock_enable ;
; DATA_MEM:inst40|mem[40][14]                           ; Stuck at GND due to stuck port clock_enable ;
; DATA_MEM:inst40|mem[40][13]                           ; Stuck at GND due to stuck port clock_enable ;
; DATA_MEM:inst40|mem[40][12]                           ; Stuck at GND due to stuck port clock_enable ;
; DATA_MEM:inst40|mem[40][11]                           ; Stuck at GND due to stuck port clock_enable ;
; DATA_MEM:inst40|mem[40][10]                           ; Stuck at GND due to stuck port clock_enable ;
; DATA_MEM:inst40|mem[40][9]                            ; Stuck at GND due to stuck port clock_enable ;
; DATA_MEM:inst40|mem[40][8]                            ; Stuck at GND due to stuck port clock_enable ;
; DATA_MEM:inst40|mem[40][7]                            ; Stuck at GND due to stuck port clock_enable ;
; DATA_MEM:inst40|mem[40][6]                            ; Stuck at GND due to stuck port clock_enable ;
; DATA_MEM:inst40|mem[40][5]                            ; Stuck at GND due to stuck port clock_enable ;
; DATA_MEM:inst40|mem[40][4]                            ; Stuck at GND due to stuck port clock_enable ;
; DATA_MEM:inst40|mem[40][3]                            ; Stuck at GND due to stuck port clock_enable ;
; DATA_MEM:inst40|mem[40][2]                            ; Stuck at GND due to stuck port clock_enable ;
; DATA_MEM:inst40|mem[40][1]                            ; Stuck at GND due to stuck port clock_enable ;
; DATA_MEM:inst40|mem[40][0]                            ; Stuck at GND due to stuck port clock_enable ;
; DATA_MEM:inst40|mem[39][31]                           ; Stuck at GND due to stuck port clock_enable ;
; DATA_MEM:inst40|mem[39][30]                           ; Stuck at GND due to stuck port clock_enable ;
; DATA_MEM:inst40|mem[39][29]                           ; Stuck at GND due to stuck port clock_enable ;
; DATA_MEM:inst40|mem[39][28]                           ; Stuck at GND due to stuck port clock_enable ;
; DATA_MEM:inst40|mem[39][27]                           ; Stuck at GND due to stuck port clock_enable ;
; DATA_MEM:inst40|mem[39][26]                           ; Stuck at GND due to stuck port clock_enable ;
; DATA_MEM:inst40|mem[39][25]                           ; Stuck at GND due to stuck port clock_enable ;
; DATA_MEM:inst40|mem[39][24]                           ; Stuck at GND due to stuck port clock_enable ;
; DATA_MEM:inst40|mem[39][23]                           ; Stuck at GND due to stuck port clock_enable ;
; DATA_MEM:inst40|mem[39][22]                           ; Stuck at GND due to stuck port clock_enable ;
; DATA_MEM:inst40|mem[39][21]                           ; Stuck at GND due to stuck port clock_enable ;
; DATA_MEM:inst40|mem[39][20]                           ; Stuck at GND due to stuck port clock_enable ;
; DATA_MEM:inst40|mem[39][19]                           ; Stuck at GND due to stuck port clock_enable ;
; DATA_MEM:inst40|mem[39][18]                           ; Stuck at GND due to stuck port clock_enable ;
; DATA_MEM:inst40|mem[39][17]                           ; Stuck at GND due to stuck port clock_enable ;
; DATA_MEM:inst40|mem[39][16]                           ; Stuck at GND due to stuck port clock_enable ;
; DATA_MEM:inst40|mem[39][15]                           ; Stuck at GND due to stuck port clock_enable ;
; DATA_MEM:inst40|mem[39][14]                           ; Stuck at GND due to stuck port clock_enable ;
; DATA_MEM:inst40|mem[39][13]                           ; Stuck at GND due to stuck port clock_enable ;
; DATA_MEM:inst40|mem[39][12]                           ; Stuck at GND due to stuck port clock_enable ;
; DATA_MEM:inst40|mem[39][11]                           ; Stuck at GND due to stuck port clock_enable ;
; DATA_MEM:inst40|mem[39][10]                           ; Stuck at GND due to stuck port clock_enable ;
; DATA_MEM:inst40|mem[39][9]                            ; Stuck at GND due to stuck port clock_enable ;
; DATA_MEM:inst40|mem[39][8]                            ; Stuck at GND due to stuck port clock_enable ;
; DATA_MEM:inst40|mem[39][7]                            ; Stuck at GND due to stuck port clock_enable ;
; DATA_MEM:inst40|mem[39][6]                            ; Stuck at GND due to stuck port clock_enable ;
; DATA_MEM:inst40|mem[39][5]                            ; Stuck at GND due to stuck port clock_enable ;
; DATA_MEM:inst40|mem[39][4]                            ; Stuck at GND due to stuck port clock_enable ;
; DATA_MEM:inst40|mem[39][3]                            ; Stuck at GND due to stuck port clock_enable ;
; DATA_MEM:inst40|mem[39][2]                            ; Stuck at GND due to stuck port clock_enable ;
; DATA_MEM:inst40|mem[39][1]                            ; Stuck at GND due to stuck port clock_enable ;
; DATA_MEM:inst40|mem[39][0]                            ; Stuck at GND due to stuck port clock_enable ;
; DATA_MEM:inst40|mem[38][31]                           ; Stuck at GND due to stuck port clock_enable ;
; DATA_MEM:inst40|mem[38][30]                           ; Stuck at GND due to stuck port clock_enable ;
; DATA_MEM:inst40|mem[38][29]                           ; Stuck at GND due to stuck port clock_enable ;
; DATA_MEM:inst40|mem[38][28]                           ; Stuck at GND due to stuck port clock_enable ;
; DATA_MEM:inst40|mem[38][27]                           ; Stuck at GND due to stuck port clock_enable ;
; DATA_MEM:inst40|mem[38][26]                           ; Stuck at GND due to stuck port clock_enable ;
; DATA_MEM:inst40|mem[38][25]                           ; Stuck at GND due to stuck port clock_enable ;
; DATA_MEM:inst40|mem[38][24]                           ; Stuck at GND due to stuck port clock_enable ;
; DATA_MEM:inst40|mem[38][23]                           ; Stuck at GND due to stuck port clock_enable ;
; DATA_MEM:inst40|mem[38][22]                           ; Stuck at GND due to stuck port clock_enable ;
; DATA_MEM:inst40|mem[38][21]                           ; Stuck at GND due to stuck port clock_enable ;
; DATA_MEM:inst40|mem[38][20]                           ; Stuck at GND due to stuck port clock_enable ;
; DATA_MEM:inst40|mem[38][19]                           ; Stuck at GND due to stuck port clock_enable ;
; DATA_MEM:inst40|mem[38][18]                           ; Stuck at GND due to stuck port clock_enable ;
; DATA_MEM:inst40|mem[38][17]                           ; Stuck at GND due to stuck port clock_enable ;
; DATA_MEM:inst40|mem[38][16]                           ; Stuck at GND due to stuck port clock_enable ;
; DATA_MEM:inst40|mem[38][15]                           ; Stuck at GND due to stuck port clock_enable ;
; DATA_MEM:inst40|mem[38][14]                           ; Stuck at GND due to stuck port clock_enable ;
; DATA_MEM:inst40|mem[38][13]                           ; Stuck at GND due to stuck port clock_enable ;
; DATA_MEM:inst40|mem[38][12]                           ; Stuck at GND due to stuck port clock_enable ;
; DATA_MEM:inst40|mem[38][11]                           ; Stuck at GND due to stuck port clock_enable ;
; DATA_MEM:inst40|mem[38][10]                           ; Stuck at GND due to stuck port clock_enable ;
; DATA_MEM:inst40|mem[38][9]                            ; Stuck at GND due to stuck port clock_enable ;
; DATA_MEM:inst40|mem[38][8]                            ; Stuck at GND due to stuck port clock_enable ;
; DATA_MEM:inst40|mem[38][7]                            ; Stuck at GND due to stuck port clock_enable ;
; DATA_MEM:inst40|mem[38][6]                            ; Stuck at GND due to stuck port clock_enable ;
; DATA_MEM:inst40|mem[38][5]                            ; Stuck at GND due to stuck port clock_enable ;
; DATA_MEM:inst40|mem[38][4]                            ; Stuck at GND due to stuck port clock_enable ;
; DATA_MEM:inst40|mem[38][3]                            ; Stuck at GND due to stuck port clock_enable ;
; DATA_MEM:inst40|mem[38][2]                            ; Stuck at GND due to stuck port clock_enable ;
; DATA_MEM:inst40|mem[38][1]                            ; Stuck at GND due to stuck port clock_enable ;
; DATA_MEM:inst40|mem[38][0]                            ; Stuck at GND due to stuck port clock_enable ;
; DATA_MEM:inst40|mem[37][31]                           ; Stuck at GND due to stuck port clock_enable ;
; DATA_MEM:inst40|mem[37][30]                           ; Stuck at GND due to stuck port clock_enable ;
; DATA_MEM:inst40|mem[37][29]                           ; Stuck at GND due to stuck port clock_enable ;
; DATA_MEM:inst40|mem[37][28]                           ; Stuck at GND due to stuck port clock_enable ;
; DATA_MEM:inst40|mem[37][27]                           ; Stuck at GND due to stuck port clock_enable ;
; DATA_MEM:inst40|mem[37][26]                           ; Stuck at GND due to stuck port clock_enable ;
; DATA_MEM:inst40|mem[37][25]                           ; Stuck at GND due to stuck port clock_enable ;
; DATA_MEM:inst40|mem[37][24]                           ; Stuck at GND due to stuck port clock_enable ;
; DATA_MEM:inst40|mem[37][23]                           ; Stuck at GND due to stuck port clock_enable ;
; DATA_MEM:inst40|mem[37][22]                           ; Stuck at GND due to stuck port clock_enable ;
; DATA_MEM:inst40|mem[37][21]                           ; Stuck at GND due to stuck port clock_enable ;
; DATA_MEM:inst40|mem[37][20]                           ; Stuck at GND due to stuck port clock_enable ;
; DATA_MEM:inst40|mem[37][19]                           ; Stuck at GND due to stuck port clock_enable ;
; DATA_MEM:inst40|mem[37][18]                           ; Stuck at GND due to stuck port clock_enable ;
; DATA_MEM:inst40|mem[37][17]                           ; Stuck at GND due to stuck port clock_enable ;
; DATA_MEM:inst40|mem[37][16]                           ; Stuck at GND due to stuck port clock_enable ;
; DATA_MEM:inst40|mem[37][15]                           ; Stuck at GND due to stuck port clock_enable ;
; DATA_MEM:inst40|mem[37][14]                           ; Stuck at GND due to stuck port clock_enable ;
; DATA_MEM:inst40|mem[37][13]                           ; Stuck at GND due to stuck port clock_enable ;
; DATA_MEM:inst40|mem[37][12]                           ; Stuck at GND due to stuck port clock_enable ;
; DATA_MEM:inst40|mem[37][11]                           ; Stuck at GND due to stuck port clock_enable ;
; DATA_MEM:inst40|mem[37][10]                           ; Stuck at GND due to stuck port clock_enable ;
; DATA_MEM:inst40|mem[37][9]                            ; Stuck at GND due to stuck port clock_enable ;
; DATA_MEM:inst40|mem[37][8]                            ; Stuck at GND due to stuck port clock_enable ;
; DATA_MEM:inst40|mem[37][7]                            ; Stuck at GND due to stuck port clock_enable ;
; DATA_MEM:inst40|mem[37][6]                            ; Stuck at GND due to stuck port clock_enable ;
; DATA_MEM:inst40|mem[37][5]                            ; Stuck at GND due to stuck port clock_enable ;
; DATA_MEM:inst40|mem[37][4]                            ; Stuck at GND due to stuck port clock_enable ;
; DATA_MEM:inst40|mem[37][3]                            ; Stuck at GND due to stuck port clock_enable ;
; DATA_MEM:inst40|mem[37][2]                            ; Stuck at GND due to stuck port clock_enable ;
; DATA_MEM:inst40|mem[37][1]                            ; Stuck at GND due to stuck port clock_enable ;
; DATA_MEM:inst40|mem[37][0]                            ; Stuck at GND due to stuck port clock_enable ;
; DATA_MEM:inst40|mem[36][31]                           ; Stuck at GND due to stuck port clock_enable ;
; DATA_MEM:inst40|mem[36][30]                           ; Stuck at GND due to stuck port clock_enable ;
; DATA_MEM:inst40|mem[36][29]                           ; Stuck at GND due to stuck port clock_enable ;
; DATA_MEM:inst40|mem[36][28]                           ; Stuck at GND due to stuck port clock_enable ;
; DATA_MEM:inst40|mem[36][27]                           ; Stuck at GND due to stuck port clock_enable ;
; DATA_MEM:inst40|mem[36][26]                           ; Stuck at GND due to stuck port clock_enable ;
; DATA_MEM:inst40|mem[36][25]                           ; Stuck at GND due to stuck port clock_enable ;
; DATA_MEM:inst40|mem[36][24]                           ; Stuck at GND due to stuck port clock_enable ;
; DATA_MEM:inst40|mem[36][23]                           ; Stuck at GND due to stuck port clock_enable ;
; DATA_MEM:inst40|mem[36][22]                           ; Stuck at GND due to stuck port clock_enable ;
; DATA_MEM:inst40|mem[36][21]                           ; Stuck at GND due to stuck port clock_enable ;
; DATA_MEM:inst40|mem[36][20]                           ; Stuck at GND due to stuck port clock_enable ;
; DATA_MEM:inst40|mem[36][19]                           ; Stuck at GND due to stuck port clock_enable ;
; DATA_MEM:inst40|mem[36][18]                           ; Stuck at GND due to stuck port clock_enable ;
; DATA_MEM:inst40|mem[36][17]                           ; Stuck at GND due to stuck port clock_enable ;
; DATA_MEM:inst40|mem[36][16]                           ; Stuck at GND due to stuck port clock_enable ;
; DATA_MEM:inst40|mem[36][15]                           ; Stuck at GND due to stuck port clock_enable ;
; DATA_MEM:inst40|mem[36][14]                           ; Stuck at GND due to stuck port clock_enable ;
; DATA_MEM:inst40|mem[36][13]                           ; Stuck at GND due to stuck port clock_enable ;
; DATA_MEM:inst40|mem[36][12]                           ; Stuck at GND due to stuck port clock_enable ;
; DATA_MEM:inst40|mem[36][11]                           ; Stuck at GND due to stuck port clock_enable ;
; DATA_MEM:inst40|mem[36][10]                           ; Stuck at GND due to stuck port clock_enable ;
; DATA_MEM:inst40|mem[36][9]                            ; Stuck at GND due to stuck port clock_enable ;
; DATA_MEM:inst40|mem[36][8]                            ; Stuck at GND due to stuck port clock_enable ;
; DATA_MEM:inst40|mem[36][7]                            ; Stuck at GND due to stuck port clock_enable ;
; DATA_MEM:inst40|mem[36][6]                            ; Stuck at GND due to stuck port clock_enable ;
; DATA_MEM:inst40|mem[36][5]                            ; Stuck at GND due to stuck port clock_enable ;
; DATA_MEM:inst40|mem[36][4]                            ; Stuck at GND due to stuck port clock_enable ;
; DATA_MEM:inst40|mem[36][3]                            ; Stuck at GND due to stuck port clock_enable ;
; DATA_MEM:inst40|mem[36][2]                            ; Stuck at GND due to stuck port clock_enable ;
; DATA_MEM:inst40|mem[36][1]                            ; Stuck at GND due to stuck port clock_enable ;
; DATA_MEM:inst40|mem[36][0]                            ; Stuck at GND due to stuck port clock_enable ;
; DATA_MEM:inst40|mem[35][31]                           ; Stuck at GND due to stuck port clock_enable ;
; DATA_MEM:inst40|mem[35][30]                           ; Stuck at GND due to stuck port clock_enable ;
; DATA_MEM:inst40|mem[35][29]                           ; Stuck at GND due to stuck port clock_enable ;
; DATA_MEM:inst40|mem[35][28]                           ; Stuck at GND due to stuck port clock_enable ;
; DATA_MEM:inst40|mem[35][27]                           ; Stuck at GND due to stuck port clock_enable ;
; DATA_MEM:inst40|mem[35][26]                           ; Stuck at GND due to stuck port clock_enable ;
; DATA_MEM:inst40|mem[35][25]                           ; Stuck at GND due to stuck port clock_enable ;
; DATA_MEM:inst40|mem[35][24]                           ; Stuck at GND due to stuck port clock_enable ;
; DATA_MEM:inst40|mem[35][23]                           ; Stuck at GND due to stuck port clock_enable ;
; DATA_MEM:inst40|mem[35][22]                           ; Stuck at GND due to stuck port clock_enable ;
; DATA_MEM:inst40|mem[35][21]                           ; Stuck at GND due to stuck port clock_enable ;
; DATA_MEM:inst40|mem[35][20]                           ; Stuck at GND due to stuck port clock_enable ;
; DATA_MEM:inst40|mem[35][19]                           ; Stuck at GND due to stuck port clock_enable ;
; DATA_MEM:inst40|mem[35][18]                           ; Stuck at GND due to stuck port clock_enable ;
; DATA_MEM:inst40|mem[35][17]                           ; Stuck at GND due to stuck port clock_enable ;
; DATA_MEM:inst40|mem[35][16]                           ; Stuck at GND due to stuck port clock_enable ;
; DATA_MEM:inst40|mem[35][15]                           ; Stuck at GND due to stuck port clock_enable ;
; DATA_MEM:inst40|mem[35][14]                           ; Stuck at GND due to stuck port clock_enable ;
; DATA_MEM:inst40|mem[35][13]                           ; Stuck at GND due to stuck port clock_enable ;
; DATA_MEM:inst40|mem[35][12]                           ; Stuck at GND due to stuck port clock_enable ;
; DATA_MEM:inst40|mem[35][11]                           ; Stuck at GND due to stuck port clock_enable ;
; DATA_MEM:inst40|mem[35][10]                           ; Stuck at GND due to stuck port clock_enable ;
; DATA_MEM:inst40|mem[35][9]                            ; Stuck at GND due to stuck port clock_enable ;
; DATA_MEM:inst40|mem[35][8]                            ; Stuck at GND due to stuck port clock_enable ;
; DATA_MEM:inst40|mem[35][7]                            ; Stuck at GND due to stuck port clock_enable ;
; DATA_MEM:inst40|mem[35][6]                            ; Stuck at GND due to stuck port clock_enable ;
; DATA_MEM:inst40|mem[35][5]                            ; Stuck at GND due to stuck port clock_enable ;
; DATA_MEM:inst40|mem[35][4]                            ; Stuck at GND due to stuck port clock_enable ;
; DATA_MEM:inst40|mem[35][3]                            ; Stuck at GND due to stuck port clock_enable ;
; DATA_MEM:inst40|mem[35][2]                            ; Stuck at GND due to stuck port clock_enable ;
; DATA_MEM:inst40|mem[35][1]                            ; Stuck at GND due to stuck port clock_enable ;
; DATA_MEM:inst40|mem[35][0]                            ; Stuck at GND due to stuck port clock_enable ;
; DATA_MEM:inst40|mem[34][31]                           ; Stuck at GND due to stuck port clock_enable ;
; DATA_MEM:inst40|mem[34][30]                           ; Stuck at GND due to stuck port clock_enable ;
; DATA_MEM:inst40|mem[34][29]                           ; Stuck at GND due to stuck port clock_enable ;
; DATA_MEM:inst40|mem[34][28]                           ; Stuck at GND due to stuck port clock_enable ;
; DATA_MEM:inst40|mem[34][27]                           ; Stuck at GND due to stuck port clock_enable ;
; DATA_MEM:inst40|mem[34][26]                           ; Stuck at GND due to stuck port clock_enable ;
; DATA_MEM:inst40|mem[34][25]                           ; Stuck at GND due to stuck port clock_enable ;
; DATA_MEM:inst40|mem[34][24]                           ; Stuck at GND due to stuck port clock_enable ;
; DATA_MEM:inst40|mem[34][23]                           ; Stuck at GND due to stuck port clock_enable ;
; DATA_MEM:inst40|mem[34][22]                           ; Stuck at GND due to stuck port clock_enable ;
; DATA_MEM:inst40|mem[34][21]                           ; Stuck at GND due to stuck port clock_enable ;
; DATA_MEM:inst40|mem[34][20]                           ; Stuck at GND due to stuck port clock_enable ;
; DATA_MEM:inst40|mem[34][19]                           ; Stuck at GND due to stuck port clock_enable ;
; DATA_MEM:inst40|mem[34][18]                           ; Stuck at GND due to stuck port clock_enable ;
; DATA_MEM:inst40|mem[34][17]                           ; Stuck at GND due to stuck port clock_enable ;
; DATA_MEM:inst40|mem[34][16]                           ; Stuck at GND due to stuck port clock_enable ;
; DATA_MEM:inst40|mem[34][15]                           ; Stuck at GND due to stuck port clock_enable ;
; DATA_MEM:inst40|mem[34][14]                           ; Stuck at GND due to stuck port clock_enable ;
; DATA_MEM:inst40|mem[34][13]                           ; Stuck at GND due to stuck port clock_enable ;
; DATA_MEM:inst40|mem[34][12]                           ; Stuck at GND due to stuck port clock_enable ;
; DATA_MEM:inst40|mem[34][11]                           ; Stuck at GND due to stuck port clock_enable ;
; DATA_MEM:inst40|mem[34][10]                           ; Stuck at GND due to stuck port clock_enable ;
; DATA_MEM:inst40|mem[34][9]                            ; Stuck at GND due to stuck port clock_enable ;
; DATA_MEM:inst40|mem[34][8]                            ; Stuck at GND due to stuck port clock_enable ;
; DATA_MEM:inst40|mem[34][7]                            ; Stuck at GND due to stuck port clock_enable ;
; DATA_MEM:inst40|mem[34][6]                            ; Stuck at GND due to stuck port clock_enable ;
; DATA_MEM:inst40|mem[34][5]                            ; Stuck at GND due to stuck port clock_enable ;
; DATA_MEM:inst40|mem[34][4]                            ; Stuck at GND due to stuck port clock_enable ;
; DATA_MEM:inst40|mem[34][3]                            ; Stuck at GND due to stuck port clock_enable ;
; DATA_MEM:inst40|mem[34][2]                            ; Stuck at GND due to stuck port clock_enable ;
; DATA_MEM:inst40|mem[34][1]                            ; Stuck at GND due to stuck port clock_enable ;
; DATA_MEM:inst40|mem[34][0]                            ; Stuck at GND due to stuck port clock_enable ;
; DATA_MEM:inst40|mem[33][31]                           ; Stuck at GND due to stuck port clock_enable ;
; DATA_MEM:inst40|mem[33][30]                           ; Stuck at GND due to stuck port clock_enable ;
; DATA_MEM:inst40|mem[33][29]                           ; Stuck at GND due to stuck port clock_enable ;
; DATA_MEM:inst40|mem[33][28]                           ; Stuck at GND due to stuck port clock_enable ;
; DATA_MEM:inst40|mem[33][27]                           ; Stuck at GND due to stuck port clock_enable ;
; DATA_MEM:inst40|mem[33][26]                           ; Stuck at GND due to stuck port clock_enable ;
; DATA_MEM:inst40|mem[33][25]                           ; Stuck at GND due to stuck port clock_enable ;
; DATA_MEM:inst40|mem[33][24]                           ; Stuck at GND due to stuck port clock_enable ;
; DATA_MEM:inst40|mem[33][23]                           ; Stuck at GND due to stuck port clock_enable ;
; DATA_MEM:inst40|mem[33][22]                           ; Stuck at GND due to stuck port clock_enable ;
; DATA_MEM:inst40|mem[33][21]                           ; Stuck at GND due to stuck port clock_enable ;
; DATA_MEM:inst40|mem[33][20]                           ; Stuck at GND due to stuck port clock_enable ;
; DATA_MEM:inst40|mem[33][19]                           ; Stuck at GND due to stuck port clock_enable ;
; DATA_MEM:inst40|mem[33][18]                           ; Stuck at GND due to stuck port clock_enable ;
; DATA_MEM:inst40|mem[33][17]                           ; Stuck at GND due to stuck port clock_enable ;
; DATA_MEM:inst40|mem[33][16]                           ; Stuck at GND due to stuck port clock_enable ;
; DATA_MEM:inst40|mem[33][15]                           ; Stuck at GND due to stuck port clock_enable ;
; DATA_MEM:inst40|mem[33][14]                           ; Stuck at GND due to stuck port clock_enable ;
; DATA_MEM:inst40|mem[33][13]                           ; Stuck at GND due to stuck port clock_enable ;
; DATA_MEM:inst40|mem[33][12]                           ; Stuck at GND due to stuck port clock_enable ;
; DATA_MEM:inst40|mem[33][11]                           ; Stuck at GND due to stuck port clock_enable ;
; DATA_MEM:inst40|mem[33][10]                           ; Stuck at GND due to stuck port clock_enable ;
; DATA_MEM:inst40|mem[33][9]                            ; Stuck at GND due to stuck port clock_enable ;
; DATA_MEM:inst40|mem[33][8]                            ; Stuck at GND due to stuck port clock_enable ;
; DATA_MEM:inst40|mem[33][7]                            ; Stuck at GND due to stuck port clock_enable ;
; DATA_MEM:inst40|mem[33][6]                            ; Stuck at GND due to stuck port clock_enable ;
; DATA_MEM:inst40|mem[33][5]                            ; Stuck at GND due to stuck port clock_enable ;
; DATA_MEM:inst40|mem[33][4]                            ; Stuck at GND due to stuck port clock_enable ;
; DATA_MEM:inst40|mem[33][3]                            ; Stuck at GND due to stuck port clock_enable ;
; DATA_MEM:inst40|mem[33][2]                            ; Stuck at GND due to stuck port clock_enable ;
; DATA_MEM:inst40|mem[33][1]                            ; Stuck at GND due to stuck port clock_enable ;
; DATA_MEM:inst40|mem[33][0]                            ; Stuck at GND due to stuck port clock_enable ;
; DATA_MEM:inst40|mem[32][31]                           ; Stuck at GND due to stuck port clock_enable ;
; DATA_MEM:inst40|mem[32][30]                           ; Stuck at GND due to stuck port clock_enable ;
; DATA_MEM:inst40|mem[32][29]                           ; Stuck at GND due to stuck port clock_enable ;
; DATA_MEM:inst40|mem[32][28]                           ; Stuck at GND due to stuck port clock_enable ;
; DATA_MEM:inst40|mem[32][27]                           ; Stuck at GND due to stuck port clock_enable ;
; DATA_MEM:inst40|mem[32][26]                           ; Stuck at GND due to stuck port clock_enable ;
; DATA_MEM:inst40|mem[32][25]                           ; Stuck at GND due to stuck port clock_enable ;
; DATA_MEM:inst40|mem[32][24]                           ; Stuck at GND due to stuck port clock_enable ;
; DATA_MEM:inst40|mem[32][23]                           ; Stuck at GND due to stuck port clock_enable ;
; DATA_MEM:inst40|mem[32][22]                           ; Stuck at GND due to stuck port clock_enable ;
; DATA_MEM:inst40|mem[32][21]                           ; Stuck at GND due to stuck port clock_enable ;
; DATA_MEM:inst40|mem[32][20]                           ; Stuck at GND due to stuck port clock_enable ;
; DATA_MEM:inst40|mem[32][19]                           ; Stuck at GND due to stuck port clock_enable ;
; DATA_MEM:inst40|mem[32][18]                           ; Stuck at GND due to stuck port clock_enable ;
; DATA_MEM:inst40|mem[32][17]                           ; Stuck at GND due to stuck port clock_enable ;
; DATA_MEM:inst40|mem[32][16]                           ; Stuck at GND due to stuck port clock_enable ;
; DATA_MEM:inst40|mem[32][15]                           ; Stuck at GND due to stuck port clock_enable ;
; DATA_MEM:inst40|mem[32][14]                           ; Stuck at GND due to stuck port clock_enable ;
; DATA_MEM:inst40|mem[32][13]                           ; Stuck at GND due to stuck port clock_enable ;
; DATA_MEM:inst40|mem[32][12]                           ; Stuck at GND due to stuck port clock_enable ;
; DATA_MEM:inst40|mem[32][11]                           ; Stuck at GND due to stuck port clock_enable ;
; DATA_MEM:inst40|mem[32][10]                           ; Stuck at GND due to stuck port clock_enable ;
; DATA_MEM:inst40|mem[32][9]                            ; Stuck at GND due to stuck port clock_enable ;
; DATA_MEM:inst40|mem[32][8]                            ; Stuck at GND due to stuck port clock_enable ;
; DATA_MEM:inst40|mem[32][7]                            ; Stuck at GND due to stuck port clock_enable ;
; DATA_MEM:inst40|mem[32][6]                            ; Stuck at GND due to stuck port clock_enable ;
; DATA_MEM:inst40|mem[32][5]                            ; Stuck at GND due to stuck port clock_enable ;
; DATA_MEM:inst40|mem[32][4]                            ; Stuck at GND due to stuck port clock_enable ;
; DATA_MEM:inst40|mem[32][3]                            ; Stuck at GND due to stuck port clock_enable ;
; DATA_MEM:inst40|mem[32][2]                            ; Stuck at GND due to stuck port clock_enable ;
; DATA_MEM:inst40|mem[32][1]                            ; Stuck at GND due to stuck port clock_enable ;
; DATA_MEM:inst40|mem[32][0]                            ; Stuck at GND due to stuck port clock_enable ;
; DATA_MEM:inst40|mem[31][31]                           ; Stuck at GND due to stuck port clock_enable ;
; DATA_MEM:inst40|mem[31][30]                           ; Stuck at GND due to stuck port clock_enable ;
; DATA_MEM:inst40|mem[31][29]                           ; Stuck at GND due to stuck port clock_enable ;
; DATA_MEM:inst40|mem[31][28]                           ; Stuck at GND due to stuck port clock_enable ;
; DATA_MEM:inst40|mem[31][27]                           ; Stuck at GND due to stuck port clock_enable ;
; DATA_MEM:inst40|mem[31][26]                           ; Stuck at GND due to stuck port clock_enable ;
; DATA_MEM:inst40|mem[31][25]                           ; Stuck at GND due to stuck port clock_enable ;
; DATA_MEM:inst40|mem[31][24]                           ; Stuck at GND due to stuck port clock_enable ;
; DATA_MEM:inst40|mem[31][23]                           ; Stuck at GND due to stuck port clock_enable ;
; DATA_MEM:inst40|mem[31][22]                           ; Stuck at GND due to stuck port clock_enable ;
; DATA_MEM:inst40|mem[31][21]                           ; Stuck at GND due to stuck port clock_enable ;
; DATA_MEM:inst40|mem[31][20]                           ; Stuck at GND due to stuck port clock_enable ;
; DATA_MEM:inst40|mem[31][19]                           ; Stuck at GND due to stuck port clock_enable ;
; DATA_MEM:inst40|mem[31][18]                           ; Stuck at GND due to stuck port clock_enable ;
; DATA_MEM:inst40|mem[31][17]                           ; Stuck at GND due to stuck port clock_enable ;
; DATA_MEM:inst40|mem[31][16]                           ; Stuck at GND due to stuck port clock_enable ;
; DATA_MEM:inst40|mem[31][15]                           ; Stuck at GND due to stuck port clock_enable ;
; DATA_MEM:inst40|mem[31][14]                           ; Stuck at GND due to stuck port clock_enable ;
; DATA_MEM:inst40|mem[31][13]                           ; Stuck at GND due to stuck port clock_enable ;
; DATA_MEM:inst40|mem[31][12]                           ; Stuck at GND due to stuck port clock_enable ;
; DATA_MEM:inst40|mem[31][11]                           ; Stuck at GND due to stuck port clock_enable ;
; DATA_MEM:inst40|mem[31][10]                           ; Stuck at GND due to stuck port clock_enable ;
; DATA_MEM:inst40|mem[31][9]                            ; Stuck at GND due to stuck port clock_enable ;
; DATA_MEM:inst40|mem[31][8]                            ; Stuck at GND due to stuck port clock_enable ;
; DATA_MEM:inst40|mem[31][7]                            ; Stuck at GND due to stuck port clock_enable ;
; DATA_MEM:inst40|mem[31][6]                            ; Stuck at GND due to stuck port clock_enable ;
; DATA_MEM:inst40|mem[31][5]                            ; Stuck at GND due to stuck port clock_enable ;
; DATA_MEM:inst40|mem[31][4]                            ; Stuck at GND due to stuck port clock_enable ;
; DATA_MEM:inst40|mem[31][3]                            ; Stuck at GND due to stuck port clock_enable ;
; DATA_MEM:inst40|mem[31][2]                            ; Stuck at GND due to stuck port clock_enable ;
; DATA_MEM:inst40|mem[31][1]                            ; Stuck at GND due to stuck port clock_enable ;
; DATA_MEM:inst40|mem[31][0]                            ; Stuck at GND due to stuck port clock_enable ;
; DATA_MEM:inst40|mem[30][31]                           ; Stuck at GND due to stuck port clock_enable ;
; DATA_MEM:inst40|mem[30][30]                           ; Stuck at GND due to stuck port clock_enable ;
; DATA_MEM:inst40|mem[30][29]                           ; Stuck at GND due to stuck port clock_enable ;
; DATA_MEM:inst40|mem[30][28]                           ; Stuck at GND due to stuck port clock_enable ;
; DATA_MEM:inst40|mem[30][27]                           ; Stuck at GND due to stuck port clock_enable ;
; DATA_MEM:inst40|mem[30][26]                           ; Stuck at GND due to stuck port clock_enable ;
; DATA_MEM:inst40|mem[30][25]                           ; Stuck at GND due to stuck port clock_enable ;
; DATA_MEM:inst40|mem[30][24]                           ; Stuck at GND due to stuck port clock_enable ;
; DATA_MEM:inst40|mem[30][23]                           ; Stuck at GND due to stuck port clock_enable ;
; DATA_MEM:inst40|mem[30][22]                           ; Stuck at GND due to stuck port clock_enable ;
; DATA_MEM:inst40|mem[30][21]                           ; Stuck at GND due to stuck port clock_enable ;
; DATA_MEM:inst40|mem[30][20]                           ; Stuck at GND due to stuck port clock_enable ;
; DATA_MEM:inst40|mem[30][19]                           ; Stuck at GND due to stuck port clock_enable ;
; DATA_MEM:inst40|mem[30][18]                           ; Stuck at GND due to stuck port clock_enable ;
; DATA_MEM:inst40|mem[30][17]                           ; Stuck at GND due to stuck port clock_enable ;
; DATA_MEM:inst40|mem[30][16]                           ; Stuck at GND due to stuck port clock_enable ;
; DATA_MEM:inst40|mem[30][15]                           ; Stuck at GND due to stuck port clock_enable ;
; DATA_MEM:inst40|mem[30][14]                           ; Stuck at GND due to stuck port clock_enable ;
; DATA_MEM:inst40|mem[30][13]                           ; Stuck at GND due to stuck port clock_enable ;
; DATA_MEM:inst40|mem[30][12]                           ; Stuck at GND due to stuck port clock_enable ;
; DATA_MEM:inst40|mem[30][11]                           ; Stuck at GND due to stuck port clock_enable ;
; DATA_MEM:inst40|mem[30][10]                           ; Stuck at GND due to stuck port clock_enable ;
; DATA_MEM:inst40|mem[30][9]                            ; Stuck at GND due to stuck port clock_enable ;
; DATA_MEM:inst40|mem[30][8]                            ; Stuck at GND due to stuck port clock_enable ;
; DATA_MEM:inst40|mem[30][7]                            ; Stuck at GND due to stuck port clock_enable ;
; DATA_MEM:inst40|mem[30][6]                            ; Stuck at GND due to stuck port clock_enable ;
; DATA_MEM:inst40|mem[30][5]                            ; Stuck at GND due to stuck port clock_enable ;
; DATA_MEM:inst40|mem[30][4]                            ; Stuck at GND due to stuck port clock_enable ;
; DATA_MEM:inst40|mem[30][3]                            ; Stuck at GND due to stuck port clock_enable ;
; DATA_MEM:inst40|mem[30][2]                            ; Stuck at GND due to stuck port clock_enable ;
; DATA_MEM:inst40|mem[30][1]                            ; Stuck at GND due to stuck port clock_enable ;
; DATA_MEM:inst40|mem[30][0]                            ; Stuck at GND due to stuck port clock_enable ;
; DATA_MEM:inst40|mem[29][31]                           ; Stuck at GND due to stuck port clock_enable ;
; DATA_MEM:inst40|mem[29][30]                           ; Stuck at GND due to stuck port clock_enable ;
; DATA_MEM:inst40|mem[29][29]                           ; Stuck at GND due to stuck port clock_enable ;
; DATA_MEM:inst40|mem[29][28]                           ; Stuck at GND due to stuck port clock_enable ;
; DATA_MEM:inst40|mem[29][27]                           ; Stuck at GND due to stuck port clock_enable ;
; DATA_MEM:inst40|mem[29][26]                           ; Stuck at GND due to stuck port clock_enable ;
; DATA_MEM:inst40|mem[29][25]                           ; Stuck at GND due to stuck port clock_enable ;
; DATA_MEM:inst40|mem[29][24]                           ; Stuck at GND due to stuck port clock_enable ;
; DATA_MEM:inst40|mem[29][23]                           ; Stuck at GND due to stuck port clock_enable ;
; DATA_MEM:inst40|mem[29][22]                           ; Stuck at GND due to stuck port clock_enable ;
; DATA_MEM:inst40|mem[29][21]                           ; Stuck at GND due to stuck port clock_enable ;
; DATA_MEM:inst40|mem[29][20]                           ; Stuck at GND due to stuck port clock_enable ;
; DATA_MEM:inst40|mem[29][19]                           ; Stuck at GND due to stuck port clock_enable ;
; DATA_MEM:inst40|mem[29][18]                           ; Stuck at GND due to stuck port clock_enable ;
; DATA_MEM:inst40|mem[29][17]                           ; Stuck at GND due to stuck port clock_enable ;
; DATA_MEM:inst40|mem[29][16]                           ; Stuck at GND due to stuck port clock_enable ;
; DATA_MEM:inst40|mem[29][15]                           ; Stuck at GND due to stuck port clock_enable ;
; DATA_MEM:inst40|mem[29][14]                           ; Stuck at GND due to stuck port clock_enable ;
; DATA_MEM:inst40|mem[29][13]                           ; Stuck at GND due to stuck port clock_enable ;
; DATA_MEM:inst40|mem[29][12]                           ; Stuck at GND due to stuck port clock_enable ;
; DATA_MEM:inst40|mem[29][11]                           ; Stuck at GND due to stuck port clock_enable ;
; DATA_MEM:inst40|mem[29][10]                           ; Stuck at GND due to stuck port clock_enable ;
; DATA_MEM:inst40|mem[29][9]                            ; Stuck at GND due to stuck port clock_enable ;
; DATA_MEM:inst40|mem[29][8]                            ; Stuck at GND due to stuck port clock_enable ;
; DATA_MEM:inst40|mem[29][7]                            ; Stuck at GND due to stuck port clock_enable ;
; DATA_MEM:inst40|mem[29][6]                            ; Stuck at GND due to stuck port clock_enable ;
; DATA_MEM:inst40|mem[29][5]                            ; Stuck at GND due to stuck port clock_enable ;
; DATA_MEM:inst40|mem[29][4]                            ; Stuck at GND due to stuck port clock_enable ;
; DATA_MEM:inst40|mem[29][3]                            ; Stuck at GND due to stuck port clock_enable ;
; DATA_MEM:inst40|mem[29][2]                            ; Stuck at GND due to stuck port clock_enable ;
; DATA_MEM:inst40|mem[29][1]                            ; Stuck at GND due to stuck port clock_enable ;
; DATA_MEM:inst40|mem[29][0]                            ; Stuck at GND due to stuck port clock_enable ;
; DATA_MEM:inst40|mem[28][31]                           ; Stuck at GND due to stuck port clock_enable ;
; DATA_MEM:inst40|mem[28][30]                           ; Stuck at GND due to stuck port clock_enable ;
; DATA_MEM:inst40|mem[28][29]                           ; Stuck at GND due to stuck port clock_enable ;
; DATA_MEM:inst40|mem[28][28]                           ; Stuck at GND due to stuck port clock_enable ;
; DATA_MEM:inst40|mem[28][27]                           ; Stuck at GND due to stuck port clock_enable ;
; DATA_MEM:inst40|mem[28][26]                           ; Stuck at GND due to stuck port clock_enable ;
; DATA_MEM:inst40|mem[28][25]                           ; Stuck at GND due to stuck port clock_enable ;
; DATA_MEM:inst40|mem[28][24]                           ; Stuck at GND due to stuck port clock_enable ;
; DATA_MEM:inst40|mem[28][23]                           ; Stuck at GND due to stuck port clock_enable ;
; DATA_MEM:inst40|mem[28][22]                           ; Stuck at GND due to stuck port clock_enable ;
; DATA_MEM:inst40|mem[28][21]                           ; Stuck at GND due to stuck port clock_enable ;
; DATA_MEM:inst40|mem[28][20]                           ; Stuck at GND due to stuck port clock_enable ;
; DATA_MEM:inst40|mem[28][19]                           ; Stuck at GND due to stuck port clock_enable ;
; DATA_MEM:inst40|mem[28][18]                           ; Stuck at GND due to stuck port clock_enable ;
; DATA_MEM:inst40|mem[28][17]                           ; Stuck at GND due to stuck port clock_enable ;
; DATA_MEM:inst40|mem[28][16]                           ; Stuck at GND due to stuck port clock_enable ;
; DATA_MEM:inst40|mem[28][15]                           ; Stuck at GND due to stuck port clock_enable ;
; DATA_MEM:inst40|mem[28][14]                           ; Stuck at GND due to stuck port clock_enable ;
; DATA_MEM:inst40|mem[28][13]                           ; Stuck at GND due to stuck port clock_enable ;
; DATA_MEM:inst40|mem[28][12]                           ; Stuck at GND due to stuck port clock_enable ;
; DATA_MEM:inst40|mem[28][11]                           ; Stuck at GND due to stuck port clock_enable ;
; DATA_MEM:inst40|mem[28][10]                           ; Stuck at GND due to stuck port clock_enable ;
; DATA_MEM:inst40|mem[28][9]                            ; Stuck at GND due to stuck port clock_enable ;
; DATA_MEM:inst40|mem[28][8]                            ; Stuck at GND due to stuck port clock_enable ;
; DATA_MEM:inst40|mem[28][7]                            ; Stuck at GND due to stuck port clock_enable ;
; DATA_MEM:inst40|mem[28][6]                            ; Stuck at GND due to stuck port clock_enable ;
; DATA_MEM:inst40|mem[28][5]                            ; Stuck at GND due to stuck port clock_enable ;
; DATA_MEM:inst40|mem[28][4]                            ; Stuck at GND due to stuck port clock_enable ;
; DATA_MEM:inst40|mem[28][3]                            ; Stuck at GND due to stuck port clock_enable ;
; DATA_MEM:inst40|mem[28][2]                            ; Stuck at GND due to stuck port clock_enable ;
; DATA_MEM:inst40|mem[28][1]                            ; Stuck at GND due to stuck port clock_enable ;
; DATA_MEM:inst40|mem[28][0]                            ; Stuck at GND due to stuck port clock_enable ;
; DATA_MEM:inst40|mem[27][31]                           ; Stuck at GND due to stuck port clock_enable ;
; DATA_MEM:inst40|mem[27][30]                           ; Stuck at GND due to stuck port clock_enable ;
; DATA_MEM:inst40|mem[27][29]                           ; Stuck at GND due to stuck port clock_enable ;
; DATA_MEM:inst40|mem[27][28]                           ; Stuck at GND due to stuck port clock_enable ;
; DATA_MEM:inst40|mem[27][27]                           ; Stuck at GND due to stuck port clock_enable ;
; DATA_MEM:inst40|mem[27][26]                           ; Stuck at GND due to stuck port clock_enable ;
; DATA_MEM:inst40|mem[27][25]                           ; Stuck at GND due to stuck port clock_enable ;
; DATA_MEM:inst40|mem[27][24]                           ; Stuck at GND due to stuck port clock_enable ;
; DATA_MEM:inst40|mem[27][23]                           ; Stuck at GND due to stuck port clock_enable ;
; DATA_MEM:inst40|mem[27][22]                           ; Stuck at GND due to stuck port clock_enable ;
; DATA_MEM:inst40|mem[27][21]                           ; Stuck at GND due to stuck port clock_enable ;
; DATA_MEM:inst40|mem[27][20]                           ; Stuck at GND due to stuck port clock_enable ;
; DATA_MEM:inst40|mem[27][19]                           ; Stuck at GND due to stuck port clock_enable ;
; DATA_MEM:inst40|mem[27][18]                           ; Stuck at GND due to stuck port clock_enable ;
; DATA_MEM:inst40|mem[27][17]                           ; Stuck at GND due to stuck port clock_enable ;
; DATA_MEM:inst40|mem[27][16]                           ; Stuck at GND due to stuck port clock_enable ;
; DATA_MEM:inst40|mem[27][15]                           ; Stuck at GND due to stuck port clock_enable ;
; DATA_MEM:inst40|mem[27][14]                           ; Stuck at GND due to stuck port clock_enable ;
; DATA_MEM:inst40|mem[27][13]                           ; Stuck at GND due to stuck port clock_enable ;
; DATA_MEM:inst40|mem[27][12]                           ; Stuck at GND due to stuck port clock_enable ;
; DATA_MEM:inst40|mem[27][11]                           ; Stuck at GND due to stuck port clock_enable ;
; DATA_MEM:inst40|mem[27][10]                           ; Stuck at GND due to stuck port clock_enable ;
; DATA_MEM:inst40|mem[27][9]                            ; Stuck at GND due to stuck port clock_enable ;
; DATA_MEM:inst40|mem[27][8]                            ; Stuck at GND due to stuck port clock_enable ;
; DATA_MEM:inst40|mem[27][7]                            ; Stuck at GND due to stuck port clock_enable ;
; DATA_MEM:inst40|mem[27][6]                            ; Stuck at GND due to stuck port clock_enable ;
; DATA_MEM:inst40|mem[27][5]                            ; Stuck at GND due to stuck port clock_enable ;
; DATA_MEM:inst40|mem[27][4]                            ; Stuck at GND due to stuck port clock_enable ;
; DATA_MEM:inst40|mem[27][3]                            ; Stuck at GND due to stuck port clock_enable ;
; DATA_MEM:inst40|mem[27][2]                            ; Stuck at GND due to stuck port clock_enable ;
; DATA_MEM:inst40|mem[27][1]                            ; Stuck at GND due to stuck port clock_enable ;
; DATA_MEM:inst40|mem[27][0]                            ; Stuck at GND due to stuck port clock_enable ;
; DATA_MEM:inst40|mem[26][31]                           ; Stuck at GND due to stuck port clock_enable ;
; DATA_MEM:inst40|mem[26][30]                           ; Stuck at GND due to stuck port clock_enable ;
; DATA_MEM:inst40|mem[26][29]                           ; Stuck at GND due to stuck port clock_enable ;
; DATA_MEM:inst40|mem[26][28]                           ; Stuck at GND due to stuck port clock_enable ;
; DATA_MEM:inst40|mem[26][27]                           ; Stuck at GND due to stuck port clock_enable ;
; DATA_MEM:inst40|mem[26][26]                           ; Stuck at GND due to stuck port clock_enable ;
; DATA_MEM:inst40|mem[26][25]                           ; Stuck at GND due to stuck port clock_enable ;
; DATA_MEM:inst40|mem[26][24]                           ; Stuck at GND due to stuck port clock_enable ;
; DATA_MEM:inst40|mem[26][23]                           ; Stuck at GND due to stuck port clock_enable ;
; DATA_MEM:inst40|mem[26][22]                           ; Stuck at GND due to stuck port clock_enable ;
; DATA_MEM:inst40|mem[26][21]                           ; Stuck at GND due to stuck port clock_enable ;
; DATA_MEM:inst40|mem[26][20]                           ; Stuck at GND due to stuck port clock_enable ;
; DATA_MEM:inst40|mem[26][19]                           ; Stuck at GND due to stuck port clock_enable ;
; DATA_MEM:inst40|mem[26][18]                           ; Stuck at GND due to stuck port clock_enable ;
; DATA_MEM:inst40|mem[26][17]                           ; Stuck at GND due to stuck port clock_enable ;
; DATA_MEM:inst40|mem[26][16]                           ; Stuck at GND due to stuck port clock_enable ;
; DATA_MEM:inst40|mem[26][15]                           ; Stuck at GND due to stuck port clock_enable ;
; DATA_MEM:inst40|mem[26][14]                           ; Stuck at GND due to stuck port clock_enable ;
; DATA_MEM:inst40|mem[26][13]                           ; Stuck at GND due to stuck port clock_enable ;
; DATA_MEM:inst40|mem[26][12]                           ; Stuck at GND due to stuck port clock_enable ;
; DATA_MEM:inst40|mem[26][11]                           ; Stuck at GND due to stuck port clock_enable ;
; DATA_MEM:inst40|mem[26][10]                           ; Stuck at GND due to stuck port clock_enable ;
; DATA_MEM:inst40|mem[26][9]                            ; Stuck at GND due to stuck port clock_enable ;
; DATA_MEM:inst40|mem[26][8]                            ; Stuck at GND due to stuck port clock_enable ;
; DATA_MEM:inst40|mem[26][7]                            ; Stuck at GND due to stuck port clock_enable ;
; DATA_MEM:inst40|mem[26][6]                            ; Stuck at GND due to stuck port clock_enable ;
; DATA_MEM:inst40|mem[26][5]                            ; Stuck at GND due to stuck port clock_enable ;
; DATA_MEM:inst40|mem[26][4]                            ; Stuck at GND due to stuck port clock_enable ;
; DATA_MEM:inst40|mem[26][3]                            ; Stuck at GND due to stuck port clock_enable ;
; DATA_MEM:inst40|mem[26][2]                            ; Stuck at GND due to stuck port clock_enable ;
; DATA_MEM:inst40|mem[26][1]                            ; Stuck at GND due to stuck port clock_enable ;
; DATA_MEM:inst40|mem[26][0]                            ; Stuck at GND due to stuck port clock_enable ;
; DATA_MEM:inst40|mem[25][31]                           ; Stuck at GND due to stuck port clock_enable ;
; DATA_MEM:inst40|mem[25][30]                           ; Stuck at GND due to stuck port clock_enable ;
; DATA_MEM:inst40|mem[25][29]                           ; Stuck at GND due to stuck port clock_enable ;
; DATA_MEM:inst40|mem[25][28]                           ; Stuck at GND due to stuck port clock_enable ;
; DATA_MEM:inst40|mem[25][27]                           ; Stuck at GND due to stuck port clock_enable ;
; DATA_MEM:inst40|mem[25][26]                           ; Stuck at GND due to stuck port clock_enable ;
; DATA_MEM:inst40|mem[25][25]                           ; Stuck at GND due to stuck port clock_enable ;
; DATA_MEM:inst40|mem[25][24]                           ; Stuck at GND due to stuck port clock_enable ;
; DATA_MEM:inst40|mem[25][23]                           ; Stuck at GND due to stuck port clock_enable ;
; DATA_MEM:inst40|mem[25][22]                           ; Stuck at GND due to stuck port clock_enable ;
; DATA_MEM:inst40|mem[25][21]                           ; Stuck at GND due to stuck port clock_enable ;
; DATA_MEM:inst40|mem[25][20]                           ; Stuck at GND due to stuck port clock_enable ;
; DATA_MEM:inst40|mem[25][19]                           ; Stuck at GND due to stuck port clock_enable ;
; DATA_MEM:inst40|mem[25][18]                           ; Stuck at GND due to stuck port clock_enable ;
; DATA_MEM:inst40|mem[25][17]                           ; Stuck at GND due to stuck port clock_enable ;
; DATA_MEM:inst40|mem[25][16]                           ; Stuck at GND due to stuck port clock_enable ;
; DATA_MEM:inst40|mem[25][15]                           ; Stuck at GND due to stuck port clock_enable ;
; DATA_MEM:inst40|mem[25][14]                           ; Stuck at GND due to stuck port clock_enable ;
; DATA_MEM:inst40|mem[25][13]                           ; Stuck at GND due to stuck port clock_enable ;
; DATA_MEM:inst40|mem[25][12]                           ; Stuck at GND due to stuck port clock_enable ;
; DATA_MEM:inst40|mem[25][11]                           ; Stuck at GND due to stuck port clock_enable ;
; DATA_MEM:inst40|mem[25][10]                           ; Stuck at GND due to stuck port clock_enable ;
; DATA_MEM:inst40|mem[25][9]                            ; Stuck at GND due to stuck port clock_enable ;
; DATA_MEM:inst40|mem[25][8]                            ; Stuck at GND due to stuck port clock_enable ;
; DATA_MEM:inst40|mem[25][7]                            ; Stuck at GND due to stuck port clock_enable ;
; DATA_MEM:inst40|mem[25][6]                            ; Stuck at GND due to stuck port clock_enable ;
; DATA_MEM:inst40|mem[25][5]                            ; Stuck at GND due to stuck port clock_enable ;
; DATA_MEM:inst40|mem[25][4]                            ; Stuck at GND due to stuck port clock_enable ;
; DATA_MEM:inst40|mem[25][3]                            ; Stuck at GND due to stuck port clock_enable ;
; DATA_MEM:inst40|mem[25][2]                            ; Stuck at GND due to stuck port clock_enable ;
; DATA_MEM:inst40|mem[25][1]                            ; Stuck at GND due to stuck port clock_enable ;
; DATA_MEM:inst40|mem[25][0]                            ; Stuck at GND due to stuck port clock_enable ;
; DATA_MEM:inst40|mem[24][31]                           ; Stuck at GND due to stuck port clock_enable ;
; DATA_MEM:inst40|mem[24][30]                           ; Stuck at GND due to stuck port clock_enable ;
; DATA_MEM:inst40|mem[24][29]                           ; Stuck at GND due to stuck port clock_enable ;
; DATA_MEM:inst40|mem[24][28]                           ; Stuck at GND due to stuck port clock_enable ;
; DATA_MEM:inst40|mem[24][27]                           ; Stuck at GND due to stuck port clock_enable ;
; DATA_MEM:inst40|mem[24][26]                           ; Stuck at GND due to stuck port clock_enable ;
; DATA_MEM:inst40|mem[24][25]                           ; Stuck at GND due to stuck port clock_enable ;
; DATA_MEM:inst40|mem[24][24]                           ; Stuck at GND due to stuck port clock_enable ;
; DATA_MEM:inst40|mem[24][23]                           ; Stuck at GND due to stuck port clock_enable ;
; DATA_MEM:inst40|mem[24][22]                           ; Stuck at GND due to stuck port clock_enable ;
; DATA_MEM:inst40|mem[24][21]                           ; Stuck at GND due to stuck port clock_enable ;
; DATA_MEM:inst40|mem[24][20]                           ; Stuck at GND due to stuck port clock_enable ;
; DATA_MEM:inst40|mem[24][19]                           ; Stuck at GND due to stuck port clock_enable ;
; DATA_MEM:inst40|mem[24][18]                           ; Stuck at GND due to stuck port clock_enable ;
; DATA_MEM:inst40|mem[24][17]                           ; Stuck at GND due to stuck port clock_enable ;
; DATA_MEM:inst40|mem[24][16]                           ; Stuck at GND due to stuck port clock_enable ;
; DATA_MEM:inst40|mem[24][15]                           ; Stuck at GND due to stuck port clock_enable ;
; DATA_MEM:inst40|mem[24][14]                           ; Stuck at GND due to stuck port clock_enable ;
; DATA_MEM:inst40|mem[24][13]                           ; Stuck at GND due to stuck port clock_enable ;
; DATA_MEM:inst40|mem[24][12]                           ; Stuck at GND due to stuck port clock_enable ;
; DATA_MEM:inst40|mem[24][11]                           ; Stuck at GND due to stuck port clock_enable ;
; DATA_MEM:inst40|mem[24][10]                           ; Stuck at GND due to stuck port clock_enable ;
; DATA_MEM:inst40|mem[24][9]                            ; Stuck at GND due to stuck port clock_enable ;
; DATA_MEM:inst40|mem[24][8]                            ; Stuck at GND due to stuck port clock_enable ;
; DATA_MEM:inst40|mem[24][7]                            ; Stuck at GND due to stuck port clock_enable ;
; DATA_MEM:inst40|mem[24][6]                            ; Stuck at GND due to stuck port clock_enable ;
; DATA_MEM:inst40|mem[24][5]                            ; Stuck at GND due to stuck port clock_enable ;
; DATA_MEM:inst40|mem[24][4]                            ; Stuck at GND due to stuck port clock_enable ;
; DATA_MEM:inst40|mem[24][3]                            ; Stuck at GND due to stuck port clock_enable ;
; DATA_MEM:inst40|mem[24][2]                            ; Stuck at GND due to stuck port clock_enable ;
; DATA_MEM:inst40|mem[24][1]                            ; Stuck at GND due to stuck port clock_enable ;
; DATA_MEM:inst40|mem[24][0]                            ; Stuck at GND due to stuck port clock_enable ;
; DATA_MEM:inst40|mem[23][31]                           ; Stuck at GND due to stuck port clock_enable ;
; DATA_MEM:inst40|mem[23][30]                           ; Stuck at GND due to stuck port clock_enable ;
; DATA_MEM:inst40|mem[23][29]                           ; Stuck at GND due to stuck port clock_enable ;
; DATA_MEM:inst40|mem[23][28]                           ; Stuck at GND due to stuck port clock_enable ;
; DATA_MEM:inst40|mem[23][27]                           ; Stuck at GND due to stuck port clock_enable ;
; DATA_MEM:inst40|mem[23][26]                           ; Stuck at GND due to stuck port clock_enable ;
; DATA_MEM:inst40|mem[23][25]                           ; Stuck at GND due to stuck port clock_enable ;
; DATA_MEM:inst40|mem[23][24]                           ; Stuck at GND due to stuck port clock_enable ;
; DATA_MEM:inst40|mem[23][23]                           ; Stuck at GND due to stuck port clock_enable ;
; DATA_MEM:inst40|mem[23][22]                           ; Stuck at GND due to stuck port clock_enable ;
; DATA_MEM:inst40|mem[23][21]                           ; Stuck at GND due to stuck port clock_enable ;
; DATA_MEM:inst40|mem[23][20]                           ; Stuck at GND due to stuck port clock_enable ;
; DATA_MEM:inst40|mem[23][19]                           ; Stuck at GND due to stuck port clock_enable ;
; DATA_MEM:inst40|mem[23][18]                           ; Stuck at GND due to stuck port clock_enable ;
; DATA_MEM:inst40|mem[23][17]                           ; Stuck at GND due to stuck port clock_enable ;
; DATA_MEM:inst40|mem[23][16]                           ; Stuck at GND due to stuck port clock_enable ;
; DATA_MEM:inst40|mem[23][15]                           ; Stuck at GND due to stuck port clock_enable ;
; DATA_MEM:inst40|mem[23][14]                           ; Stuck at GND due to stuck port clock_enable ;
; DATA_MEM:inst40|mem[23][13]                           ; Stuck at GND due to stuck port clock_enable ;
; DATA_MEM:inst40|mem[23][12]                           ; Stuck at GND due to stuck port clock_enable ;
; DATA_MEM:inst40|mem[23][11]                           ; Stuck at GND due to stuck port clock_enable ;
; DATA_MEM:inst40|mem[23][10]                           ; Stuck at GND due to stuck port clock_enable ;
; DATA_MEM:inst40|mem[23][9]                            ; Stuck at GND due to stuck port clock_enable ;
; DATA_MEM:inst40|mem[23][8]                            ; Stuck at GND due to stuck port clock_enable ;
; DATA_MEM:inst40|mem[23][7]                            ; Stuck at GND due to stuck port clock_enable ;
; DATA_MEM:inst40|mem[23][6]                            ; Stuck at GND due to stuck port clock_enable ;
; DATA_MEM:inst40|mem[23][5]                            ; Stuck at GND due to stuck port clock_enable ;
; DATA_MEM:inst40|mem[23][4]                            ; Stuck at GND due to stuck port clock_enable ;
; DATA_MEM:inst40|mem[23][3]                            ; Stuck at GND due to stuck port clock_enable ;
; DATA_MEM:inst40|mem[23][2]                            ; Stuck at GND due to stuck port clock_enable ;
; DATA_MEM:inst40|mem[23][1]                            ; Stuck at GND due to stuck port clock_enable ;
; DATA_MEM:inst40|mem[23][0]                            ; Stuck at GND due to stuck port clock_enable ;
; DATA_MEM:inst40|mem[22][31]                           ; Stuck at GND due to stuck port clock_enable ;
; DATA_MEM:inst40|mem[22][30]                           ; Stuck at GND due to stuck port clock_enable ;
; DATA_MEM:inst40|mem[22][29]                           ; Stuck at GND due to stuck port clock_enable ;
; DATA_MEM:inst40|mem[22][28]                           ; Stuck at GND due to stuck port clock_enable ;
; DATA_MEM:inst40|mem[22][27]                           ; Stuck at GND due to stuck port clock_enable ;
; DATA_MEM:inst40|mem[22][26]                           ; Stuck at GND due to stuck port clock_enable ;
; DATA_MEM:inst40|mem[22][25]                           ; Stuck at GND due to stuck port clock_enable ;
; DATA_MEM:inst40|mem[22][24]                           ; Stuck at GND due to stuck port clock_enable ;
; DATA_MEM:inst40|mem[22][23]                           ; Stuck at GND due to stuck port clock_enable ;
; DATA_MEM:inst40|mem[22][22]                           ; Stuck at GND due to stuck port clock_enable ;
; DATA_MEM:inst40|mem[22][21]                           ; Stuck at GND due to stuck port clock_enable ;
; DATA_MEM:inst40|mem[22][20]                           ; Stuck at GND due to stuck port clock_enable ;
; DATA_MEM:inst40|mem[22][19]                           ; Stuck at GND due to stuck port clock_enable ;
; DATA_MEM:inst40|mem[22][18]                           ; Stuck at GND due to stuck port clock_enable ;
; DATA_MEM:inst40|mem[22][17]                           ; Stuck at GND due to stuck port clock_enable ;
; DATA_MEM:inst40|mem[22][16]                           ; Stuck at GND due to stuck port clock_enable ;
; DATA_MEM:inst40|mem[22][15]                           ; Stuck at GND due to stuck port clock_enable ;
; DATA_MEM:inst40|mem[22][14]                           ; Stuck at GND due to stuck port clock_enable ;
; DATA_MEM:inst40|mem[22][13]                           ; Stuck at GND due to stuck port clock_enable ;
; DATA_MEM:inst40|mem[22][12]                           ; Stuck at GND due to stuck port clock_enable ;
; DATA_MEM:inst40|mem[22][11]                           ; Stuck at GND due to stuck port clock_enable ;
; DATA_MEM:inst40|mem[22][10]                           ; Stuck at GND due to stuck port clock_enable ;
; DATA_MEM:inst40|mem[22][9]                            ; Stuck at GND due to stuck port clock_enable ;
; DATA_MEM:inst40|mem[22][8]                            ; Stuck at GND due to stuck port clock_enable ;
; DATA_MEM:inst40|mem[22][7]                            ; Stuck at GND due to stuck port clock_enable ;
; DATA_MEM:inst40|mem[22][6]                            ; Stuck at GND due to stuck port clock_enable ;
; DATA_MEM:inst40|mem[22][5]                            ; Stuck at GND due to stuck port clock_enable ;
; DATA_MEM:inst40|mem[22][4]                            ; Stuck at GND due to stuck port clock_enable ;
; DATA_MEM:inst40|mem[22][3]                            ; Stuck at GND due to stuck port clock_enable ;
; DATA_MEM:inst40|mem[22][2]                            ; Stuck at GND due to stuck port clock_enable ;
; DATA_MEM:inst40|mem[22][1]                            ; Stuck at GND due to stuck port clock_enable ;
; DATA_MEM:inst40|mem[22][0]                            ; Stuck at GND due to stuck port clock_enable ;
; DATA_MEM:inst40|mem[21][31]                           ; Stuck at GND due to stuck port clock_enable ;
; DATA_MEM:inst40|mem[21][30]                           ; Stuck at GND due to stuck port clock_enable ;
; DATA_MEM:inst40|mem[21][29]                           ; Stuck at GND due to stuck port clock_enable ;
; DATA_MEM:inst40|mem[21][28]                           ; Stuck at GND due to stuck port clock_enable ;
; DATA_MEM:inst40|mem[21][27]                           ; Stuck at GND due to stuck port clock_enable ;
; DATA_MEM:inst40|mem[21][26]                           ; Stuck at GND due to stuck port clock_enable ;
; DATA_MEM:inst40|mem[21][25]                           ; Stuck at GND due to stuck port clock_enable ;
; DATA_MEM:inst40|mem[21][24]                           ; Stuck at GND due to stuck port clock_enable ;
; DATA_MEM:inst40|mem[21][23]                           ; Stuck at GND due to stuck port clock_enable ;
; DATA_MEM:inst40|mem[21][22]                           ; Stuck at GND due to stuck port clock_enable ;
; DATA_MEM:inst40|mem[21][21]                           ; Stuck at GND due to stuck port clock_enable ;
; DATA_MEM:inst40|mem[21][20]                           ; Stuck at GND due to stuck port clock_enable ;
; DATA_MEM:inst40|mem[21][19]                           ; Stuck at GND due to stuck port clock_enable ;
; DATA_MEM:inst40|mem[21][18]                           ; Stuck at GND due to stuck port clock_enable ;
; DATA_MEM:inst40|mem[21][17]                           ; Stuck at GND due to stuck port clock_enable ;
; DATA_MEM:inst40|mem[21][16]                           ; Stuck at GND due to stuck port clock_enable ;
; DATA_MEM:inst40|mem[21][15]                           ; Stuck at GND due to stuck port clock_enable ;
; DATA_MEM:inst40|mem[21][14]                           ; Stuck at GND due to stuck port clock_enable ;
; DATA_MEM:inst40|mem[21][13]                           ; Stuck at GND due to stuck port clock_enable ;
; DATA_MEM:inst40|mem[21][12]                           ; Stuck at GND due to stuck port clock_enable ;
; DATA_MEM:inst40|mem[21][11]                           ; Stuck at GND due to stuck port clock_enable ;
; DATA_MEM:inst40|mem[21][10]                           ; Stuck at GND due to stuck port clock_enable ;
; DATA_MEM:inst40|mem[21][9]                            ; Stuck at GND due to stuck port clock_enable ;
; DATA_MEM:inst40|mem[21][8]                            ; Stuck at GND due to stuck port clock_enable ;
; DATA_MEM:inst40|mem[21][7]                            ; Stuck at GND due to stuck port clock_enable ;
; DATA_MEM:inst40|mem[21][6]                            ; Stuck at GND due to stuck port clock_enable ;
; DATA_MEM:inst40|mem[21][5]                            ; Stuck at GND due to stuck port clock_enable ;
; DATA_MEM:inst40|mem[21][4]                            ; Stuck at GND due to stuck port clock_enable ;
; DATA_MEM:inst40|mem[21][3]                            ; Stuck at GND due to stuck port clock_enable ;
; DATA_MEM:inst40|mem[21][2]                            ; Stuck at GND due to stuck port clock_enable ;
; DATA_MEM:inst40|mem[21][1]                            ; Stuck at GND due to stuck port clock_enable ;
; DATA_MEM:inst40|mem[21][0]                            ; Stuck at GND due to stuck port clock_enable ;
; DATA_MEM:inst40|mem[20][31]                           ; Stuck at GND due to stuck port clock_enable ;
; DATA_MEM:inst40|mem[20][30]                           ; Stuck at GND due to stuck port clock_enable ;
; DATA_MEM:inst40|mem[20][29]                           ; Stuck at GND due to stuck port clock_enable ;
; DATA_MEM:inst40|mem[20][28]                           ; Stuck at GND due to stuck port clock_enable ;
; DATA_MEM:inst40|mem[20][27]                           ; Stuck at GND due to stuck port clock_enable ;
; DATA_MEM:inst40|mem[20][26]                           ; Stuck at GND due to stuck port clock_enable ;
; DATA_MEM:inst40|mem[20][25]                           ; Stuck at GND due to stuck port clock_enable ;
; DATA_MEM:inst40|mem[20][24]                           ; Stuck at GND due to stuck port clock_enable ;
; DATA_MEM:inst40|mem[20][23]                           ; Stuck at GND due to stuck port clock_enable ;
; DATA_MEM:inst40|mem[20][22]                           ; Stuck at GND due to stuck port clock_enable ;
; DATA_MEM:inst40|mem[20][21]                           ; Stuck at GND due to stuck port clock_enable ;
; DATA_MEM:inst40|mem[20][20]                           ; Stuck at GND due to stuck port clock_enable ;
; DATA_MEM:inst40|mem[20][19]                           ; Stuck at GND due to stuck port clock_enable ;
; DATA_MEM:inst40|mem[20][18]                           ; Stuck at GND due to stuck port clock_enable ;
; DATA_MEM:inst40|mem[20][17]                           ; Stuck at GND due to stuck port clock_enable ;
; DATA_MEM:inst40|mem[20][16]                           ; Stuck at GND due to stuck port clock_enable ;
; DATA_MEM:inst40|mem[20][15]                           ; Stuck at GND due to stuck port clock_enable ;
; DATA_MEM:inst40|mem[20][14]                           ; Stuck at GND due to stuck port clock_enable ;
; DATA_MEM:inst40|mem[20][13]                           ; Stuck at GND due to stuck port clock_enable ;
; DATA_MEM:inst40|mem[20][12]                           ; Stuck at GND due to stuck port clock_enable ;
; DATA_MEM:inst40|mem[20][11]                           ; Stuck at GND due to stuck port clock_enable ;
; DATA_MEM:inst40|mem[20][10]                           ; Stuck at GND due to stuck port clock_enable ;
; DATA_MEM:inst40|mem[20][9]                            ; Stuck at GND due to stuck port clock_enable ;
; DATA_MEM:inst40|mem[20][8]                            ; Stuck at GND due to stuck port clock_enable ;
; DATA_MEM:inst40|mem[20][7]                            ; Stuck at GND due to stuck port clock_enable ;
; DATA_MEM:inst40|mem[20][6]                            ; Stuck at GND due to stuck port clock_enable ;
; DATA_MEM:inst40|mem[20][5]                            ; Stuck at GND due to stuck port clock_enable ;
; DATA_MEM:inst40|mem[20][4]                            ; Stuck at GND due to stuck port clock_enable ;
; DATA_MEM:inst40|mem[20][3]                            ; Stuck at GND due to stuck port clock_enable ;
; DATA_MEM:inst40|mem[20][2]                            ; Stuck at GND due to stuck port clock_enable ;
; DATA_MEM:inst40|mem[20][1]                            ; Stuck at GND due to stuck port clock_enable ;
; DATA_MEM:inst40|mem[20][0]                            ; Stuck at GND due to stuck port clock_enable ;
; DATA_MEM:inst40|mem[19][31]                           ; Stuck at GND due to stuck port clock_enable ;
; DATA_MEM:inst40|mem[19][30]                           ; Stuck at GND due to stuck port clock_enable ;
; DATA_MEM:inst40|mem[19][29]                           ; Stuck at GND due to stuck port clock_enable ;
; DATA_MEM:inst40|mem[19][28]                           ; Stuck at GND due to stuck port clock_enable ;
; DATA_MEM:inst40|mem[19][27]                           ; Stuck at GND due to stuck port clock_enable ;
; DATA_MEM:inst40|mem[19][26]                           ; Stuck at GND due to stuck port clock_enable ;
; DATA_MEM:inst40|mem[19][25]                           ; Stuck at GND due to stuck port clock_enable ;
; DATA_MEM:inst40|mem[19][24]                           ; Stuck at GND due to stuck port clock_enable ;
; DATA_MEM:inst40|mem[19][23]                           ; Stuck at GND due to stuck port clock_enable ;
; DATA_MEM:inst40|mem[19][22]                           ; Stuck at GND due to stuck port clock_enable ;
; DATA_MEM:inst40|mem[19][21]                           ; Stuck at GND due to stuck port clock_enable ;
; DATA_MEM:inst40|mem[19][20]                           ; Stuck at GND due to stuck port clock_enable ;
; DATA_MEM:inst40|mem[19][19]                           ; Stuck at GND due to stuck port clock_enable ;
; DATA_MEM:inst40|mem[19][18]                           ; Stuck at GND due to stuck port clock_enable ;
; DATA_MEM:inst40|mem[19][17]                           ; Stuck at GND due to stuck port clock_enable ;
; DATA_MEM:inst40|mem[19][16]                           ; Stuck at GND due to stuck port clock_enable ;
; DATA_MEM:inst40|mem[19][15]                           ; Stuck at GND due to stuck port clock_enable ;
; DATA_MEM:inst40|mem[19][14]                           ; Stuck at GND due to stuck port clock_enable ;
; DATA_MEM:inst40|mem[19][13]                           ; Stuck at GND due to stuck port clock_enable ;
; DATA_MEM:inst40|mem[19][12]                           ; Stuck at GND due to stuck port clock_enable ;
; DATA_MEM:inst40|mem[19][11]                           ; Stuck at GND due to stuck port clock_enable ;
; DATA_MEM:inst40|mem[19][10]                           ; Stuck at GND due to stuck port clock_enable ;
; DATA_MEM:inst40|mem[19][9]                            ; Stuck at GND due to stuck port clock_enable ;
; DATA_MEM:inst40|mem[19][8]                            ; Stuck at GND due to stuck port clock_enable ;
; DATA_MEM:inst40|mem[19][7]                            ; Stuck at GND due to stuck port clock_enable ;
; DATA_MEM:inst40|mem[19][6]                            ; Stuck at GND due to stuck port clock_enable ;
; DATA_MEM:inst40|mem[19][5]                            ; Stuck at GND due to stuck port clock_enable ;
; DATA_MEM:inst40|mem[19][4]                            ; Stuck at GND due to stuck port clock_enable ;
; DATA_MEM:inst40|mem[19][3]                            ; Stuck at GND due to stuck port clock_enable ;
; DATA_MEM:inst40|mem[19][2]                            ; Stuck at GND due to stuck port clock_enable ;
; DATA_MEM:inst40|mem[19][1]                            ; Stuck at GND due to stuck port clock_enable ;
; DATA_MEM:inst40|mem[19][0]                            ; Stuck at GND due to stuck port clock_enable ;
; DATA_MEM:inst40|mem[18][31]                           ; Stuck at GND due to stuck port clock_enable ;
; DATA_MEM:inst40|mem[18][30]                           ; Stuck at GND due to stuck port clock_enable ;
; DATA_MEM:inst40|mem[18][29]                           ; Stuck at GND due to stuck port clock_enable ;
; DATA_MEM:inst40|mem[18][28]                           ; Stuck at GND due to stuck port clock_enable ;
; DATA_MEM:inst40|mem[18][27]                           ; Stuck at GND due to stuck port clock_enable ;
; DATA_MEM:inst40|mem[18][26]                           ; Stuck at GND due to stuck port clock_enable ;
; DATA_MEM:inst40|mem[18][25]                           ; Stuck at GND due to stuck port clock_enable ;
; DATA_MEM:inst40|mem[18][24]                           ; Stuck at GND due to stuck port clock_enable ;
; DATA_MEM:inst40|mem[18][23]                           ; Stuck at GND due to stuck port clock_enable ;
; DATA_MEM:inst40|mem[18][22]                           ; Stuck at GND due to stuck port clock_enable ;
; DATA_MEM:inst40|mem[18][21]                           ; Stuck at GND due to stuck port clock_enable ;
; DATA_MEM:inst40|mem[18][20]                           ; Stuck at GND due to stuck port clock_enable ;
; DATA_MEM:inst40|mem[18][19]                           ; Stuck at GND due to stuck port clock_enable ;
; DATA_MEM:inst40|mem[18][18]                           ; Stuck at GND due to stuck port clock_enable ;
; DATA_MEM:inst40|mem[18][17]                           ; Stuck at GND due to stuck port clock_enable ;
; DATA_MEM:inst40|mem[18][16]                           ; Stuck at GND due to stuck port clock_enable ;
; DATA_MEM:inst40|mem[18][15]                           ; Stuck at GND due to stuck port clock_enable ;
; DATA_MEM:inst40|mem[18][14]                           ; Stuck at GND due to stuck port clock_enable ;
; DATA_MEM:inst40|mem[18][13]                           ; Stuck at GND due to stuck port clock_enable ;
; DATA_MEM:inst40|mem[18][12]                           ; Stuck at GND due to stuck port clock_enable ;
; DATA_MEM:inst40|mem[18][11]                           ; Stuck at GND due to stuck port clock_enable ;
; DATA_MEM:inst40|mem[18][10]                           ; Stuck at GND due to stuck port clock_enable ;
; DATA_MEM:inst40|mem[18][9]                            ; Stuck at GND due to stuck port clock_enable ;
; DATA_MEM:inst40|mem[18][8]                            ; Stuck at GND due to stuck port clock_enable ;
; DATA_MEM:inst40|mem[18][7]                            ; Stuck at GND due to stuck port clock_enable ;
; DATA_MEM:inst40|mem[18][6]                            ; Stuck at GND due to stuck port clock_enable ;
; DATA_MEM:inst40|mem[18][5]                            ; Stuck at GND due to stuck port clock_enable ;
; DATA_MEM:inst40|mem[18][4]                            ; Stuck at GND due to stuck port clock_enable ;
; DATA_MEM:inst40|mem[18][3]                            ; Stuck at GND due to stuck port clock_enable ;
; DATA_MEM:inst40|mem[18][2]                            ; Stuck at GND due to stuck port clock_enable ;
; DATA_MEM:inst40|mem[18][1]                            ; Stuck at GND due to stuck port clock_enable ;
; DATA_MEM:inst40|mem[18][0]                            ; Stuck at GND due to stuck port clock_enable ;
; DATA_MEM:inst40|mem[17][31]                           ; Stuck at GND due to stuck port clock_enable ;
; DATA_MEM:inst40|mem[17][30]                           ; Stuck at GND due to stuck port clock_enable ;
; DATA_MEM:inst40|mem[17][29]                           ; Stuck at GND due to stuck port clock_enable ;
; DATA_MEM:inst40|mem[17][28]                           ; Stuck at GND due to stuck port clock_enable ;
; DATA_MEM:inst40|mem[17][27]                           ; Stuck at GND due to stuck port clock_enable ;
; DATA_MEM:inst40|mem[17][26]                           ; Stuck at GND due to stuck port clock_enable ;
; DATA_MEM:inst40|mem[17][25]                           ; Stuck at GND due to stuck port clock_enable ;
; DATA_MEM:inst40|mem[17][24]                           ; Stuck at GND due to stuck port clock_enable ;
; DATA_MEM:inst40|mem[17][23]                           ; Stuck at GND due to stuck port clock_enable ;
; DATA_MEM:inst40|mem[17][22]                           ; Stuck at GND due to stuck port clock_enable ;
; DATA_MEM:inst40|mem[17][21]                           ; Stuck at GND due to stuck port clock_enable ;
; DATA_MEM:inst40|mem[17][20]                           ; Stuck at GND due to stuck port clock_enable ;
; DATA_MEM:inst40|mem[17][19]                           ; Stuck at GND due to stuck port clock_enable ;
; DATA_MEM:inst40|mem[17][18]                           ; Stuck at GND due to stuck port clock_enable ;
; DATA_MEM:inst40|mem[17][17]                           ; Stuck at GND due to stuck port clock_enable ;
; DATA_MEM:inst40|mem[17][16]                           ; Stuck at GND due to stuck port clock_enable ;
; DATA_MEM:inst40|mem[17][15]                           ; Stuck at GND due to stuck port clock_enable ;
; DATA_MEM:inst40|mem[17][14]                           ; Stuck at GND due to stuck port clock_enable ;
; DATA_MEM:inst40|mem[17][13]                           ; Stuck at GND due to stuck port clock_enable ;
; DATA_MEM:inst40|mem[17][12]                           ; Stuck at GND due to stuck port clock_enable ;
; DATA_MEM:inst40|mem[17][11]                           ; Stuck at GND due to stuck port clock_enable ;
; DATA_MEM:inst40|mem[17][10]                           ; Stuck at GND due to stuck port clock_enable ;
; DATA_MEM:inst40|mem[17][9]                            ; Stuck at GND due to stuck port clock_enable ;
; DATA_MEM:inst40|mem[17][8]                            ; Stuck at GND due to stuck port clock_enable ;
; DATA_MEM:inst40|mem[17][7]                            ; Stuck at GND due to stuck port clock_enable ;
; DATA_MEM:inst40|mem[17][6]                            ; Stuck at GND due to stuck port clock_enable ;
; DATA_MEM:inst40|mem[17][5]                            ; Stuck at GND due to stuck port clock_enable ;
; DATA_MEM:inst40|mem[17][4]                            ; Stuck at GND due to stuck port clock_enable ;
; DATA_MEM:inst40|mem[17][3]                            ; Stuck at GND due to stuck port clock_enable ;
; DATA_MEM:inst40|mem[17][2]                            ; Stuck at GND due to stuck port clock_enable ;
; DATA_MEM:inst40|mem[17][1]                            ; Stuck at GND due to stuck port clock_enable ;
; DATA_MEM:inst40|mem[17][0]                            ; Stuck at GND due to stuck port clock_enable ;
; DATA_MEM:inst40|mem[16][31]                           ; Stuck at GND due to stuck port clock_enable ;
; DATA_MEM:inst40|mem[16][30]                           ; Stuck at GND due to stuck port clock_enable ;
; DATA_MEM:inst40|mem[16][29]                           ; Stuck at GND due to stuck port clock_enable ;
; DATA_MEM:inst40|mem[16][28]                           ; Stuck at GND due to stuck port clock_enable ;
; DATA_MEM:inst40|mem[16][27]                           ; Stuck at GND due to stuck port clock_enable ;
; DATA_MEM:inst40|mem[16][26]                           ; Stuck at GND due to stuck port clock_enable ;
; DATA_MEM:inst40|mem[16][25]                           ; Stuck at GND due to stuck port clock_enable ;
; DATA_MEM:inst40|mem[16][24]                           ; Stuck at GND due to stuck port clock_enable ;
; DATA_MEM:inst40|mem[16][23]                           ; Stuck at GND due to stuck port clock_enable ;
; DATA_MEM:inst40|mem[16][22]                           ; Stuck at GND due to stuck port clock_enable ;
; DATA_MEM:inst40|mem[16][21]                           ; Stuck at GND due to stuck port clock_enable ;
; DATA_MEM:inst40|mem[16][20]                           ; Stuck at GND due to stuck port clock_enable ;
; DATA_MEM:inst40|mem[16][19]                           ; Stuck at GND due to stuck port clock_enable ;
; DATA_MEM:inst40|mem[16][18]                           ; Stuck at GND due to stuck port clock_enable ;
; DATA_MEM:inst40|mem[16][17]                           ; Stuck at GND due to stuck port clock_enable ;
; DATA_MEM:inst40|mem[16][16]                           ; Stuck at GND due to stuck port clock_enable ;
; DATA_MEM:inst40|mem[16][15]                           ; Stuck at GND due to stuck port clock_enable ;
; DATA_MEM:inst40|mem[16][14]                           ; Stuck at GND due to stuck port clock_enable ;
; DATA_MEM:inst40|mem[16][13]                           ; Stuck at GND due to stuck port clock_enable ;
; DATA_MEM:inst40|mem[16][12]                           ; Stuck at GND due to stuck port clock_enable ;
; DATA_MEM:inst40|mem[16][11]                           ; Stuck at GND due to stuck port clock_enable ;
; DATA_MEM:inst40|mem[16][10]                           ; Stuck at GND due to stuck port clock_enable ;
; DATA_MEM:inst40|mem[16][9]                            ; Stuck at GND due to stuck port clock_enable ;
; DATA_MEM:inst40|mem[16][8]                            ; Stuck at GND due to stuck port clock_enable ;
; DATA_MEM:inst40|mem[16][7]                            ; Stuck at GND due to stuck port clock_enable ;
; DATA_MEM:inst40|mem[16][6]                            ; Stuck at GND due to stuck port clock_enable ;
; DATA_MEM:inst40|mem[16][5]                            ; Stuck at GND due to stuck port clock_enable ;
; DATA_MEM:inst40|mem[16][4]                            ; Stuck at GND due to stuck port clock_enable ;
; DATA_MEM:inst40|mem[16][3]                            ; Stuck at GND due to stuck port clock_enable ;
; DATA_MEM:inst40|mem[16][2]                            ; Stuck at GND due to stuck port clock_enable ;
; DATA_MEM:inst40|mem[16][1]                            ; Stuck at GND due to stuck port clock_enable ;
; DATA_MEM:inst40|mem[16][0]                            ; Stuck at GND due to stuck port clock_enable ;
; DATA_MEM:inst40|mem[15][31]                           ; Stuck at GND due to stuck port clock_enable ;
; DATA_MEM:inst40|mem[15][30]                           ; Stuck at GND due to stuck port clock_enable ;
; DATA_MEM:inst40|mem[15][29]                           ; Stuck at GND due to stuck port clock_enable ;
; DATA_MEM:inst40|mem[15][28]                           ; Stuck at GND due to stuck port clock_enable ;
; DATA_MEM:inst40|mem[15][27]                           ; Stuck at GND due to stuck port clock_enable ;
; DATA_MEM:inst40|mem[15][26]                           ; Stuck at GND due to stuck port clock_enable ;
; DATA_MEM:inst40|mem[15][25]                           ; Stuck at GND due to stuck port clock_enable ;
; DATA_MEM:inst40|mem[15][24]                           ; Stuck at GND due to stuck port clock_enable ;
; DATA_MEM:inst40|mem[15][23]                           ; Stuck at GND due to stuck port clock_enable ;
; DATA_MEM:inst40|mem[15][22]                           ; Stuck at GND due to stuck port clock_enable ;
; DATA_MEM:inst40|mem[15][21]                           ; Stuck at GND due to stuck port clock_enable ;
; DATA_MEM:inst40|mem[15][20]                           ; Stuck at GND due to stuck port clock_enable ;
; DATA_MEM:inst40|mem[15][19]                           ; Stuck at GND due to stuck port clock_enable ;
; DATA_MEM:inst40|mem[15][18]                           ; Stuck at GND due to stuck port clock_enable ;
; DATA_MEM:inst40|mem[15][17]                           ; Stuck at GND due to stuck port clock_enable ;
; DATA_MEM:inst40|mem[15][16]                           ; Stuck at GND due to stuck port clock_enable ;
; DATA_MEM:inst40|mem[15][15]                           ; Stuck at GND due to stuck port clock_enable ;
; DATA_MEM:inst40|mem[15][14]                           ; Stuck at GND due to stuck port clock_enable ;
; DATA_MEM:inst40|mem[15][13]                           ; Stuck at GND due to stuck port clock_enable ;
; DATA_MEM:inst40|mem[15][12]                           ; Stuck at GND due to stuck port clock_enable ;
; DATA_MEM:inst40|mem[15][11]                           ; Stuck at GND due to stuck port clock_enable ;
; DATA_MEM:inst40|mem[15][10]                           ; Stuck at GND due to stuck port clock_enable ;
; DATA_MEM:inst40|mem[15][9]                            ; Stuck at GND due to stuck port clock_enable ;
; DATA_MEM:inst40|mem[15][8]                            ; Stuck at GND due to stuck port clock_enable ;
; DATA_MEM:inst40|mem[15][7]                            ; Stuck at GND due to stuck port clock_enable ;
; DATA_MEM:inst40|mem[15][6]                            ; Stuck at GND due to stuck port clock_enable ;
; DATA_MEM:inst40|mem[15][5]                            ; Stuck at GND due to stuck port clock_enable ;
; DATA_MEM:inst40|mem[15][4]                            ; Stuck at GND due to stuck port clock_enable ;
; DATA_MEM:inst40|mem[15][3]                            ; Stuck at GND due to stuck port clock_enable ;
; DATA_MEM:inst40|mem[15][2]                            ; Stuck at GND due to stuck port clock_enable ;
; DATA_MEM:inst40|mem[15][1]                            ; Stuck at GND due to stuck port clock_enable ;
; DATA_MEM:inst40|mem[15][0]                            ; Stuck at GND due to stuck port clock_enable ;
; DATA_MEM:inst40|mem[14][31]                           ; Stuck at GND due to stuck port clock_enable ;
; DATA_MEM:inst40|mem[14][30]                           ; Stuck at GND due to stuck port clock_enable ;
; DATA_MEM:inst40|mem[14][29]                           ; Stuck at GND due to stuck port clock_enable ;
; DATA_MEM:inst40|mem[14][28]                           ; Stuck at GND due to stuck port clock_enable ;
; DATA_MEM:inst40|mem[14][27]                           ; Stuck at GND due to stuck port clock_enable ;
; DATA_MEM:inst40|mem[14][26]                           ; Stuck at GND due to stuck port clock_enable ;
; DATA_MEM:inst40|mem[14][25]                           ; Stuck at GND due to stuck port clock_enable ;
; DATA_MEM:inst40|mem[14][24]                           ; Stuck at GND due to stuck port clock_enable ;
; DATA_MEM:inst40|mem[14][23]                           ; Stuck at GND due to stuck port clock_enable ;
; DATA_MEM:inst40|mem[14][22]                           ; Stuck at GND due to stuck port clock_enable ;
; DATA_MEM:inst40|mem[14][21]                           ; Stuck at GND due to stuck port clock_enable ;
; DATA_MEM:inst40|mem[14][20]                           ; Stuck at GND due to stuck port clock_enable ;
; DATA_MEM:inst40|mem[14][19]                           ; Stuck at GND due to stuck port clock_enable ;
; DATA_MEM:inst40|mem[14][18]                           ; Stuck at GND due to stuck port clock_enable ;
; DATA_MEM:inst40|mem[14][17]                           ; Stuck at GND due to stuck port clock_enable ;
; DATA_MEM:inst40|mem[14][16]                           ; Stuck at GND due to stuck port clock_enable ;
; DATA_MEM:inst40|mem[14][15]                           ; Stuck at GND due to stuck port clock_enable ;
; DATA_MEM:inst40|mem[14][14]                           ; Stuck at GND due to stuck port clock_enable ;
; DATA_MEM:inst40|mem[14][13]                           ; Stuck at GND due to stuck port clock_enable ;
; DATA_MEM:inst40|mem[14][12]                           ; Stuck at GND due to stuck port clock_enable ;
; DATA_MEM:inst40|mem[14][11]                           ; Stuck at GND due to stuck port clock_enable ;
; DATA_MEM:inst40|mem[14][10]                           ; Stuck at GND due to stuck port clock_enable ;
; DATA_MEM:inst40|mem[14][9]                            ; Stuck at GND due to stuck port clock_enable ;
; DATA_MEM:inst40|mem[14][8]                            ; Stuck at GND due to stuck port clock_enable ;
; DATA_MEM:inst40|mem[14][7]                            ; Stuck at GND due to stuck port clock_enable ;
; DATA_MEM:inst40|mem[14][6]                            ; Stuck at GND due to stuck port clock_enable ;
; DATA_MEM:inst40|mem[14][5]                            ; Stuck at GND due to stuck port clock_enable ;
; DATA_MEM:inst40|mem[14][4]                            ; Stuck at GND due to stuck port clock_enable ;
; DATA_MEM:inst40|mem[14][3]                            ; Stuck at GND due to stuck port clock_enable ;
; DATA_MEM:inst40|mem[14][2]                            ; Stuck at GND due to stuck port clock_enable ;
; DATA_MEM:inst40|mem[14][1]                            ; Stuck at GND due to stuck port clock_enable ;
; DATA_MEM:inst40|mem[14][0]                            ; Stuck at GND due to stuck port clock_enable ;
; DATA_MEM:inst40|mem[13][31]                           ; Stuck at GND due to stuck port clock_enable ;
; DATA_MEM:inst40|mem[13][30]                           ; Stuck at GND due to stuck port clock_enable ;
; DATA_MEM:inst40|mem[13][29]                           ; Stuck at GND due to stuck port clock_enable ;
; DATA_MEM:inst40|mem[13][28]                           ; Stuck at GND due to stuck port clock_enable ;
; DATA_MEM:inst40|mem[13][27]                           ; Stuck at GND due to stuck port clock_enable ;
; DATA_MEM:inst40|mem[13][26]                           ; Stuck at GND due to stuck port clock_enable ;
; DATA_MEM:inst40|mem[13][25]                           ; Stuck at GND due to stuck port clock_enable ;
; DATA_MEM:inst40|mem[13][24]                           ; Stuck at GND due to stuck port clock_enable ;
; DATA_MEM:inst40|mem[13][23]                           ; Stuck at GND due to stuck port clock_enable ;
; DATA_MEM:inst40|mem[13][22]                           ; Stuck at GND due to stuck port clock_enable ;
; DATA_MEM:inst40|mem[13][21]                           ; Stuck at GND due to stuck port clock_enable ;
; DATA_MEM:inst40|mem[13][20]                           ; Stuck at GND due to stuck port clock_enable ;
; DATA_MEM:inst40|mem[13][19]                           ; Stuck at GND due to stuck port clock_enable ;
; DATA_MEM:inst40|mem[13][18]                           ; Stuck at GND due to stuck port clock_enable ;
; DATA_MEM:inst40|mem[13][17]                           ; Stuck at GND due to stuck port clock_enable ;
; DATA_MEM:inst40|mem[13][16]                           ; Stuck at GND due to stuck port clock_enable ;
; DATA_MEM:inst40|mem[13][15]                           ; Stuck at GND due to stuck port clock_enable ;
; DATA_MEM:inst40|mem[13][14]                           ; Stuck at GND due to stuck port clock_enable ;
; DATA_MEM:inst40|mem[13][13]                           ; Stuck at GND due to stuck port clock_enable ;
; DATA_MEM:inst40|mem[13][12]                           ; Stuck at GND due to stuck port clock_enable ;
; DATA_MEM:inst40|mem[13][11]                           ; Stuck at GND due to stuck port clock_enable ;
; DATA_MEM:inst40|mem[13][10]                           ; Stuck at GND due to stuck port clock_enable ;
; DATA_MEM:inst40|mem[13][9]                            ; Stuck at GND due to stuck port clock_enable ;
; DATA_MEM:inst40|mem[13][8]                            ; Stuck at GND due to stuck port clock_enable ;
; DATA_MEM:inst40|mem[13][7]                            ; Stuck at GND due to stuck port clock_enable ;
; DATA_MEM:inst40|mem[13][6]                            ; Stuck at GND due to stuck port clock_enable ;
; DATA_MEM:inst40|mem[13][5]                            ; Stuck at GND due to stuck port clock_enable ;
; DATA_MEM:inst40|mem[13][4]                            ; Stuck at GND due to stuck port clock_enable ;
; DATA_MEM:inst40|mem[13][3]                            ; Stuck at GND due to stuck port clock_enable ;
; DATA_MEM:inst40|mem[13][2]                            ; Stuck at GND due to stuck port clock_enable ;
; DATA_MEM:inst40|mem[13][1]                            ; Stuck at GND due to stuck port clock_enable ;
; DATA_MEM:inst40|mem[13][0]                            ; Stuck at GND due to stuck port clock_enable ;
; DATA_MEM:inst40|mem[12][31]                           ; Stuck at GND due to stuck port clock_enable ;
; DATA_MEM:inst40|mem[12][30]                           ; Stuck at GND due to stuck port clock_enable ;
; DATA_MEM:inst40|mem[12][29]                           ; Stuck at GND due to stuck port clock_enable ;
; DATA_MEM:inst40|mem[12][28]                           ; Stuck at GND due to stuck port clock_enable ;
; DATA_MEM:inst40|mem[12][27]                           ; Stuck at GND due to stuck port clock_enable ;
; DATA_MEM:inst40|mem[12][26]                           ; Stuck at GND due to stuck port clock_enable ;
; DATA_MEM:inst40|mem[12][25]                           ; Stuck at GND due to stuck port clock_enable ;
; DATA_MEM:inst40|mem[12][24]                           ; Stuck at GND due to stuck port clock_enable ;
; DATA_MEM:inst40|mem[12][23]                           ; Stuck at GND due to stuck port clock_enable ;
; DATA_MEM:inst40|mem[12][22]                           ; Stuck at GND due to stuck port clock_enable ;
; DATA_MEM:inst40|mem[12][21]                           ; Stuck at GND due to stuck port clock_enable ;
; DATA_MEM:inst40|mem[12][20]                           ; Stuck at GND due to stuck port clock_enable ;
; DATA_MEM:inst40|mem[12][19]                           ; Stuck at GND due to stuck port clock_enable ;
; DATA_MEM:inst40|mem[12][18]                           ; Stuck at GND due to stuck port clock_enable ;
; DATA_MEM:inst40|mem[12][17]                           ; Stuck at GND due to stuck port clock_enable ;
; DATA_MEM:inst40|mem[12][16]                           ; Stuck at GND due to stuck port clock_enable ;
; DATA_MEM:inst40|mem[12][15]                           ; Stuck at GND due to stuck port clock_enable ;
; DATA_MEM:inst40|mem[12][14]                           ; Stuck at GND due to stuck port clock_enable ;
; DATA_MEM:inst40|mem[12][13]                           ; Stuck at GND due to stuck port clock_enable ;
; DATA_MEM:inst40|mem[12][12]                           ; Stuck at GND due to stuck port clock_enable ;
; DATA_MEM:inst40|mem[12][11]                           ; Stuck at GND due to stuck port clock_enable ;
; DATA_MEM:inst40|mem[12][10]                           ; Stuck at GND due to stuck port clock_enable ;
; DATA_MEM:inst40|mem[12][9]                            ; Stuck at GND due to stuck port clock_enable ;
; DATA_MEM:inst40|mem[12][8]                            ; Stuck at GND due to stuck port clock_enable ;
; DATA_MEM:inst40|mem[12][7]                            ; Stuck at GND due to stuck port clock_enable ;
; DATA_MEM:inst40|mem[12][6]                            ; Stuck at GND due to stuck port clock_enable ;
; DATA_MEM:inst40|mem[12][5]                            ; Stuck at GND due to stuck port clock_enable ;
; DATA_MEM:inst40|mem[12][4]                            ; Stuck at GND due to stuck port clock_enable ;
; DATA_MEM:inst40|mem[12][3]                            ; Stuck at GND due to stuck port clock_enable ;
; DATA_MEM:inst40|mem[12][2]                            ; Stuck at GND due to stuck port clock_enable ;
; DATA_MEM:inst40|mem[12][1]                            ; Stuck at GND due to stuck port clock_enable ;
; DATA_MEM:inst40|mem[12][0]                            ; Stuck at GND due to stuck port clock_enable ;
; DATA_MEM:inst40|mem[11][31]                           ; Stuck at GND due to stuck port clock_enable ;
; DATA_MEM:inst40|mem[11][30]                           ; Stuck at GND due to stuck port clock_enable ;
; DATA_MEM:inst40|mem[11][29]                           ; Stuck at GND due to stuck port clock_enable ;
; DATA_MEM:inst40|mem[11][28]                           ; Stuck at GND due to stuck port clock_enable ;
; DATA_MEM:inst40|mem[11][27]                           ; Stuck at GND due to stuck port clock_enable ;
; DATA_MEM:inst40|mem[11][26]                           ; Stuck at GND due to stuck port clock_enable ;
; DATA_MEM:inst40|mem[11][25]                           ; Stuck at GND due to stuck port clock_enable ;
; DATA_MEM:inst40|mem[11][24]                           ; Stuck at GND due to stuck port clock_enable ;
; DATA_MEM:inst40|mem[11][23]                           ; Stuck at GND due to stuck port clock_enable ;
; DATA_MEM:inst40|mem[11][22]                           ; Stuck at GND due to stuck port clock_enable ;
; DATA_MEM:inst40|mem[11][21]                           ; Stuck at GND due to stuck port clock_enable ;
; DATA_MEM:inst40|mem[11][20]                           ; Stuck at GND due to stuck port clock_enable ;
; DATA_MEM:inst40|mem[11][19]                           ; Stuck at GND due to stuck port clock_enable ;
; DATA_MEM:inst40|mem[11][18]                           ; Stuck at GND due to stuck port clock_enable ;
; DATA_MEM:inst40|mem[11][17]                           ; Stuck at GND due to stuck port clock_enable ;
; DATA_MEM:inst40|mem[11][16]                           ; Stuck at GND due to stuck port clock_enable ;
; DATA_MEM:inst40|mem[11][15]                           ; Stuck at GND due to stuck port clock_enable ;
; DATA_MEM:inst40|mem[11][14]                           ; Stuck at GND due to stuck port clock_enable ;
; DATA_MEM:inst40|mem[11][13]                           ; Stuck at GND due to stuck port clock_enable ;
; DATA_MEM:inst40|mem[11][12]                           ; Stuck at GND due to stuck port clock_enable ;
; DATA_MEM:inst40|mem[11][11]                           ; Stuck at GND due to stuck port clock_enable ;
; DATA_MEM:inst40|mem[11][10]                           ; Stuck at GND due to stuck port clock_enable ;
; DATA_MEM:inst40|mem[11][9]                            ; Stuck at GND due to stuck port clock_enable ;
; DATA_MEM:inst40|mem[11][8]                            ; Stuck at GND due to stuck port clock_enable ;
; DATA_MEM:inst40|mem[11][7]                            ; Stuck at GND due to stuck port clock_enable ;
; DATA_MEM:inst40|mem[11][6]                            ; Stuck at GND due to stuck port clock_enable ;
; DATA_MEM:inst40|mem[11][5]                            ; Stuck at GND due to stuck port clock_enable ;
; DATA_MEM:inst40|mem[11][4]                            ; Stuck at GND due to stuck port clock_enable ;
; DATA_MEM:inst40|mem[11][3]                            ; Stuck at GND due to stuck port clock_enable ;
; DATA_MEM:inst40|mem[11][2]                            ; Stuck at GND due to stuck port clock_enable ;
; DATA_MEM:inst40|mem[11][1]                            ; Stuck at GND due to stuck port clock_enable ;
; DATA_MEM:inst40|mem[11][0]                            ; Stuck at GND due to stuck port clock_enable ;
; DATA_MEM:inst40|mem[10][31]                           ; Stuck at GND due to stuck port clock_enable ;
; DATA_MEM:inst40|mem[10][30]                           ; Stuck at GND due to stuck port clock_enable ;
; DATA_MEM:inst40|mem[10][29]                           ; Stuck at GND due to stuck port clock_enable ;
; DATA_MEM:inst40|mem[10][28]                           ; Stuck at GND due to stuck port clock_enable ;
; DATA_MEM:inst40|mem[10][27]                           ; Stuck at GND due to stuck port clock_enable ;
; DATA_MEM:inst40|mem[10][26]                           ; Stuck at GND due to stuck port clock_enable ;
; DATA_MEM:inst40|mem[10][25]                           ; Stuck at GND due to stuck port clock_enable ;
; DATA_MEM:inst40|mem[10][24]                           ; Stuck at GND due to stuck port clock_enable ;
; DATA_MEM:inst40|mem[10][23]                           ; Stuck at GND due to stuck port clock_enable ;
; DATA_MEM:inst40|mem[10][22]                           ; Stuck at GND due to stuck port clock_enable ;
; DATA_MEM:inst40|mem[10][21]                           ; Stuck at GND due to stuck port clock_enable ;
; DATA_MEM:inst40|mem[10][20]                           ; Stuck at GND due to stuck port clock_enable ;
; DATA_MEM:inst40|mem[10][19]                           ; Stuck at GND due to stuck port clock_enable ;
; DATA_MEM:inst40|mem[10][18]                           ; Stuck at GND due to stuck port clock_enable ;
; DATA_MEM:inst40|mem[10][17]                           ; Stuck at GND due to stuck port clock_enable ;
; DATA_MEM:inst40|mem[10][16]                           ; Stuck at GND due to stuck port clock_enable ;
; DATA_MEM:inst40|mem[10][15]                           ; Stuck at GND due to stuck port clock_enable ;
; DATA_MEM:inst40|mem[10][14]                           ; Stuck at GND due to stuck port clock_enable ;
; DATA_MEM:inst40|mem[10][13]                           ; Stuck at GND due to stuck port clock_enable ;
; DATA_MEM:inst40|mem[10][12]                           ; Stuck at GND due to stuck port clock_enable ;
; DATA_MEM:inst40|mem[10][11]                           ; Stuck at GND due to stuck port clock_enable ;
; DATA_MEM:inst40|mem[10][10]                           ; Stuck at GND due to stuck port clock_enable ;
; DATA_MEM:inst40|mem[10][9]                            ; Stuck at GND due to stuck port clock_enable ;
; DATA_MEM:inst40|mem[10][8]                            ; Stuck at GND due to stuck port clock_enable ;
; DATA_MEM:inst40|mem[10][7]                            ; Stuck at GND due to stuck port clock_enable ;
; DATA_MEM:inst40|mem[10][6]                            ; Stuck at GND due to stuck port clock_enable ;
; DATA_MEM:inst40|mem[10][5]                            ; Stuck at GND due to stuck port clock_enable ;
; DATA_MEM:inst40|mem[10][4]                            ; Stuck at GND due to stuck port clock_enable ;
; DATA_MEM:inst40|mem[10][3]                            ; Stuck at GND due to stuck port clock_enable ;
; DATA_MEM:inst40|mem[10][2]                            ; Stuck at GND due to stuck port clock_enable ;
; DATA_MEM:inst40|mem[10][1]                            ; Stuck at GND due to stuck port clock_enable ;
; DATA_MEM:inst40|mem[10][0]                            ; Stuck at GND due to stuck port clock_enable ;
; DATA_MEM:inst40|mem[9][31]                            ; Stuck at GND due to stuck port clock_enable ;
; DATA_MEM:inst40|mem[9][30]                            ; Stuck at GND due to stuck port clock_enable ;
; DATA_MEM:inst40|mem[9][29]                            ; Stuck at GND due to stuck port clock_enable ;
; DATA_MEM:inst40|mem[9][28]                            ; Stuck at GND due to stuck port clock_enable ;
; DATA_MEM:inst40|mem[9][27]                            ; Stuck at GND due to stuck port clock_enable ;
; DATA_MEM:inst40|mem[9][26]                            ; Stuck at GND due to stuck port clock_enable ;
; DATA_MEM:inst40|mem[9][25]                            ; Stuck at GND due to stuck port clock_enable ;
; DATA_MEM:inst40|mem[9][24]                            ; Stuck at GND due to stuck port clock_enable ;
; DATA_MEM:inst40|mem[9][23]                            ; Stuck at GND due to stuck port clock_enable ;
; DATA_MEM:inst40|mem[9][22]                            ; Stuck at GND due to stuck port clock_enable ;
; DATA_MEM:inst40|mem[9][21]                            ; Stuck at GND due to stuck port clock_enable ;
; DATA_MEM:inst40|mem[9][20]                            ; Stuck at GND due to stuck port clock_enable ;
; DATA_MEM:inst40|mem[9][19]                            ; Stuck at GND due to stuck port clock_enable ;
; DATA_MEM:inst40|mem[9][18]                            ; Stuck at GND due to stuck port clock_enable ;
; DATA_MEM:inst40|mem[9][17]                            ; Stuck at GND due to stuck port clock_enable ;
; DATA_MEM:inst40|mem[9][16]                            ; Stuck at GND due to stuck port clock_enable ;
; DATA_MEM:inst40|mem[9][15]                            ; Stuck at GND due to stuck port clock_enable ;
; DATA_MEM:inst40|mem[9][14]                            ; Stuck at GND due to stuck port clock_enable ;
; DATA_MEM:inst40|mem[9][13]                            ; Stuck at GND due to stuck port clock_enable ;
; DATA_MEM:inst40|mem[9][12]                            ; Stuck at GND due to stuck port clock_enable ;
; DATA_MEM:inst40|mem[9][11]                            ; Stuck at GND due to stuck port clock_enable ;
; DATA_MEM:inst40|mem[9][10]                            ; Stuck at GND due to stuck port clock_enable ;
; DATA_MEM:inst40|mem[9][9]                             ; Stuck at GND due to stuck port clock_enable ;
; DATA_MEM:inst40|mem[9][8]                             ; Stuck at GND due to stuck port clock_enable ;
; DATA_MEM:inst40|mem[9][7]                             ; Stuck at GND due to stuck port clock_enable ;
; DATA_MEM:inst40|mem[9][6]                             ; Stuck at GND due to stuck port clock_enable ;
; DATA_MEM:inst40|mem[9][5]                             ; Stuck at GND due to stuck port clock_enable ;
; DATA_MEM:inst40|mem[9][4]                             ; Stuck at GND due to stuck port clock_enable ;
; DATA_MEM:inst40|mem[9][3]                             ; Stuck at GND due to stuck port clock_enable ;
; DATA_MEM:inst40|mem[9][2]                             ; Stuck at GND due to stuck port clock_enable ;
; DATA_MEM:inst40|mem[9][1]                             ; Stuck at GND due to stuck port clock_enable ;
; DATA_MEM:inst40|mem[9][0]                             ; Stuck at GND due to stuck port clock_enable ;
; DATA_MEM:inst40|mem[8][31]                            ; Stuck at GND due to stuck port clock_enable ;
; DATA_MEM:inst40|mem[8][30]                            ; Stuck at GND due to stuck port clock_enable ;
; DATA_MEM:inst40|mem[8][29]                            ; Stuck at GND due to stuck port clock_enable ;
; DATA_MEM:inst40|mem[8][28]                            ; Stuck at GND due to stuck port clock_enable ;
; DATA_MEM:inst40|mem[8][27]                            ; Stuck at GND due to stuck port clock_enable ;
; DATA_MEM:inst40|mem[8][26]                            ; Stuck at GND due to stuck port clock_enable ;
; DATA_MEM:inst40|mem[8][25]                            ; Stuck at GND due to stuck port clock_enable ;
; DATA_MEM:inst40|mem[8][24]                            ; Stuck at GND due to stuck port clock_enable ;
; DATA_MEM:inst40|mem[8][23]                            ; Stuck at GND due to stuck port clock_enable ;
; DATA_MEM:inst40|mem[8][22]                            ; Stuck at GND due to stuck port clock_enable ;
; DATA_MEM:inst40|mem[8][21]                            ; Stuck at GND due to stuck port clock_enable ;
; DATA_MEM:inst40|mem[8][20]                            ; Stuck at GND due to stuck port clock_enable ;
; DATA_MEM:inst40|mem[8][19]                            ; Stuck at GND due to stuck port clock_enable ;
; DATA_MEM:inst40|mem[8][18]                            ; Stuck at GND due to stuck port clock_enable ;
; DATA_MEM:inst40|mem[8][17]                            ; Stuck at GND due to stuck port clock_enable ;
; DATA_MEM:inst40|mem[8][16]                            ; Stuck at GND due to stuck port clock_enable ;
; DATA_MEM:inst40|mem[8][15]                            ; Stuck at GND due to stuck port clock_enable ;
; DATA_MEM:inst40|mem[8][14]                            ; Stuck at GND due to stuck port clock_enable ;
; DATA_MEM:inst40|mem[8][13]                            ; Stuck at GND due to stuck port clock_enable ;
; DATA_MEM:inst40|mem[8][12]                            ; Stuck at GND due to stuck port clock_enable ;
; DATA_MEM:inst40|mem[8][11]                            ; Stuck at GND due to stuck port clock_enable ;
; DATA_MEM:inst40|mem[8][10]                            ; Stuck at GND due to stuck port clock_enable ;
; DATA_MEM:inst40|mem[8][9]                             ; Stuck at GND due to stuck port clock_enable ;
; DATA_MEM:inst40|mem[8][8]                             ; Stuck at GND due to stuck port clock_enable ;
; DATA_MEM:inst40|mem[8][7]                             ; Stuck at GND due to stuck port clock_enable ;
; DATA_MEM:inst40|mem[8][6]                             ; Stuck at GND due to stuck port clock_enable ;
; DATA_MEM:inst40|mem[8][5]                             ; Stuck at GND due to stuck port clock_enable ;
; DATA_MEM:inst40|mem[8][4]                             ; Stuck at GND due to stuck port clock_enable ;
; DATA_MEM:inst40|mem[8][3]                             ; Stuck at GND due to stuck port clock_enable ;
; DATA_MEM:inst40|mem[8][2]                             ; Stuck at GND due to stuck port clock_enable ;
; DATA_MEM:inst40|mem[8][1]                             ; Stuck at GND due to stuck port clock_enable ;
; DATA_MEM:inst40|mem[8][0]                             ; Stuck at GND due to stuck port clock_enable ;
; DATA_MEM:inst40|mem[7][31]                            ; Stuck at GND due to stuck port clock_enable ;
; DATA_MEM:inst40|mem[7][30]                            ; Stuck at GND due to stuck port clock_enable ;
; DATA_MEM:inst40|mem[7][29]                            ; Stuck at GND due to stuck port clock_enable ;
; DATA_MEM:inst40|mem[7][28]                            ; Stuck at GND due to stuck port clock_enable ;
; DATA_MEM:inst40|mem[7][27]                            ; Stuck at GND due to stuck port clock_enable ;
; DATA_MEM:inst40|mem[7][26]                            ; Stuck at GND due to stuck port clock_enable ;
; DATA_MEM:inst40|mem[7][25]                            ; Stuck at GND due to stuck port clock_enable ;
; DATA_MEM:inst40|mem[7][24]                            ; Stuck at GND due to stuck port clock_enable ;
; DATA_MEM:inst40|mem[7][23]                            ; Stuck at GND due to stuck port clock_enable ;
; DATA_MEM:inst40|mem[7][22]                            ; Stuck at GND due to stuck port clock_enable ;
; DATA_MEM:inst40|mem[7][21]                            ; Stuck at GND due to stuck port clock_enable ;
; DATA_MEM:inst40|mem[7][20]                            ; Stuck at GND due to stuck port clock_enable ;
; DATA_MEM:inst40|mem[7][19]                            ; Stuck at GND due to stuck port clock_enable ;
; DATA_MEM:inst40|mem[7][18]                            ; Stuck at GND due to stuck port clock_enable ;
; DATA_MEM:inst40|mem[7][17]                            ; Stuck at GND due to stuck port clock_enable ;
; DATA_MEM:inst40|mem[7][16]                            ; Stuck at GND due to stuck port clock_enable ;
; DATA_MEM:inst40|mem[7][15]                            ; Stuck at GND due to stuck port clock_enable ;
; DATA_MEM:inst40|mem[7][14]                            ; Stuck at GND due to stuck port clock_enable ;
; DATA_MEM:inst40|mem[7][13]                            ; Stuck at GND due to stuck port clock_enable ;
; DATA_MEM:inst40|mem[7][12]                            ; Stuck at GND due to stuck port clock_enable ;
; DATA_MEM:inst40|mem[7][11]                            ; Stuck at GND due to stuck port clock_enable ;
; DATA_MEM:inst40|mem[7][10]                            ; Stuck at GND due to stuck port clock_enable ;
; DATA_MEM:inst40|mem[7][9]                             ; Stuck at GND due to stuck port clock_enable ;
; DATA_MEM:inst40|mem[7][8]                             ; Stuck at GND due to stuck port clock_enable ;
; DATA_MEM:inst40|mem[7][7]                             ; Stuck at GND due to stuck port clock_enable ;
; DATA_MEM:inst40|mem[7][6]                             ; Stuck at GND due to stuck port clock_enable ;
; DATA_MEM:inst40|mem[7][5]                             ; Stuck at GND due to stuck port clock_enable ;
; DATA_MEM:inst40|mem[7][4]                             ; Stuck at GND due to stuck port clock_enable ;
; DATA_MEM:inst40|mem[7][3]                             ; Stuck at GND due to stuck port clock_enable ;
; DATA_MEM:inst40|mem[7][2]                             ; Stuck at GND due to stuck port clock_enable ;
; DATA_MEM:inst40|mem[7][1]                             ; Stuck at GND due to stuck port clock_enable ;
; DATA_MEM:inst40|mem[7][0]                             ; Stuck at GND due to stuck port clock_enable ;
; DATA_MEM:inst40|mem[6][31]                            ; Stuck at GND due to stuck port clock_enable ;
; DATA_MEM:inst40|mem[6][30]                            ; Stuck at GND due to stuck port clock_enable ;
; DATA_MEM:inst40|mem[6][29]                            ; Stuck at GND due to stuck port clock_enable ;
; DATA_MEM:inst40|mem[6][28]                            ; Stuck at GND due to stuck port clock_enable ;
; DATA_MEM:inst40|mem[6][27]                            ; Stuck at GND due to stuck port clock_enable ;
; DATA_MEM:inst40|mem[6][26]                            ; Stuck at GND due to stuck port clock_enable ;
; DATA_MEM:inst40|mem[6][25]                            ; Stuck at GND due to stuck port clock_enable ;
; DATA_MEM:inst40|mem[6][24]                            ; Stuck at GND due to stuck port clock_enable ;
; DATA_MEM:inst40|mem[6][23]                            ; Stuck at GND due to stuck port clock_enable ;
; DATA_MEM:inst40|mem[6][22]                            ; Stuck at GND due to stuck port clock_enable ;
; DATA_MEM:inst40|mem[6][21]                            ; Stuck at GND due to stuck port clock_enable ;
; DATA_MEM:inst40|mem[6][20]                            ; Stuck at GND due to stuck port clock_enable ;
; DATA_MEM:inst40|mem[6][19]                            ; Stuck at GND due to stuck port clock_enable ;
; DATA_MEM:inst40|mem[6][18]                            ; Stuck at GND due to stuck port clock_enable ;
; DATA_MEM:inst40|mem[6][17]                            ; Stuck at GND due to stuck port clock_enable ;
; DATA_MEM:inst40|mem[6][16]                            ; Stuck at GND due to stuck port clock_enable ;
; DATA_MEM:inst40|mem[6][15]                            ; Stuck at GND due to stuck port clock_enable ;
; DATA_MEM:inst40|mem[6][14]                            ; Stuck at GND due to stuck port clock_enable ;
; DATA_MEM:inst40|mem[6][13]                            ; Stuck at GND due to stuck port clock_enable ;
; DATA_MEM:inst40|mem[6][12]                            ; Stuck at GND due to stuck port clock_enable ;
; DATA_MEM:inst40|mem[6][11]                            ; Stuck at GND due to stuck port clock_enable ;
; DATA_MEM:inst40|mem[6][10]                            ; Stuck at GND due to stuck port clock_enable ;
; DATA_MEM:inst40|mem[6][9]                             ; Stuck at GND due to stuck port clock_enable ;
; DATA_MEM:inst40|mem[6][8]                             ; Stuck at GND due to stuck port clock_enable ;
; DATA_MEM:inst40|mem[6][7]                             ; Stuck at GND due to stuck port clock_enable ;
; DATA_MEM:inst40|mem[6][6]                             ; Stuck at GND due to stuck port clock_enable ;
; DATA_MEM:inst40|mem[6][5]                             ; Stuck at GND due to stuck port clock_enable ;
; DATA_MEM:inst40|mem[6][4]                             ; Stuck at GND due to stuck port clock_enable ;
; DATA_MEM:inst40|mem[6][3]                             ; Stuck at GND due to stuck port clock_enable ;
; DATA_MEM:inst40|mem[6][2]                             ; Stuck at GND due to stuck port clock_enable ;
; DATA_MEM:inst40|mem[6][1]                             ; Stuck at GND due to stuck port clock_enable ;
; DATA_MEM:inst40|mem[6][0]                             ; Stuck at GND due to stuck port clock_enable ;
; DATA_MEM:inst40|mem[5][31]                            ; Stuck at GND due to stuck port clock_enable ;
; DATA_MEM:inst40|mem[5][30]                            ; Stuck at GND due to stuck port clock_enable ;
; DATA_MEM:inst40|mem[5][29]                            ; Stuck at GND due to stuck port clock_enable ;
; DATA_MEM:inst40|mem[5][28]                            ; Stuck at GND due to stuck port clock_enable ;
; DATA_MEM:inst40|mem[5][27]                            ; Stuck at GND due to stuck port clock_enable ;
; DATA_MEM:inst40|mem[5][26]                            ; Stuck at GND due to stuck port clock_enable ;
; DATA_MEM:inst40|mem[5][25]                            ; Stuck at GND due to stuck port clock_enable ;
; DATA_MEM:inst40|mem[5][24]                            ; Stuck at GND due to stuck port clock_enable ;
; DATA_MEM:inst40|mem[5][23]                            ; Stuck at GND due to stuck port clock_enable ;
; DATA_MEM:inst40|mem[5][22]                            ; Stuck at GND due to stuck port clock_enable ;
; DATA_MEM:inst40|mem[5][21]                            ; Stuck at GND due to stuck port clock_enable ;
; DATA_MEM:inst40|mem[5][20]                            ; Stuck at GND due to stuck port clock_enable ;
; DATA_MEM:inst40|mem[5][19]                            ; Stuck at GND due to stuck port clock_enable ;
; DATA_MEM:inst40|mem[5][18]                            ; Stuck at GND due to stuck port clock_enable ;
; DATA_MEM:inst40|mem[5][17]                            ; Stuck at GND due to stuck port clock_enable ;
; DATA_MEM:inst40|mem[5][16]                            ; Stuck at GND due to stuck port clock_enable ;
; DATA_MEM:inst40|mem[5][15]                            ; Stuck at GND due to stuck port clock_enable ;
; DATA_MEM:inst40|mem[5][14]                            ; Stuck at GND due to stuck port clock_enable ;
; DATA_MEM:inst40|mem[5][13]                            ; Stuck at GND due to stuck port clock_enable ;
; DATA_MEM:inst40|mem[5][12]                            ; Stuck at GND due to stuck port clock_enable ;
; DATA_MEM:inst40|mem[5][11]                            ; Stuck at GND due to stuck port clock_enable ;
; DATA_MEM:inst40|mem[5][10]                            ; Stuck at GND due to stuck port clock_enable ;
; DATA_MEM:inst40|mem[5][9]                             ; Stuck at GND due to stuck port clock_enable ;
; DATA_MEM:inst40|mem[5][8]                             ; Stuck at GND due to stuck port clock_enable ;
; DATA_MEM:inst40|mem[5][7]                             ; Stuck at GND due to stuck port clock_enable ;
; DATA_MEM:inst40|mem[5][6]                             ; Stuck at GND due to stuck port clock_enable ;
; DATA_MEM:inst40|mem[5][5]                             ; Stuck at GND due to stuck port clock_enable ;
; DATA_MEM:inst40|mem[5][4]                             ; Stuck at GND due to stuck port clock_enable ;
; DATA_MEM:inst40|mem[5][3]                             ; Stuck at GND due to stuck port clock_enable ;
; DATA_MEM:inst40|mem[5][2]                             ; Stuck at GND due to stuck port clock_enable ;
; DATA_MEM:inst40|mem[5][1]                             ; Stuck at GND due to stuck port clock_enable ;
; DATA_MEM:inst40|mem[5][0]                             ; Stuck at GND due to stuck port clock_enable ;
; DATA_MEM:inst40|mem[4][31]                            ; Stuck at GND due to stuck port clock_enable ;
; DATA_MEM:inst40|mem[4][30]                            ; Stuck at GND due to stuck port clock_enable ;
; DATA_MEM:inst40|mem[4][29]                            ; Stuck at GND due to stuck port clock_enable ;
; DATA_MEM:inst40|mem[4][28]                            ; Stuck at GND due to stuck port clock_enable ;
; DATA_MEM:inst40|mem[4][27]                            ; Stuck at GND due to stuck port clock_enable ;
; DATA_MEM:inst40|mem[4][26]                            ; Stuck at GND due to stuck port clock_enable ;
; DATA_MEM:inst40|mem[4][25]                            ; Stuck at GND due to stuck port clock_enable ;
; DATA_MEM:inst40|mem[4][24]                            ; Stuck at GND due to stuck port clock_enable ;
; DATA_MEM:inst40|mem[4][23]                            ; Stuck at GND due to stuck port clock_enable ;
; DATA_MEM:inst40|mem[4][22]                            ; Stuck at GND due to stuck port clock_enable ;
; DATA_MEM:inst40|mem[4][21]                            ; Stuck at GND due to stuck port clock_enable ;
; DATA_MEM:inst40|mem[4][20]                            ; Stuck at GND due to stuck port clock_enable ;
; DATA_MEM:inst40|mem[4][19]                            ; Stuck at GND due to stuck port clock_enable ;
; DATA_MEM:inst40|mem[4][18]                            ; Stuck at GND due to stuck port clock_enable ;
; DATA_MEM:inst40|mem[4][17]                            ; Stuck at GND due to stuck port clock_enable ;
; DATA_MEM:inst40|mem[4][16]                            ; Stuck at GND due to stuck port clock_enable ;
; DATA_MEM:inst40|mem[4][15]                            ; Stuck at GND due to stuck port clock_enable ;
; DATA_MEM:inst40|mem[4][14]                            ; Stuck at GND due to stuck port clock_enable ;
; DATA_MEM:inst40|mem[4][13]                            ; Stuck at GND due to stuck port clock_enable ;
; DATA_MEM:inst40|mem[4][12]                            ; Stuck at GND due to stuck port clock_enable ;
; DATA_MEM:inst40|mem[4][11]                            ; Stuck at GND due to stuck port clock_enable ;
; DATA_MEM:inst40|mem[4][10]                            ; Stuck at GND due to stuck port clock_enable ;
; DATA_MEM:inst40|mem[4][9]                             ; Stuck at GND due to stuck port clock_enable ;
; DATA_MEM:inst40|mem[4][8]                             ; Stuck at GND due to stuck port clock_enable ;
; DATA_MEM:inst40|mem[4][7]                             ; Stuck at GND due to stuck port clock_enable ;
; DATA_MEM:inst40|mem[4][6]                             ; Stuck at GND due to stuck port clock_enable ;
; DATA_MEM:inst40|mem[4][5]                             ; Stuck at GND due to stuck port clock_enable ;
; DATA_MEM:inst40|mem[4][4]                             ; Stuck at GND due to stuck port clock_enable ;
; DATA_MEM:inst40|mem[4][3]                             ; Stuck at GND due to stuck port clock_enable ;
; DATA_MEM:inst40|mem[4][2]                             ; Stuck at GND due to stuck port clock_enable ;
; DATA_MEM:inst40|mem[4][1]                             ; Stuck at GND due to stuck port clock_enable ;
; DATA_MEM:inst40|mem[4][0]                             ; Stuck at GND due to stuck port clock_enable ;
; DATA_MEM:inst40|mem[3][31]                            ; Stuck at GND due to stuck port clock_enable ;
; DATA_MEM:inst40|mem[3][30]                            ; Stuck at GND due to stuck port clock_enable ;
; DATA_MEM:inst40|mem[3][29]                            ; Stuck at GND due to stuck port clock_enable ;
; DATA_MEM:inst40|mem[3][28]                            ; Stuck at GND due to stuck port clock_enable ;
; DATA_MEM:inst40|mem[3][27]                            ; Stuck at GND due to stuck port clock_enable ;
; DATA_MEM:inst40|mem[3][26]                            ; Stuck at GND due to stuck port clock_enable ;
; DATA_MEM:inst40|mem[3][25]                            ; Stuck at GND due to stuck port clock_enable ;
; DATA_MEM:inst40|mem[3][24]                            ; Stuck at GND due to stuck port clock_enable ;
; DATA_MEM:inst40|mem[3][23]                            ; Stuck at GND due to stuck port clock_enable ;
; DATA_MEM:inst40|mem[3][22]                            ; Stuck at GND due to stuck port clock_enable ;
; DATA_MEM:inst40|mem[3][21]                            ; Stuck at GND due to stuck port clock_enable ;
; DATA_MEM:inst40|mem[3][20]                            ; Stuck at GND due to stuck port clock_enable ;
; DATA_MEM:inst40|mem[3][19]                            ; Stuck at GND due to stuck port clock_enable ;
; DATA_MEM:inst40|mem[3][18]                            ; Stuck at GND due to stuck port clock_enable ;
; DATA_MEM:inst40|mem[3][17]                            ; Stuck at GND due to stuck port clock_enable ;
; DATA_MEM:inst40|mem[3][16]                            ; Stuck at GND due to stuck port clock_enable ;
; DATA_MEM:inst40|mem[3][15]                            ; Stuck at GND due to stuck port clock_enable ;
; DATA_MEM:inst40|mem[3][14]                            ; Stuck at GND due to stuck port clock_enable ;
; DATA_MEM:inst40|mem[3][13]                            ; Stuck at GND due to stuck port clock_enable ;
; DATA_MEM:inst40|mem[3][12]                            ; Stuck at GND due to stuck port clock_enable ;
; DATA_MEM:inst40|mem[3][11]                            ; Stuck at GND due to stuck port clock_enable ;
; DATA_MEM:inst40|mem[3][10]                            ; Stuck at GND due to stuck port clock_enable ;
; DATA_MEM:inst40|mem[3][9]                             ; Stuck at GND due to stuck port clock_enable ;
; DATA_MEM:inst40|mem[3][8]                             ; Stuck at GND due to stuck port clock_enable ;
; DATA_MEM:inst40|mem[3][7]                             ; Stuck at GND due to stuck port clock_enable ;
; DATA_MEM:inst40|mem[3][6]                             ; Stuck at GND due to stuck port clock_enable ;
; DATA_MEM:inst40|mem[3][5]                             ; Stuck at GND due to stuck port clock_enable ;
; DATA_MEM:inst40|mem[3][4]                             ; Stuck at GND due to stuck port clock_enable ;
; DATA_MEM:inst40|mem[3][3]                             ; Stuck at GND due to stuck port clock_enable ;
; DATA_MEM:inst40|mem[3][2]                             ; Stuck at GND due to stuck port clock_enable ;
; DATA_MEM:inst40|mem[3][1]                             ; Stuck at GND due to stuck port clock_enable ;
; DATA_MEM:inst40|mem[3][0]                             ; Stuck at GND due to stuck port clock_enable ;
; DATA_MEM:inst40|mem[2][31]                            ; Stuck at GND due to stuck port clock_enable ;
; DATA_MEM:inst40|mem[2][30]                            ; Stuck at GND due to stuck port clock_enable ;
; DATA_MEM:inst40|mem[2][29]                            ; Stuck at GND due to stuck port clock_enable ;
; DATA_MEM:inst40|mem[2][28]                            ; Stuck at GND due to stuck port clock_enable ;
; DATA_MEM:inst40|mem[2][27]                            ; Stuck at GND due to stuck port clock_enable ;
; DATA_MEM:inst40|mem[2][26]                            ; Stuck at GND due to stuck port clock_enable ;
; DATA_MEM:inst40|mem[2][25]                            ; Stuck at GND due to stuck port clock_enable ;
; DATA_MEM:inst40|mem[2][24]                            ; Stuck at GND due to stuck port clock_enable ;
; DATA_MEM:inst40|mem[2][23]                            ; Stuck at GND due to stuck port clock_enable ;
; DATA_MEM:inst40|mem[2][22]                            ; Stuck at GND due to stuck port clock_enable ;
; DATA_MEM:inst40|mem[2][21]                            ; Stuck at GND due to stuck port clock_enable ;
; DATA_MEM:inst40|mem[2][20]                            ; Stuck at GND due to stuck port clock_enable ;
; DATA_MEM:inst40|mem[2][19]                            ; Stuck at GND due to stuck port clock_enable ;
; DATA_MEM:inst40|mem[2][18]                            ; Stuck at GND due to stuck port clock_enable ;
; DATA_MEM:inst40|mem[2][17]                            ; Stuck at GND due to stuck port clock_enable ;
; DATA_MEM:inst40|mem[2][16]                            ; Stuck at GND due to stuck port clock_enable ;
; DATA_MEM:inst40|mem[2][15]                            ; Stuck at GND due to stuck port clock_enable ;
; DATA_MEM:inst40|mem[2][14]                            ; Stuck at GND due to stuck port clock_enable ;
; DATA_MEM:inst40|mem[2][13]                            ; Stuck at GND due to stuck port clock_enable ;
; DATA_MEM:inst40|mem[2][12]                            ; Stuck at GND due to stuck port clock_enable ;
; DATA_MEM:inst40|mem[2][11]                            ; Stuck at GND due to stuck port clock_enable ;
; DATA_MEM:inst40|mem[2][10]                            ; Stuck at GND due to stuck port clock_enable ;
; DATA_MEM:inst40|mem[2][9]                             ; Stuck at GND due to stuck port clock_enable ;
; DATA_MEM:inst40|mem[2][8]                             ; Stuck at GND due to stuck port clock_enable ;
; DATA_MEM:inst40|mem[2][7]                             ; Stuck at GND due to stuck port clock_enable ;
; DATA_MEM:inst40|mem[2][6]                             ; Stuck at GND due to stuck port clock_enable ;
; DATA_MEM:inst40|mem[2][5]                             ; Stuck at GND due to stuck port clock_enable ;
; DATA_MEM:inst40|mem[2][4]                             ; Stuck at GND due to stuck port clock_enable ;
; DATA_MEM:inst40|mem[2][3]                             ; Stuck at GND due to stuck port clock_enable ;
; DATA_MEM:inst40|mem[2][2]                             ; Stuck at GND due to stuck port clock_enable ;
; DATA_MEM:inst40|mem[2][1]                             ; Stuck at GND due to stuck port clock_enable ;
; DATA_MEM:inst40|mem[2][0]                             ; Stuck at GND due to stuck port clock_enable ;
; DATA_MEM:inst40|mem[1][31]                            ; Stuck at GND due to stuck port clock_enable ;
; DATA_MEM:inst40|mem[1][30]                            ; Stuck at GND due to stuck port clock_enable ;
; DATA_MEM:inst40|mem[1][29]                            ; Stuck at GND due to stuck port clock_enable ;
; DATA_MEM:inst40|mem[1][28]                            ; Stuck at GND due to stuck port clock_enable ;
; DATA_MEM:inst40|mem[1][27]                            ; Stuck at GND due to stuck port clock_enable ;
; DATA_MEM:inst40|mem[1][26]                            ; Stuck at GND due to stuck port clock_enable ;
; DATA_MEM:inst40|mem[1][25]                            ; Stuck at GND due to stuck port clock_enable ;
; DATA_MEM:inst40|mem[1][24]                            ; Stuck at GND due to stuck port clock_enable ;
; DATA_MEM:inst40|mem[1][23]                            ; Stuck at GND due to stuck port clock_enable ;
; DATA_MEM:inst40|mem[1][22]                            ; Stuck at GND due to stuck port clock_enable ;
; DATA_MEM:inst40|mem[1][21]                            ; Stuck at GND due to stuck port clock_enable ;
; DATA_MEM:inst40|mem[1][20]                            ; Stuck at GND due to stuck port clock_enable ;
; DATA_MEM:inst40|mem[1][19]                            ; Stuck at GND due to stuck port clock_enable ;
; DATA_MEM:inst40|mem[1][18]                            ; Stuck at GND due to stuck port clock_enable ;
; DATA_MEM:inst40|mem[1][17]                            ; Stuck at GND due to stuck port clock_enable ;
; DATA_MEM:inst40|mem[1][16]                            ; Stuck at GND due to stuck port clock_enable ;
; DATA_MEM:inst40|mem[1][15]                            ; Stuck at GND due to stuck port clock_enable ;
; DATA_MEM:inst40|mem[1][14]                            ; Stuck at GND due to stuck port clock_enable ;
; DATA_MEM:inst40|mem[1][13]                            ; Stuck at GND due to stuck port clock_enable ;
; DATA_MEM:inst40|mem[1][12]                            ; Stuck at GND due to stuck port clock_enable ;
; DATA_MEM:inst40|mem[1][11]                            ; Stuck at GND due to stuck port clock_enable ;
; DATA_MEM:inst40|mem[1][10]                            ; Stuck at GND due to stuck port clock_enable ;
; DATA_MEM:inst40|mem[1][9]                             ; Stuck at GND due to stuck port clock_enable ;
; DATA_MEM:inst40|mem[1][8]                             ; Stuck at GND due to stuck port clock_enable ;
; DATA_MEM:inst40|mem[1][7]                             ; Stuck at GND due to stuck port clock_enable ;
; DATA_MEM:inst40|mem[1][6]                             ; Stuck at GND due to stuck port clock_enable ;
; DATA_MEM:inst40|mem[1][5]                             ; Stuck at GND due to stuck port clock_enable ;
; DATA_MEM:inst40|mem[1][4]                             ; Stuck at GND due to stuck port clock_enable ;
; DATA_MEM:inst40|mem[1][3]                             ; Stuck at GND due to stuck port clock_enable ;
; DATA_MEM:inst40|mem[1][2]                             ; Stuck at GND due to stuck port clock_enable ;
; DATA_MEM:inst40|mem[1][1]                             ; Stuck at GND due to stuck port clock_enable ;
; DATA_MEM:inst40|mem[1][0]                             ; Stuck at GND due to stuck port clock_enable ;
; DATA_MEM:inst40|mem[0][31]                            ; Stuck at GND due to stuck port clock_enable ;
; DATA_MEM:inst40|mem[0][30]                            ; Stuck at GND due to stuck port clock_enable ;
; DATA_MEM:inst40|mem[0][29]                            ; Stuck at GND due to stuck port clock_enable ;
; DATA_MEM:inst40|mem[0][28]                            ; Stuck at GND due to stuck port clock_enable ;
; DATA_MEM:inst40|mem[0][27]                            ; Stuck at GND due to stuck port clock_enable ;
; DATA_MEM:inst40|mem[0][26]                            ; Stuck at GND due to stuck port clock_enable ;
; DATA_MEM:inst40|mem[0][25]                            ; Stuck at GND due to stuck port clock_enable ;
; DATA_MEM:inst40|mem[0][24]                            ; Stuck at GND due to stuck port clock_enable ;
; DATA_MEM:inst40|mem[0][23]                            ; Stuck at GND due to stuck port clock_enable ;
; DATA_MEM:inst40|mem[0][22]                            ; Stuck at GND due to stuck port clock_enable ;
; DATA_MEM:inst40|mem[0][21]                            ; Stuck at GND due to stuck port clock_enable ;
; DATA_MEM:inst40|mem[0][20]                            ; Stuck at GND due to stuck port clock_enable ;
; DATA_MEM:inst40|mem[0][19]                            ; Stuck at GND due to stuck port clock_enable ;
; DATA_MEM:inst40|mem[0][18]                            ; Stuck at GND due to stuck port clock_enable ;
; DATA_MEM:inst40|mem[0][17]                            ; Stuck at GND due to stuck port clock_enable ;
; DATA_MEM:inst40|mem[0][16]                            ; Stuck at GND due to stuck port clock_enable ;
; DATA_MEM:inst40|mem[0][15]                            ; Stuck at GND due to stuck port clock_enable ;
; DATA_MEM:inst40|mem[0][14]                            ; Stuck at GND due to stuck port clock_enable ;
; DATA_MEM:inst40|mem[0][13]                            ; Stuck at GND due to stuck port clock_enable ;
; DATA_MEM:inst40|mem[0][12]                            ; Stuck at GND due to stuck port clock_enable ;
; DATA_MEM:inst40|mem[0][11]                            ; Stuck at GND due to stuck port clock_enable ;
; DATA_MEM:inst40|mem[0][10]                            ; Stuck at GND due to stuck port clock_enable ;
; DATA_MEM:inst40|mem[0][9]                             ; Stuck at GND due to stuck port clock_enable ;
; DATA_MEM:inst40|mem[0][8]                             ; Stuck at GND due to stuck port clock_enable ;
; DATA_MEM:inst40|mem[0][7]                             ; Stuck at GND due to stuck port clock_enable ;
; DATA_MEM:inst40|mem[0][6]                             ; Stuck at GND due to stuck port clock_enable ;
; DATA_MEM:inst40|mem[0][5]                             ; Stuck at GND due to stuck port clock_enable ;
; DATA_MEM:inst40|mem[0][4]                             ; Stuck at GND due to stuck port clock_enable ;
; DATA_MEM:inst40|mem[0][3]                             ; Stuck at GND due to stuck port clock_enable ;
; DATA_MEM:inst40|mem[0][2]                             ; Stuck at GND due to stuck port clock_enable ;
; DATA_MEM:inst40|mem[0][1]                             ; Stuck at GND due to stuck port clock_enable ;
; PC:inst|end_atual[5,6,8..12,15,16,20,21,25,26,28..31] ; Stuck at GND due to stuck port data_in      ;
; PC:inst|end_atual[7,13,14,17,23]                      ; Merged with PC:inst|end_atual[24]           ;
; REG_FILE:inst2|registers~166                          ; Lost fanout                                 ;
; REG_FILE:inst2|registers~167                          ; Lost fanout                                 ;
; REG_FILE:inst2|registers~168                          ; Lost fanout                                 ;
; REG_FILE:inst2|registers~169                          ; Lost fanout                                 ;
; REG_FILE:inst2|registers~170                          ; Lost fanout                                 ;
; REG_FILE:inst2|registers~171                          ; Lost fanout                                 ;
; REG_FILE:inst2|registers~172                          ; Lost fanout                                 ;
; REG_FILE:inst2|registers~173                          ; Lost fanout                                 ;
; REG_FILE:inst2|registers~174                          ; Lost fanout                                 ;
; REG_FILE:inst2|registers~175                          ; Lost fanout                                 ;
; REG_FILE:inst2|registers~176                          ; Lost fanout                                 ;
; REG_FILE:inst2|registers~177                          ; Lost fanout                                 ;
; REG_FILE:inst2|registers~178                          ; Lost fanout                                 ;
; REG_FILE:inst2|registers~179                          ; Lost fanout                                 ;
; REG_FILE:inst2|registers~180                          ; Lost fanout                                 ;
; REG_FILE:inst2|registers~181                          ; Lost fanout                                 ;
; REG_FILE:inst2|registers~182                          ; Lost fanout                                 ;
; REG_FILE:inst2|registers~183                          ; Lost fanout                                 ;
; REG_FILE:inst2|registers~184                          ; Lost fanout                                 ;
; REG_FILE:inst2|registers~185                          ; Lost fanout                                 ;
; REG_FILE:inst2|registers~186                          ; Lost fanout                                 ;
; REG_FILE:inst2|registers~187                          ; Lost fanout                                 ;
; REG_FILE:inst2|registers~188                          ; Lost fanout                                 ;
; REG_FILE:inst2|registers~189                          ; Lost fanout                                 ;
; REG_FILE:inst2|registers~190                          ; Lost fanout                                 ;
; REG_FILE:inst2|registers~191                          ; Lost fanout                                 ;
; REG_FILE:inst2|registers~192                          ; Lost fanout                                 ;
; REG_FILE:inst2|registers~193                          ; Lost fanout                                 ;
; REG_FILE:inst2|registers~194                          ; Lost fanout                                 ;
; REG_FILE:inst2|registers~195                          ; Lost fanout                                 ;
; REG_FILE:inst2|registers~196                          ; Lost fanout                                 ;
; REG_FILE:inst2|registers~197                          ; Lost fanout                                 ;
; REG_FILE:inst2|registers~198                          ; Lost fanout                                 ;
; REG_FILE:inst2|registers~199                          ; Lost fanout                                 ;
; REG_FILE:inst2|registers~200                          ; Lost fanout                                 ;
; REG_FILE:inst2|registers~201                          ; Lost fanout                                 ;
; REG_FILE:inst2|registers~202                          ; Lost fanout                                 ;
; REG_FILE:inst2|registers~203                          ; Lost fanout                                 ;
; REG_FILE:inst2|registers~204                          ; Lost fanout                                 ;
; REG_FILE:inst2|registers~205                          ; Lost fanout                                 ;
; REG_FILE:inst2|registers~206                          ; Lost fanout                                 ;
; REG_FILE:inst2|registers~207                          ; Lost fanout                                 ;
; REG_FILE:inst2|registers~208                          ; Lost fanout                                 ;
; REG_FILE:inst2|registers~209                          ; Lost fanout                                 ;
; REG_FILE:inst2|registers~210                          ; Lost fanout                                 ;
; REG_FILE:inst2|registers~211                          ; Lost fanout                                 ;
; REG_FILE:inst2|registers~212                          ; Lost fanout                                 ;
; REG_FILE:inst2|registers~213                          ; Lost fanout                                 ;
; REG_FILE:inst2|registers~214                          ; Lost fanout                                 ;
; REG_FILE:inst2|registers~215                          ; Lost fanout                                 ;
; REG_FILE:inst2|registers~216                          ; Lost fanout                                 ;
; REG_FILE:inst2|registers~217                          ; Lost fanout                                 ;
; REG_FILE:inst2|registers~218                          ; Lost fanout                                 ;
; REG_FILE:inst2|registers~219                          ; Lost fanout                                 ;
; REG_FILE:inst2|registers~220                          ; Lost fanout                                 ;
; REG_FILE:inst2|registers~221                          ; Lost fanout                                 ;
; REG_FILE:inst2|registers~222                          ; Lost fanout                                 ;
; REG_FILE:inst2|registers~223                          ; Lost fanout                                 ;
; REG_FILE:inst2|registers~224                          ; Lost fanout                                 ;
; REG_FILE:inst2|registers~225                          ; Lost fanout                                 ;
; REG_FILE:inst2|registers~226                          ; Lost fanout                                 ;
; REG_FILE:inst2|registers~227                          ; Lost fanout                                 ;
; REG_FILE:inst2|registers~228                          ; Lost fanout                                 ;
; REG_FILE:inst2|registers~229                          ; Lost fanout                                 ;
; REG_FILE:inst2|registers~230                          ; Lost fanout                                 ;
; REG_FILE:inst2|registers~231                          ; Lost fanout                                 ;
; REG_FILE:inst2|registers~232                          ; Lost fanout                                 ;
; REG_FILE:inst2|registers~233                          ; Lost fanout                                 ;
; REG_FILE:inst2|registers~234                          ; Lost fanout                                 ;
; REG_FILE:inst2|registers~235                          ; Lost fanout                                 ;
; REG_FILE:inst2|registers~236                          ; Lost fanout                                 ;
; REG_FILE:inst2|registers~237                          ; Lost fanout                                 ;
; REG_FILE:inst2|registers~238                          ; Lost fanout                                 ;
; REG_FILE:inst2|registers~239                          ; Lost fanout                                 ;
; REG_FILE:inst2|registers~240                          ; Lost fanout                                 ;
; REG_FILE:inst2|registers~241                          ; Lost fanout                                 ;
; REG_FILE:inst2|registers~242                          ; Lost fanout                                 ;
; REG_FILE:inst2|registers~243                          ; Lost fanout                                 ;
; REG_FILE:inst2|registers~244                          ; Lost fanout                                 ;
; REG_FILE:inst2|registers~245                          ; Lost fanout                                 ;
; REG_FILE:inst2|registers~246                          ; Lost fanout                                 ;
; REG_FILE:inst2|registers~247                          ; Lost fanout                                 ;
; REG_FILE:inst2|registers~248                          ; Lost fanout                                 ;
; REG_FILE:inst2|registers~249                          ; Lost fanout                                 ;
; REG_FILE:inst2|registers~250                          ; Lost fanout                                 ;
; REG_FILE:inst2|registers~251                          ; Lost fanout                                 ;
; REG_FILE:inst2|registers~252                          ; Lost fanout                                 ;
; REG_FILE:inst2|registers~253                          ; Lost fanout                                 ;
; REG_FILE:inst2|registers~254                          ; Lost fanout                                 ;
; REG_FILE:inst2|registers~255                          ; Lost fanout                                 ;
; REG_FILE:inst2|registers~256                          ; Lost fanout                                 ;
; REG_FILE:inst2|registers~257                          ; Lost fanout                                 ;
; REG_FILE:inst2|registers~258                          ; Lost fanout                                 ;
; REG_FILE:inst2|registers~259                          ; Lost fanout                                 ;
; REG_FILE:inst2|registers~260                          ; Lost fanout                                 ;
; REG_FILE:inst2|registers~261                          ; Lost fanout                                 ;
; REG_FILE:inst2|registers~262                          ; Lost fanout                                 ;
; REG_FILE:inst2|registers~263                          ; Lost fanout                                 ;
; REG_FILE:inst2|registers~264                          ; Lost fanout                                 ;
; REG_FILE:inst2|registers~265                          ; Lost fanout                                 ;
; REG_FILE:inst2|registers~266                          ; Lost fanout                                 ;
; REG_FILE:inst2|registers~267                          ; Lost fanout                                 ;
; REG_FILE:inst2|registers~268                          ; Lost fanout                                 ;
; REG_FILE:inst2|registers~269                          ; Lost fanout                                 ;
; REG_FILE:inst2|registers~270                          ; Lost fanout                                 ;
; REG_FILE:inst2|registers~271                          ; Lost fanout                                 ;
; REG_FILE:inst2|registers~272                          ; Lost fanout                                 ;
; REG_FILE:inst2|registers~273                          ; Lost fanout                                 ;
; REG_FILE:inst2|registers~274                          ; Lost fanout                                 ;
; REG_FILE:inst2|registers~275                          ; Lost fanout                                 ;
; REG_FILE:inst2|registers~276                          ; Lost fanout                                 ;
; REG_FILE:inst2|registers~277                          ; Lost fanout                                 ;
; REG_FILE:inst2|registers~278                          ; Lost fanout                                 ;
; REG_FILE:inst2|registers~279                          ; Lost fanout                                 ;
; REG_FILE:inst2|registers~280                          ; Lost fanout                                 ;
; REG_FILE:inst2|registers~281                          ; Lost fanout                                 ;
; REG_FILE:inst2|registers~282                          ; Lost fanout                                 ;
; REG_FILE:inst2|registers~283                          ; Lost fanout                                 ;
; REG_FILE:inst2|registers~284                          ; Lost fanout                                 ;
; REG_FILE:inst2|registers~285                          ; Lost fanout                                 ;
; REG_FILE:inst2|registers~286                          ; Lost fanout                                 ;
; REG_FILE:inst2|registers~287                          ; Lost fanout                                 ;
; REG_FILE:inst2|registers~288                          ; Lost fanout                                 ;
; REG_FILE:inst2|registers~289                          ; Lost fanout                                 ;
; REG_FILE:inst2|registers~290                          ; Lost fanout                                 ;
; REG_FILE:inst2|registers~291                          ; Lost fanout                                 ;
; REG_FILE:inst2|registers~292                          ; Lost fanout                                 ;
; REG_FILE:inst2|registers~293                          ; Lost fanout                                 ;
; REG_FILE:inst2|registers~294                          ; Lost fanout                                 ;
; REG_FILE:inst2|registers~295                          ; Lost fanout                                 ;
; REG_FILE:inst2|registers~296                          ; Lost fanout                                 ;
; REG_FILE:inst2|registers~297                          ; Lost fanout                                 ;
; REG_FILE:inst2|registers~298                          ; Lost fanout                                 ;
; REG_FILE:inst2|registers~299                          ; Lost fanout                                 ;
; REG_FILE:inst2|registers~300                          ; Lost fanout                                 ;
; REG_FILE:inst2|registers~301                          ; Lost fanout                                 ;
; REG_FILE:inst2|registers~302                          ; Lost fanout                                 ;
; REG_FILE:inst2|registers~303                          ; Lost fanout                                 ;
; REG_FILE:inst2|registers~304                          ; Lost fanout                                 ;
; REG_FILE:inst2|registers~305                          ; Lost fanout                                 ;
; REG_FILE:inst2|registers~306                          ; Lost fanout                                 ;
; REG_FILE:inst2|registers~307                          ; Lost fanout                                 ;
; REG_FILE:inst2|registers~308                          ; Lost fanout                                 ;
; REG_FILE:inst2|registers~309                          ; Lost fanout                                 ;
; REG_FILE:inst2|registers~310                          ; Lost fanout                                 ;
; REG_FILE:inst2|registers~311                          ; Lost fanout                                 ;
; REG_FILE:inst2|registers~312                          ; Lost fanout                                 ;
; REG_FILE:inst2|registers~313                          ; Lost fanout                                 ;
; REG_FILE:inst2|registers~314                          ; Lost fanout                                 ;
; REG_FILE:inst2|registers~315                          ; Lost fanout                                 ;
; REG_FILE:inst2|registers~316                          ; Lost fanout                                 ;
; REG_FILE:inst2|registers~317                          ; Lost fanout                                 ;
; REG_FILE:inst2|registers~318                          ; Lost fanout                                 ;
; REG_FILE:inst2|registers~319                          ; Lost fanout                                 ;
; REG_FILE:inst2|registers~320                          ; Lost fanout                                 ;
; REG_FILE:inst2|registers~321                          ; Lost fanout                                 ;
; REG_FILE:inst2|registers~322                          ; Lost fanout                                 ;
; REG_FILE:inst2|registers~323                          ; Lost fanout                                 ;
; REG_FILE:inst2|registers~324                          ; Lost fanout                                 ;
; REG_FILE:inst2|registers~325                          ; Lost fanout                                 ;
; REG_FILE:inst2|registers~326                          ; Lost fanout                                 ;
; REG_FILE:inst2|registers~327                          ; Lost fanout                                 ;
; REG_FILE:inst2|registers~328                          ; Lost fanout                                 ;
; REG_FILE:inst2|registers~329                          ; Lost fanout                                 ;
; REG_FILE:inst2|registers~330                          ; Lost fanout                                 ;
; REG_FILE:inst2|registers~331                          ; Lost fanout                                 ;
; REG_FILE:inst2|registers~332                          ; Lost fanout                                 ;
; REG_FILE:inst2|registers~333                          ; Lost fanout                                 ;
; REG_FILE:inst2|registers~334                          ; Lost fanout                                 ;
; REG_FILE:inst2|registers~335                          ; Lost fanout                                 ;
; REG_FILE:inst2|registers~336                          ; Lost fanout                                 ;
; REG_FILE:inst2|registers~337                          ; Lost fanout                                 ;
; REG_FILE:inst2|registers~338                          ; Lost fanout                                 ;
; REG_FILE:inst2|registers~339                          ; Lost fanout                                 ;
; REG_FILE:inst2|registers~340                          ; Lost fanout                                 ;
; REG_FILE:inst2|registers~341                          ; Lost fanout                                 ;
; REG_FILE:inst2|registers~342                          ; Lost fanout                                 ;
; REG_FILE:inst2|registers~343                          ; Lost fanout                                 ;
; REG_FILE:inst2|registers~344                          ; Lost fanout                                 ;
; REG_FILE:inst2|registers~345                          ; Lost fanout                                 ;
; REG_FILE:inst2|registers~346                          ; Lost fanout                                 ;
; REG_FILE:inst2|registers~347                          ; Lost fanout                                 ;
; REG_FILE:inst2|registers~348                          ; Lost fanout                                 ;
; REG_FILE:inst2|registers~349                          ; Lost fanout                                 ;
; REG_FILE:inst2|registers~350                          ; Lost fanout                                 ;
; REG_FILE:inst2|registers~351                          ; Lost fanout                                 ;
; REG_FILE:inst2|registers~352                          ; Lost fanout                                 ;
; REG_FILE:inst2|registers~353                          ; Lost fanout                                 ;
; REG_FILE:inst2|registers~354                          ; Lost fanout                                 ;
; REG_FILE:inst2|registers~355                          ; Lost fanout                                 ;
; REG_FILE:inst2|registers~356                          ; Lost fanout                                 ;
; REG_FILE:inst2|registers~357                          ; Lost fanout                                 ;
; REG_FILE:inst2|registers~358                          ; Lost fanout                                 ;
; REG_FILE:inst2|registers~359                          ; Lost fanout                                 ;
; REG_FILE:inst2|registers~360                          ; Lost fanout                                 ;
; REG_FILE:inst2|registers~361                          ; Lost fanout                                 ;
; REG_FILE:inst2|registers~362                          ; Lost fanout                                 ;
; REG_FILE:inst2|registers~363                          ; Lost fanout                                 ;
; REG_FILE:inst2|registers~364                          ; Lost fanout                                 ;
; REG_FILE:inst2|registers~365                          ; Lost fanout                                 ;
; REG_FILE:inst2|registers~366                          ; Lost fanout                                 ;
; REG_FILE:inst2|registers~367                          ; Lost fanout                                 ;
; REG_FILE:inst2|registers~368                          ; Lost fanout                                 ;
; REG_FILE:inst2|registers~369                          ; Lost fanout                                 ;
; REG_FILE:inst2|registers~370                          ; Lost fanout                                 ;
; REG_FILE:inst2|registers~371                          ; Lost fanout                                 ;
; REG_FILE:inst2|registers~372                          ; Lost fanout                                 ;
; REG_FILE:inst2|registers~373                          ; Lost fanout                                 ;
; REG_FILE:inst2|registers~374                          ; Lost fanout                                 ;
; REG_FILE:inst2|registers~375                          ; Lost fanout                                 ;
; REG_FILE:inst2|registers~376                          ; Lost fanout                                 ;
; REG_FILE:inst2|registers~377                          ; Lost fanout                                 ;
; REG_FILE:inst2|registers~378                          ; Lost fanout                                 ;
; REG_FILE:inst2|registers~379                          ; Lost fanout                                 ;
; REG_FILE:inst2|registers~380                          ; Lost fanout                                 ;
; REG_FILE:inst2|registers~381                          ; Lost fanout                                 ;
; REG_FILE:inst2|registers~382                          ; Lost fanout                                 ;
; REG_FILE:inst2|registers~383                          ; Lost fanout                                 ;
; REG_FILE:inst2|registers~384                          ; Lost fanout                                 ;
; REG_FILE:inst2|registers~385                          ; Lost fanout                                 ;
; REG_FILE:inst2|registers~386                          ; Lost fanout                                 ;
; REG_FILE:inst2|registers~387                          ; Lost fanout                                 ;
; REG_FILE:inst2|registers~388                          ; Lost fanout                                 ;
; REG_FILE:inst2|registers~389                          ; Lost fanout                                 ;
; REG_FILE:inst2|registers~390                          ; Lost fanout                                 ;
; REG_FILE:inst2|registers~391                          ; Lost fanout                                 ;
; REG_FILE:inst2|registers~392                          ; Lost fanout                                 ;
; REG_FILE:inst2|registers~393                          ; Lost fanout                                 ;
; REG_FILE:inst2|registers~394                          ; Lost fanout                                 ;
; REG_FILE:inst2|registers~395                          ; Lost fanout                                 ;
; REG_FILE:inst2|registers~396                          ; Lost fanout                                 ;
; REG_FILE:inst2|registers~397                          ; Lost fanout                                 ;
; REG_FILE:inst2|registers~398                          ; Lost fanout                                 ;
; REG_FILE:inst2|registers~399                          ; Lost fanout                                 ;
; REG_FILE:inst2|registers~400                          ; Lost fanout                                 ;
; REG_FILE:inst2|registers~401                          ; Lost fanout                                 ;
; REG_FILE:inst2|registers~402                          ; Lost fanout                                 ;
; REG_FILE:inst2|registers~403                          ; Lost fanout                                 ;
; REG_FILE:inst2|registers~404                          ; Lost fanout                                 ;
; REG_FILE:inst2|registers~405                          ; Lost fanout                                 ;
; REG_FILE:inst2|registers~406                          ; Lost fanout                                 ;
; REG_FILE:inst2|registers~407                          ; Lost fanout                                 ;
; REG_FILE:inst2|registers~408                          ; Lost fanout                                 ;
; REG_FILE:inst2|registers~409                          ; Lost fanout                                 ;
; REG_FILE:inst2|registers~410                          ; Lost fanout                                 ;
; REG_FILE:inst2|registers~411                          ; Lost fanout                                 ;
; REG_FILE:inst2|registers~412                          ; Lost fanout                                 ;
; REG_FILE:inst2|registers~413                          ; Lost fanout                                 ;
; REG_FILE:inst2|registers~414                          ; Lost fanout                                 ;
; REG_FILE:inst2|registers~415                          ; Lost fanout                                 ;
; REG_FILE:inst2|registers~416                          ; Lost fanout                                 ;
; REG_FILE:inst2|registers~417                          ; Lost fanout                                 ;
; REG_FILE:inst2|registers~418                          ; Lost fanout                                 ;
; REG_FILE:inst2|registers~419                          ; Lost fanout                                 ;
; REG_FILE:inst2|registers~420                          ; Lost fanout                                 ;
; REG_FILE:inst2|registers~421                          ; Lost fanout                                 ;
; REG_FILE:inst2|registers~422                          ; Lost fanout                                 ;
; REG_FILE:inst2|registers~423                          ; Lost fanout                                 ;
; REG_FILE:inst2|registers~424                          ; Lost fanout                                 ;
; REG_FILE:inst2|registers~425                          ; Lost fanout                                 ;
; REG_FILE:inst2|registers~426                          ; Lost fanout                                 ;
; REG_FILE:inst2|registers~427                          ; Lost fanout                                 ;
; REG_FILE:inst2|registers~428                          ; Lost fanout                                 ;
; REG_FILE:inst2|registers~429                          ; Lost fanout                                 ;
; REG_FILE:inst2|registers~430                          ; Lost fanout                                 ;
; REG_FILE:inst2|registers~431                          ; Lost fanout                                 ;
; REG_FILE:inst2|registers~432                          ; Lost fanout                                 ;
; REG_FILE:inst2|registers~433                          ; Lost fanout                                 ;
; REG_FILE:inst2|registers~434                          ; Lost fanout                                 ;
; REG_FILE:inst2|registers~435                          ; Lost fanout                                 ;
; REG_FILE:inst2|registers~436                          ; Lost fanout                                 ;
; REG_FILE:inst2|registers~437                          ; Lost fanout                                 ;
; REG_FILE:inst2|registers~438                          ; Lost fanout                                 ;
; REG_FILE:inst2|registers~439                          ; Lost fanout                                 ;
; REG_FILE:inst2|registers~440                          ; Lost fanout                                 ;
; REG_FILE:inst2|registers~441                          ; Lost fanout                                 ;
; REG_FILE:inst2|registers~442                          ; Lost fanout                                 ;
; REG_FILE:inst2|registers~443                          ; Lost fanout                                 ;
; REG_FILE:inst2|registers~444                          ; Lost fanout                                 ;
; REG_FILE:inst2|registers~445                          ; Lost fanout                                 ;
; REG_FILE:inst2|registers~446                          ; Lost fanout                                 ;
; REG_FILE:inst2|registers~447                          ; Lost fanout                                 ;
; REG_FILE:inst2|registers~448                          ; Lost fanout                                 ;
; REG_FILE:inst2|registers~449                          ; Lost fanout                                 ;
; REG_FILE:inst2|registers~450                          ; Lost fanout                                 ;
; REG_FILE:inst2|registers~451                          ; Lost fanout                                 ;
; REG_FILE:inst2|registers~452                          ; Lost fanout                                 ;
; REG_FILE:inst2|registers~453                          ; Lost fanout                                 ;
; REG_FILE:inst2|registers~454                          ; Lost fanout                                 ;
; REG_FILE:inst2|registers~455                          ; Lost fanout                                 ;
; REG_FILE:inst2|registers~456                          ; Lost fanout                                 ;
; REG_FILE:inst2|registers~457                          ; Lost fanout                                 ;
; REG_FILE:inst2|registers~458                          ; Lost fanout                                 ;
; REG_FILE:inst2|registers~459                          ; Lost fanout                                 ;
; REG_FILE:inst2|registers~460                          ; Lost fanout                                 ;
; REG_FILE:inst2|registers~461                          ; Lost fanout                                 ;
; REG_FILE:inst2|registers~462                          ; Lost fanout                                 ;
; REG_FILE:inst2|registers~463                          ; Lost fanout                                 ;
; REG_FILE:inst2|registers~464                          ; Lost fanout                                 ;
; REG_FILE:inst2|registers~465                          ; Lost fanout                                 ;
; REG_FILE:inst2|registers~466                          ; Lost fanout                                 ;
; REG_FILE:inst2|registers~467                          ; Lost fanout                                 ;
; REG_FILE:inst2|registers~468                          ; Lost fanout                                 ;
; REG_FILE:inst2|registers~469                          ; Lost fanout                                 ;
; REG_FILE:inst2|registers~470                          ; Lost fanout                                 ;
; REG_FILE:inst2|registers~471                          ; Lost fanout                                 ;
; REG_FILE:inst2|registers~472                          ; Lost fanout                                 ;
; REG_FILE:inst2|registers~473                          ; Lost fanout                                 ;
; REG_FILE:inst2|registers~474                          ; Lost fanout                                 ;
; REG_FILE:inst2|registers~475                          ; Lost fanout                                 ;
; REG_FILE:inst2|registers~476                          ; Lost fanout                                 ;
; REG_FILE:inst2|registers~477                          ; Lost fanout                                 ;
; REG_FILE:inst2|registers~478                          ; Lost fanout                                 ;
; REG_FILE:inst2|registers~479                          ; Lost fanout                                 ;
; REG_FILE:inst2|registers~480                          ; Lost fanout                                 ;
; REG_FILE:inst2|registers~481                          ; Lost fanout                                 ;
; REG_FILE:inst2|registers~482                          ; Lost fanout                                 ;
; REG_FILE:inst2|registers~483                          ; Lost fanout                                 ;
; REG_FILE:inst2|registers~484                          ; Lost fanout                                 ;
; REG_FILE:inst2|registers~485                          ; Lost fanout                                 ;
; REG_FILE:inst2|registers~486                          ; Lost fanout                                 ;
; REG_FILE:inst2|registers~487                          ; Lost fanout                                 ;
; REG_FILE:inst2|registers~488                          ; Lost fanout                                 ;
; REG_FILE:inst2|registers~489                          ; Lost fanout                                 ;
; REG_FILE:inst2|registers~490                          ; Lost fanout                                 ;
; REG_FILE:inst2|registers~491                          ; Lost fanout                                 ;
; REG_FILE:inst2|registers~492                          ; Lost fanout                                 ;
; REG_FILE:inst2|registers~493                          ; Lost fanout                                 ;
; REG_FILE:inst2|registers~494                          ; Lost fanout                                 ;
; REG_FILE:inst2|registers~495                          ; Lost fanout                                 ;
; REG_FILE:inst2|registers~496                          ; Lost fanout                                 ;
; REG_FILE:inst2|registers~497                          ; Lost fanout                                 ;
; REG_FILE:inst2|registers~498                          ; Lost fanout                                 ;
; REG_FILE:inst2|registers~499                          ; Lost fanout                                 ;
; REG_FILE:inst2|registers~500                          ; Lost fanout                                 ;
; REG_FILE:inst2|registers~501                          ; Lost fanout                                 ;
; REG_FILE:inst2|registers~502                          ; Lost fanout                                 ;
; REG_FILE:inst2|registers~503                          ; Lost fanout                                 ;
; REG_FILE:inst2|registers~504                          ; Lost fanout                                 ;
; REG_FILE:inst2|registers~505                          ; Lost fanout                                 ;
; REG_FILE:inst2|registers~506                          ; Lost fanout                                 ;
; REG_FILE:inst2|registers~507                          ; Lost fanout                                 ;
; REG_FILE:inst2|registers~508                          ; Lost fanout                                 ;
; REG_FILE:inst2|registers~509                          ; Lost fanout                                 ;
; REG_FILE:inst2|registers~510                          ; Lost fanout                                 ;
; REG_FILE:inst2|registers~511                          ; Lost fanout                                 ;
; REG_FILE:inst2|registers~512                          ; Lost fanout                                 ;
; REG_FILE:inst2|registers~513                          ; Lost fanout                                 ;
; REG_FILE:inst2|registers~514                          ; Lost fanout                                 ;
; REG_FILE:inst2|registers~515                          ; Lost fanout                                 ;
; REG_FILE:inst2|registers~516                          ; Lost fanout                                 ;
; REG_FILE:inst2|registers~517                          ; Lost fanout                                 ;
; REG_FILE:inst2|registers~518                          ; Lost fanout                                 ;
; REG_FILE:inst2|registers~519                          ; Lost fanout                                 ;
; REG_FILE:inst2|registers~520                          ; Lost fanout                                 ;
; REG_FILE:inst2|registers~521                          ; Lost fanout                                 ;
; REG_FILE:inst2|registers~522                          ; Lost fanout                                 ;
; REG_FILE:inst2|registers~523                          ; Lost fanout                                 ;
; REG_FILE:inst2|registers~524                          ; Lost fanout                                 ;
; REG_FILE:inst2|registers~525                          ; Lost fanout                                 ;
; REG_FILE:inst2|registers~526                          ; Lost fanout                                 ;
; REG_FILE:inst2|registers~527                          ; Lost fanout                                 ;
; REG_FILE:inst2|registers~528                          ; Lost fanout                                 ;
; REG_FILE:inst2|registers~529                          ; Lost fanout                                 ;
; REG_FILE:inst2|registers~530                          ; Lost fanout                                 ;
; REG_FILE:inst2|registers~531                          ; Lost fanout                                 ;
; REG_FILE:inst2|registers~532                          ; Lost fanout                                 ;
; REG_FILE:inst2|registers~533                          ; Lost fanout                                 ;
; REG_FILE:inst2|registers~534                          ; Lost fanout                                 ;
; REG_FILE:inst2|registers~535                          ; Lost fanout                                 ;
; REG_FILE:inst2|registers~536                          ; Lost fanout                                 ;
; REG_FILE:inst2|registers~537                          ; Lost fanout                                 ;
; REG_FILE:inst2|registers~538                          ; Lost fanout                                 ;
; REG_FILE:inst2|registers~539                          ; Lost fanout                                 ;
; REG_FILE:inst2|registers~540                          ; Lost fanout                                 ;
; REG_FILE:inst2|registers~541                          ; Lost fanout                                 ;
; REG_FILE:inst2|registers~542                          ; Lost fanout                                 ;
; REG_FILE:inst2|registers~543                          ; Lost fanout                                 ;
; REG_FILE:inst2|registers~544                          ; Lost fanout                                 ;
; REG_FILE:inst2|registers~545                          ; Lost fanout                                 ;
; REG_FILE:inst2|registers~546                          ; Lost fanout                                 ;
; REG_FILE:inst2|registers~547                          ; Lost fanout                                 ;
; REG_FILE:inst2|registers~548                          ; Lost fanout                                 ;
; REG_FILE:inst2|registers~549                          ; Lost fanout                                 ;
; REG_FILE:inst2|registers~678                          ; Lost fanout                                 ;
; REG_FILE:inst2|registers~679                          ; Lost fanout                                 ;
; REG_FILE:inst2|registers~680                          ; Lost fanout                                 ;
; REG_FILE:inst2|registers~681                          ; Lost fanout                                 ;
; REG_FILE:inst2|registers~682                          ; Lost fanout                                 ;
; REG_FILE:inst2|registers~683                          ; Lost fanout                                 ;
; REG_FILE:inst2|registers~684                          ; Lost fanout                                 ;
; REG_FILE:inst2|registers~685                          ; Lost fanout                                 ;
; REG_FILE:inst2|registers~686                          ; Lost fanout                                 ;
; REG_FILE:inst2|registers~687                          ; Lost fanout                                 ;
; REG_FILE:inst2|registers~688                          ; Lost fanout                                 ;
; REG_FILE:inst2|registers~689                          ; Lost fanout                                 ;
; REG_FILE:inst2|registers~690                          ; Lost fanout                                 ;
; REG_FILE:inst2|registers~691                          ; Lost fanout                                 ;
; REG_FILE:inst2|registers~692                          ; Lost fanout                                 ;
; REG_FILE:inst2|registers~693                          ; Lost fanout                                 ;
; REG_FILE:inst2|registers~694                          ; Lost fanout                                 ;
; REG_FILE:inst2|registers~695                          ; Lost fanout                                 ;
; REG_FILE:inst2|registers~696                          ; Lost fanout                                 ;
; REG_FILE:inst2|registers~697                          ; Lost fanout                                 ;
; REG_FILE:inst2|registers~698                          ; Lost fanout                                 ;
; REG_FILE:inst2|registers~699                          ; Lost fanout                                 ;
; REG_FILE:inst2|registers~700                          ; Lost fanout                                 ;
; REG_FILE:inst2|registers~701                          ; Lost fanout                                 ;
; REG_FILE:inst2|registers~702                          ; Lost fanout                                 ;
; REG_FILE:inst2|registers~703                          ; Lost fanout                                 ;
; REG_FILE:inst2|registers~704                          ; Lost fanout                                 ;
; REG_FILE:inst2|registers~705                          ; Lost fanout                                 ;
; REG_FILE:inst2|registers~706                          ; Lost fanout                                 ;
; REG_FILE:inst2|registers~707                          ; Lost fanout                                 ;
; REG_FILE:inst2|registers~708                          ; Lost fanout                                 ;
; REG_FILE:inst2|registers~709                          ; Lost fanout                                 ;
; REG_FILE:inst2|registers~710                          ; Lost fanout                                 ;
; REG_FILE:inst2|registers~711                          ; Lost fanout                                 ;
; REG_FILE:inst2|registers~712                          ; Lost fanout                                 ;
; REG_FILE:inst2|registers~713                          ; Lost fanout                                 ;
; REG_FILE:inst2|registers~714                          ; Lost fanout                                 ;
; REG_FILE:inst2|registers~715                          ; Lost fanout                                 ;
; REG_FILE:inst2|registers~716                          ; Lost fanout                                 ;
; REG_FILE:inst2|registers~717                          ; Lost fanout                                 ;
; REG_FILE:inst2|registers~718                          ; Lost fanout                                 ;
; REG_FILE:inst2|registers~719                          ; Lost fanout                                 ;
; REG_FILE:inst2|registers~720                          ; Lost fanout                                 ;
; REG_FILE:inst2|registers~721                          ; Lost fanout                                 ;
; REG_FILE:inst2|registers~722                          ; Lost fanout                                 ;
; REG_FILE:inst2|registers~723                          ; Lost fanout                                 ;
; REG_FILE:inst2|registers~724                          ; Lost fanout                                 ;
; REG_FILE:inst2|registers~725                          ; Lost fanout                                 ;
; REG_FILE:inst2|registers~726                          ; Lost fanout                                 ;
; REG_FILE:inst2|registers~727                          ; Lost fanout                                 ;
; REG_FILE:inst2|registers~728                          ; Lost fanout                                 ;
; REG_FILE:inst2|registers~729                          ; Lost fanout                                 ;
; REG_FILE:inst2|registers~730                          ; Lost fanout                                 ;
; REG_FILE:inst2|registers~731                          ; Lost fanout                                 ;
; REG_FILE:inst2|registers~732                          ; Lost fanout                                 ;
; REG_FILE:inst2|registers~733                          ; Lost fanout                                 ;
; REG_FILE:inst2|registers~734                          ; Lost fanout                                 ;
; REG_FILE:inst2|registers~735                          ; Lost fanout                                 ;
; REG_FILE:inst2|registers~736                          ; Lost fanout                                 ;
; REG_FILE:inst2|registers~737                          ; Lost fanout                                 ;
; REG_FILE:inst2|registers~738                          ; Lost fanout                                 ;
; REG_FILE:inst2|registers~739                          ; Lost fanout                                 ;
; REG_FILE:inst2|registers~740                          ; Lost fanout                                 ;
; REG_FILE:inst2|registers~741                          ; Lost fanout                                 ;
; REG_FILE:inst2|registers~742                          ; Lost fanout                                 ;
; REG_FILE:inst2|registers~743                          ; Lost fanout                                 ;
; REG_FILE:inst2|registers~744                          ; Lost fanout                                 ;
; REG_FILE:inst2|registers~745                          ; Lost fanout                                 ;
; REG_FILE:inst2|registers~746                          ; Lost fanout                                 ;
; REG_FILE:inst2|registers~747                          ; Lost fanout                                 ;
; REG_FILE:inst2|registers~748                          ; Lost fanout                                 ;
; REG_FILE:inst2|registers~749                          ; Lost fanout                                 ;
; REG_FILE:inst2|registers~750                          ; Lost fanout                                 ;
; REG_FILE:inst2|registers~751                          ; Lost fanout                                 ;
; REG_FILE:inst2|registers~752                          ; Lost fanout                                 ;
; REG_FILE:inst2|registers~753                          ; Lost fanout                                 ;
; REG_FILE:inst2|registers~754                          ; Lost fanout                                 ;
; REG_FILE:inst2|registers~755                          ; Lost fanout                                 ;
; REG_FILE:inst2|registers~756                          ; Lost fanout                                 ;
; REG_FILE:inst2|registers~757                          ; Lost fanout                                 ;
; REG_FILE:inst2|registers~758                          ; Lost fanout                                 ;
; REG_FILE:inst2|registers~759                          ; Lost fanout                                 ;
; REG_FILE:inst2|registers~760                          ; Lost fanout                                 ;
; REG_FILE:inst2|registers~761                          ; Lost fanout                                 ;
; REG_FILE:inst2|registers~762                          ; Lost fanout                                 ;
; REG_FILE:inst2|registers~763                          ; Lost fanout                                 ;
; REG_FILE:inst2|registers~764                          ; Lost fanout                                 ;
; REG_FILE:inst2|registers~765                          ; Lost fanout                                 ;
; REG_FILE:inst2|registers~766                          ; Lost fanout                                 ;
; REG_FILE:inst2|registers~767                          ; Lost fanout                                 ;
; REG_FILE:inst2|registers~768                          ; Lost fanout                                 ;
; REG_FILE:inst2|registers~769                          ; Lost fanout                                 ;
; REG_FILE:inst2|registers~770                          ; Lost fanout                                 ;
; REG_FILE:inst2|registers~771                          ; Lost fanout                                 ;
; REG_FILE:inst2|registers~772                          ; Lost fanout                                 ;
; REG_FILE:inst2|registers~773                          ; Lost fanout                                 ;
; REG_FILE:inst2|registers~774                          ; Lost fanout                                 ;
; REG_FILE:inst2|registers~775                          ; Lost fanout                                 ;
; REG_FILE:inst2|registers~776                          ; Lost fanout                                 ;
; REG_FILE:inst2|registers~777                          ; Lost fanout                                 ;
; REG_FILE:inst2|registers~778                          ; Lost fanout                                 ;
; REG_FILE:inst2|registers~779                          ; Lost fanout                                 ;
; REG_FILE:inst2|registers~780                          ; Lost fanout                                 ;
; REG_FILE:inst2|registers~781                          ; Lost fanout                                 ;
; REG_FILE:inst2|registers~782                          ; Lost fanout                                 ;
; REG_FILE:inst2|registers~783                          ; Lost fanout                                 ;
; REG_FILE:inst2|registers~784                          ; Lost fanout                                 ;
; REG_FILE:inst2|registers~785                          ; Lost fanout                                 ;
; REG_FILE:inst2|registers~786                          ; Lost fanout                                 ;
; REG_FILE:inst2|registers~787                          ; Lost fanout                                 ;
; REG_FILE:inst2|registers~788                          ; Lost fanout                                 ;
; REG_FILE:inst2|registers~789                          ; Lost fanout                                 ;
; REG_FILE:inst2|registers~790                          ; Lost fanout                                 ;
; REG_FILE:inst2|registers~791                          ; Lost fanout                                 ;
; REG_FILE:inst2|registers~792                          ; Lost fanout                                 ;
; REG_FILE:inst2|registers~793                          ; Lost fanout                                 ;
; REG_FILE:inst2|registers~794                          ; Lost fanout                                 ;
; REG_FILE:inst2|registers~795                          ; Lost fanout                                 ;
; REG_FILE:inst2|registers~796                          ; Lost fanout                                 ;
; REG_FILE:inst2|registers~797                          ; Lost fanout                                 ;
; REG_FILE:inst2|registers~798                          ; Lost fanout                                 ;
; REG_FILE:inst2|registers~799                          ; Lost fanout                                 ;
; REG_FILE:inst2|registers~800                          ; Lost fanout                                 ;
; REG_FILE:inst2|registers~801                          ; Lost fanout                                 ;
; REG_FILE:inst2|registers~802                          ; Lost fanout                                 ;
; REG_FILE:inst2|registers~803                          ; Lost fanout                                 ;
; REG_FILE:inst2|registers~804                          ; Lost fanout                                 ;
; REG_FILE:inst2|registers~805                          ; Lost fanout                                 ;
; REG_FILE:inst2|registers~806                          ; Lost fanout                                 ;
; REG_FILE:inst2|registers~807                          ; Lost fanout                                 ;
; REG_FILE:inst2|registers~808                          ; Lost fanout                                 ;
; REG_FILE:inst2|registers~809                          ; Lost fanout                                 ;
; REG_FILE:inst2|registers~810                          ; Lost fanout                                 ;
; REG_FILE:inst2|registers~811                          ; Lost fanout                                 ;
; REG_FILE:inst2|registers~812                          ; Lost fanout                                 ;
; REG_FILE:inst2|registers~813                          ; Lost fanout                                 ;
; REG_FILE:inst2|registers~814                          ; Lost fanout                                 ;
; REG_FILE:inst2|registers~815                          ; Lost fanout                                 ;
; REG_FILE:inst2|registers~816                          ; Lost fanout                                 ;
; REG_FILE:inst2|registers~817                          ; Lost fanout                                 ;
; REG_FILE:inst2|registers~818                          ; Lost fanout                                 ;
; REG_FILE:inst2|registers~819                          ; Lost fanout                                 ;
; REG_FILE:inst2|registers~820                          ; Lost fanout                                 ;
; REG_FILE:inst2|registers~821                          ; Lost fanout                                 ;
; REG_FILE:inst2|registers~822                          ; Lost fanout                                 ;
; REG_FILE:inst2|registers~823                          ; Lost fanout                                 ;
; REG_FILE:inst2|registers~824                          ; Lost fanout                                 ;
; REG_FILE:inst2|registers~825                          ; Lost fanout                                 ;
; REG_FILE:inst2|registers~826                          ; Lost fanout                                 ;
; REG_FILE:inst2|registers~827                          ; Lost fanout                                 ;
; REG_FILE:inst2|registers~828                          ; Lost fanout                                 ;
; REG_FILE:inst2|registers~829                          ; Lost fanout                                 ;
; REG_FILE:inst2|registers~830                          ; Lost fanout                                 ;
; REG_FILE:inst2|registers~831                          ; Lost fanout                                 ;
; REG_FILE:inst2|registers~832                          ; Lost fanout                                 ;
; REG_FILE:inst2|registers~833                          ; Lost fanout                                 ;
; REG_FILE:inst2|registers~834                          ; Lost fanout                                 ;
; REG_FILE:inst2|registers~835                          ; Lost fanout                                 ;
; REG_FILE:inst2|registers~836                          ; Lost fanout                                 ;
; REG_FILE:inst2|registers~837                          ; Lost fanout                                 ;
; REG_FILE:inst2|registers~838                          ; Lost fanout                                 ;
; REG_FILE:inst2|registers~839                          ; Lost fanout                                 ;
; REG_FILE:inst2|registers~840                          ; Lost fanout                                 ;
; REG_FILE:inst2|registers~841                          ; Lost fanout                                 ;
; REG_FILE:inst2|registers~842                          ; Lost fanout                                 ;
; REG_FILE:inst2|registers~843                          ; Lost fanout                                 ;
; REG_FILE:inst2|registers~844                          ; Lost fanout                                 ;
; REG_FILE:inst2|registers~845                          ; Lost fanout                                 ;
; REG_FILE:inst2|registers~846                          ; Lost fanout                                 ;
; REG_FILE:inst2|registers~847                          ; Lost fanout                                 ;
; REG_FILE:inst2|registers~848                          ; Lost fanout                                 ;
; REG_FILE:inst2|registers~849                          ; Lost fanout                                 ;
; REG_FILE:inst2|registers~850                          ; Lost fanout                                 ;
; REG_FILE:inst2|registers~851                          ; Lost fanout                                 ;
; REG_FILE:inst2|registers~852                          ; Lost fanout                                 ;
; REG_FILE:inst2|registers~853                          ; Lost fanout                                 ;
; REG_FILE:inst2|registers~854                          ; Lost fanout                                 ;
; REG_FILE:inst2|registers~855                          ; Lost fanout                                 ;
; REG_FILE:inst2|registers~856                          ; Lost fanout                                 ;
; REG_FILE:inst2|registers~857                          ; Lost fanout                                 ;
; REG_FILE:inst2|registers~858                          ; Lost fanout                                 ;
; REG_FILE:inst2|registers~859                          ; Lost fanout                                 ;
; REG_FILE:inst2|registers~860                          ; Lost fanout                                 ;
; REG_FILE:inst2|registers~861                          ; Lost fanout                                 ;
; REG_FILE:inst2|registers~862                          ; Lost fanout                                 ;
; REG_FILE:inst2|registers~863                          ; Lost fanout                                 ;
; REG_FILE:inst2|registers~864                          ; Lost fanout                                 ;
; REG_FILE:inst2|registers~865                          ; Lost fanout                                 ;
; REG_FILE:inst2|registers~866                          ; Lost fanout                                 ;
; REG_FILE:inst2|registers~867                          ; Lost fanout                                 ;
; REG_FILE:inst2|registers~868                          ; Lost fanout                                 ;
; REG_FILE:inst2|registers~869                          ; Lost fanout                                 ;
; REG_FILE:inst2|registers~870                          ; Lost fanout                                 ;
; REG_FILE:inst2|registers~871                          ; Lost fanout                                 ;
; REG_FILE:inst2|registers~872                          ; Lost fanout                                 ;
; REG_FILE:inst2|registers~873                          ; Lost fanout                                 ;
; REG_FILE:inst2|registers~874                          ; Lost fanout                                 ;
; REG_FILE:inst2|registers~875                          ; Lost fanout                                 ;
; REG_FILE:inst2|registers~876                          ; Lost fanout                                 ;
; REG_FILE:inst2|registers~877                          ; Lost fanout                                 ;
; REG_FILE:inst2|registers~878                          ; Lost fanout                                 ;
; REG_FILE:inst2|registers~879                          ; Lost fanout                                 ;
; REG_FILE:inst2|registers~880                          ; Lost fanout                                 ;
; REG_FILE:inst2|registers~881                          ; Lost fanout                                 ;
; REG_FILE:inst2|registers~882                          ; Lost fanout                                 ;
; REG_FILE:inst2|registers~883                          ; Lost fanout                                 ;
; REG_FILE:inst2|registers~884                          ; Lost fanout                                 ;
; REG_FILE:inst2|registers~885                          ; Lost fanout                                 ;
; REG_FILE:inst2|registers~886                          ; Lost fanout                                 ;
; REG_FILE:inst2|registers~887                          ; Lost fanout                                 ;
; REG_FILE:inst2|registers~888                          ; Lost fanout                                 ;
; REG_FILE:inst2|registers~889                          ; Lost fanout                                 ;
; REG_FILE:inst2|registers~890                          ; Lost fanout                                 ;
; REG_FILE:inst2|registers~891                          ; Lost fanout                                 ;
; REG_FILE:inst2|registers~892                          ; Lost fanout                                 ;
; REG_FILE:inst2|registers~893                          ; Lost fanout                                 ;
; REG_FILE:inst2|registers~894                          ; Lost fanout                                 ;
; REG_FILE:inst2|registers~895                          ; Lost fanout                                 ;
; REG_FILE:inst2|registers~896                          ; Lost fanout                                 ;
; REG_FILE:inst2|registers~897                          ; Lost fanout                                 ;
; REG_FILE:inst2|registers~898                          ; Lost fanout                                 ;
; REG_FILE:inst2|registers~899                          ; Lost fanout                                 ;
; REG_FILE:inst2|registers~900                          ; Lost fanout                                 ;
; REG_FILE:inst2|registers~901                          ; Lost fanout                                 ;
; REG_FILE:inst2|registers~902                          ; Lost fanout                                 ;
; REG_FILE:inst2|registers~903                          ; Lost fanout                                 ;
; REG_FILE:inst2|registers~904                          ; Lost fanout                                 ;
; REG_FILE:inst2|registers~905                          ; Lost fanout                                 ;
; REG_FILE:inst2|registers~906                          ; Lost fanout                                 ;
; REG_FILE:inst2|registers~907                          ; Lost fanout                                 ;
; REG_FILE:inst2|registers~908                          ; Lost fanout                                 ;
; REG_FILE:inst2|registers~909                          ; Lost fanout                                 ;
; REG_FILE:inst2|registers~910                          ; Lost fanout                                 ;
; REG_FILE:inst2|registers~911                          ; Lost fanout                                 ;
; REG_FILE:inst2|registers~912                          ; Lost fanout                                 ;
; REG_FILE:inst2|registers~913                          ; Lost fanout                                 ;
; REG_FILE:inst2|registers~914                          ; Lost fanout                                 ;
; REG_FILE:inst2|registers~915                          ; Lost fanout                                 ;
; REG_FILE:inst2|registers~916                          ; Lost fanout                                 ;
; REG_FILE:inst2|registers~917                          ; Lost fanout                                 ;
; REG_FILE:inst2|registers~918                          ; Lost fanout                                 ;
; REG_FILE:inst2|registers~919                          ; Lost fanout                                 ;
; REG_FILE:inst2|registers~920                          ; Lost fanout                                 ;
; REG_FILE:inst2|registers~921                          ; Lost fanout                                 ;
; REG_FILE:inst2|registers~922                          ; Lost fanout                                 ;
; REG_FILE:inst2|registers~923                          ; Lost fanout                                 ;
; REG_FILE:inst2|registers~924                          ; Lost fanout                                 ;
; REG_FILE:inst2|registers~925                          ; Lost fanout                                 ;
; REG_FILE:inst2|registers~926                          ; Lost fanout                                 ;
; REG_FILE:inst2|registers~927                          ; Lost fanout                                 ;
; REG_FILE:inst2|registers~928                          ; Lost fanout                                 ;
; REG_FILE:inst2|registers~929                          ; Lost fanout                                 ;
; REG_FILE:inst2|registers~930                          ; Lost fanout                                 ;
; REG_FILE:inst2|registers~931                          ; Lost fanout                                 ;
; REG_FILE:inst2|registers~932                          ; Lost fanout                                 ;
; REG_FILE:inst2|registers~933                          ; Lost fanout                                 ;
; REG_FILE:inst2|registers~934                          ; Lost fanout                                 ;
; REG_FILE:inst2|registers~935                          ; Lost fanout                                 ;
; REG_FILE:inst2|registers~936                          ; Lost fanout                                 ;
; REG_FILE:inst2|registers~937                          ; Lost fanout                                 ;
; REG_FILE:inst2|registers~938                          ; Lost fanout                                 ;
; REG_FILE:inst2|registers~939                          ; Lost fanout                                 ;
; REG_FILE:inst2|registers~940                          ; Lost fanout                                 ;
; REG_FILE:inst2|registers~941                          ; Lost fanout                                 ;
; REG_FILE:inst2|registers~942                          ; Lost fanout                                 ;
; REG_FILE:inst2|registers~943                          ; Lost fanout                                 ;
; REG_FILE:inst2|registers~944                          ; Lost fanout                                 ;
; REG_FILE:inst2|registers~945                          ; Lost fanout                                 ;
; REG_FILE:inst2|registers~946                          ; Lost fanout                                 ;
; REG_FILE:inst2|registers~947                          ; Lost fanout                                 ;
; REG_FILE:inst2|registers~948                          ; Lost fanout                                 ;
; REG_FILE:inst2|registers~949                          ; Lost fanout                                 ;
; REG_FILE:inst2|registers~950                          ; Lost fanout                                 ;
; REG_FILE:inst2|registers~951                          ; Lost fanout                                 ;
; REG_FILE:inst2|registers~952                          ; Lost fanout                                 ;
; REG_FILE:inst2|registers~953                          ; Lost fanout                                 ;
; REG_FILE:inst2|registers~954                          ; Lost fanout                                 ;
; REG_FILE:inst2|registers~955                          ; Lost fanout                                 ;
; REG_FILE:inst2|registers~956                          ; Lost fanout                                 ;
; REG_FILE:inst2|registers~957                          ; Lost fanout                                 ;
; REG_FILE:inst2|registers~958                          ; Lost fanout                                 ;
; REG_FILE:inst2|registers~959                          ; Lost fanout                                 ;
; REG_FILE:inst2|registers~960                          ; Lost fanout                                 ;
; REG_FILE:inst2|registers~961                          ; Lost fanout                                 ;
; REG_FILE:inst2|registers~962                          ; Lost fanout                                 ;
; REG_FILE:inst2|registers~963                          ; Lost fanout                                 ;
; REG_FILE:inst2|registers~964                          ; Lost fanout                                 ;
; REG_FILE:inst2|registers~965                          ; Lost fanout                                 ;
; REG_FILE:inst2|registers~966                          ; Lost fanout                                 ;
; REG_FILE:inst2|registers~967                          ; Lost fanout                                 ;
; REG_FILE:inst2|registers~968                          ; Lost fanout                                 ;
; REG_FILE:inst2|registers~969                          ; Lost fanout                                 ;
; REG_FILE:inst2|registers~970                          ; Lost fanout                                 ;
; REG_FILE:inst2|registers~971                          ; Lost fanout                                 ;
; REG_FILE:inst2|registers~972                          ; Lost fanout                                 ;
; REG_FILE:inst2|registers~973                          ; Lost fanout                                 ;
; REG_FILE:inst2|registers~974                          ; Lost fanout                                 ;
; REG_FILE:inst2|registers~975                          ; Lost fanout                                 ;
; REG_FILE:inst2|registers~976                          ; Lost fanout                                 ;
; REG_FILE:inst2|registers~977                          ; Lost fanout                                 ;
; REG_FILE:inst2|registers~978                          ; Lost fanout                                 ;
; REG_FILE:inst2|registers~979                          ; Lost fanout                                 ;
; REG_FILE:inst2|registers~980                          ; Lost fanout                                 ;
; REG_FILE:inst2|registers~981                          ; Lost fanout                                 ;
; REG_FILE:inst2|registers~982                          ; Lost fanout                                 ;
; REG_FILE:inst2|registers~983                          ; Lost fanout                                 ;
; REG_FILE:inst2|registers~984                          ; Lost fanout                                 ;
; REG_FILE:inst2|registers~985                          ; Lost fanout                                 ;
; REG_FILE:inst2|registers~986                          ; Lost fanout                                 ;
; REG_FILE:inst2|registers~987                          ; Lost fanout                                 ;
; REG_FILE:inst2|registers~988                          ; Lost fanout                                 ;
; REG_FILE:inst2|registers~989                          ; Lost fanout                                 ;
; REG_FILE:inst2|registers~990                          ; Lost fanout                                 ;
; REG_FILE:inst2|registers~991                          ; Lost fanout                                 ;
; REG_FILE:inst2|registers~992                          ; Lost fanout                                 ;
; REG_FILE:inst2|registers~993                          ; Lost fanout                                 ;
; REG_FILE:inst2|registers~994                          ; Lost fanout                                 ;
; REG_FILE:inst2|registers~995                          ; Lost fanout                                 ;
; REG_FILE:inst2|registers~996                          ; Lost fanout                                 ;
; REG_FILE:inst2|registers~997                          ; Lost fanout                                 ;
; REG_FILE:inst2|registers~998                          ; Lost fanout                                 ;
; REG_FILE:inst2|registers~999                          ; Lost fanout                                 ;
; REG_FILE:inst2|registers~1000                         ; Lost fanout                                 ;
; REG_FILE:inst2|registers~1001                         ; Lost fanout                                 ;
; REG_FILE:inst2|registers~1002                         ; Lost fanout                                 ;
; REG_FILE:inst2|registers~1003                         ; Lost fanout                                 ;
; REG_FILE:inst2|registers~1004                         ; Lost fanout                                 ;
; REG_FILE:inst2|registers~1005                         ; Lost fanout                                 ;
; REG_FILE:inst2|registers~1006                         ; Lost fanout                                 ;
; REG_FILE:inst2|registers~1007                         ; Lost fanout                                 ;
; REG_FILE:inst2|registers~1008                         ; Lost fanout                                 ;
; REG_FILE:inst2|registers~1009                         ; Lost fanout                                 ;
; REG_FILE:inst2|registers~1010                         ; Lost fanout                                 ;
; REG_FILE:inst2|registers~1011                         ; Lost fanout                                 ;
; REG_FILE:inst2|registers~1012                         ; Lost fanout                                 ;
; REG_FILE:inst2|registers~1013                         ; Lost fanout                                 ;
; REG_FILE:inst2|registers~1014                         ; Lost fanout                                 ;
; REG_FILE:inst2|registers~1015                         ; Lost fanout                                 ;
; REG_FILE:inst2|registers~1016                         ; Lost fanout                                 ;
; REG_FILE:inst2|registers~1017                         ; Lost fanout                                 ;
; REG_FILE:inst2|registers~1018                         ; Lost fanout                                 ;
; REG_FILE:inst2|registers~1019                         ; Lost fanout                                 ;
; REG_FILE:inst2|registers~1020                         ; Lost fanout                                 ;
; REG_FILE:inst2|registers~1021                         ; Lost fanout                                 ;
; REG_FILE:inst2|registers~1022                         ; Lost fanout                                 ;
; REG_FILE:inst2|registers~1023                         ; Lost fanout                                 ;
; REG_FILE:inst2|registers~1024                         ; Lost fanout                                 ;
; REG_FILE:inst2|registers~1025                         ; Lost fanout                                 ;
; REG_FILE:inst2|registers~1026                         ; Lost fanout                                 ;
; REG_FILE:inst2|registers~1027                         ; Lost fanout                                 ;
; REG_FILE:inst2|registers~1028                         ; Lost fanout                                 ;
; REG_FILE:inst2|registers~1029                         ; Lost fanout                                 ;
; REG_FILE:inst2|registers~1030                         ; Lost fanout                                 ;
; REG_FILE:inst2|registers~1031                         ; Lost fanout                                 ;
; REG_FILE:inst2|registers~1032                         ; Lost fanout                                 ;
; REG_FILE:inst2|registers~1033                         ; Lost fanout                                 ;
; REG_FILE:inst2|registers~1034                         ; Lost fanout                                 ;
; REG_FILE:inst2|registers~1035                         ; Lost fanout                                 ;
; REG_FILE:inst2|registers~1036                         ; Lost fanout                                 ;
; REG_FILE:inst2|registers~1037                         ; Lost fanout                                 ;
; REG_FILE:inst2|registers~1038                         ; Lost fanout                                 ;
; REG_FILE:inst2|registers~1039                         ; Lost fanout                                 ;
; REG_FILE:inst2|registers~1040                         ; Lost fanout                                 ;
; REG_FILE:inst2|registers~1041                         ; Lost fanout                                 ;
; REG_FILE:inst2|registers~1042                         ; Lost fanout                                 ;
; REG_FILE:inst2|registers~1043                         ; Lost fanout                                 ;
; REG_FILE:inst2|registers~1044                         ; Lost fanout                                 ;
; REG_FILE:inst2|registers~1045                         ; Lost fanout                                 ;
; REG_FILE:inst2|registers~1046                         ; Lost fanout                                 ;
; REG_FILE:inst2|registers~1047                         ; Lost fanout                                 ;
; REG_FILE:inst2|registers~1048                         ; Lost fanout                                 ;
; REG_FILE:inst2|registers~1049                         ; Lost fanout                                 ;
; REG_FILE:inst2|registers~1050                         ; Lost fanout                                 ;
; REG_FILE:inst2|registers~1051                         ; Lost fanout                                 ;
; REG_FILE:inst2|registers~1052                         ; Lost fanout                                 ;
; REG_FILE:inst2|registers~1053                         ; Lost fanout                                 ;
; REG_FILE:inst2|registers~1054                         ; Lost fanout                                 ;
; REG_FILE:inst2|registers~1055                         ; Lost fanout                                 ;
; REG_FILE:inst2|registers~1056                         ; Lost fanout                                 ;
; REG_FILE:inst2|registers~1057                         ; Lost fanout                                 ;
; REG_FILE:inst2|registers~1058                         ; Lost fanout                                 ;
; REG_FILE:inst2|registers~1059                         ; Lost fanout                                 ;
; REG_FILE:inst2|registers~1060                         ; Lost fanout                                 ;
; REG_FILE:inst2|registers~1061                         ; Lost fanout                                 ;
; REG_FILE:inst2|registers~69                           ; Stuck at GND due to stuck port clock_enable ;
; REG_FILE:inst2|registers~165                          ; Stuck at GND due to stuck port clock_enable ;
; REG_FILE:inst2|registers~133                          ; Stuck at GND due to stuck port clock_enable ;
; REG_FILE:inst2|registers~101                          ; Stuck at GND due to stuck port clock_enable ;
; REG_FILE:inst2|registers~40                           ; Stuck at GND due to stuck port clock_enable ;
; REG_FILE:inst2|registers~136                          ; Stuck at GND due to stuck port clock_enable ;
; REG_FILE:inst2|registers~104                          ; Stuck at GND due to stuck port clock_enable ;
; REG_FILE:inst2|registers~72                           ; Stuck at GND due to stuck port clock_enable ;
; REG_FILE:inst2|registers~38                           ; Stuck at GND due to stuck port clock_enable ;
; REG_FILE:inst2|registers~134                          ; Stuck at GND due to stuck port clock_enable ;
; REG_FILE:inst2|registers~102                          ; Stuck at GND due to stuck port clock_enable ;
; REG_FILE:inst2|registers~70                           ; Stuck at GND due to stuck port clock_enable ;
; REG_FILE:inst2|registers~39                           ; Stuck at GND due to stuck port clock_enable ;
; REG_FILE:inst2|registers~135                          ; Stuck at GND due to stuck port clock_enable ;
; REG_FILE:inst2|registers~103                          ; Stuck at GND due to stuck port clock_enable ;
; REG_FILE:inst2|registers~71                           ; Stuck at GND due to stuck port clock_enable ;
; REG_FILE:inst2|registers~41                           ; Stuck at GND due to stuck port clock_enable ;
; REG_FILE:inst2|registers~137                          ; Stuck at GND due to stuck port clock_enable ;
; REG_FILE:inst2|registers~105                          ; Stuck at GND due to stuck port clock_enable ;
; REG_FILE:inst2|registers~73                           ; Stuck at GND due to stuck port clock_enable ;
; REG_FILE:inst2|registers~68                           ; Stuck at GND due to stuck port clock_enable ;
; REG_FILE:inst2|registers~164                          ; Stuck at GND due to stuck port clock_enable ;
; REG_FILE:inst2|registers~132                          ; Stuck at GND due to stuck port clock_enable ;
; REG_FILE:inst2|registers~100                          ; Stuck at GND due to stuck port clock_enable ;
; REG_FILE:inst2|registers~67                           ; Stuck at GND due to stuck port clock_enable ;
; REG_FILE:inst2|registers~163                          ; Stuck at GND due to stuck port clock_enable ;
; REG_FILE:inst2|registers~131                          ; Stuck at GND due to stuck port clock_enable ;
; REG_FILE:inst2|registers~99                           ; Stuck at GND due to stuck port clock_enable ;
; REG_FILE:inst2|registers~66                           ; Stuck at GND due to stuck port clock_enable ;
; REG_FILE:inst2|registers~162                          ; Stuck at GND due to stuck port clock_enable ;
; REG_FILE:inst2|registers~130                          ; Stuck at GND due to stuck port clock_enable ;
; REG_FILE:inst2|registers~98                           ; Stuck at GND due to stuck port clock_enable ;
; REG_FILE:inst2|registers~65                           ; Stuck at GND due to stuck port clock_enable ;
; REG_FILE:inst2|registers~161                          ; Stuck at GND due to stuck port clock_enable ;
; REG_FILE:inst2|registers~129                          ; Stuck at GND due to stuck port clock_enable ;
; REG_FILE:inst2|registers~97                           ; Stuck at GND due to stuck port clock_enable ;
; REG_FILE:inst2|registers~64                           ; Stuck at GND due to stuck port clock_enable ;
; REG_FILE:inst2|registers~160                          ; Stuck at GND due to stuck port clock_enable ;
; REG_FILE:inst2|registers~128                          ; Stuck at GND due to stuck port clock_enable ;
; REG_FILE:inst2|registers~96                           ; Stuck at GND due to stuck port clock_enable ;
; REG_FILE:inst2|registers~63                           ; Stuck at GND due to stuck port clock_enable ;
; REG_FILE:inst2|registers~159                          ; Stuck at GND due to stuck port clock_enable ;
; REG_FILE:inst2|registers~127                          ; Stuck at GND due to stuck port clock_enable ;
; REG_FILE:inst2|registers~95                           ; Stuck at GND due to stuck port clock_enable ;
; REG_FILE:inst2|registers~62                           ; Stuck at GND due to stuck port clock_enable ;
; REG_FILE:inst2|registers~158                          ; Stuck at GND due to stuck port clock_enable ;
; REG_FILE:inst2|registers~126                          ; Stuck at GND due to stuck port clock_enable ;
; REG_FILE:inst2|registers~94                           ; Stuck at GND due to stuck port clock_enable ;
; REG_FILE:inst2|registers~61                           ; Stuck at GND due to stuck port clock_enable ;
; REG_FILE:inst2|registers~157                          ; Stuck at GND due to stuck port clock_enable ;
; REG_FILE:inst2|registers~125                          ; Stuck at GND due to stuck port clock_enable ;
; REG_FILE:inst2|registers~93                           ; Stuck at GND due to stuck port clock_enable ;
; REG_FILE:inst2|registers~60                           ; Stuck at GND due to stuck port clock_enable ;
; REG_FILE:inst2|registers~156                          ; Stuck at GND due to stuck port clock_enable ;
; REG_FILE:inst2|registers~124                          ; Stuck at GND due to stuck port clock_enable ;
; REG_FILE:inst2|registers~92                           ; Stuck at GND due to stuck port clock_enable ;
; REG_FILE:inst2|registers~59                           ; Stuck at GND due to stuck port clock_enable ;
; REG_FILE:inst2|registers~155                          ; Stuck at GND due to stuck port clock_enable ;
; REG_FILE:inst2|registers~123                          ; Stuck at GND due to stuck port clock_enable ;
; REG_FILE:inst2|registers~91                           ; Stuck at GND due to stuck port clock_enable ;
; REG_FILE:inst2|registers~58                           ; Stuck at GND due to stuck port clock_enable ;
; REG_FILE:inst2|registers~154                          ; Stuck at GND due to stuck port clock_enable ;
; REG_FILE:inst2|registers~122                          ; Stuck at GND due to stuck port clock_enable ;
; REG_FILE:inst2|registers~90                           ; Stuck at GND due to stuck port clock_enable ;
; REG_FILE:inst2|registers~57                           ; Stuck at GND due to stuck port clock_enable ;
; REG_FILE:inst2|registers~153                          ; Stuck at GND due to stuck port clock_enable ;
; REG_FILE:inst2|registers~121                          ; Stuck at GND due to stuck port clock_enable ;
; REG_FILE:inst2|registers~89                           ; Stuck at GND due to stuck port clock_enable ;
; REG_FILE:inst2|registers~56                           ; Stuck at GND due to stuck port clock_enable ;
; REG_FILE:inst2|registers~152                          ; Stuck at GND due to stuck port clock_enable ;
; REG_FILE:inst2|registers~120                          ; Stuck at GND due to stuck port clock_enable ;
; REG_FILE:inst2|registers~88                           ; Stuck at GND due to stuck port clock_enable ;
; REG_FILE:inst2|registers~55                           ; Stuck at GND due to stuck port clock_enable ;
; REG_FILE:inst2|registers~151                          ; Stuck at GND due to stuck port clock_enable ;
; REG_FILE:inst2|registers~119                          ; Stuck at GND due to stuck port clock_enable ;
; REG_FILE:inst2|registers~87                           ; Stuck at GND due to stuck port clock_enable ;
; REG_FILE:inst2|registers~54                           ; Stuck at GND due to stuck port clock_enable ;
; REG_FILE:inst2|registers~150                          ; Stuck at GND due to stuck port clock_enable ;
; REG_FILE:inst2|registers~118                          ; Stuck at GND due to stuck port clock_enable ;
; REG_FILE:inst2|registers~86                           ; Stuck at GND due to stuck port clock_enable ;
; REG_FILE:inst2|registers~53                           ; Stuck at GND due to stuck port clock_enable ;
; REG_FILE:inst2|registers~149                          ; Stuck at GND due to stuck port clock_enable ;
; REG_FILE:inst2|registers~117                          ; Stuck at GND due to stuck port clock_enable ;
; REG_FILE:inst2|registers~85                           ; Stuck at GND due to stuck port clock_enable ;
; REG_FILE:inst2|registers~52                           ; Stuck at GND due to stuck port clock_enable ;
; REG_FILE:inst2|registers~148                          ; Stuck at GND due to stuck port clock_enable ;
; REG_FILE:inst2|registers~116                          ; Stuck at GND due to stuck port clock_enable ;
; REG_FILE:inst2|registers~84                           ; Stuck at GND due to stuck port clock_enable ;
; REG_FILE:inst2|registers~51                           ; Stuck at GND due to stuck port clock_enable ;
; REG_FILE:inst2|registers~147                          ; Stuck at GND due to stuck port clock_enable ;
; REG_FILE:inst2|registers~115                          ; Stuck at GND due to stuck port clock_enable ;
; REG_FILE:inst2|registers~83                           ; Stuck at GND due to stuck port clock_enable ;
; REG_FILE:inst2|registers~50                           ; Stuck at GND due to stuck port clock_enable ;
; REG_FILE:inst2|registers~146                          ; Stuck at GND due to stuck port clock_enable ;
; REG_FILE:inst2|registers~114                          ; Stuck at GND due to stuck port clock_enable ;
; REG_FILE:inst2|registers~82                           ; Stuck at GND due to stuck port clock_enable ;
; REG_FILE:inst2|registers~49                           ; Stuck at GND due to stuck port clock_enable ;
; REG_FILE:inst2|registers~145                          ; Stuck at GND due to stuck port clock_enable ;
; REG_FILE:inst2|registers~113                          ; Stuck at GND due to stuck port clock_enable ;
; REG_FILE:inst2|registers~81                           ; Stuck at GND due to stuck port clock_enable ;
; REG_FILE:inst2|registers~48                           ; Stuck at GND due to stuck port clock_enable ;
; REG_FILE:inst2|registers~144                          ; Stuck at GND due to stuck port clock_enable ;
; REG_FILE:inst2|registers~112                          ; Stuck at GND due to stuck port clock_enable ;
; REG_FILE:inst2|registers~80                           ; Stuck at GND due to stuck port clock_enable ;
; REG_FILE:inst2|registers~47                           ; Stuck at GND due to stuck port clock_enable ;
; REG_FILE:inst2|registers~143                          ; Stuck at GND due to stuck port clock_enable ;
; REG_FILE:inst2|registers~111                          ; Stuck at GND due to stuck port clock_enable ;
; REG_FILE:inst2|registers~79                           ; Stuck at GND due to stuck port clock_enable ;
; REG_FILE:inst2|registers~46                           ; Stuck at GND due to stuck port clock_enable ;
; REG_FILE:inst2|registers~142                          ; Stuck at GND due to stuck port clock_enable ;
; REG_FILE:inst2|registers~110                          ; Stuck at GND due to stuck port clock_enable ;
; REG_FILE:inst2|registers~78                           ; Stuck at GND due to stuck port clock_enable ;
; REG_FILE:inst2|registers~45                           ; Stuck at GND due to stuck port clock_enable ;
; REG_FILE:inst2|registers~141                          ; Stuck at GND due to stuck port clock_enable ;
; REG_FILE:inst2|registers~109                          ; Stuck at GND due to stuck port clock_enable ;
; REG_FILE:inst2|registers~77                           ; Stuck at GND due to stuck port clock_enable ;
; REG_FILE:inst2|registers~44                           ; Stuck at GND due to stuck port clock_enable ;
; REG_FILE:inst2|registers~140                          ; Stuck at GND due to stuck port clock_enable ;
; REG_FILE:inst2|registers~108                          ; Stuck at GND due to stuck port clock_enable ;
; REG_FILE:inst2|registers~76                           ; Stuck at GND due to stuck port clock_enable ;
; REG_FILE:inst2|registers~43                           ; Stuck at GND due to stuck port clock_enable ;
; REG_FILE:inst2|registers~139                          ; Stuck at GND due to stuck port clock_enable ;
; REG_FILE:inst2|registers~107                          ; Stuck at GND due to stuck port clock_enable ;
; REG_FILE:inst2|registers~75                           ; Stuck at GND due to stuck port clock_enable ;
; REG_FILE:inst2|registers~42                           ; Stuck at GND due to stuck port clock_enable ;
; REG_FILE:inst2|registers~138                          ; Stuck at GND due to stuck port clock_enable ;
; REG_FILE:inst2|registers~106                          ; Stuck at GND due to stuck port clock_enable ;
; REG_FILE:inst2|registers~74                           ; Stuck at GND due to stuck port clock_enable ;
; Total Number of Removed Registers = 5016              ;                                             ;
+-------------------------------------------------------+---------------------------------------------+


+--------------------------------------------------------------------------------------------------------------------------------------------+
; Removed Registers Triggering Further Register Optimizations                                                                                ;
+----------------------+---------------------------+-----------------------------------------------------------------------------------------+
; Register name        ; Reason for Removal        ; Registers Removed due to This Register                                                  ;
+----------------------+---------------------------+-----------------------------------------------------------------------------------------+
; PC:inst|end_atual[1] ; Stuck at GND              ; DATA_MEM:inst40|mem[0][0], DATA_MEM:inst40|mem[127][31],                                ;
;                      ; due to stuck port data_in ; DATA_MEM:inst40|mem[127][29], DATA_MEM:inst40|mem[127][28],                             ;
;                      ;                           ; DATA_MEM:inst40|mem[127][27], DATA_MEM:inst40|mem[127][26],                             ;
;                      ;                           ; DATA_MEM:inst40|mem[127][4], DATA_MEM:inst40|mem[127][3],                               ;
;                      ;                           ; DATA_MEM:inst40|mem[127][2], DATA_MEM:inst40|mem[127][1],                               ;
;                      ;                           ; DATA_MEM:inst40|mem[127][0], DATA_MEM:inst40|mem[126][31],                              ;
;                      ;                           ; DATA_MEM:inst40|mem[126][29], DATA_MEM:inst40|mem[126][28],                             ;
;                      ;                           ; DATA_MEM:inst40|mem[126][27], DATA_MEM:inst40|mem[126][26],                             ;
;                      ;                           ; DATA_MEM:inst40|mem[126][4], DATA_MEM:inst40|mem[126][3],                               ;
;                      ;                           ; DATA_MEM:inst40|mem[126][2], DATA_MEM:inst40|mem[126][1],                               ;
;                      ;                           ; DATA_MEM:inst40|mem[126][0], DATA_MEM:inst40|mem[125][31],                              ;
;                      ;                           ; DATA_MEM:inst40|mem[125][29], DATA_MEM:inst40|mem[125][28],                             ;
;                      ;                           ; DATA_MEM:inst40|mem[125][27], DATA_MEM:inst40|mem[125][26],                             ;
;                      ;                           ; DATA_MEM:inst40|mem[125][4], DATA_MEM:inst40|mem[125][3],                               ;
;                      ;                           ; DATA_MEM:inst40|mem[125][2], DATA_MEM:inst40|mem[125][1],                               ;
;                      ;                           ; DATA_MEM:inst40|mem[125][0], DATA_MEM:inst40|mem[124][31],                              ;
;                      ;                           ; DATA_MEM:inst40|mem[124][29], DATA_MEM:inst40|mem[124][28],                             ;
;                      ;                           ; DATA_MEM:inst40|mem[124][27], DATA_MEM:inst40|mem[124][26],                             ;
;                      ;                           ; DATA_MEM:inst40|mem[124][4], DATA_MEM:inst40|mem[124][3],                               ;
;                      ;                           ; DATA_MEM:inst40|mem[124][2], DATA_MEM:inst40|mem[124][1],                               ;
;                      ;                           ; DATA_MEM:inst40|mem[124][0], DATA_MEM:inst40|mem[123][31],                              ;
;                      ;                           ; DATA_MEM:inst40|mem[123][29], DATA_MEM:inst40|mem[123][28],                             ;
;                      ;                           ; DATA_MEM:inst40|mem[123][27], DATA_MEM:inst40|mem[123][26],                             ;
;                      ;                           ; DATA_MEM:inst40|mem[123][4], DATA_MEM:inst40|mem[123][3],                               ;
;                      ;                           ; DATA_MEM:inst40|mem[123][2], DATA_MEM:inst40|mem[123][1],                               ;
;                      ;                           ; DATA_MEM:inst40|mem[123][0], DATA_MEM:inst40|mem[122][31],                              ;
;                      ;                           ; DATA_MEM:inst40|mem[122][29], DATA_MEM:inst40|mem[122][28],                             ;
;                      ;                           ; DATA_MEM:inst40|mem[122][27], DATA_MEM:inst40|mem[122][26],                             ;
;                      ;                           ; DATA_MEM:inst40|mem[122][4], DATA_MEM:inst40|mem[122][3],                               ;
;                      ;                           ; DATA_MEM:inst40|mem[122][2], DATA_MEM:inst40|mem[122][1],                               ;
;                      ;                           ; DATA_MEM:inst40|mem[122][0], DATA_MEM:inst40|mem[121][31],                              ;
;                      ;                           ; DATA_MEM:inst40|mem[121][29], DATA_MEM:inst40|mem[121][28],                             ;
;                      ;                           ; DATA_MEM:inst40|mem[121][27], DATA_MEM:inst40|mem[121][26],                             ;
;                      ;                           ; DATA_MEM:inst40|mem[121][4], DATA_MEM:inst40|mem[121][3],                               ;
;                      ;                           ; DATA_MEM:inst40|mem[121][2], DATA_MEM:inst40|mem[121][1],                               ;
;                      ;                           ; DATA_MEM:inst40|mem[121][0], DATA_MEM:inst40|mem[120][31],                              ;
;                      ;                           ; DATA_MEM:inst40|mem[120][29], DATA_MEM:inst40|mem[120][28],                             ;
;                      ;                           ; DATA_MEM:inst40|mem[120][27], DATA_MEM:inst40|mem[120][26],                             ;
;                      ;                           ; DATA_MEM:inst40|mem[120][4], DATA_MEM:inst40|mem[120][3],                               ;
;                      ;                           ; DATA_MEM:inst40|mem[120][2], DATA_MEM:inst40|mem[120][1],                               ;
;                      ;                           ; DATA_MEM:inst40|mem[120][0], DATA_MEM:inst40|mem[119][31],                              ;
;                      ;                           ; DATA_MEM:inst40|mem[119][29], DATA_MEM:inst40|mem[119][28],                             ;
;                      ;                           ; DATA_MEM:inst40|mem[119][27], DATA_MEM:inst40|mem[119][26],                             ;
;                      ;                           ; DATA_MEM:inst40|mem[119][4], DATA_MEM:inst40|mem[119][3],                               ;
;                      ;                           ; DATA_MEM:inst40|mem[119][2], DATA_MEM:inst40|mem[119][1],                               ;
;                      ;                           ; DATA_MEM:inst40|mem[119][0], DATA_MEM:inst40|mem[118][31],                              ;
;                      ;                           ; DATA_MEM:inst40|mem[118][29], DATA_MEM:inst40|mem[118][28],                             ;
;                      ;                           ; DATA_MEM:inst40|mem[118][27], DATA_MEM:inst40|mem[118][26],                             ;
;                      ;                           ; DATA_MEM:inst40|mem[118][4], DATA_MEM:inst40|mem[118][3],                               ;
;                      ;                           ; DATA_MEM:inst40|mem[118][2], DATA_MEM:inst40|mem[118][1],                               ;
;                      ;                           ; DATA_MEM:inst40|mem[118][0], DATA_MEM:inst40|mem[117][31],                              ;
;                      ;                           ; DATA_MEM:inst40|mem[117][29], DATA_MEM:inst40|mem[117][28],                             ;
;                      ;                           ; DATA_MEM:inst40|mem[117][27], DATA_MEM:inst40|mem[117][26],                             ;
;                      ;                           ; DATA_MEM:inst40|mem[117][4], DATA_MEM:inst40|mem[117][3],                               ;
;                      ;                           ; DATA_MEM:inst40|mem[117][2], DATA_MEM:inst40|mem[117][1],                               ;
;                      ;                           ; DATA_MEM:inst40|mem[117][0], DATA_MEM:inst40|mem[116][31],                              ;
;                      ;                           ; DATA_MEM:inst40|mem[116][29], DATA_MEM:inst40|mem[116][28],                             ;
;                      ;                           ; DATA_MEM:inst40|mem[116][27], DATA_MEM:inst40|mem[116][26],                             ;
;                      ;                           ; DATA_MEM:inst40|mem[116][4], DATA_MEM:inst40|mem[116][3],                               ;
;                      ;                           ; DATA_MEM:inst40|mem[116][2], DATA_MEM:inst40|mem[116][1],                               ;
;                      ;                           ; DATA_MEM:inst40|mem[116][0], DATA_MEM:inst40|mem[115][31],                              ;
;                      ;                           ; DATA_MEM:inst40|mem[115][29], DATA_MEM:inst40|mem[115][28],                             ;
;                      ;                           ; DATA_MEM:inst40|mem[115][27], DATA_MEM:inst40|mem[115][26],                             ;
;                      ;                           ; DATA_MEM:inst40|mem[115][4], DATA_MEM:inst40|mem[115][3],                               ;
;                      ;                           ; DATA_MEM:inst40|mem[115][2], DATA_MEM:inst40|mem[115][1],                               ;
;                      ;                           ; DATA_MEM:inst40|mem[115][0], DATA_MEM:inst40|mem[114][31],                              ;
;                      ;                           ; DATA_MEM:inst40|mem[114][29], DATA_MEM:inst40|mem[114][28],                             ;
;                      ;                           ; DATA_MEM:inst40|mem[114][27], DATA_MEM:inst40|mem[114][26],                             ;
;                      ;                           ; DATA_MEM:inst40|mem[114][4], DATA_MEM:inst40|mem[114][3],                               ;
;                      ;                           ; DATA_MEM:inst40|mem[114][2], DATA_MEM:inst40|mem[114][1],                               ;
;                      ;                           ; DATA_MEM:inst40|mem[114][0], DATA_MEM:inst40|mem[113][31],                              ;
;                      ;                           ; DATA_MEM:inst40|mem[113][29], DATA_MEM:inst40|mem[113][28],                             ;
;                      ;                           ; DATA_MEM:inst40|mem[113][27], DATA_MEM:inst40|mem[113][26],                             ;
;                      ;                           ; DATA_MEM:inst40|mem[113][4], DATA_MEM:inst40|mem[113][3],                               ;
;                      ;                           ; DATA_MEM:inst40|mem[113][2], DATA_MEM:inst40|mem[113][1],                               ;
;                      ;                           ; DATA_MEM:inst40|mem[113][0], DATA_MEM:inst40|mem[112][31],                              ;
;                      ;                           ; DATA_MEM:inst40|mem[112][29], DATA_MEM:inst40|mem[112][28],                             ;
;                      ;                           ; DATA_MEM:inst40|mem[112][27], DATA_MEM:inst40|mem[112][26],                             ;
;                      ;                           ; DATA_MEM:inst40|mem[112][4], DATA_MEM:inst40|mem[112][3],                               ;
;                      ;                           ; DATA_MEM:inst40|mem[112][2], DATA_MEM:inst40|mem[112][1],                               ;
;                      ;                           ; DATA_MEM:inst40|mem[112][0], DATA_MEM:inst40|mem[111][31],                              ;
;                      ;                           ; DATA_MEM:inst40|mem[111][29], DATA_MEM:inst40|mem[111][28],                             ;
;                      ;                           ; DATA_MEM:inst40|mem[111][27], DATA_MEM:inst40|mem[111][26],                             ;
;                      ;                           ; DATA_MEM:inst40|mem[111][4], DATA_MEM:inst40|mem[111][3],                               ;
;                      ;                           ; DATA_MEM:inst40|mem[111][2], DATA_MEM:inst40|mem[111][1],                               ;
;                      ;                           ; DATA_MEM:inst40|mem[111][0], DATA_MEM:inst40|mem[110][31],                              ;
;                      ;                           ; DATA_MEM:inst40|mem[110][29], DATA_MEM:inst40|mem[110][28],                             ;
;                      ;                           ; DATA_MEM:inst40|mem[110][27], DATA_MEM:inst40|mem[110][26],                             ;
;                      ;                           ; DATA_MEM:inst40|mem[110][4], DATA_MEM:inst40|mem[110][3],                               ;
;                      ;                           ; DATA_MEM:inst40|mem[110][2], DATA_MEM:inst40|mem[110][1],                               ;
;                      ;                           ; DATA_MEM:inst40|mem[110][0], DATA_MEM:inst40|mem[109][31],                              ;
;                      ;                           ; DATA_MEM:inst40|mem[109][29], DATA_MEM:inst40|mem[109][28],                             ;
;                      ;                           ; DATA_MEM:inst40|mem[109][27], DATA_MEM:inst40|mem[109][26],                             ;
;                      ;                           ; DATA_MEM:inst40|mem[109][4], DATA_MEM:inst40|mem[109][3],                               ;
;                      ;                           ; DATA_MEM:inst40|mem[109][2], DATA_MEM:inst40|mem[109][1],                               ;
;                      ;                           ; DATA_MEM:inst40|mem[109][0], DATA_MEM:inst40|mem[108][31],                              ;
;                      ;                           ; DATA_MEM:inst40|mem[108][29], DATA_MEM:inst40|mem[108][28],                             ;
;                      ;                           ; DATA_MEM:inst40|mem[108][27], DATA_MEM:inst40|mem[108][26],                             ;
;                      ;                           ; DATA_MEM:inst40|mem[108][4], DATA_MEM:inst40|mem[108][3],                               ;
;                      ;                           ; DATA_MEM:inst40|mem[108][2], DATA_MEM:inst40|mem[108][1],                               ;
;                      ;                           ; DATA_MEM:inst40|mem[108][0], DATA_MEM:inst40|mem[107][31],                              ;
;                      ;                           ; DATA_MEM:inst40|mem[107][29], DATA_MEM:inst40|mem[107][28],                             ;
;                      ;                           ; DATA_MEM:inst40|mem[107][27], DATA_MEM:inst40|mem[107][26],                             ;
;                      ;                           ; DATA_MEM:inst40|mem[107][4], DATA_MEM:inst40|mem[107][3],                               ;
;                      ;                           ; DATA_MEM:inst40|mem[107][2], DATA_MEM:inst40|mem[107][1],                               ;
;                      ;                           ; DATA_MEM:inst40|mem[107][0], DATA_MEM:inst40|mem[106][31],                              ;
;                      ;                           ; DATA_MEM:inst40|mem[106][29], DATA_MEM:inst40|mem[106][28],                             ;
;                      ;                           ; DATA_MEM:inst40|mem[106][27], DATA_MEM:inst40|mem[106][26],                             ;
;                      ;                           ; DATA_MEM:inst40|mem[106][4], DATA_MEM:inst40|mem[106][3],                               ;
;                      ;                           ; DATA_MEM:inst40|mem[106][2], DATA_MEM:inst40|mem[106][1],                               ;
;                      ;                           ; DATA_MEM:inst40|mem[106][0], DATA_MEM:inst40|mem[105][31],                              ;
;                      ;                           ; DATA_MEM:inst40|mem[105][29], DATA_MEM:inst40|mem[105][28],                             ;
;                      ;                           ; DATA_MEM:inst40|mem[105][27], DATA_MEM:inst40|mem[105][26],                             ;
;                      ;                           ; DATA_MEM:inst40|mem[105][4], DATA_MEM:inst40|mem[105][3],                               ;
;                      ;                           ; DATA_MEM:inst40|mem[105][2], DATA_MEM:inst40|mem[105][1],                               ;
;                      ;                           ; DATA_MEM:inst40|mem[105][0], DATA_MEM:inst40|mem[104][31],                              ;
;                      ;                           ; DATA_MEM:inst40|mem[104][29], DATA_MEM:inst40|mem[104][28],                             ;
;                      ;                           ; DATA_MEM:inst40|mem[104][27], DATA_MEM:inst40|mem[104][26],                             ;
;                      ;                           ; DATA_MEM:inst40|mem[104][4], DATA_MEM:inst40|mem[104][3],                               ;
;                      ;                           ; DATA_MEM:inst40|mem[104][2], DATA_MEM:inst40|mem[104][1],                               ;
;                      ;                           ; DATA_MEM:inst40|mem[104][0], DATA_MEM:inst40|mem[103][31],                              ;
;                      ;                           ; DATA_MEM:inst40|mem[103][29], DATA_MEM:inst40|mem[103][28],                             ;
;                      ;                           ; DATA_MEM:inst40|mem[103][27], DATA_MEM:inst40|mem[103][26],                             ;
;                      ;                           ; DATA_MEM:inst40|mem[103][4], DATA_MEM:inst40|mem[103][3],                               ;
;                      ;                           ; DATA_MEM:inst40|mem[103][2], DATA_MEM:inst40|mem[103][1],                               ;
;                      ;                           ; DATA_MEM:inst40|mem[103][0], DATA_MEM:inst40|mem[102][31],                              ;
;                      ;                           ; DATA_MEM:inst40|mem[102][29], DATA_MEM:inst40|mem[102][28],                             ;
;                      ;                           ; DATA_MEM:inst40|mem[102][27], DATA_MEM:inst40|mem[102][26],                             ;
;                      ;                           ; DATA_MEM:inst40|mem[102][4], DATA_MEM:inst40|mem[102][3],                               ;
;                      ;                           ; DATA_MEM:inst40|mem[102][2], DATA_MEM:inst40|mem[102][1],                               ;
;                      ;                           ; DATA_MEM:inst40|mem[102][0], DATA_MEM:inst40|mem[101][31],                              ;
;                      ;                           ; DATA_MEM:inst40|mem[101][29], DATA_MEM:inst40|mem[101][28],                             ;
;                      ;                           ; DATA_MEM:inst40|mem[101][27], DATA_MEM:inst40|mem[101][26],                             ;
;                      ;                           ; DATA_MEM:inst40|mem[101][4], DATA_MEM:inst40|mem[101][3],                               ;
;                      ;                           ; DATA_MEM:inst40|mem[101][2], DATA_MEM:inst40|mem[101][1],                               ;
;                      ;                           ; DATA_MEM:inst40|mem[101][0], DATA_MEM:inst40|mem[100][31],                              ;
;                      ;                           ; DATA_MEM:inst40|mem[100][29], DATA_MEM:inst40|mem[100][28],                             ;
;                      ;                           ; DATA_MEM:inst40|mem[100][27], DATA_MEM:inst40|mem[100][26],                             ;
;                      ;                           ; DATA_MEM:inst40|mem[100][4], DATA_MEM:inst40|mem[100][3],                               ;
;                      ;                           ; DATA_MEM:inst40|mem[100][2], DATA_MEM:inst40|mem[100][1],                               ;
;                      ;                           ; DATA_MEM:inst40|mem[100][0], DATA_MEM:inst40|mem[99][31],                               ;
;                      ;                           ; DATA_MEM:inst40|mem[99][29], DATA_MEM:inst40|mem[99][28],                               ;
;                      ;                           ; DATA_MEM:inst40|mem[99][27], DATA_MEM:inst40|mem[99][26], DATA_MEM:inst40|mem[99][4],   ;
;                      ;                           ; DATA_MEM:inst40|mem[99][3], DATA_MEM:inst40|mem[99][2], DATA_MEM:inst40|mem[99][1],     ;
;                      ;                           ; DATA_MEM:inst40|mem[99][0], DATA_MEM:inst40|mem[98][31], DATA_MEM:inst40|mem[98][29],   ;
;                      ;                           ; DATA_MEM:inst40|mem[98][28], DATA_MEM:inst40|mem[98][27],                               ;
;                      ;                           ; DATA_MEM:inst40|mem[98][26], DATA_MEM:inst40|mem[98][4], DATA_MEM:inst40|mem[98][3],    ;
;                      ;                           ; DATA_MEM:inst40|mem[98][2], DATA_MEM:inst40|mem[98][1], DATA_MEM:inst40|mem[98][0],     ;
;                      ;                           ; DATA_MEM:inst40|mem[97][31], DATA_MEM:inst40|mem[97][29],                               ;
;                      ;                           ; DATA_MEM:inst40|mem[97][28], DATA_MEM:inst40|mem[97][27],                               ;
;                      ;                           ; DATA_MEM:inst40|mem[97][26], DATA_MEM:inst40|mem[97][4], DATA_MEM:inst40|mem[97][3],    ;
;                      ;                           ; DATA_MEM:inst40|mem[97][2], DATA_MEM:inst40|mem[97][1], DATA_MEM:inst40|mem[97][0],     ;
;                      ;                           ; DATA_MEM:inst40|mem[96][31], DATA_MEM:inst40|mem[96][29],                               ;
;                      ;                           ; DATA_MEM:inst40|mem[96][28], DATA_MEM:inst40|mem[96][27],                               ;
;                      ;                           ; DATA_MEM:inst40|mem[96][26], DATA_MEM:inst40|mem[96][4], DATA_MEM:inst40|mem[96][3],    ;
;                      ;                           ; DATA_MEM:inst40|mem[96][2], DATA_MEM:inst40|mem[96][1], DATA_MEM:inst40|mem[96][0],     ;
;                      ;                           ; DATA_MEM:inst40|mem[95][31], DATA_MEM:inst40|mem[95][29],                               ;
;                      ;                           ; DATA_MEM:inst40|mem[95][28], DATA_MEM:inst40|mem[95][27],                               ;
;                      ;                           ; DATA_MEM:inst40|mem[95][26], DATA_MEM:inst40|mem[95][4], DATA_MEM:inst40|mem[95][3],    ;
;                      ;                           ; DATA_MEM:inst40|mem[95][2], DATA_MEM:inst40|mem[95][1], DATA_MEM:inst40|mem[95][0],     ;
;                      ;                           ; DATA_MEM:inst40|mem[94][31], DATA_MEM:inst40|mem[94][29],                               ;
;                      ;                           ; DATA_MEM:inst40|mem[94][28], DATA_MEM:inst40|mem[94][27],                               ;
;                      ;                           ; DATA_MEM:inst40|mem[94][26], DATA_MEM:inst40|mem[94][4], DATA_MEM:inst40|mem[94][3],    ;
;                      ;                           ; DATA_MEM:inst40|mem[94][2], DATA_MEM:inst40|mem[94][1], DATA_MEM:inst40|mem[94][0],     ;
;                      ;                           ; DATA_MEM:inst40|mem[93][31], DATA_MEM:inst40|mem[93][29],                               ;
;                      ;                           ; DATA_MEM:inst40|mem[93][28], DATA_MEM:inst40|mem[93][27],                               ;
;                      ;                           ; DATA_MEM:inst40|mem[93][26], DATA_MEM:inst40|mem[93][4], DATA_MEM:inst40|mem[93][3],    ;
;                      ;                           ; DATA_MEM:inst40|mem[93][2], DATA_MEM:inst40|mem[93][1], DATA_MEM:inst40|mem[93][0],     ;
;                      ;                           ; DATA_MEM:inst40|mem[92][31], DATA_MEM:inst40|mem[92][29],                               ;
;                      ;                           ; DATA_MEM:inst40|mem[92][28], DATA_MEM:inst40|mem[92][27],                               ;
;                      ;                           ; DATA_MEM:inst40|mem[92][26], DATA_MEM:inst40|mem[92][4], DATA_MEM:inst40|mem[92][3],    ;
;                      ;                           ; DATA_MEM:inst40|mem[92][2], DATA_MEM:inst40|mem[92][1], DATA_MEM:inst40|mem[92][0],     ;
;                      ;                           ; DATA_MEM:inst40|mem[91][31], DATA_MEM:inst40|mem[91][29],                               ;
;                      ;                           ; DATA_MEM:inst40|mem[91][28], DATA_MEM:inst40|mem[91][27],                               ;
;                      ;                           ; DATA_MEM:inst40|mem[91][26], DATA_MEM:inst40|mem[91][4], DATA_MEM:inst40|mem[91][3],    ;
;                      ;                           ; DATA_MEM:inst40|mem[91][2], DATA_MEM:inst40|mem[91][1], DATA_MEM:inst40|mem[91][0],     ;
;                      ;                           ; DATA_MEM:inst40|mem[90][31], DATA_MEM:inst40|mem[90][29],                               ;
;                      ;                           ; DATA_MEM:inst40|mem[90][28], DATA_MEM:inst40|mem[90][27],                               ;
;                      ;                           ; DATA_MEM:inst40|mem[90][26], DATA_MEM:inst40|mem[90][4], DATA_MEM:inst40|mem[90][3],    ;
;                      ;                           ; DATA_MEM:inst40|mem[90][2], DATA_MEM:inst40|mem[90][1], DATA_MEM:inst40|mem[90][0],     ;
;                      ;                           ; DATA_MEM:inst40|mem[89][31], DATA_MEM:inst40|mem[89][29],                               ;
;                      ;                           ; DATA_MEM:inst40|mem[89][28], DATA_MEM:inst40|mem[89][27],                               ;
;                      ;                           ; DATA_MEM:inst40|mem[89][26], DATA_MEM:inst40|mem[89][4], DATA_MEM:inst40|mem[89][3],    ;
;                      ;                           ; DATA_MEM:inst40|mem[89][2], DATA_MEM:inst40|mem[89][1], DATA_MEM:inst40|mem[89][0],     ;
;                      ;                           ; DATA_MEM:inst40|mem[88][31], DATA_MEM:inst40|mem[88][29],                               ;
;                      ;                           ; DATA_MEM:inst40|mem[88][28], DATA_MEM:inst40|mem[88][27],                               ;
;                      ;                           ; DATA_MEM:inst40|mem[88][26], DATA_MEM:inst40|mem[88][4], DATA_MEM:inst40|mem[88][3],    ;
;                      ;                           ; DATA_MEM:inst40|mem[88][2], DATA_MEM:inst40|mem[88][1], DATA_MEM:inst40|mem[88][0],     ;
;                      ;                           ; DATA_MEM:inst40|mem[87][31], DATA_MEM:inst40|mem[87][29],                               ;
;                      ;                           ; DATA_MEM:inst40|mem[87][28], DATA_MEM:inst40|mem[87][27],                               ;
;                      ;                           ; DATA_MEM:inst40|mem[87][26], DATA_MEM:inst40|mem[87][4], DATA_MEM:inst40|mem[87][3],    ;
;                      ;                           ; DATA_MEM:inst40|mem[87][2], DATA_MEM:inst40|mem[87][1], DATA_MEM:inst40|mem[87][0],     ;
;                      ;                           ; DATA_MEM:inst40|mem[86][31], DATA_MEM:inst40|mem[86][29],                               ;
;                      ;                           ; DATA_MEM:inst40|mem[86][28], DATA_MEM:inst40|mem[86][27],                               ;
;                      ;                           ; DATA_MEM:inst40|mem[86][26], DATA_MEM:inst40|mem[86][4], DATA_MEM:inst40|mem[86][3],    ;
;                      ;                           ; DATA_MEM:inst40|mem[86][2], DATA_MEM:inst40|mem[86][1], DATA_MEM:inst40|mem[86][0],     ;
;                      ;                           ; DATA_MEM:inst40|mem[85][31], DATA_MEM:inst40|mem[85][29],                               ;
;                      ;                           ; DATA_MEM:inst40|mem[85][28], DATA_MEM:inst40|mem[85][27],                               ;
;                      ;                           ; DATA_MEM:inst40|mem[85][26], DATA_MEM:inst40|mem[85][4], DATA_MEM:inst40|mem[85][3],    ;
;                      ;                           ; DATA_MEM:inst40|mem[85][2], DATA_MEM:inst40|mem[85][1], DATA_MEM:inst40|mem[85][0],     ;
;                      ;                           ; DATA_MEM:inst40|mem[84][31], DATA_MEM:inst40|mem[84][29],                               ;
;                      ;                           ; DATA_MEM:inst40|mem[84][28], DATA_MEM:inst40|mem[84][27],                               ;
;                      ;                           ; DATA_MEM:inst40|mem[84][26], DATA_MEM:inst40|mem[84][4], DATA_MEM:inst40|mem[84][3],    ;
;                      ;                           ; DATA_MEM:inst40|mem[84][2], DATA_MEM:inst40|mem[84][1], DATA_MEM:inst40|mem[84][0],     ;
;                      ;                           ; DATA_MEM:inst40|mem[83][31], DATA_MEM:inst40|mem[83][29],                               ;
;                      ;                           ; DATA_MEM:inst40|mem[83][28], DATA_MEM:inst40|mem[83][27],                               ;
;                      ;                           ; DATA_MEM:inst40|mem[83][26], DATA_MEM:inst40|mem[83][4], DATA_MEM:inst40|mem[83][3],    ;
;                      ;                           ; DATA_MEM:inst40|mem[83][2], DATA_MEM:inst40|mem[83][1], DATA_MEM:inst40|mem[83][0],     ;
;                      ;                           ; DATA_MEM:inst40|mem[82][31], DATA_MEM:inst40|mem[82][29],                               ;
;                      ;                           ; DATA_MEM:inst40|mem[82][28], DATA_MEM:inst40|mem[82][27],                               ;
;                      ;                           ; DATA_MEM:inst40|mem[82][26], DATA_MEM:inst40|mem[82][4], DATA_MEM:inst40|mem[82][3],    ;
;                      ;                           ; DATA_MEM:inst40|mem[82][2], DATA_MEM:inst40|mem[82][1], DATA_MEM:inst40|mem[82][0],     ;
;                      ;                           ; DATA_MEM:inst40|mem[81][31], DATA_MEM:inst40|mem[81][29],                               ;
;                      ;                           ; DATA_MEM:inst40|mem[81][28], DATA_MEM:inst40|mem[81][27],                               ;
;                      ;                           ; DATA_MEM:inst40|mem[81][26], DATA_MEM:inst40|mem[81][4], DATA_MEM:inst40|mem[81][3],    ;
;                      ;                           ; DATA_MEM:inst40|mem[81][2], DATA_MEM:inst40|mem[81][1], DATA_MEM:inst40|mem[81][0],     ;
;                      ;                           ; DATA_MEM:inst40|mem[80][31], DATA_MEM:inst40|mem[80][29],                               ;
;                      ;                           ; DATA_MEM:inst40|mem[80][28], DATA_MEM:inst40|mem[80][27],                               ;
;                      ;                           ; DATA_MEM:inst40|mem[80][26], DATA_MEM:inst40|mem[80][4], DATA_MEM:inst40|mem[80][3],    ;
;                      ;                           ; DATA_MEM:inst40|mem[80][2], DATA_MEM:inst40|mem[80][1], DATA_MEM:inst40|mem[80][0],     ;
;                      ;                           ; DATA_MEM:inst40|mem[79][31], DATA_MEM:inst40|mem[79][29],                               ;
;                      ;                           ; DATA_MEM:inst40|mem[79][28], DATA_MEM:inst40|mem[79][27],                               ;
;                      ;                           ; DATA_MEM:inst40|mem[79][26], DATA_MEM:inst40|mem[79][4], DATA_MEM:inst40|mem[79][3],    ;
;                      ;                           ; DATA_MEM:inst40|mem[79][2], DATA_MEM:inst40|mem[79][1], DATA_MEM:inst40|mem[79][0],     ;
;                      ;                           ; DATA_MEM:inst40|mem[78][31], DATA_MEM:inst40|mem[78][29],                               ;
;                      ;                           ; DATA_MEM:inst40|mem[78][28], DATA_MEM:inst40|mem[78][27],                               ;
;                      ;                           ; DATA_MEM:inst40|mem[78][26], DATA_MEM:inst40|mem[78][4], DATA_MEM:inst40|mem[78][3],    ;
;                      ;                           ; DATA_MEM:inst40|mem[78][2], DATA_MEM:inst40|mem[78][1], DATA_MEM:inst40|mem[78][0],     ;
;                      ;                           ; DATA_MEM:inst40|mem[77][31], DATA_MEM:inst40|mem[77][29],                               ;
;                      ;                           ; DATA_MEM:inst40|mem[77][28], DATA_MEM:inst40|mem[77][27],                               ;
;                      ;                           ; DATA_MEM:inst40|mem[77][26], DATA_MEM:inst40|mem[77][4], DATA_MEM:inst40|mem[77][3],    ;
;                      ;                           ; DATA_MEM:inst40|mem[77][2], DATA_MEM:inst40|mem[77][1], DATA_MEM:inst40|mem[77][0],     ;
;                      ;                           ; DATA_MEM:inst40|mem[76][31], DATA_MEM:inst40|mem[76][29],                               ;
;                      ;                           ; DATA_MEM:inst40|mem[76][28], DATA_MEM:inst40|mem[76][27],                               ;
;                      ;                           ; DATA_MEM:inst40|mem[76][26], DATA_MEM:inst40|mem[76][4], DATA_MEM:inst40|mem[76][3],    ;
;                      ;                           ; DATA_MEM:inst40|mem[76][2], DATA_MEM:inst40|mem[76][1], DATA_MEM:inst40|mem[76][0],     ;
;                      ;                           ; DATA_MEM:inst40|mem[75][31], DATA_MEM:inst40|mem[75][29],                               ;
;                      ;                           ; DATA_MEM:inst40|mem[75][28], DATA_MEM:inst40|mem[75][27],                               ;
;                      ;                           ; DATA_MEM:inst40|mem[75][26], DATA_MEM:inst40|mem[75][4], DATA_MEM:inst40|mem[75][3],    ;
;                      ;                           ; DATA_MEM:inst40|mem[75][2], DATA_MEM:inst40|mem[75][1], DATA_MEM:inst40|mem[75][0],     ;
;                      ;                           ; DATA_MEM:inst40|mem[74][31], DATA_MEM:inst40|mem[74][29],                               ;
;                      ;                           ; DATA_MEM:inst40|mem[74][28], DATA_MEM:inst40|mem[74][27],                               ;
;                      ;                           ; DATA_MEM:inst40|mem[74][26], DATA_MEM:inst40|mem[74][4], DATA_MEM:inst40|mem[74][3],    ;
;                      ;                           ; DATA_MEM:inst40|mem[74][2], DATA_MEM:inst40|mem[74][1], DATA_MEM:inst40|mem[74][0],     ;
;                      ;                           ; DATA_MEM:inst40|mem[73][31], DATA_MEM:inst40|mem[73][29],                               ;
;                      ;                           ; DATA_MEM:inst40|mem[73][28], DATA_MEM:inst40|mem[73][27],                               ;
;                      ;                           ; DATA_MEM:inst40|mem[73][26], DATA_MEM:inst40|mem[73][4], DATA_MEM:inst40|mem[73][3],    ;
;                      ;                           ; DATA_MEM:inst40|mem[73][2], DATA_MEM:inst40|mem[73][1], DATA_MEM:inst40|mem[73][0],     ;
;                      ;                           ; DATA_MEM:inst40|mem[72][31], DATA_MEM:inst40|mem[72][29],                               ;
;                      ;                           ; DATA_MEM:inst40|mem[72][28], DATA_MEM:inst40|mem[72][27],                               ;
;                      ;                           ; DATA_MEM:inst40|mem[72][26], DATA_MEM:inst40|mem[72][4], DATA_MEM:inst40|mem[72][3],    ;
;                      ;                           ; DATA_MEM:inst40|mem[72][2], DATA_MEM:inst40|mem[72][1], DATA_MEM:inst40|mem[72][0],     ;
;                      ;                           ; DATA_MEM:inst40|mem[71][31], DATA_MEM:inst40|mem[71][29],                               ;
;                      ;                           ; DATA_MEM:inst40|mem[71][28], DATA_MEM:inst40|mem[71][27],                               ;
;                      ;                           ; DATA_MEM:inst40|mem[71][26], DATA_MEM:inst40|mem[71][4], DATA_MEM:inst40|mem[71][3],    ;
;                      ;                           ; DATA_MEM:inst40|mem[71][2], DATA_MEM:inst40|mem[71][1], DATA_MEM:inst40|mem[71][0],     ;
;                      ;                           ; DATA_MEM:inst40|mem[70][31], DATA_MEM:inst40|mem[70][29],                               ;
;                      ;                           ; DATA_MEM:inst40|mem[70][28], DATA_MEM:inst40|mem[70][27],                               ;
;                      ;                           ; DATA_MEM:inst40|mem[70][26], DATA_MEM:inst40|mem[70][4], DATA_MEM:inst40|mem[70][3],    ;
;                      ;                           ; DATA_MEM:inst40|mem[70][2], DATA_MEM:inst40|mem[70][1], DATA_MEM:inst40|mem[70][0],     ;
;                      ;                           ; DATA_MEM:inst40|mem[69][31], DATA_MEM:inst40|mem[69][29],                               ;
;                      ;                           ; DATA_MEM:inst40|mem[69][28], DATA_MEM:inst40|mem[69][27],                               ;
;                      ;                           ; DATA_MEM:inst40|mem[69][26], DATA_MEM:inst40|mem[69][4], DATA_MEM:inst40|mem[69][3],    ;
;                      ;                           ; DATA_MEM:inst40|mem[69][2], DATA_MEM:inst40|mem[69][1], DATA_MEM:inst40|mem[69][0],     ;
;                      ;                           ; DATA_MEM:inst40|mem[68][31], DATA_MEM:inst40|mem[68][29],                               ;
;                      ;                           ; DATA_MEM:inst40|mem[68][28], DATA_MEM:inst40|mem[68][27],                               ;
;                      ;                           ; DATA_MEM:inst40|mem[68][26], DATA_MEM:inst40|mem[68][4], DATA_MEM:inst40|mem[68][3],    ;
;                      ;                           ; DATA_MEM:inst40|mem[68][2], DATA_MEM:inst40|mem[68][1], DATA_MEM:inst40|mem[68][0],     ;
;                      ;                           ; DATA_MEM:inst40|mem[67][31], DATA_MEM:inst40|mem[67][29],                               ;
;                      ;                           ; DATA_MEM:inst40|mem[67][28], DATA_MEM:inst40|mem[67][27],                               ;
;                      ;                           ; DATA_MEM:inst40|mem[67][26], DATA_MEM:inst40|mem[67][4], DATA_MEM:inst40|mem[67][3],    ;
;                      ;                           ; DATA_MEM:inst40|mem[67][2], DATA_MEM:inst40|mem[67][1], DATA_MEM:inst40|mem[67][0],     ;
;                      ;                           ; DATA_MEM:inst40|mem[66][31], DATA_MEM:inst40|mem[66][29],                               ;
;                      ;                           ; DATA_MEM:inst40|mem[66][28], DATA_MEM:inst40|mem[66][27],                               ;
;                      ;                           ; DATA_MEM:inst40|mem[66][26], DATA_MEM:inst40|mem[66][4], DATA_MEM:inst40|mem[66][3],    ;
;                      ;                           ; DATA_MEM:inst40|mem[66][2], DATA_MEM:inst40|mem[66][1], DATA_MEM:inst40|mem[66][0],     ;
;                      ;                           ; DATA_MEM:inst40|mem[65][31], DATA_MEM:inst40|mem[65][29],                               ;
;                      ;                           ; DATA_MEM:inst40|mem[65][28], DATA_MEM:inst40|mem[65][27],                               ;
;                      ;                           ; DATA_MEM:inst40|mem[65][26], DATA_MEM:inst40|mem[65][4], DATA_MEM:inst40|mem[65][3],    ;
;                      ;                           ; DATA_MEM:inst40|mem[65][2], DATA_MEM:inst40|mem[65][1], DATA_MEM:inst40|mem[65][0],     ;
;                      ;                           ; DATA_MEM:inst40|mem[64][31], DATA_MEM:inst40|mem[64][29],                               ;
;                      ;                           ; DATA_MEM:inst40|mem[64][28], DATA_MEM:inst40|mem[64][27],                               ;
;                      ;                           ; DATA_MEM:inst40|mem[64][26], DATA_MEM:inst40|mem[64][4], DATA_MEM:inst40|mem[64][3],    ;
;                      ;                           ; DATA_MEM:inst40|mem[64][2], DATA_MEM:inst40|mem[64][1], DATA_MEM:inst40|mem[64][0],     ;
;                      ;                           ; DATA_MEM:inst40|mem[63][31], DATA_MEM:inst40|mem[63][29],                               ;
;                      ;                           ; DATA_MEM:inst40|mem[63][28], DATA_MEM:inst40|mem[63][27],                               ;
;                      ;                           ; DATA_MEM:inst40|mem[63][26], DATA_MEM:inst40|mem[63][4], DATA_MEM:inst40|mem[63][3],    ;
;                      ;                           ; DATA_MEM:inst40|mem[63][2], DATA_MEM:inst40|mem[63][1], DATA_MEM:inst40|mem[63][0],     ;
;                      ;                           ; DATA_MEM:inst40|mem[62][31], DATA_MEM:inst40|mem[62][29],                               ;
;                      ;                           ; DATA_MEM:inst40|mem[62][28], DATA_MEM:inst40|mem[62][27],                               ;
;                      ;                           ; DATA_MEM:inst40|mem[62][26], DATA_MEM:inst40|mem[62][4], DATA_MEM:inst40|mem[62][3],    ;
;                      ;                           ; DATA_MEM:inst40|mem[62][2], DATA_MEM:inst40|mem[62][1], DATA_MEM:inst40|mem[62][0],     ;
;                      ;                           ; DATA_MEM:inst40|mem[61][31], DATA_MEM:inst40|mem[61][29],                               ;
;                      ;                           ; DATA_MEM:inst40|mem[61][28], DATA_MEM:inst40|mem[61][27],                               ;
;                      ;                           ; DATA_MEM:inst40|mem[61][26], DATA_MEM:inst40|mem[61][4], DATA_MEM:inst40|mem[61][3],    ;
;                      ;                           ; DATA_MEM:inst40|mem[61][2], DATA_MEM:inst40|mem[61][1], DATA_MEM:inst40|mem[61][0],     ;
;                      ;                           ; DATA_MEM:inst40|mem[60][31], DATA_MEM:inst40|mem[60][29],                               ;
;                      ;                           ; DATA_MEM:inst40|mem[60][28], DATA_MEM:inst40|mem[60][27],                               ;
;                      ;                           ; DATA_MEM:inst40|mem[60][26], DATA_MEM:inst40|mem[60][4], DATA_MEM:inst40|mem[60][3],    ;
;                      ;                           ; DATA_MEM:inst40|mem[60][2], DATA_MEM:inst40|mem[60][1], DATA_MEM:inst40|mem[60][0],     ;
;                      ;                           ; DATA_MEM:inst40|mem[59][31], DATA_MEM:inst40|mem[59][29],                               ;
;                      ;                           ; DATA_MEM:inst40|mem[59][28], DATA_MEM:inst40|mem[59][27],                               ;
;                      ;                           ; DATA_MEM:inst40|mem[59][26], DATA_MEM:inst40|mem[59][4], DATA_MEM:inst40|mem[59][3],    ;
;                      ;                           ; DATA_MEM:inst40|mem[59][2], DATA_MEM:inst40|mem[59][1], DATA_MEM:inst40|mem[59][0],     ;
;                      ;                           ; DATA_MEM:inst40|mem[58][31], DATA_MEM:inst40|mem[58][29],                               ;
;                      ;                           ; DATA_MEM:inst40|mem[58][28], DATA_MEM:inst40|mem[58][27],                               ;
;                      ;                           ; DATA_MEM:inst40|mem[58][26], DATA_MEM:inst40|mem[58][4], DATA_MEM:inst40|mem[58][3],    ;
;                      ;                           ; DATA_MEM:inst40|mem[58][2], DATA_MEM:inst40|mem[58][1], DATA_MEM:inst40|mem[58][0],     ;
;                      ;                           ; DATA_MEM:inst40|mem[57][31], DATA_MEM:inst40|mem[57][29],                               ;
;                      ;                           ; DATA_MEM:inst40|mem[57][28], DATA_MEM:inst40|mem[57][27],                               ;
;                      ;                           ; DATA_MEM:inst40|mem[57][26], DATA_MEM:inst40|mem[57][4], DATA_MEM:inst40|mem[57][3],    ;
;                      ;                           ; DATA_MEM:inst40|mem[57][2], DATA_MEM:inst40|mem[57][1], DATA_MEM:inst40|mem[57][0],     ;
;                      ;                           ; DATA_MEM:inst40|mem[56][31], DATA_MEM:inst40|mem[56][29],                               ;
;                      ;                           ; DATA_MEM:inst40|mem[56][28], DATA_MEM:inst40|mem[56][27],                               ;
;                      ;                           ; DATA_MEM:inst40|mem[56][26], DATA_MEM:inst40|mem[56][4], DATA_MEM:inst40|mem[56][3],    ;
;                      ;                           ; DATA_MEM:inst40|mem[56][2], DATA_MEM:inst40|mem[56][1], DATA_MEM:inst40|mem[56][0],     ;
;                      ;                           ; DATA_MEM:inst40|mem[55][31], DATA_MEM:inst40|mem[55][29],                               ;
;                      ;                           ; DATA_MEM:inst40|mem[55][28], DATA_MEM:inst40|mem[55][27],                               ;
;                      ;                           ; DATA_MEM:inst40|mem[55][26], DATA_MEM:inst40|mem[55][4], DATA_MEM:inst40|mem[55][3],    ;
;                      ;                           ; DATA_MEM:inst40|mem[55][2], DATA_MEM:inst40|mem[55][1], DATA_MEM:inst40|mem[55][0],     ;
;                      ;                           ; DATA_MEM:inst40|mem[54][31], DATA_MEM:inst40|mem[54][29],                               ;
;                      ;                           ; DATA_MEM:inst40|mem[54][28], DATA_MEM:inst40|mem[54][27],                               ;
;                      ;                           ; DATA_MEM:inst40|mem[54][26], DATA_MEM:inst40|mem[54][4], DATA_MEM:inst40|mem[54][3],    ;
;                      ;                           ; DATA_MEM:inst40|mem[54][2], DATA_MEM:inst40|mem[54][1], DATA_MEM:inst40|mem[54][0],     ;
;                      ;                           ; DATA_MEM:inst40|mem[53][31], DATA_MEM:inst40|mem[53][29],                               ;
;                      ;                           ; DATA_MEM:inst40|mem[53][28], DATA_MEM:inst40|mem[53][27],                               ;
;                      ;                           ; DATA_MEM:inst40|mem[53][26], DATA_MEM:inst40|mem[53][4], DATA_MEM:inst40|mem[53][3],    ;
;                      ;                           ; DATA_MEM:inst40|mem[53][2], DATA_MEM:inst40|mem[53][1], DATA_MEM:inst40|mem[53][0],     ;
;                      ;                           ; DATA_MEM:inst40|mem[52][31], DATA_MEM:inst40|mem[52][29],                               ;
;                      ;                           ; DATA_MEM:inst40|mem[52][28], DATA_MEM:inst40|mem[52][27],                               ;
;                      ;                           ; DATA_MEM:inst40|mem[52][26], DATA_MEM:inst40|mem[52][4], DATA_MEM:inst40|mem[52][3],    ;
;                      ;                           ; DATA_MEM:inst40|mem[52][2], DATA_MEM:inst40|mem[52][1], DATA_MEM:inst40|mem[52][0],     ;
;                      ;                           ; DATA_MEM:inst40|mem[51][31], DATA_MEM:inst40|mem[51][29],                               ;
;                      ;                           ; DATA_MEM:inst40|mem[51][28], DATA_MEM:inst40|mem[51][27],                               ;
;                      ;                           ; DATA_MEM:inst40|mem[51][26], DATA_MEM:inst40|mem[51][4], DATA_MEM:inst40|mem[51][3],    ;
;                      ;                           ; DATA_MEM:inst40|mem[51][2], DATA_MEM:inst40|mem[51][1], DATA_MEM:inst40|mem[51][0],     ;
;                      ;                           ; DATA_MEM:inst40|mem[50][31], DATA_MEM:inst40|mem[50][29],                               ;
;                      ;                           ; DATA_MEM:inst40|mem[50][28], DATA_MEM:inst40|mem[50][27],                               ;
;                      ;                           ; DATA_MEM:inst40|mem[50][26], DATA_MEM:inst40|mem[50][4], DATA_MEM:inst40|mem[50][3],    ;
;                      ;                           ; DATA_MEM:inst40|mem[50][2], DATA_MEM:inst40|mem[50][1], DATA_MEM:inst40|mem[50][0],     ;
;                      ;                           ; DATA_MEM:inst40|mem[49][31], DATA_MEM:inst40|mem[49][29],                               ;
;                      ;                           ; DATA_MEM:inst40|mem[49][28], DATA_MEM:inst40|mem[49][27],                               ;
;                      ;                           ; DATA_MEM:inst40|mem[49][26], DATA_MEM:inst40|mem[49][4], DATA_MEM:inst40|mem[49][3],    ;
;                      ;                           ; DATA_MEM:inst40|mem[49][2], DATA_MEM:inst40|mem[49][1], DATA_MEM:inst40|mem[49][0],     ;
;                      ;                           ; DATA_MEM:inst40|mem[48][31], DATA_MEM:inst40|mem[48][29],                               ;
;                      ;                           ; DATA_MEM:inst40|mem[48][28], DATA_MEM:inst40|mem[48][27],                               ;
;                      ;                           ; DATA_MEM:inst40|mem[48][26], DATA_MEM:inst40|mem[48][4], DATA_MEM:inst40|mem[48][3],    ;
;                      ;                           ; DATA_MEM:inst40|mem[48][2], DATA_MEM:inst40|mem[48][1], DATA_MEM:inst40|mem[48][0],     ;
;                      ;                           ; DATA_MEM:inst40|mem[47][31], DATA_MEM:inst40|mem[47][29],                               ;
;                      ;                           ; DATA_MEM:inst40|mem[47][28], DATA_MEM:inst40|mem[47][27],                               ;
;                      ;                           ; DATA_MEM:inst40|mem[47][26], DATA_MEM:inst40|mem[47][4], DATA_MEM:inst40|mem[47][3],    ;
;                      ;                           ; DATA_MEM:inst40|mem[47][2], DATA_MEM:inst40|mem[47][1], DATA_MEM:inst40|mem[47][0],     ;
;                      ;                           ; DATA_MEM:inst40|mem[46][31], DATA_MEM:inst40|mem[46][29],                               ;
;                      ;                           ; DATA_MEM:inst40|mem[46][28], DATA_MEM:inst40|mem[46][27],                               ;
;                      ;                           ; DATA_MEM:inst40|mem[46][26], DATA_MEM:inst40|mem[46][4], DATA_MEM:inst40|mem[46][3],    ;
;                      ;                           ; DATA_MEM:inst40|mem[46][2], DATA_MEM:inst40|mem[46][1], DATA_MEM:inst40|mem[46][0],     ;
;                      ;                           ; DATA_MEM:inst40|mem[45][31], DATA_MEM:inst40|mem[45][29],                               ;
;                      ;                           ; DATA_MEM:inst40|mem[45][28], DATA_MEM:inst40|mem[45][27],                               ;
;                      ;                           ; DATA_MEM:inst40|mem[45][26], DATA_MEM:inst40|mem[45][4], DATA_MEM:inst40|mem[45][3],    ;
;                      ;                           ; DATA_MEM:inst40|mem[45][2], DATA_MEM:inst40|mem[45][1], DATA_MEM:inst40|mem[45][0],     ;
;                      ;                           ; DATA_MEM:inst40|mem[44][31], DATA_MEM:inst40|mem[44][29],                               ;
;                      ;                           ; DATA_MEM:inst40|mem[44][28], DATA_MEM:inst40|mem[44][27],                               ;
;                      ;                           ; DATA_MEM:inst40|mem[44][26], DATA_MEM:inst40|mem[44][4], DATA_MEM:inst40|mem[44][3],    ;
;                      ;                           ; DATA_MEM:inst40|mem[44][2], DATA_MEM:inst40|mem[44][1], DATA_MEM:inst40|mem[44][0],     ;
;                      ;                           ; DATA_MEM:inst40|mem[43][31], DATA_MEM:inst40|mem[43][29],                               ;
;                      ;                           ; DATA_MEM:inst40|mem[43][28], DATA_MEM:inst40|mem[43][27],                               ;
;                      ;                           ; DATA_MEM:inst40|mem[43][26], DATA_MEM:inst40|mem[43][4], DATA_MEM:inst40|mem[43][3],    ;
;                      ;                           ; DATA_MEM:inst40|mem[43][2], DATA_MEM:inst40|mem[43][1], DATA_MEM:inst40|mem[43][0],     ;
;                      ;                           ; DATA_MEM:inst40|mem[42][31], DATA_MEM:inst40|mem[42][29],                               ;
;                      ;                           ; DATA_MEM:inst40|mem[42][28], DATA_MEM:inst40|mem[42][27],                               ;
;                      ;                           ; DATA_MEM:inst40|mem[42][26], DATA_MEM:inst40|mem[42][4], DATA_MEM:inst40|mem[42][3],    ;
;                      ;                           ; DATA_MEM:inst40|mem[42][2], DATA_MEM:inst40|mem[42][1], DATA_MEM:inst40|mem[42][0],     ;
;                      ;                           ; DATA_MEM:inst40|mem[41][31], DATA_MEM:inst40|mem[41][29],                               ;
;                      ;                           ; DATA_MEM:inst40|mem[41][28], DATA_MEM:inst40|mem[41][27],                               ;
;                      ;                           ; DATA_MEM:inst40|mem[41][26], DATA_MEM:inst40|mem[41][4], DATA_MEM:inst40|mem[41][3],    ;
;                      ;                           ; DATA_MEM:inst40|mem[41][2], DATA_MEM:inst40|mem[41][1], DATA_MEM:inst40|mem[41][0],     ;
;                      ;                           ; DATA_MEM:inst40|mem[40][31], DATA_MEM:inst40|mem[40][29],                               ;
;                      ;                           ; DATA_MEM:inst40|mem[40][28], DATA_MEM:inst40|mem[40][27],                               ;
;                      ;                           ; DATA_MEM:inst40|mem[40][26], DATA_MEM:inst40|mem[40][4], DATA_MEM:inst40|mem[40][3],    ;
;                      ;                           ; DATA_MEM:inst40|mem[40][2], DATA_MEM:inst40|mem[40][1], DATA_MEM:inst40|mem[40][0],     ;
;                      ;                           ; DATA_MEM:inst40|mem[39][31], DATA_MEM:inst40|mem[39][29],                               ;
;                      ;                           ; DATA_MEM:inst40|mem[39][28], DATA_MEM:inst40|mem[39][27],                               ;
;                      ;                           ; DATA_MEM:inst40|mem[39][26], DATA_MEM:inst40|mem[39][4], DATA_MEM:inst40|mem[39][3],    ;
;                      ;                           ; DATA_MEM:inst40|mem[39][2], DATA_MEM:inst40|mem[39][1], DATA_MEM:inst40|mem[39][0],     ;
;                      ;                           ; DATA_MEM:inst40|mem[38][31], DATA_MEM:inst40|mem[38][29],                               ;
;                      ;                           ; DATA_MEM:inst40|mem[38][28], DATA_MEM:inst40|mem[38][27],                               ;
;                      ;                           ; DATA_MEM:inst40|mem[38][26], DATA_MEM:inst40|mem[38][4], DATA_MEM:inst40|mem[38][3],    ;
;                      ;                           ; DATA_MEM:inst40|mem[38][2], DATA_MEM:inst40|mem[38][1], DATA_MEM:inst40|mem[38][0],     ;
;                      ;                           ; DATA_MEM:inst40|mem[37][31], DATA_MEM:inst40|mem[37][29],                               ;
;                      ;                           ; DATA_MEM:inst40|mem[37][28], DATA_MEM:inst40|mem[37][27],                               ;
;                      ;                           ; DATA_MEM:inst40|mem[37][26], DATA_MEM:inst40|mem[37][4], DATA_MEM:inst40|mem[37][3],    ;
;                      ;                           ; DATA_MEM:inst40|mem[37][2], DATA_MEM:inst40|mem[37][1], DATA_MEM:inst40|mem[37][0],     ;
;                      ;                           ; DATA_MEM:inst40|mem[36][31], DATA_MEM:inst40|mem[36][29],                               ;
;                      ;                           ; DATA_MEM:inst40|mem[36][28], DATA_MEM:inst40|mem[36][27],                               ;
;                      ;                           ; DATA_MEM:inst40|mem[36][26], DATA_MEM:inst40|mem[36][4], DATA_MEM:inst40|mem[36][3],    ;
;                      ;                           ; DATA_MEM:inst40|mem[36][2], DATA_MEM:inst40|mem[36][1], DATA_MEM:inst40|mem[36][0],     ;
;                      ;                           ; DATA_MEM:inst40|mem[35][31], DATA_MEM:inst40|mem[35][29],                               ;
;                      ;                           ; DATA_MEM:inst40|mem[35][28], DATA_MEM:inst40|mem[35][27],                               ;
;                      ;                           ; DATA_MEM:inst40|mem[35][26], DATA_MEM:inst40|mem[35][4], DATA_MEM:inst40|mem[35][3],    ;
;                      ;                           ; DATA_MEM:inst40|mem[35][2], DATA_MEM:inst40|mem[35][1], DATA_MEM:inst40|mem[35][0],     ;
;                      ;                           ; DATA_MEM:inst40|mem[34][31], DATA_MEM:inst40|mem[34][29],                               ;
;                      ;                           ; DATA_MEM:inst40|mem[34][28], DATA_MEM:inst40|mem[34][27],                               ;
;                      ;                           ; DATA_MEM:inst40|mem[34][26], DATA_MEM:inst40|mem[34][4], DATA_MEM:inst40|mem[34][3],    ;
;                      ;                           ; DATA_MEM:inst40|mem[34][2], DATA_MEM:inst40|mem[34][1], DATA_MEM:inst40|mem[34][0],     ;
;                      ;                           ; DATA_MEM:inst40|mem[33][31], DATA_MEM:inst40|mem[33][29],                               ;
;                      ;                           ; DATA_MEM:inst40|mem[33][28], DATA_MEM:inst40|mem[33][27],                               ;
;                      ;                           ; DATA_MEM:inst40|mem[33][26], DATA_MEM:inst40|mem[33][4], DATA_MEM:inst40|mem[33][3],    ;
;                      ;                           ; DATA_MEM:inst40|mem[33][2], DATA_MEM:inst40|mem[33][1], DATA_MEM:inst40|mem[33][0],     ;
;                      ;                           ; DATA_MEM:inst40|mem[32][31], DATA_MEM:inst40|mem[32][29],                               ;
;                      ;                           ; DATA_MEM:inst40|mem[32][28], DATA_MEM:inst40|mem[32][27],                               ;
;                      ;                           ; DATA_MEM:inst40|mem[32][26], DATA_MEM:inst40|mem[32][4], DATA_MEM:inst40|mem[32][3],    ;
;                      ;                           ; DATA_MEM:inst40|mem[32][2], DATA_MEM:inst40|mem[32][1], DATA_MEM:inst40|mem[32][0],     ;
;                      ;                           ; DATA_MEM:inst40|mem[31][31], DATA_MEM:inst40|mem[31][29],                               ;
;                      ;                           ; DATA_MEM:inst40|mem[31][28], DATA_MEM:inst40|mem[31][27],                               ;
;                      ;                           ; DATA_MEM:inst40|mem[31][26], DATA_MEM:inst40|mem[31][4], DATA_MEM:inst40|mem[31][3],    ;
;                      ;                           ; DATA_MEM:inst40|mem[31][2], DATA_MEM:inst40|mem[31][1], DATA_MEM:inst40|mem[31][0],     ;
;                      ;                           ; DATA_MEM:inst40|mem[30][31], DATA_MEM:inst40|mem[30][29],                               ;
;                      ;                           ; DATA_MEM:inst40|mem[30][28], DATA_MEM:inst40|mem[30][27],                               ;
;                      ;                           ; DATA_MEM:inst40|mem[30][26], DATA_MEM:inst40|mem[30][4], DATA_MEM:inst40|mem[30][3],    ;
;                      ;                           ; DATA_MEM:inst40|mem[30][2], DATA_MEM:inst40|mem[30][1], DATA_MEM:inst40|mem[30][0],     ;
;                      ;                           ; DATA_MEM:inst40|mem[29][31], DATA_MEM:inst40|mem[29][29],                               ;
;                      ;                           ; DATA_MEM:inst40|mem[29][28], DATA_MEM:inst40|mem[29][27],                               ;
;                      ;                           ; DATA_MEM:inst40|mem[29][26], DATA_MEM:inst40|mem[29][4], DATA_MEM:inst40|mem[29][3],    ;
;                      ;                           ; DATA_MEM:inst40|mem[29][2], DATA_MEM:inst40|mem[29][1], DATA_MEM:inst40|mem[29][0],     ;
;                      ;                           ; DATA_MEM:inst40|mem[28][31], DATA_MEM:inst40|mem[28][29],                               ;
;                      ;                           ; DATA_MEM:inst40|mem[28][28], DATA_MEM:inst40|mem[28][27],                               ;
;                      ;                           ; DATA_MEM:inst40|mem[28][26], DATA_MEM:inst40|mem[28][4], DATA_MEM:inst40|mem[28][3],    ;
;                      ;                           ; DATA_MEM:inst40|mem[28][2], DATA_MEM:inst40|mem[28][1], DATA_MEM:inst40|mem[28][0],     ;
;                      ;                           ; DATA_MEM:inst40|mem[27][31], DATA_MEM:inst40|mem[27][29],                               ;
;                      ;                           ; DATA_MEM:inst40|mem[27][28], DATA_MEM:inst40|mem[27][27],                               ;
;                      ;                           ; DATA_MEM:inst40|mem[27][26], DATA_MEM:inst40|mem[27][4], DATA_MEM:inst40|mem[27][3],    ;
;                      ;                           ; DATA_MEM:inst40|mem[27][2], DATA_MEM:inst40|mem[27][1], DATA_MEM:inst40|mem[27][0],     ;
;                      ;                           ; DATA_MEM:inst40|mem[26][31], DATA_MEM:inst40|mem[26][29],                               ;
;                      ;                           ; DATA_MEM:inst40|mem[26][28], DATA_MEM:inst40|mem[26][27],                               ;
;                      ;                           ; DATA_MEM:inst40|mem[26][26], DATA_MEM:inst40|mem[26][4], DATA_MEM:inst40|mem[26][3],    ;
;                      ;                           ; DATA_MEM:inst40|mem[26][2], DATA_MEM:inst40|mem[26][1], DATA_MEM:inst40|mem[26][0],     ;
;                      ;                           ; DATA_MEM:inst40|mem[25][31], DATA_MEM:inst40|mem[25][29],                               ;
;                      ;                           ; DATA_MEM:inst40|mem[25][28], DATA_MEM:inst40|mem[25][27],                               ;
;                      ;                           ; DATA_MEM:inst40|mem[25][26], DATA_MEM:inst40|mem[25][4], DATA_MEM:inst40|mem[25][3],    ;
;                      ;                           ; DATA_MEM:inst40|mem[25][2], DATA_MEM:inst40|mem[25][1], DATA_MEM:inst40|mem[25][0],     ;
;                      ;                           ; DATA_MEM:inst40|mem[24][31], DATA_MEM:inst40|mem[24][29],                               ;
;                      ;                           ; DATA_MEM:inst40|mem[24][28], DATA_MEM:inst40|mem[24][27],                               ;
;                      ;                           ; DATA_MEM:inst40|mem[24][26], DATA_MEM:inst40|mem[24][4], DATA_MEM:inst40|mem[24][3],    ;
;                      ;                           ; DATA_MEM:inst40|mem[24][2], DATA_MEM:inst40|mem[24][1], DATA_MEM:inst40|mem[24][0],     ;
;                      ;                           ; DATA_MEM:inst40|mem[23][31], DATA_MEM:inst40|mem[23][29],                               ;
;                      ;                           ; DATA_MEM:inst40|mem[23][28], DATA_MEM:inst40|mem[23][27],                               ;
;                      ;                           ; DATA_MEM:inst40|mem[23][26], DATA_MEM:inst40|mem[23][4], DATA_MEM:inst40|mem[23][3],    ;
;                      ;                           ; DATA_MEM:inst40|mem[23][2], DATA_MEM:inst40|mem[23][1], DATA_MEM:inst40|mem[23][0],     ;
;                      ;                           ; DATA_MEM:inst40|mem[22][31], DATA_MEM:inst40|mem[22][29],                               ;
;                      ;                           ; DATA_MEM:inst40|mem[22][28], DATA_MEM:inst40|mem[22][27],                               ;
;                      ;                           ; DATA_MEM:inst40|mem[22][26], DATA_MEM:inst40|mem[22][4], DATA_MEM:inst40|mem[22][3],    ;
;                      ;                           ; DATA_MEM:inst40|mem[22][2], DATA_MEM:inst40|mem[22][1], DATA_MEM:inst40|mem[22][0],     ;
;                      ;                           ; DATA_MEM:inst40|mem[21][31], DATA_MEM:inst40|mem[21][29],                               ;
;                      ;                           ; DATA_MEM:inst40|mem[21][28], DATA_MEM:inst40|mem[21][27],                               ;
;                      ;                           ; DATA_MEM:inst40|mem[21][26], DATA_MEM:inst40|mem[21][4], DATA_MEM:inst40|mem[21][3],    ;
;                      ;                           ; DATA_MEM:inst40|mem[21][2], DATA_MEM:inst40|mem[21][1], DATA_MEM:inst40|mem[21][0],     ;
;                      ;                           ; DATA_MEM:inst40|mem[20][31], DATA_MEM:inst40|mem[20][29],                               ;
;                      ;                           ; DATA_MEM:inst40|mem[20][28], DATA_MEM:inst40|mem[20][27],                               ;
;                      ;                           ; DATA_MEM:inst40|mem[20][26], DATA_MEM:inst40|mem[20][4], DATA_MEM:inst40|mem[20][3],    ;
;                      ;                           ; DATA_MEM:inst40|mem[20][2], DATA_MEM:inst40|mem[20][1], DATA_MEM:inst40|mem[20][0],     ;
;                      ;                           ; DATA_MEM:inst40|mem[19][31], DATA_MEM:inst40|mem[19][29],                               ;
;                      ;                           ; DATA_MEM:inst40|mem[19][28], DATA_MEM:inst40|mem[19][27],                               ;
;                      ;                           ; DATA_MEM:inst40|mem[19][26], DATA_MEM:inst40|mem[19][4], DATA_MEM:inst40|mem[19][3],    ;
;                      ;                           ; DATA_MEM:inst40|mem[19][2], DATA_MEM:inst40|mem[19][1], DATA_MEM:inst40|mem[19][0],     ;
;                      ;                           ; DATA_MEM:inst40|mem[18][31], DATA_MEM:inst40|mem[18][29],                               ;
;                      ;                           ; DATA_MEM:inst40|mem[18][28], DATA_MEM:inst40|mem[18][27],                               ;
;                      ;                           ; DATA_MEM:inst40|mem[18][26], DATA_MEM:inst40|mem[18][4], DATA_MEM:inst40|mem[18][3],    ;
;                      ;                           ; DATA_MEM:inst40|mem[18][2], DATA_MEM:inst40|mem[18][1], DATA_MEM:inst40|mem[18][0],     ;
;                      ;                           ; DATA_MEM:inst40|mem[17][31], DATA_MEM:inst40|mem[17][29],                               ;
;                      ;                           ; DATA_MEM:inst40|mem[17][28], DATA_MEM:inst40|mem[17][27],                               ;
;                      ;                           ; DATA_MEM:inst40|mem[17][26], DATA_MEM:inst40|mem[17][4], DATA_MEM:inst40|mem[17][3],    ;
;                      ;                           ; DATA_MEM:inst40|mem[17][2], DATA_MEM:inst40|mem[17][1], DATA_MEM:inst40|mem[17][0],     ;
;                      ;                           ; DATA_MEM:inst40|mem[16][31], DATA_MEM:inst40|mem[16][29],                               ;
;                      ;                           ; DATA_MEM:inst40|mem[16][28], DATA_MEM:inst40|mem[16][27],                               ;
;                      ;                           ; DATA_MEM:inst40|mem[16][26], DATA_MEM:inst40|mem[16][4], DATA_MEM:inst40|mem[16][3],    ;
;                      ;                           ; DATA_MEM:inst40|mem[16][2], DATA_MEM:inst40|mem[16][1], DATA_MEM:inst40|mem[16][0],     ;
;                      ;                           ; DATA_MEM:inst40|mem[15][31], DATA_MEM:inst40|mem[15][29],                               ;
;                      ;                           ; DATA_MEM:inst40|mem[15][28], DATA_MEM:inst40|mem[15][27],                               ;
;                      ;                           ; DATA_MEM:inst40|mem[15][26], DATA_MEM:inst40|mem[15][4], DATA_MEM:inst40|mem[15][3],    ;
;                      ;                           ; DATA_MEM:inst40|mem[15][2], DATA_MEM:inst40|mem[15][1], DATA_MEM:inst40|mem[15][0],     ;
;                      ;                           ; DATA_MEM:inst40|mem[14][31], DATA_MEM:inst40|mem[14][29],                               ;
;                      ;                           ; DATA_MEM:inst40|mem[14][28], DATA_MEM:inst40|mem[14][27],                               ;
;                      ;                           ; DATA_MEM:inst40|mem[14][26], DATA_MEM:inst40|mem[14][4], DATA_MEM:inst40|mem[14][3],    ;
;                      ;                           ; DATA_MEM:inst40|mem[14][2], DATA_MEM:inst40|mem[14][1], DATA_MEM:inst40|mem[14][0],     ;
;                      ;                           ; DATA_MEM:inst40|mem[13][31], DATA_MEM:inst40|mem[13][29],                               ;
;                      ;                           ; DATA_MEM:inst40|mem[13][28], DATA_MEM:inst40|mem[13][27],                               ;
;                      ;                           ; DATA_MEM:inst40|mem[13][26], DATA_MEM:inst40|mem[13][4], DATA_MEM:inst40|mem[13][3],    ;
;                      ;                           ; DATA_MEM:inst40|mem[13][2], DATA_MEM:inst40|mem[13][1], DATA_MEM:inst40|mem[13][0],     ;
;                      ;                           ; DATA_MEM:inst40|mem[12][31], DATA_MEM:inst40|mem[12][29],                               ;
;                      ;                           ; DATA_MEM:inst40|mem[12][28], DATA_MEM:inst40|mem[12][27],                               ;
;                      ;                           ; DATA_MEM:inst40|mem[12][26], DATA_MEM:inst40|mem[12][4], DATA_MEM:inst40|mem[12][3],    ;
;                      ;                           ; DATA_MEM:inst40|mem[12][2], DATA_MEM:inst40|mem[12][1], DATA_MEM:inst40|mem[12][0],     ;
;                      ;                           ; DATA_MEM:inst40|mem[11][31], DATA_MEM:inst40|mem[11][29],                               ;
;                      ;                           ; DATA_MEM:inst40|mem[11][28], DATA_MEM:inst40|mem[11][27],                               ;
;                      ;                           ; DATA_MEM:inst40|mem[11][26], DATA_MEM:inst40|mem[11][4], DATA_MEM:inst40|mem[11][3],    ;
;                      ;                           ; DATA_MEM:inst40|mem[11][2], DATA_MEM:inst40|mem[11][1], DATA_MEM:inst40|mem[11][0],     ;
;                      ;                           ; DATA_MEM:inst40|mem[10][31], DATA_MEM:inst40|mem[10][29],                               ;
;                      ;                           ; DATA_MEM:inst40|mem[10][28], DATA_MEM:inst40|mem[10][27],                               ;
;                      ;                           ; DATA_MEM:inst40|mem[10][26], DATA_MEM:inst40|mem[10][4], DATA_MEM:inst40|mem[10][3],    ;
;                      ;                           ; DATA_MEM:inst40|mem[10][2], DATA_MEM:inst40|mem[10][1], DATA_MEM:inst40|mem[10][0],     ;
;                      ;                           ; DATA_MEM:inst40|mem[9][31], DATA_MEM:inst40|mem[9][29], DATA_MEM:inst40|mem[9][28],     ;
;                      ;                           ; DATA_MEM:inst40|mem[9][27], DATA_MEM:inst40|mem[9][26], DATA_MEM:inst40|mem[9][4],      ;
;                      ;                           ; DATA_MEM:inst40|mem[9][3], DATA_MEM:inst40|mem[9][2], DATA_MEM:inst40|mem[9][1],        ;
;                      ;                           ; DATA_MEM:inst40|mem[9][0], DATA_MEM:inst40|mem[8][31], DATA_MEM:inst40|mem[8][29],      ;
;                      ;                           ; DATA_MEM:inst40|mem[8][28], DATA_MEM:inst40|mem[8][27], DATA_MEM:inst40|mem[8][26],     ;
;                      ;                           ; DATA_MEM:inst40|mem[8][4], DATA_MEM:inst40|mem[8][3], DATA_MEM:inst40|mem[8][2],        ;
;                      ;                           ; DATA_MEM:inst40|mem[8][1], DATA_MEM:inst40|mem[8][0], DATA_MEM:inst40|mem[7][31],       ;
;                      ;                           ; DATA_MEM:inst40|mem[7][29], DATA_MEM:inst40|mem[7][28], DATA_MEM:inst40|mem[7][27],     ;
;                      ;                           ; DATA_MEM:inst40|mem[7][26], DATA_MEM:inst40|mem[7][4], DATA_MEM:inst40|mem[7][3],       ;
;                      ;                           ; DATA_MEM:inst40|mem[7][2], DATA_MEM:inst40|mem[7][1], DATA_MEM:inst40|mem[7][0],        ;
;                      ;                           ; DATA_MEM:inst40|mem[6][31], DATA_MEM:inst40|mem[6][29], DATA_MEM:inst40|mem[6][28],     ;
;                      ;                           ; DATA_MEM:inst40|mem[6][27], DATA_MEM:inst40|mem[6][26], DATA_MEM:inst40|mem[6][4],      ;
;                      ;                           ; DATA_MEM:inst40|mem[6][3], DATA_MEM:inst40|mem[6][2], DATA_MEM:inst40|mem[6][1],        ;
;                      ;                           ; DATA_MEM:inst40|mem[6][0], DATA_MEM:inst40|mem[5][31], DATA_MEM:inst40|mem[5][29],      ;
;                      ;                           ; DATA_MEM:inst40|mem[5][28], DATA_MEM:inst40|mem[5][27], DATA_MEM:inst40|mem[5][26],     ;
;                      ;                           ; DATA_MEM:inst40|mem[5][4], DATA_MEM:inst40|mem[5][3], DATA_MEM:inst40|mem[5][2],        ;
;                      ;                           ; DATA_MEM:inst40|mem[5][1], DATA_MEM:inst40|mem[5][0], DATA_MEM:inst40|mem[4][31],       ;
;                      ;                           ; DATA_MEM:inst40|mem[4][29], DATA_MEM:inst40|mem[4][28], DATA_MEM:inst40|mem[4][27],     ;
;                      ;                           ; DATA_MEM:inst40|mem[4][26], DATA_MEM:inst40|mem[4][4], DATA_MEM:inst40|mem[4][3],       ;
;                      ;                           ; DATA_MEM:inst40|mem[4][2], DATA_MEM:inst40|mem[4][1], DATA_MEM:inst40|mem[4][0],        ;
;                      ;                           ; DATA_MEM:inst40|mem[3][31], DATA_MEM:inst40|mem[3][29], DATA_MEM:inst40|mem[3][28],     ;
;                      ;                           ; DATA_MEM:inst40|mem[3][27], DATA_MEM:inst40|mem[3][26], DATA_MEM:inst40|mem[3][4],      ;
;                      ;                           ; DATA_MEM:inst40|mem[3][3], DATA_MEM:inst40|mem[3][2], DATA_MEM:inst40|mem[3][1],        ;
;                      ;                           ; DATA_MEM:inst40|mem[3][0], DATA_MEM:inst40|mem[2][31], DATA_MEM:inst40|mem[2][29],      ;
;                      ;                           ; DATA_MEM:inst40|mem[2][28], DATA_MEM:inst40|mem[2][27], DATA_MEM:inst40|mem[2][26],     ;
;                      ;                           ; DATA_MEM:inst40|mem[2][4], DATA_MEM:inst40|mem[2][3], DATA_MEM:inst40|mem[2][2],        ;
;                      ;                           ; DATA_MEM:inst40|mem[2][1], DATA_MEM:inst40|mem[2][0], DATA_MEM:inst40|mem[1][31],       ;
;                      ;                           ; DATA_MEM:inst40|mem[1][29], DATA_MEM:inst40|mem[1][28], DATA_MEM:inst40|mem[1][27],     ;
;                      ;                           ; DATA_MEM:inst40|mem[1][26], DATA_MEM:inst40|mem[1][4], DATA_MEM:inst40|mem[1][3],       ;
;                      ;                           ; DATA_MEM:inst40|mem[1][2], DATA_MEM:inst40|mem[1][1], DATA_MEM:inst40|mem[1][0],        ;
;                      ;                           ; DATA_MEM:inst40|mem[0][31], DATA_MEM:inst40|mem[0][29], DATA_MEM:inst40|mem[0][28],     ;
;                      ;                           ; DATA_MEM:inst40|mem[0][27], DATA_MEM:inst40|mem[0][26], DATA_MEM:inst40|mem[0][4],      ;
;                      ;                           ; DATA_MEM:inst40|mem[0][3], DATA_MEM:inst40|mem[0][2], DATA_MEM:inst40|mem[0][1],        ;
;                      ;                           ; PC:inst|end_atual[26], PC:inst|end_atual[25], PC:inst|end_atual[21],                    ;
;                      ;                           ; PC:inst|end_atual[20], PC:inst|end_atual[16], PC:inst|end_atual[15],                    ;
;                      ;                           ; PC:inst|end_atual[12], PC:inst|end_atual[11], PC:inst|end_atual[10],                    ;
;                      ;                           ; PC:inst|end_atual[9], PC:inst|end_atual[8], PC:inst|end_atual[6], PC:inst|end_atual[5], ;
;                      ;                           ; PC:inst|end_atual[31], PC:inst|end_atual[30], PC:inst|end_atual[29],                    ;
;                      ;                           ; PC:inst|end_atual[28]                                                                   ;
+----------------------+---------------------------+-----------------------------------------------------------------------------------------+


+------------------------------------------------------+
; General Register Statistics                          ;
+----------------------------------------------+-------+
; Statistic                                    ; Value ;
+----------------------------------------------+-------+
; Total registers                              ; 136   ;
; Number of registers using Synchronous Clear  ; 0     ;
; Number of registers using Synchronous Load   ; 0     ;
; Number of registers using Asynchronous Clear ; 8     ;
; Number of registers using Asynchronous Load  ; 0     ;
; Number of registers using Clock Enable       ; 128   ;
; Number of registers using Preset             ; 0     ;
+----------------------------------------------+-------+


+--------------------------------------------------------------------------------------------------------------------------------------------------+
; Multiplexer Restructuring Statistics (Restructuring Performed)                                                                                   ;
+--------------------+-----------+---------------+----------------------+------------------------+------------+------------------------------------+
; Multiplexer Inputs ; Bus Width ; Baseline Area ; Area if Restructured ; Saving if Restructured ; Registered ; Example Multiplexer Output         ;
+--------------------+-----------+---------------+----------------------+------------------------+------------+------------------------------------+
; 3:1                ; 2 bits    ; 4 LEs         ; 4 LEs                ; 0 LEs                  ; No         ; |PROJETO|CONTROL_UNIT:inst3|ALUSrc ;
; 21:1               ; 8 bits    ; 112 LEs       ; 48 LEs               ; 64 LEs                 ; No         ; |PROJETO|ULA:inst38|Mux13          ;
; 21:1               ; 8 bits    ; 112 LEs       ; 48 LEs               ; 64 LEs                 ; No         ; |PROJETO|ULA:inst38|Mux16          ;
; 22:1               ; 4 bits    ; 56 LEs        ; 32 LEs               ; 24 LEs                 ; No         ; |PROJETO|ULA:inst38|Mux4           ;
; 22:1               ; 4 bits    ; 56 LEs        ; 32 LEs               ; 24 LEs                 ; No         ; |PROJETO|ULA:inst38|Mux24          ;
; 23:1               ; 2 bits    ; 30 LEs        ; 16 LEs               ; 14 LEs                 ; No         ; |PROJETO|ULA:inst38|Mux2           ;
; 23:1               ; 2 bits    ; 30 LEs        ; 16 LEs               ; 14 LEs                 ; No         ; |PROJETO|ULA:inst38|Mux28          ;
; 24:1               ; 2 bits    ; 32 LEs        ; 16 LEs               ; 16 LEs                 ; No         ; |PROJETO|ULA:inst38|Mux0           ;
; 24:1               ; 2 bits    ; 32 LEs        ; 16 LEs               ; 16 LEs                 ; No         ; |PROJETO|ULA:inst38|Mux31          ;
+--------------------+-----------+---------------+----------------------+------------------------+------------+------------------------------------+


+---------------------------------------------------------+
; Parameter Settings for User Entity Instance: ULA:inst38 ;
+----------------+-------+--------------------------------+
; Parameter Name ; Value ; Type                           ;
+----------------+-------+--------------------------------+
; n              ; 32    ; Signed Integer                 ;
+----------------+-------+--------------------------------+
Note: In order to hide this table in the UI and the text report file, please set the "Show Parameter Settings in Synthesis Report" option in "Analysis and Synthesis Settings -> More Settings" to "Off".


+------------------------------------------------------+
; Parameter Settings for User Entity Instance: PC:inst ;
+----------------+-------+-----------------------------+
; Parameter Name ; Value ; Type                        ;
+----------------+-------+-----------------------------+
; n              ; 32    ; Signed Integer              ;
+----------------+-------+-----------------------------+
Note: In order to hide this table in the UI and the text report file, please set the "Show Parameter Settings in Synthesis Report" option in "Analysis and Synthesis Settings -> More Settings" to "Off".


+-----------------------------------------------------------+
; Parameter Settings for User Entity Instance: ADDER:inst28 ;
+----------------+-------+----------------------------------+
; Parameter Name ; Value ; Type                             ;
+----------------+-------+----------------------------------+
; n              ; 32    ; Signed Integer                   ;
+----------------+-------+----------------------------------+
Note: In order to hide this table in the UI and the text report file, please set the "Show Parameter Settings in Synthesis Report" option in "Analysis and Synthesis Settings -> More Settings" to "Off".


+-------------------------------------------------------------+
; Parameter Settings for User Entity Instance: REG_FILE:inst2 ;
+----------------+-------+------------------------------------+
; Parameter Name ; Value ; Type                               ;
+----------------+-------+------------------------------------+
; n              ; 5     ; Signed Integer                     ;
; m              ; 32    ; Signed Integer                     ;
+----------------+-------+------------------------------------+
Note: In order to hide this table in the UI and the text report file, please set the "Show Parameter Settings in Synthesis Report" option in "Analysis and Synthesis Settings -> More Settings" to "Off".


+--------------------------------------------------------------+
; Parameter Settings for User Entity Instance: DATA_MEM:inst40 ;
+----------------+-------+-------------------------------------+
; Parameter Name ; Value ; Type                                ;
+----------------+-------+-------------------------------------+
; n              ; 32    ; Signed Integer                      ;
+----------------+-------+-------------------------------------+
Note: In order to hide this table in the UI and the text report file, please set the "Show Parameter Settings in Synthesis Report" option in "Analysis and Synthesis Settings -> More Settings" to "Off".


+---------------------------------------------------------------------------------------+
; Parameter Settings for Inferred Entity Instance: bin32_to_7seg:inst13|lpm_divide:Mod0 ;
+------------------------+----------------+---------------------------------------------+
; Parameter Name         ; Value          ; Type                                        ;
+------------------------+----------------+---------------------------------------------+
; LPM_WIDTHN             ; 32             ; Untyped                                     ;
; LPM_WIDTHD             ; 32             ; Untyped                                     ;
; LPM_NREPRESENTATION    ; UNSIGNED       ; Untyped                                     ;
; LPM_DREPRESENTATION    ; UNSIGNED       ; Untyped                                     ;
; LPM_PIPELINE           ; 0              ; Untyped                                     ;
; LPM_REMAINDERPOSITIVE  ; TRUE           ; Untyped                                     ;
; MAXIMIZE_SPEED         ; 5              ; Untyped                                     ;
; CBXI_PARAMETER         ; lpm_divide_kcm ; Untyped                                     ;
; CARRY_CHAIN            ; MANUAL         ; Untyped                                     ;
; OPTIMIZE_FOR_SPEED     ; 5              ; Untyped                                     ;
; AUTO_CARRY_CHAINS      ; ON             ; AUTO_CARRY                                  ;
; IGNORE_CARRY_BUFFERS   ; OFF            ; IGNORE_CARRY                                ;
; AUTO_CASCADE_CHAINS    ; ON             ; AUTO_CASCADE                                ;
; IGNORE_CASCADE_BUFFERS ; OFF            ; IGNORE_CASCADE                              ;
+------------------------+----------------+---------------------------------------------+
Note: In order to hide this table in the UI and the text report file, please set the "Show Parameter Settings in Synthesis Report" option in "Analysis and Synthesis Settings -> More Settings" to "Off".


+---------------------------------------------------------------------------------------+
; Parameter Settings for Inferred Entity Instance: bin32_to_7seg:inst13|lpm_divide:Div0 ;
+------------------------+----------------+---------------------------------------------+
; Parameter Name         ; Value          ; Type                                        ;
+------------------------+----------------+---------------------------------------------+
; LPM_WIDTHN             ; 32             ; Untyped                                     ;
; LPM_WIDTHD             ; 4              ; Untyped                                     ;
; LPM_NREPRESENTATION    ; UNSIGNED       ; Untyped                                     ;
; LPM_DREPRESENTATION    ; UNSIGNED       ; Untyped                                     ;
; LPM_PIPELINE           ; 0              ; Untyped                                     ;
; LPM_REMAINDERPOSITIVE  ; TRUE           ; Untyped                                     ;
; MAXIMIZE_SPEED         ; 5              ; Untyped                                     ;
; CBXI_PARAMETER         ; lpm_divide_0jm ; Untyped                                     ;
; CARRY_CHAIN            ; MANUAL         ; Untyped                                     ;
; OPTIMIZE_FOR_SPEED     ; 5              ; Untyped                                     ;
; AUTO_CARRY_CHAINS      ; ON             ; AUTO_CARRY                                  ;
; IGNORE_CARRY_BUFFERS   ; OFF            ; IGNORE_CARRY                                ;
; AUTO_CASCADE_CHAINS    ; ON             ; AUTO_CASCADE                                ;
; IGNORE_CASCADE_BUFFERS ; OFF            ; IGNORE_CASCADE                              ;
+------------------------+----------------+---------------------------------------------+
Note: In order to hide this table in the UI and the text report file, please set the "Show Parameter Settings in Synthesis Report" option in "Analysis and Synthesis Settings -> More Settings" to "Off".


+---------------------------------------------------------------------------------------+
; Parameter Settings for Inferred Entity Instance: bin32_to_7seg:inst13|lpm_divide:Mod1 ;
+------------------------+----------------+---------------------------------------------+
; Parameter Name         ; Value          ; Type                                        ;
+------------------------+----------------+---------------------------------------------+
; LPM_WIDTHN             ; 32             ; Untyped                                     ;
; LPM_WIDTHD             ; 32             ; Untyped                                     ;
; LPM_NREPRESENTATION    ; UNSIGNED       ; Untyped                                     ;
; LPM_DREPRESENTATION    ; UNSIGNED       ; Untyped                                     ;
; LPM_PIPELINE           ; 0              ; Untyped                                     ;
; LPM_REMAINDERPOSITIVE  ; TRUE           ; Untyped                                     ;
; MAXIMIZE_SPEED         ; 5              ; Untyped                                     ;
; CBXI_PARAMETER         ; lpm_divide_kcm ; Untyped                                     ;
; CARRY_CHAIN            ; MANUAL         ; Untyped                                     ;
; OPTIMIZE_FOR_SPEED     ; 5              ; Untyped                                     ;
; AUTO_CARRY_CHAINS      ; ON             ; AUTO_CARRY                                  ;
; IGNORE_CARRY_BUFFERS   ; OFF            ; IGNORE_CARRY                                ;
; AUTO_CASCADE_CHAINS    ; ON             ; AUTO_CASCADE                                ;
; IGNORE_CASCADE_BUFFERS ; OFF            ; IGNORE_CASCADE                              ;
+------------------------+----------------+---------------------------------------------+
Note: In order to hide this table in the UI and the text report file, please set the "Show Parameter Settings in Synthesis Report" option in "Analysis and Synthesis Settings -> More Settings" to "Off".


+---------------------------------------------------------------------------------------+
; Parameter Settings for Inferred Entity Instance: bin32_to_7seg:inst13|lpm_divide:Div1 ;
+------------------------+----------------+---------------------------------------------+
; Parameter Name         ; Value          ; Type                                        ;
+------------------------+----------------+---------------------------------------------+
; LPM_WIDTHN             ; 32             ; Untyped                                     ;
; LPM_WIDTHD             ; 4              ; Untyped                                     ;
; LPM_NREPRESENTATION    ; UNSIGNED       ; Untyped                                     ;
; LPM_DREPRESENTATION    ; UNSIGNED       ; Untyped                                     ;
; LPM_PIPELINE           ; 0              ; Untyped                                     ;
; LPM_REMAINDERPOSITIVE  ; TRUE           ; Untyped                                     ;
; MAXIMIZE_SPEED         ; 5              ; Untyped                                     ;
; CBXI_PARAMETER         ; lpm_divide_0jm ; Untyped                                     ;
; CARRY_CHAIN            ; MANUAL         ; Untyped                                     ;
; OPTIMIZE_FOR_SPEED     ; 5              ; Untyped                                     ;
; AUTO_CARRY_CHAINS      ; ON             ; AUTO_CARRY                                  ;
; IGNORE_CARRY_BUFFERS   ; OFF            ; IGNORE_CARRY                                ;
; AUTO_CASCADE_CHAINS    ; ON             ; AUTO_CASCADE                                ;
; IGNORE_CASCADE_BUFFERS ; OFF            ; IGNORE_CASCADE                              ;
+------------------------+----------------+---------------------------------------------+
Note: In order to hide this table in the UI and the text report file, please set the "Show Parameter Settings in Synthesis Report" option in "Analysis and Synthesis Settings -> More Settings" to "Off".


+---------------------------------------------------------------------------------------+
; Parameter Settings for Inferred Entity Instance: bin32_to_7seg:inst13|lpm_divide:Mod2 ;
+------------------------+----------------+---------------------------------------------+
; Parameter Name         ; Value          ; Type                                        ;
+------------------------+----------------+---------------------------------------------+
; LPM_WIDTHN             ; 32             ; Untyped                                     ;
; LPM_WIDTHD             ; 32             ; Untyped                                     ;
; LPM_NREPRESENTATION    ; UNSIGNED       ; Untyped                                     ;
; LPM_DREPRESENTATION    ; UNSIGNED       ; Untyped                                     ;
; LPM_PIPELINE           ; 0              ; Untyped                                     ;
; LPM_REMAINDERPOSITIVE  ; TRUE           ; Untyped                                     ;
; MAXIMIZE_SPEED         ; 5              ; Untyped                                     ;
; CBXI_PARAMETER         ; lpm_divide_kcm ; Untyped                                     ;
; CARRY_CHAIN            ; MANUAL         ; Untyped                                     ;
; OPTIMIZE_FOR_SPEED     ; 5              ; Untyped                                     ;
; AUTO_CARRY_CHAINS      ; ON             ; AUTO_CARRY                                  ;
; IGNORE_CARRY_BUFFERS   ; OFF            ; IGNORE_CARRY                                ;
; AUTO_CASCADE_CHAINS    ; ON             ; AUTO_CASCADE                                ;
; IGNORE_CASCADE_BUFFERS ; OFF            ; IGNORE_CASCADE                              ;
+------------------------+----------------+---------------------------------------------+
Note: In order to hide this table in the UI and the text report file, please set the "Show Parameter Settings in Synthesis Report" option in "Analysis and Synthesis Settings -> More Settings" to "Off".


+---------------------------------------------------------------------------------------+
; Parameter Settings for Inferred Entity Instance: bin32_to_7seg:inst13|lpm_divide:Div2 ;
+------------------------+----------------+---------------------------------------------+
; Parameter Name         ; Value          ; Type                                        ;
+------------------------+----------------+---------------------------------------------+
; LPM_WIDTHN             ; 32             ; Untyped                                     ;
; LPM_WIDTHD             ; 4              ; Untyped                                     ;
; LPM_NREPRESENTATION    ; UNSIGNED       ; Untyped                                     ;
; LPM_DREPRESENTATION    ; UNSIGNED       ; Untyped                                     ;
; LPM_PIPELINE           ; 0              ; Untyped                                     ;
; LPM_REMAINDERPOSITIVE  ; TRUE           ; Untyped                                     ;
; MAXIMIZE_SPEED         ; 5              ; Untyped                                     ;
; CBXI_PARAMETER         ; lpm_divide_0jm ; Untyped                                     ;
; CARRY_CHAIN            ; MANUAL         ; Untyped                                     ;
; OPTIMIZE_FOR_SPEED     ; 5              ; Untyped                                     ;
; AUTO_CARRY_CHAINS      ; ON             ; AUTO_CARRY                                  ;
; IGNORE_CARRY_BUFFERS   ; OFF            ; IGNORE_CARRY                                ;
; AUTO_CASCADE_CHAINS    ; ON             ; AUTO_CASCADE                                ;
; IGNORE_CASCADE_BUFFERS ; OFF            ; IGNORE_CASCADE                              ;
+------------------------+----------------+---------------------------------------------+
Note: In order to hide this table in the UI and the text report file, please set the "Show Parameter Settings in Synthesis Report" option in "Analysis and Synthesis Settings -> More Settings" to "Off".


+---------------------------------------------------------------------------------------+
; Parameter Settings for Inferred Entity Instance: bin32_to_7seg:inst13|lpm_divide:Mod3 ;
+------------------------+----------------+---------------------------------------------+
; Parameter Name         ; Value          ; Type                                        ;
+------------------------+----------------+---------------------------------------------+
; LPM_WIDTHN             ; 32             ; Untyped                                     ;
; LPM_WIDTHD             ; 32             ; Untyped                                     ;
; LPM_NREPRESENTATION    ; UNSIGNED       ; Untyped                                     ;
; LPM_DREPRESENTATION    ; UNSIGNED       ; Untyped                                     ;
; LPM_PIPELINE           ; 0              ; Untyped                                     ;
; LPM_REMAINDERPOSITIVE  ; TRUE           ; Untyped                                     ;
; MAXIMIZE_SPEED         ; 5              ; Untyped                                     ;
; CBXI_PARAMETER         ; lpm_divide_kcm ; Untyped                                     ;
; CARRY_CHAIN            ; MANUAL         ; Untyped                                     ;
; OPTIMIZE_FOR_SPEED     ; 5              ; Untyped                                     ;
; AUTO_CARRY_CHAINS      ; ON             ; AUTO_CARRY                                  ;
; IGNORE_CARRY_BUFFERS   ; OFF            ; IGNORE_CARRY                                ;
; AUTO_CASCADE_CHAINS    ; ON             ; AUTO_CASCADE                                ;
; IGNORE_CASCADE_BUFFERS ; OFF            ; IGNORE_CASCADE                              ;
+------------------------+----------------+---------------------------------------------+
Note: In order to hide this table in the UI and the text report file, please set the "Show Parameter Settings in Synthesis Report" option in "Analysis and Synthesis Settings -> More Settings" to "Off".


+---------------------------------------------------------------------------------------+
; Parameter Settings for Inferred Entity Instance: bin32_to_7seg:inst13|lpm_divide:Div3 ;
+------------------------+----------------+---------------------------------------------+
; Parameter Name         ; Value          ; Type                                        ;
+------------------------+----------------+---------------------------------------------+
; LPM_WIDTHN             ; 32             ; Untyped                                     ;
; LPM_WIDTHD             ; 4              ; Untyped                                     ;
; LPM_NREPRESENTATION    ; UNSIGNED       ; Untyped                                     ;
; LPM_DREPRESENTATION    ; UNSIGNED       ; Untyped                                     ;
; LPM_PIPELINE           ; 0              ; Untyped                                     ;
; LPM_REMAINDERPOSITIVE  ; TRUE           ; Untyped                                     ;
; MAXIMIZE_SPEED         ; 5              ; Untyped                                     ;
; CBXI_PARAMETER         ; lpm_divide_0jm ; Untyped                                     ;
; CARRY_CHAIN            ; MANUAL         ; Untyped                                     ;
; OPTIMIZE_FOR_SPEED     ; 5              ; Untyped                                     ;
; AUTO_CARRY_CHAINS      ; ON             ; AUTO_CARRY                                  ;
; IGNORE_CARRY_BUFFERS   ; OFF            ; IGNORE_CARRY                                ;
; AUTO_CASCADE_CHAINS    ; ON             ; AUTO_CASCADE                                ;
; IGNORE_CASCADE_BUFFERS ; OFF            ; IGNORE_CASCADE                              ;
+------------------------+----------------+---------------------------------------------+
Note: In order to hide this table in the UI and the text report file, please set the "Show Parameter Settings in Synthesis Report" option in "Analysis and Synthesis Settings -> More Settings" to "Off".


+---------------------------------------------------------------------------------------+
; Parameter Settings for Inferred Entity Instance: bin32_to_7seg:inst13|lpm_divide:Mod4 ;
+------------------------+----------------+---------------------------------------------+
; Parameter Name         ; Value          ; Type                                        ;
+------------------------+----------------+---------------------------------------------+
; LPM_WIDTHN             ; 32             ; Untyped                                     ;
; LPM_WIDTHD             ; 32             ; Untyped                                     ;
; LPM_NREPRESENTATION    ; UNSIGNED       ; Untyped                                     ;
; LPM_DREPRESENTATION    ; UNSIGNED       ; Untyped                                     ;
; LPM_PIPELINE           ; 0              ; Untyped                                     ;
; LPM_REMAINDERPOSITIVE  ; TRUE           ; Untyped                                     ;
; MAXIMIZE_SPEED         ; 5              ; Untyped                                     ;
; CBXI_PARAMETER         ; lpm_divide_kcm ; Untyped                                     ;
; CARRY_CHAIN            ; MANUAL         ; Untyped                                     ;
; OPTIMIZE_FOR_SPEED     ; 5              ; Untyped                                     ;
; AUTO_CARRY_CHAINS      ; ON             ; AUTO_CARRY                                  ;
; IGNORE_CARRY_BUFFERS   ; OFF            ; IGNORE_CARRY                                ;
; AUTO_CASCADE_CHAINS    ; ON             ; AUTO_CASCADE                                ;
; IGNORE_CASCADE_BUFFERS ; OFF            ; IGNORE_CASCADE                              ;
+------------------------+----------------+---------------------------------------------+
Note: In order to hide this table in the UI and the text report file, please set the "Show Parameter Settings in Synthesis Report" option in "Analysis and Synthesis Settings -> More Settings" to "Off".


+---------------------------------------------------------------------------------------+
; Parameter Settings for Inferred Entity Instance: bin32_to_7seg:inst13|lpm_divide:Div4 ;
+------------------------+----------------+---------------------------------------------+
; Parameter Name         ; Value          ; Type                                        ;
+------------------------+----------------+---------------------------------------------+
; LPM_WIDTHN             ; 32             ; Untyped                                     ;
; LPM_WIDTHD             ; 4              ; Untyped                                     ;
; LPM_NREPRESENTATION    ; UNSIGNED       ; Untyped                                     ;
; LPM_DREPRESENTATION    ; UNSIGNED       ; Untyped                                     ;
; LPM_PIPELINE           ; 0              ; Untyped                                     ;
; LPM_REMAINDERPOSITIVE  ; TRUE           ; Untyped                                     ;
; MAXIMIZE_SPEED         ; 5              ; Untyped                                     ;
; CBXI_PARAMETER         ; lpm_divide_0jm ; Untyped                                     ;
; CARRY_CHAIN            ; MANUAL         ; Untyped                                     ;
; OPTIMIZE_FOR_SPEED     ; 5              ; Untyped                                     ;
; AUTO_CARRY_CHAINS      ; ON             ; AUTO_CARRY                                  ;
; IGNORE_CARRY_BUFFERS   ; OFF            ; IGNORE_CARRY                                ;
; AUTO_CASCADE_CHAINS    ; ON             ; AUTO_CASCADE                                ;
; IGNORE_CASCADE_BUFFERS ; OFF            ; IGNORE_CASCADE                              ;
+------------------------+----------------+---------------------------------------------+
Note: In order to hide this table in the UI and the text report file, please set the "Show Parameter Settings in Synthesis Report" option in "Analysis and Synthesis Settings -> More Settings" to "Off".


+---------------------------------------------------------------------------------------+
; Parameter Settings for Inferred Entity Instance: bin32_to_7seg:inst13|lpm_divide:Mod5 ;
+------------------------+----------------+---------------------------------------------+
; Parameter Name         ; Value          ; Type                                        ;
+------------------------+----------------+---------------------------------------------+
; LPM_WIDTHN             ; 32             ; Untyped                                     ;
; LPM_WIDTHD             ; 32             ; Untyped                                     ;
; LPM_NREPRESENTATION    ; UNSIGNED       ; Untyped                                     ;
; LPM_DREPRESENTATION    ; UNSIGNED       ; Untyped                                     ;
; LPM_PIPELINE           ; 0              ; Untyped                                     ;
; LPM_REMAINDERPOSITIVE  ; TRUE           ; Untyped                                     ;
; MAXIMIZE_SPEED         ; 5              ; Untyped                                     ;
; CBXI_PARAMETER         ; lpm_divide_kcm ; Untyped                                     ;
; CARRY_CHAIN            ; MANUAL         ; Untyped                                     ;
; OPTIMIZE_FOR_SPEED     ; 5              ; Untyped                                     ;
; AUTO_CARRY_CHAINS      ; ON             ; AUTO_CARRY                                  ;
; IGNORE_CARRY_BUFFERS   ; OFF            ; IGNORE_CARRY                                ;
; AUTO_CASCADE_CHAINS    ; ON             ; AUTO_CASCADE                                ;
; IGNORE_CASCADE_BUFFERS ; OFF            ; IGNORE_CASCADE                              ;
+------------------------+----------------+---------------------------------------------+
Note: In order to hide this table in the UI and the text report file, please set the "Show Parameter Settings in Synthesis Report" option in "Analysis and Synthesis Settings -> More Settings" to "Off".


+---------------------------------------------------------------------------------------+
; Parameter Settings for Inferred Entity Instance: bin32_to_7seg:inst13|lpm_divide:Div5 ;
+------------------------+----------------+---------------------------------------------+
; Parameter Name         ; Value          ; Type                                        ;
+------------------------+----------------+---------------------------------------------+
; LPM_WIDTHN             ; 32             ; Untyped                                     ;
; LPM_WIDTHD             ; 4              ; Untyped                                     ;
; LPM_NREPRESENTATION    ; UNSIGNED       ; Untyped                                     ;
; LPM_DREPRESENTATION    ; UNSIGNED       ; Untyped                                     ;
; LPM_PIPELINE           ; 0              ; Untyped                                     ;
; LPM_REMAINDERPOSITIVE  ; TRUE           ; Untyped                                     ;
; MAXIMIZE_SPEED         ; 5              ; Untyped                                     ;
; CBXI_PARAMETER         ; lpm_divide_0jm ; Untyped                                     ;
; CARRY_CHAIN            ; MANUAL         ; Untyped                                     ;
; OPTIMIZE_FOR_SPEED     ; 5              ; Untyped                                     ;
; AUTO_CARRY_CHAINS      ; ON             ; AUTO_CARRY                                  ;
; IGNORE_CARRY_BUFFERS   ; OFF            ; IGNORE_CARRY                                ;
; AUTO_CASCADE_CHAINS    ; ON             ; AUTO_CASCADE                                ;
; IGNORE_CASCADE_BUFFERS ; OFF            ; IGNORE_CASCADE                              ;
+------------------------+----------------+---------------------------------------------+
Note: In order to hide this table in the UI and the text report file, please set the "Show Parameter Settings in Synthesis Report" option in "Analysis and Synthesis Settings -> More Settings" to "Off".


+---------------------------------------------------------------------------------------+
; Parameter Settings for Inferred Entity Instance: bin32_to_7seg:inst13|lpm_divide:Mod6 ;
+------------------------+----------------+---------------------------------------------+
; Parameter Name         ; Value          ; Type                                        ;
+------------------------+----------------+---------------------------------------------+
; LPM_WIDTHN             ; 32             ; Untyped                                     ;
; LPM_WIDTHD             ; 32             ; Untyped                                     ;
; LPM_NREPRESENTATION    ; UNSIGNED       ; Untyped                                     ;
; LPM_DREPRESENTATION    ; UNSIGNED       ; Untyped                                     ;
; LPM_PIPELINE           ; 0              ; Untyped                                     ;
; LPM_REMAINDERPOSITIVE  ; TRUE           ; Untyped                                     ;
; MAXIMIZE_SPEED         ; 5              ; Untyped                                     ;
; CBXI_PARAMETER         ; lpm_divide_kcm ; Untyped                                     ;
; CARRY_CHAIN            ; MANUAL         ; Untyped                                     ;
; OPTIMIZE_FOR_SPEED     ; 5              ; Untyped                                     ;
; AUTO_CARRY_CHAINS      ; ON             ; AUTO_CARRY                                  ;
; IGNORE_CARRY_BUFFERS   ; OFF            ; IGNORE_CARRY                                ;
; AUTO_CASCADE_CHAINS    ; ON             ; AUTO_CASCADE                                ;
; IGNORE_CASCADE_BUFFERS ; OFF            ; IGNORE_CASCADE                              ;
+------------------------+----------------+---------------------------------------------+
Note: In order to hide this table in the UI and the text report file, please set the "Show Parameter Settings in Synthesis Report" option in "Analysis and Synthesis Settings -> More Settings" to "Off".


+---------------------------------------------------------------------------------------+
; Parameter Settings for Inferred Entity Instance: bin32_to_7seg:inst13|lpm_divide:Div6 ;
+------------------------+----------------+---------------------------------------------+
; Parameter Name         ; Value          ; Type                                        ;
+------------------------+----------------+---------------------------------------------+
; LPM_WIDTHN             ; 32             ; Untyped                                     ;
; LPM_WIDTHD             ; 4              ; Untyped                                     ;
; LPM_NREPRESENTATION    ; UNSIGNED       ; Untyped                                     ;
; LPM_DREPRESENTATION    ; UNSIGNED       ; Untyped                                     ;
; LPM_PIPELINE           ; 0              ; Untyped                                     ;
; LPM_REMAINDERPOSITIVE  ; TRUE           ; Untyped                                     ;
; MAXIMIZE_SPEED         ; 5              ; Untyped                                     ;
; CBXI_PARAMETER         ; lpm_divide_0jm ; Untyped                                     ;
; CARRY_CHAIN            ; MANUAL         ; Untyped                                     ;
; OPTIMIZE_FOR_SPEED     ; 5              ; Untyped                                     ;
; AUTO_CARRY_CHAINS      ; ON             ; AUTO_CARRY                                  ;
; IGNORE_CARRY_BUFFERS   ; OFF            ; IGNORE_CARRY                                ;
; AUTO_CASCADE_CHAINS    ; ON             ; AUTO_CASCADE                                ;
; IGNORE_CASCADE_BUFFERS ; OFF            ; IGNORE_CASCADE                              ;
+------------------------+----------------+---------------------------------------------+
Note: In order to hide this table in the UI and the text report file, please set the "Show Parameter Settings in Synthesis Report" option in "Analysis and Synthesis Settings -> More Settings" to "Off".


+---------------------------------------------------------------------------------------+
; Parameter Settings for Inferred Entity Instance: bin32_to_7seg:inst13|lpm_divide:Mod7 ;
+------------------------+----------------+---------------------------------------------+
; Parameter Name         ; Value          ; Type                                        ;
+------------------------+----------------+---------------------------------------------+
; LPM_WIDTHN             ; 32             ; Untyped                                     ;
; LPM_WIDTHD             ; 32             ; Untyped                                     ;
; LPM_NREPRESENTATION    ; UNSIGNED       ; Untyped                                     ;
; LPM_DREPRESENTATION    ; UNSIGNED       ; Untyped                                     ;
; LPM_PIPELINE           ; 0              ; Untyped                                     ;
; LPM_REMAINDERPOSITIVE  ; TRUE           ; Untyped                                     ;
; MAXIMIZE_SPEED         ; 5              ; Untyped                                     ;
; CBXI_PARAMETER         ; lpm_divide_kcm ; Untyped                                     ;
; CARRY_CHAIN            ; MANUAL         ; Untyped                                     ;
; OPTIMIZE_FOR_SPEED     ; 5              ; Untyped                                     ;
; AUTO_CARRY_CHAINS      ; ON             ; AUTO_CARRY                                  ;
; IGNORE_CARRY_BUFFERS   ; OFF            ; IGNORE_CARRY                                ;
; AUTO_CASCADE_CHAINS    ; ON             ; AUTO_CASCADE                                ;
; IGNORE_CASCADE_BUFFERS ; OFF            ; IGNORE_CASCADE                              ;
+------------------------+----------------+---------------------------------------------+
Note: In order to hide this table in the UI and the text report file, please set the "Show Parameter Settings in Synthesis Report" option in "Analysis and Synthesis Settings -> More Settings" to "Off".


+-------------------------------+
; Elapsed Time Per Partition    ;
+----------------+--------------+
; Partition Name ; Elapsed Time ;
+----------------+--------------+
; Top            ; 00:00:08     ;
+----------------+--------------+


+-------------------------------+
; Analysis & Synthesis Messages ;
+-------------------------------+
Info: *******************************************************************
Info: Running Quartus II 64-Bit Analysis & Synthesis
    Info: Version 13.0.1 Build 232 06/12/2013 Service Pack 1 SJ Web Edition
    Info: Processing started: Wed Jun 25 20:51:38 2025
Info: Command: quartus_map --read_settings_files=on --write_settings_files=off PROJETO -c PROJETO
Warning (20028): Parallel compilation is not licensed and has been disabled
Info (12021): Found 2 design units, including 1 entities, in source file componentes/display/hex7seg.vhd
    Info (12022): Found design unit 1: bin32_to_7seg-Behavioral
    Info (12023): Found entity 1: bin32_to_7seg
Info (12021): Found 2 design units, including 1 entities, in source file componentes/shift_left_2_jump/shiftleft2jump.vhd
    Info (12022): Found design unit 1: SHIFTLEFT2JUMP-Behavioral
    Info (12023): Found entity 1: SHIFTLEFT2JUMP
Info (12021): Found 2 design units, including 1 entities, in source file componentes/jumpaddres/jumpaddres.vhd
    Info (12022): Found design unit 1: JUMPADDRES-Behavioral
    Info (12023): Found entity 1: JUMPADDRES
Info (12021): Found 2 design units, including 1 entities, in source file componentes/seteseg/seteseg.vhd
    Info (12022): Found design unit 1: SETESEG-Behavioral
    Info (12023): Found entity 1: SETESEG
Info (12021): Found 2 design units, including 1 entities, in source file componentes/pc4/pc4.vhd
    Info (12022): Found design unit 1: PC4-behavior
    Info (12023): Found entity 1: PC4
Info (12021): Found 2 design units, including 1 entities, in source file componentes/adder/adder.vhd
    Info (12022): Found design unit 1: ADDER-Behavioral
    Info (12023): Found entity 1: ADDER
Info (12021): Found 2 design units, including 1 entities, in source file componentes/shift_left_2/shift_left2.vhd
    Info (12022): Found design unit 1: SHIFT_LEFT_2-Behavioral
    Info (12023): Found entity 1: SHIFT_LEFT_2
Info (12021): Found 2 design units, including 1 entities, in source file componentes/ula/ula.vhd
    Info (12022): Found design unit 1: ULA-Behavioral
    Info (12023): Found entity 1: ULA
Info (12021): Found 2 design units, including 1 entities, in source file componentes/sign_extend/sign_extend.vhd
    Info (12022): Found design unit 1: SIGN_EXTEND-Behavioral
    Info (12023): Found entity 1: SIGN_EXTEND
Info (12021): Found 2 design units, including 1 entities, in source file componentes/reg_file/reg_file.vhd
    Info (12022): Found design unit 1: REG_FILE-behavior
    Info (12023): Found entity 1: REG_FILE
Info (12021): Found 2 design units, including 1 entities, in source file componentes/pc/pc.vhd
    Info (12022): Found design unit 1: PC-behavioral
    Info (12023): Found entity 1: PC
Info (12021): Found 2 design units, including 1 entities, in source file componentes/multiplex/multiplex.vhd
    Info (12022): Found design unit 1: MULTIPLEX-behavior
    Info (12023): Found entity 1: MULTIPLEX
Info (12021): Found 2 design units, including 1 entities, in source file componentes/data_mem/data_mem.vhd
    Info (12022): Found design unit 1: DATA_MEM-Behavioral
    Info (12023): Found entity 1: DATA_MEM
Info (12021): Found 2 design units, including 1 entities, in source file componentes/inst_mem/inst_mem.vhd
    Info (12022): Found design unit 1: INST_MEM-Behavioral
    Info (12023): Found entity 1: INST_MEM
Info (12021): Found 2 design units, including 1 entities, in source file componentes/control_unit/control_unit.vhd
    Info (12022): Found design unit 1: CONTROL_UNIT-Behavioral
    Info (12023): Found entity 1: CONTROL_UNIT
Info (12021): Found 1 design units, including 1 entities, in source file projeto.bdf
    Info (12023): Found entity 1: PROJETO
Info (12021): Found 2 design units, including 1 entities, in source file multiplex5bits.vhd
    Info (12022): Found design unit 1: MUXTIPLEX5bits-behavior
    Info (12023): Found entity 1: MUXTIPLEX5bits
Info (12127): Elaborating entity "PROJETO" for the top level hierarchy
Info (12128): Elaborating entity "ULA" for hierarchy "ULA:inst38"
Info (12128): Elaborating entity "CONTROL_UNIT" for hierarchy "CONTROL_UNIT:inst3"
Info (12128): Elaborating entity "INST_MEM" for hierarchy "INST_MEM:inst29"
Warning (10540): VHDL Signal Declaration warning at INST_MEM.vhd(17): used explicit default value for signal "instr_memory" because signal was never assigned a value
Info (12128): Elaborating entity "PC" for hierarchy "PC:inst"
Warning (10492): VHDL Process Statement warning at PC.vhd(22): signal "reset" is read inside the Process Statement but isn't in the Process Statement's sensitivity list
Info (12128): Elaborating entity "MULTIPLEX" for hierarchy "MULTIPLEX:inst35"
Warning (10631): VHDL Process Statement warning at MULTIPLEX.vhd(12): inferring latch(es) for signal or variable "s", which holds its previous value in one or more paths through the process
Info (10041): Inferred latch for "s[0]" at MULTIPLEX.vhd(12)
Info (10041): Inferred latch for "s[1]" at MULTIPLEX.vhd(12)
Info (10041): Inferred latch for "s[2]" at MULTIPLEX.vhd(12)
Info (10041): Inferred latch for "s[3]" at MULTIPLEX.vhd(12)
Info (10041): Inferred latch for "s[4]" at MULTIPLEX.vhd(12)
Info (10041): Inferred latch for "s[5]" at MULTIPLEX.vhd(12)
Info (10041): Inferred latch for "s[6]" at MULTIPLEX.vhd(12)
Info (10041): Inferred latch for "s[7]" at MULTIPLEX.vhd(12)
Info (10041): Inferred latch for "s[8]" at MULTIPLEX.vhd(12)
Info (10041): Inferred latch for "s[9]" at MULTIPLEX.vhd(12)
Info (10041): Inferred latch for "s[10]" at MULTIPLEX.vhd(12)
Info (10041): Inferred latch for "s[11]" at MULTIPLEX.vhd(12)
Info (10041): Inferred latch for "s[12]" at MULTIPLEX.vhd(12)
Info (10041): Inferred latch for "s[13]" at MULTIPLEX.vhd(12)
Info (10041): Inferred latch for "s[14]" at MULTIPLEX.vhd(12)
Info (10041): Inferred latch for "s[15]" at MULTIPLEX.vhd(12)
Info (10041): Inferred latch for "s[16]" at MULTIPLEX.vhd(12)
Info (10041): Inferred latch for "s[17]" at MULTIPLEX.vhd(12)
Info (10041): Inferred latch for "s[18]" at MULTIPLEX.vhd(12)
Info (10041): Inferred latch for "s[19]" at MULTIPLEX.vhd(12)
Info (10041): Inferred latch for "s[20]" at MULTIPLEX.vhd(12)
Info (10041): Inferred latch for "s[21]" at MULTIPLEX.vhd(12)
Info (10041): Inferred latch for "s[22]" at MULTIPLEX.vhd(12)
Info (10041): Inferred latch for "s[23]" at MULTIPLEX.vhd(12)
Info (10041): Inferred latch for "s[24]" at MULTIPLEX.vhd(12)
Info (10041): Inferred latch for "s[25]" at MULTIPLEX.vhd(12)
Info (10041): Inferred latch for "s[26]" at MULTIPLEX.vhd(12)
Info (10041): Inferred latch for "s[27]" at MULTIPLEX.vhd(12)
Info (10041): Inferred latch for "s[28]" at MULTIPLEX.vhd(12)
Info (10041): Inferred latch for "s[29]" at MULTIPLEX.vhd(12)
Info (10041): Inferred latch for "s[30]" at MULTIPLEX.vhd(12)
Info (10041): Inferred latch for "s[31]" at MULTIPLEX.vhd(12)
Info (12128): Elaborating entity "JUMPADDRES" for hierarchy "JUMPADDRES:inst12"
Info (12128): Elaborating entity "SHIFTLEFT2JUMP" for hierarchy "SHIFTLEFT2JUMP:inst8"
Info (12128): Elaborating entity "PC4" for hierarchy "PC4:inst31"
Info (12128): Elaborating entity "ADDER" for hierarchy "ADDER:inst28"
Info (12128): Elaborating entity "SHIFT_LEFT_2" for hierarchy "SHIFT_LEFT_2:inst23"
Info (12128): Elaborating entity "SIGN_EXTEND" for hierarchy "SIGN_EXTEND:inst4"
Info (12128): Elaborating entity "REG_FILE" for hierarchy "REG_FILE:inst2"
Info (12128): Elaborating entity "DATA_MEM" for hierarchy "DATA_MEM:inst40"
Info (12128): Elaborating entity "MUXTIPLEX5bits" for hierarchy "MUXTIPLEX5bits:inst36"
Warning (10631): VHDL Process Statement warning at MULTIPLEX5bits.vhd(12): inferring latch(es) for signal or variable "s", which holds its previous value in one or more paths through the process
Info (10041): Inferred latch for "s[0]" at MULTIPLEX5bits.vhd(12)
Info (10041): Inferred latch for "s[1]" at MULTIPLEX5bits.vhd(12)
Info (10041): Inferred latch for "s[2]" at MULTIPLEX5bits.vhd(12)
Info (10041): Inferred latch for "s[3]" at MULTIPLEX5bits.vhd(12)
Info (10041): Inferred latch for "s[4]" at MULTIPLEX5bits.vhd(12)
Info (12128): Elaborating entity "bin32_to_7seg" for hierarchy "bin32_to_7seg:inst13"
Info (276014): Found 1 instances of uninferred RAM logic
    Info (276007): RAM logic "REG_FILE:inst2|registers" is uninferred due to asynchronous read logic
Info (278001): Inferred 15 megafunctions from design logic
    Info (278004): Inferred divider/modulo megafunction ("lpm_divide") from the following logic: "bin32_to_7seg:inst13|Mod0"
    Info (278004): Inferred divider/modulo megafunction ("lpm_divide") from the following logic: "bin32_to_7seg:inst13|Div0"
    Info (278004): Inferred divider/modulo megafunction ("lpm_divide") from the following logic: "bin32_to_7seg:inst13|Mod1"
    Info (278004): Inferred divider/modulo megafunction ("lpm_divide") from the following logic: "bin32_to_7seg:inst13|Div1"
    Info (278004): Inferred divider/modulo megafunction ("lpm_divide") from the following logic: "bin32_to_7seg:inst13|Mod2"
    Info (278004): Inferred divider/modulo megafunction ("lpm_divide") from the following logic: "bin32_to_7seg:inst13|Div2"
    Info (278004): Inferred divider/modulo megafunction ("lpm_divide") from the following logic: "bin32_to_7seg:inst13|Mod3"
    Info (278004): Inferred divider/modulo megafunction ("lpm_divide") from the following logic: "bin32_to_7seg:inst13|Div3"
    Info (278004): Inferred divider/modulo megafunction ("lpm_divide") from the following logic: "bin32_to_7seg:inst13|Mod4"
    Info (278004): Inferred divider/modulo megafunction ("lpm_divide") from the following logic: "bin32_to_7seg:inst13|Div4"
    Info (278004): Inferred divider/modulo megafunction ("lpm_divide") from the following logic: "bin32_to_7seg:inst13|Mod5"
    Info (278004): Inferred divider/modulo megafunction ("lpm_divide") from the following logic: "bin32_to_7seg:inst13|Div5"
    Info (278004): Inferred divider/modulo megafunction ("lpm_divide") from the following logic: "bin32_to_7seg:inst13|Mod6"
    Info (278004): Inferred divider/modulo megafunction ("lpm_divide") from the following logic: "bin32_to_7seg:inst13|Div6"
    Info (278004): Inferred divider/modulo megafunction ("lpm_divide") from the following logic: "bin32_to_7seg:inst13|Mod7"
Info (12130): Elaborated megafunction instantiation "bin32_to_7seg:inst13|lpm_divide:Mod0"
Info (12133): Instantiated megafunction "bin32_to_7seg:inst13|lpm_divide:Mod0" with the following parameter:
    Info (12134): Parameter "LPM_WIDTHN" = "32"
    Info (12134): Parameter "LPM_WIDTHD" = "32"
    Info (12134): Parameter "LPM_NREPRESENTATION" = "UNSIGNED"
    Info (12134): Parameter "LPM_DREPRESENTATION" = "UNSIGNED"
Info (12021): Found 1 design units, including 1 entities, in source file db/lpm_divide_kcm.tdf
    Info (12023): Found entity 1: lpm_divide_kcm
Info (12021): Found 1 design units, including 1 entities, in source file db/sign_div_unsign_9nh.tdf
    Info (12023): Found entity 1: sign_div_unsign_9nh
Info (12021): Found 1 design units, including 1 entities, in source file db/alt_u_div_6af.tdf
    Info (12023): Found entity 1: alt_u_div_6af
Info (12021): Found 1 design units, including 1 entities, in source file db/add_sub_7pc.tdf
    Info (12023): Found entity 1: add_sub_7pc
Info (12021): Found 1 design units, including 1 entities, in source file db/add_sub_8pc.tdf
    Info (12023): Found entity 1: add_sub_8pc
Info (12130): Elaborated megafunction instantiation "bin32_to_7seg:inst13|lpm_divide:Div0"
Info (12133): Instantiated megafunction "bin32_to_7seg:inst13|lpm_divide:Div0" with the following parameter:
    Info (12134): Parameter "LPM_WIDTHN" = "32"
    Info (12134): Parameter "LPM_WIDTHD" = "4"
    Info (12134): Parameter "LPM_NREPRESENTATION" = "UNSIGNED"
    Info (12134): Parameter "LPM_DREPRESENTATION" = "UNSIGNED"
Info (12021): Found 1 design units, including 1 entities, in source file db/lpm_divide_0jm.tdf
    Info (12023): Found entity 1: lpm_divide_0jm
Info (12021): Found 1 design units, including 1 entities, in source file db/sign_div_unsign_olh.tdf
    Info (12023): Found entity 1: sign_div_unsign_olh
Info (12021): Found 1 design units, including 1 entities, in source file db/alt_u_div_47f.tdf
    Info (12023): Found entity 1: alt_u_div_47f
Warning (13024): Output pins are stuck at VCC or GND
    Warning (13410): Pin "MUX_INPUT1[31]" is stuck at GND
    Warning (13410): Pin "MUX_INPUT1[30]" is stuck at GND
    Warning (13410): Pin "MUX_INPUT1[29]" is stuck at GND
    Warning (13410): Pin "MUX_INPUT1[28]" is stuck at GND
    Warning (13410): Pin "MUX_INPUT1[26]" is stuck at GND
    Warning (13410): Pin "MUX_INPUT1[25]" is stuck at GND
    Warning (13410): Pin "MUX_INPUT1[21]" is stuck at GND
    Warning (13410): Pin "MUX_INPUT1[20]" is stuck at GND
    Warning (13410): Pin "MUX_INPUT1[16]" is stuck at GND
    Warning (13410): Pin "MUX_INPUT1[15]" is stuck at GND
    Warning (13410): Pin "MUX_INPUT1[12]" is stuck at GND
    Warning (13410): Pin "MUX_INPUT1[11]" is stuck at GND
    Warning (13410): Pin "MUX_INPUT1[10]" is stuck at GND
    Warning (13410): Pin "MUX_INPUT1[9]" is stuck at GND
    Warning (13410): Pin "MUX_INPUT1[8]" is stuck at GND
    Warning (13410): Pin "MUX_INPUT1[6]" is stuck at GND
    Warning (13410): Pin "MUX_INPUT1[5]" is stuck at GND
    Warning (13410): Pin "MUX_INPUT1[1]" is stuck at GND
    Warning (13410): Pin "MUX_INPUT1[0]" is stuck at GND
    Warning (13410): Pin "MUX_INPUT2[31]" is stuck at GND
    Warning (13410): Pin "MUX_INPUT2[30]" is stuck at GND
    Warning (13410): Pin "MUX_INPUT2[29]" is stuck at GND
    Warning (13410): Pin "MUX_INPUT2[28]" is stuck at GND
    Warning (13410): Pin "MUX_INPUT2[26]" is stuck at GND
    Warning (13410): Pin "MUX_INPUT2[25]" is stuck at GND
    Warning (13410): Pin "MUX_INPUT2[21]" is stuck at GND
    Warning (13410): Pin "MUX_INPUT2[20]" is stuck at GND
    Warning (13410): Pin "MUX_INPUT2[16]" is stuck at GND
    Warning (13410): Pin "MUX_INPUT2[15]" is stuck at GND
    Warning (13410): Pin "MUX_INPUT2[12]" is stuck at GND
    Warning (13410): Pin "MUX_INPUT2[11]" is stuck at GND
    Warning (13410): Pin "MUX_INPUT2[10]" is stuck at GND
    Warning (13410): Pin "MUX_INPUT2[9]" is stuck at GND
    Warning (13410): Pin "MUX_INPUT2[8]" is stuck at GND
    Warning (13410): Pin "MUX_INPUT2[6]" is stuck at GND
    Warning (13410): Pin "MUX_INPUT2[1]" is stuck at GND
    Warning (13410): Pin "MUX_INPUT2[0]" is stuck at GND
    Warning (13410): Pin "MUX_INPUT3[26]" is stuck at GND
    Warning (13410): Pin "MUX_INPUT3[25]" is stuck at GND
    Warning (13410): Pin "MUX_INPUT3[21]" is stuck at GND
    Warning (13410): Pin "MUX_INPUT3[20]" is stuck at GND
    Warning (13410): Pin "MUX_INPUT3[16]" is stuck at GND
    Warning (13410): Pin "MUX_INPUT3[15]" is stuck at GND
    Warning (13410): Pin "MUX_INPUT3[12]" is stuck at GND
    Warning (13410): Pin "MUX_INPUT3[11]" is stuck at GND
    Warning (13410): Pin "MUX_INPUT3[10]" is stuck at GND
    Warning (13410): Pin "MUX_INPUT3[9]" is stuck at GND
    Warning (13410): Pin "MUX_INPUT3[8]" is stuck at GND
    Warning (13410): Pin "MUX_INPUT3[6]" is stuck at GND
    Warning (13410): Pin "MUX_INPUT3[5]" is stuck at GND
    Warning (13410): Pin "MUX_INPUT3[1]" is stuck at GND
    Warning (13410): Pin "MUX_INPUT3[0]" is stuck at GND
    Warning (13410): Pin "MUX_INPUT4[31]" is stuck at GND
    Warning (13410): Pin "MUX_INPUT4[30]" is stuck at GND
    Warning (13410): Pin "MUX_INPUT4[29]" is stuck at GND
    Warning (13410): Pin "MUX_INPUT4[28]" is stuck at GND
    Warning (13410): Pin "MUX_INPUT4[26]" is stuck at GND
    Warning (13410): Pin "MUX_INPUT4[25]" is stuck at GND
    Warning (13410): Pin "MUX_INPUT4[21]" is stuck at GND
    Warning (13410): Pin "MUX_INPUT4[20]" is stuck at GND
    Warning (13410): Pin "MUX_INPUT4[16]" is stuck at GND
    Warning (13410): Pin "MUX_INPUT4[15]" is stuck at GND
    Warning (13410): Pin "MUX_INPUT4[12]" is stuck at GND
    Warning (13410): Pin "MUX_INPUT4[11]" is stuck at GND
    Warning (13410): Pin "MUX_INPUT4[10]" is stuck at GND
    Warning (13410): Pin "MUX_INPUT4[9]" is stuck at GND
    Warning (13410): Pin "MUX_INPUT4[8]" is stuck at GND
    Warning (13410): Pin "MUX_INPUT4[6]" is stuck at GND
    Warning (13410): Pin "MUX_INPUT4[1]" is stuck at GND
    Warning (13410): Pin "MUX_INPUT4[0]" is stuck at GND
    Warning (13410): Pin "PC[31]" is stuck at GND
    Warning (13410): Pin "PC[30]" is stuck at GND
    Warning (13410): Pin "PC[29]" is stuck at GND
    Warning (13410): Pin "PC[28]" is stuck at GND
    Warning (13410): Pin "PC[26]" is stuck at GND
    Warning (13410): Pin "PC[25]" is stuck at GND
    Warning (13410): Pin "PC[21]" is stuck at GND
    Warning (13410): Pin "PC[20]" is stuck at GND
    Warning (13410): Pin "PC[16]" is stuck at GND
    Warning (13410): Pin "PC[15]" is stuck at GND
    Warning (13410): Pin "PC[12]" is stuck at GND
    Warning (13410): Pin "PC[11]" is stuck at GND
    Warning (13410): Pin "PC[10]" is stuck at GND
    Warning (13410): Pin "PC[9]" is stuck at GND
    Warning (13410): Pin "PC[8]" is stuck at GND
    Warning (13410): Pin "PC[6]" is stuck at GND
    Warning (13410): Pin "PC[5]" is stuck at GND
    Warning (13410): Pin "PC[1]" is stuck at GND
    Warning (13410): Pin "PC[0]" is stuck at GND
    Warning (13410): Pin "PCplus4[31]" is stuck at GND
    Warning (13410): Pin "PCplus4[30]" is stuck at GND
    Warning (13410): Pin "PCplus4[29]" is stuck at GND
    Warning (13410): Pin "PCplus4[28]" is stuck at GND
    Warning (13410): Pin "PCplus4[26]" is stuck at GND
    Warning (13410): Pin "PCplus4[25]" is stuck at GND
    Warning (13410): Pin "PCplus4[21]" is stuck at GND
    Warning (13410): Pin "PCplus4[20]" is stuck at GND
    Warning (13410): Pin "PCplus4[16]" is stuck at GND
    Warning (13410): Pin "PCplus4[15]" is stuck at GND
    Warning (13410): Pin "PCplus4[12]" is stuck at GND
    Warning (13410): Pin "PCplus4[11]" is stuck at GND
    Warning (13410): Pin "PCplus4[10]" is stuck at GND
    Warning (13410): Pin "PCplus4[9]" is stuck at GND
    Warning (13410): Pin "PCplus4[8]" is stuck at GND
    Warning (13410): Pin "PCplus4[6]" is stuck at GND
    Warning (13410): Pin "PCplus4[1]" is stuck at GND
    Warning (13410): Pin "PCplus4[0]" is stuck at GND
Info (286030): Timing-Driven Synthesis is running
Info (17049): 768 registers lost all their fanouts during netlist optimizations.
Info (17016): Found the following redundant logic cells in design
    Info (17048): Logic cell "bin32_to_7seg:inst13|lpm_divide:Mod1|lpm_divide_kcm:auto_generated|sign_div_unsign_9nh:divider|alt_u_div_6af:divider|add_sub_31_result_int[0]~0"
    Info (17048): Logic cell "bin32_to_7seg:inst13|lpm_divide:Mod1|lpm_divide_kcm:auto_generated|sign_div_unsign_9nh:divider|alt_u_div_6af:divider|add_sub_6_result_int[0]~14"
    Info (17048): Logic cell "bin32_to_7seg:inst13|lpm_divide:Mod1|lpm_divide_kcm:auto_generated|sign_div_unsign_9nh:divider|alt_u_div_6af:divider|add_sub_7_result_int[0]~16"
    Info (17048): Logic cell "bin32_to_7seg:inst13|lpm_divide:Mod1|lpm_divide_kcm:auto_generated|sign_div_unsign_9nh:divider|alt_u_div_6af:divider|add_sub_8_result_int[0]~18"
    Info (17048): Logic cell "bin32_to_7seg:inst13|lpm_divide:Mod1|lpm_divide_kcm:auto_generated|sign_div_unsign_9nh:divider|alt_u_div_6af:divider|add_sub_9_result_int[0]~20"
    Info (17048): Logic cell "bin32_to_7seg:inst13|lpm_divide:Mod1|lpm_divide_kcm:auto_generated|sign_div_unsign_9nh:divider|alt_u_div_6af:divider|add_sub_10_result_int[0]~22"
    Info (17048): Logic cell "bin32_to_7seg:inst13|lpm_divide:Mod1|lpm_divide_kcm:auto_generated|sign_div_unsign_9nh:divider|alt_u_div_6af:divider|add_sub_11_result_int[0]~24"
    Info (17048): Logic cell "bin32_to_7seg:inst13|lpm_divide:Mod1|lpm_divide_kcm:auto_generated|sign_div_unsign_9nh:divider|alt_u_div_6af:divider|add_sub_12_result_int[0]~26"
    Info (17048): Logic cell "bin32_to_7seg:inst13|lpm_divide:Mod1|lpm_divide_kcm:auto_generated|sign_div_unsign_9nh:divider|alt_u_div_6af:divider|add_sub_13_result_int[0]~28"
    Info (17048): Logic cell "bin32_to_7seg:inst13|lpm_divide:Mod1|lpm_divide_kcm:auto_generated|sign_div_unsign_9nh:divider|alt_u_div_6af:divider|add_sub_14_result_int[0]~30"
    Info (17048): Logic cell "bin32_to_7seg:inst13|lpm_divide:Mod1|lpm_divide_kcm:auto_generated|sign_div_unsign_9nh:divider|alt_u_div_6af:divider|add_sub_15_result_int[0]~32"
    Info (17048): Logic cell "bin32_to_7seg:inst13|lpm_divide:Mod1|lpm_divide_kcm:auto_generated|sign_div_unsign_9nh:divider|alt_u_div_6af:divider|add_sub_16_result_int[0]~34"
    Info (17048): Logic cell "bin32_to_7seg:inst13|lpm_divide:Mod1|lpm_divide_kcm:auto_generated|sign_div_unsign_9nh:divider|alt_u_div_6af:divider|add_sub_17_result_int[0]~36"
    Info (17048): Logic cell "bin32_to_7seg:inst13|lpm_divide:Mod1|lpm_divide_kcm:auto_generated|sign_div_unsign_9nh:divider|alt_u_div_6af:divider|add_sub_18_result_int[0]~38"
    Info (17048): Logic cell "bin32_to_7seg:inst13|lpm_divide:Mod1|lpm_divide_kcm:auto_generated|sign_div_unsign_9nh:divider|alt_u_div_6af:divider|add_sub_19_result_int[0]~40"
    Info (17048): Logic cell "bin32_to_7seg:inst13|lpm_divide:Mod1|lpm_divide_kcm:auto_generated|sign_div_unsign_9nh:divider|alt_u_div_6af:divider|add_sub_20_result_int[0]~42"
    Info (17048): Logic cell "bin32_to_7seg:inst13|lpm_divide:Mod1|lpm_divide_kcm:auto_generated|sign_div_unsign_9nh:divider|alt_u_div_6af:divider|add_sub_21_result_int[0]~44"
    Info (17048): Logic cell "bin32_to_7seg:inst13|lpm_divide:Mod1|lpm_divide_kcm:auto_generated|sign_div_unsign_9nh:divider|alt_u_div_6af:divider|add_sub_22_result_int[0]~46"
    Info (17048): Logic cell "bin32_to_7seg:inst13|lpm_divide:Mod1|lpm_divide_kcm:auto_generated|sign_div_unsign_9nh:divider|alt_u_div_6af:divider|add_sub_23_result_int[0]~48"
    Info (17048): Logic cell "bin32_to_7seg:inst13|lpm_divide:Mod1|lpm_divide_kcm:auto_generated|sign_div_unsign_9nh:divider|alt_u_div_6af:divider|add_sub_24_result_int[0]~50"
    Info (17048): Logic cell "bin32_to_7seg:inst13|lpm_divide:Mod1|lpm_divide_kcm:auto_generated|sign_div_unsign_9nh:divider|alt_u_div_6af:divider|add_sub_25_result_int[0]~52"
    Info (17048): Logic cell "bin32_to_7seg:inst13|lpm_divide:Mod1|lpm_divide_kcm:auto_generated|sign_div_unsign_9nh:divider|alt_u_div_6af:divider|add_sub_26_result_int[0]~54"
    Info (17048): Logic cell "bin32_to_7seg:inst13|lpm_divide:Mod1|lpm_divide_kcm:auto_generated|sign_div_unsign_9nh:divider|alt_u_div_6af:divider|add_sub_27_result_int[0]~56"
    Info (17048): Logic cell "bin32_to_7seg:inst13|lpm_divide:Mod1|lpm_divide_kcm:auto_generated|sign_div_unsign_9nh:divider|alt_u_div_6af:divider|add_sub_28_result_int[0]~58"
    Info (17048): Logic cell "bin32_to_7seg:inst13|lpm_divide:Mod1|lpm_divide_kcm:auto_generated|sign_div_unsign_9nh:divider|alt_u_div_6af:divider|add_sub_29_result_int[0]~60"
    Info (17048): Logic cell "bin32_to_7seg:inst13|lpm_divide:Mod1|lpm_divide_kcm:auto_generated|sign_div_unsign_9nh:divider|alt_u_div_6af:divider|add_sub_30_result_int[0]~62"
    Info (17048): Logic cell "bin32_to_7seg:inst13|lpm_divide:Div1|lpm_divide_0jm:auto_generated|sign_div_unsign_olh:divider|alt_u_div_47f:divider|add_sub_6_result_int[0]~10"
    Info (17048): Logic cell "bin32_to_7seg:inst13|lpm_divide:Div1|lpm_divide_0jm:auto_generated|sign_div_unsign_olh:divider|alt_u_div_47f:divider|add_sub_7_result_int[0]~10"
    Info (17048): Logic cell "bin32_to_7seg:inst13|lpm_divide:Div1|lpm_divide_0jm:auto_generated|sign_div_unsign_olh:divider|alt_u_div_47f:divider|add_sub_8_result_int[0]~10"
    Info (17048): Logic cell "bin32_to_7seg:inst13|lpm_divide:Div1|lpm_divide_0jm:auto_generated|sign_div_unsign_olh:divider|alt_u_div_47f:divider|add_sub_9_result_int[0]~10"
    Info (17048): Logic cell "bin32_to_7seg:inst13|lpm_divide:Div1|lpm_divide_0jm:auto_generated|sign_div_unsign_olh:divider|alt_u_div_47f:divider|add_sub_10_result_int[0]~10"
    Info (17048): Logic cell "bin32_to_7seg:inst13|lpm_divide:Div1|lpm_divide_0jm:auto_generated|sign_div_unsign_olh:divider|alt_u_div_47f:divider|add_sub_11_result_int[0]~10"
    Info (17048): Logic cell "bin32_to_7seg:inst13|lpm_divide:Div1|lpm_divide_0jm:auto_generated|sign_div_unsign_olh:divider|alt_u_div_47f:divider|add_sub_12_result_int[0]~10"
    Info (17048): Logic cell "bin32_to_7seg:inst13|lpm_divide:Div1|lpm_divide_0jm:auto_generated|sign_div_unsign_olh:divider|alt_u_div_47f:divider|add_sub_13_result_int[0]~10"
    Info (17048): Logic cell "bin32_to_7seg:inst13|lpm_divide:Div1|lpm_divide_0jm:auto_generated|sign_div_unsign_olh:divider|alt_u_div_47f:divider|add_sub_14_result_int[0]~10"
    Info (17048): Logic cell "bin32_to_7seg:inst13|lpm_divide:Div1|lpm_divide_0jm:auto_generated|sign_div_unsign_olh:divider|alt_u_div_47f:divider|add_sub_15_result_int[0]~10"
    Info (17048): Logic cell "bin32_to_7seg:inst13|lpm_divide:Div1|lpm_divide_0jm:auto_generated|sign_div_unsign_olh:divider|alt_u_div_47f:divider|add_sub_16_result_int[0]~10"
    Info (17048): Logic cell "bin32_to_7seg:inst13|lpm_divide:Div1|lpm_divide_0jm:auto_generated|sign_div_unsign_olh:divider|alt_u_div_47f:divider|add_sub_17_result_int[0]~10"
    Info (17048): Logic cell "bin32_to_7seg:inst13|lpm_divide:Div1|lpm_divide_0jm:auto_generated|sign_div_unsign_olh:divider|alt_u_div_47f:divider|add_sub_18_result_int[0]~10"
    Info (17048): Logic cell "bin32_to_7seg:inst13|lpm_divide:Div1|lpm_divide_0jm:auto_generated|sign_div_unsign_olh:divider|alt_u_div_47f:divider|add_sub_19_result_int[0]~10"
    Info (17048): Logic cell "bin32_to_7seg:inst13|lpm_divide:Div1|lpm_divide_0jm:auto_generated|sign_div_unsign_olh:divider|alt_u_div_47f:divider|add_sub_20_result_int[0]~10"
    Info (17048): Logic cell "bin32_to_7seg:inst13|lpm_divide:Div1|lpm_divide_0jm:auto_generated|sign_div_unsign_olh:divider|alt_u_div_47f:divider|add_sub_21_result_int[0]~10"
    Info (17048): Logic cell "bin32_to_7seg:inst13|lpm_divide:Div1|lpm_divide_0jm:auto_generated|sign_div_unsign_olh:divider|alt_u_div_47f:divider|add_sub_22_result_int[0]~10"
    Info (17048): Logic cell "bin32_to_7seg:inst13|lpm_divide:Div1|lpm_divide_0jm:auto_generated|sign_div_unsign_olh:divider|alt_u_div_47f:divider|add_sub_23_result_int[0]~10"
    Info (17048): Logic cell "bin32_to_7seg:inst13|lpm_divide:Div1|lpm_divide_0jm:auto_generated|sign_div_unsign_olh:divider|alt_u_div_47f:divider|add_sub_24_result_int[0]~10"
    Info (17048): Logic cell "bin32_to_7seg:inst13|lpm_divide:Div1|lpm_divide_0jm:auto_generated|sign_div_unsign_olh:divider|alt_u_div_47f:divider|add_sub_25_result_int[0]~10"
    Info (17048): Logic cell "bin32_to_7seg:inst13|lpm_divide:Div1|lpm_divide_0jm:auto_generated|sign_div_unsign_olh:divider|alt_u_div_47f:divider|add_sub_26_result_int[0]~10"
    Info (17048): Logic cell "bin32_to_7seg:inst13|lpm_divide:Div1|lpm_divide_0jm:auto_generated|sign_div_unsign_olh:divider|alt_u_div_47f:divider|add_sub_27_result_int[0]~10"
    Info (17048): Logic cell "bin32_to_7seg:inst13|lpm_divide:Div1|lpm_divide_0jm:auto_generated|sign_div_unsign_olh:divider|alt_u_div_47f:divider|add_sub_28_result_int[0]~10"
    Info (17048): Logic cell "bin32_to_7seg:inst13|lpm_divide:Div1|lpm_divide_0jm:auto_generated|sign_div_unsign_olh:divider|alt_u_div_47f:divider|add_sub_29_result_int[0]~10"
    Info (17048): Logic cell "bin32_to_7seg:inst13|lpm_divide:Div1|lpm_divide_0jm:auto_generated|sign_div_unsign_olh:divider|alt_u_div_47f:divider|add_sub_30_result_int[0]~10"
    Info (17048): Logic cell "bin32_to_7seg:inst13|lpm_divide:Mod2|lpm_divide_kcm:auto_generated|sign_div_unsign_9nh:divider|alt_u_div_6af:divider|add_sub_31_result_int[0]~0"
    Info (17048): Logic cell "bin32_to_7seg:inst13|lpm_divide:Mod2|lpm_divide_kcm:auto_generated|sign_div_unsign_9nh:divider|alt_u_div_6af:divider|add_sub_9_result_int[0]~20"
    Info (17048): Logic cell "bin32_to_7seg:inst13|lpm_divide:Mod2|lpm_divide_kcm:auto_generated|sign_div_unsign_9nh:divider|alt_u_div_6af:divider|add_sub_10_result_int[0]~22"
    Info (17048): Logic cell "bin32_to_7seg:inst13|lpm_divide:Mod2|lpm_divide_kcm:auto_generated|sign_div_unsign_9nh:divider|alt_u_div_6af:divider|add_sub_11_result_int[0]~24"
    Info (17048): Logic cell "bin32_to_7seg:inst13|lpm_divide:Mod2|lpm_divide_kcm:auto_generated|sign_div_unsign_9nh:divider|alt_u_div_6af:divider|add_sub_12_result_int[0]~26"
    Info (17048): Logic cell "bin32_to_7seg:inst13|lpm_divide:Mod2|lpm_divide_kcm:auto_generated|sign_div_unsign_9nh:divider|alt_u_div_6af:divider|add_sub_13_result_int[0]~28"
    Info (17048): Logic cell "bin32_to_7seg:inst13|lpm_divide:Mod2|lpm_divide_kcm:auto_generated|sign_div_unsign_9nh:divider|alt_u_div_6af:divider|add_sub_14_result_int[0]~30"
    Info (17048): Logic cell "bin32_to_7seg:inst13|lpm_divide:Mod2|lpm_divide_kcm:auto_generated|sign_div_unsign_9nh:divider|alt_u_div_6af:divider|add_sub_15_result_int[0]~32"
    Info (17048): Logic cell "bin32_to_7seg:inst13|lpm_divide:Mod2|lpm_divide_kcm:auto_generated|sign_div_unsign_9nh:divider|alt_u_div_6af:divider|add_sub_16_result_int[0]~34"
    Info (17048): Logic cell "bin32_to_7seg:inst13|lpm_divide:Mod2|lpm_divide_kcm:auto_generated|sign_div_unsign_9nh:divider|alt_u_div_6af:divider|add_sub_17_result_int[0]~36"
    Info (17048): Logic cell "bin32_to_7seg:inst13|lpm_divide:Mod2|lpm_divide_kcm:auto_generated|sign_div_unsign_9nh:divider|alt_u_div_6af:divider|add_sub_18_result_int[0]~38"
    Info (17048): Logic cell "bin32_to_7seg:inst13|lpm_divide:Mod2|lpm_divide_kcm:auto_generated|sign_div_unsign_9nh:divider|alt_u_div_6af:divider|add_sub_19_result_int[0]~40"
    Info (17048): Logic cell "bin32_to_7seg:inst13|lpm_divide:Mod2|lpm_divide_kcm:auto_generated|sign_div_unsign_9nh:divider|alt_u_div_6af:divider|add_sub_20_result_int[0]~42"
    Info (17048): Logic cell "bin32_to_7seg:inst13|lpm_divide:Mod2|lpm_divide_kcm:auto_generated|sign_div_unsign_9nh:divider|alt_u_div_6af:divider|add_sub_21_result_int[0]~44"
    Info (17048): Logic cell "bin32_to_7seg:inst13|lpm_divide:Mod2|lpm_divide_kcm:auto_generated|sign_div_unsign_9nh:divider|alt_u_div_6af:divider|add_sub_22_result_int[0]~46"
    Info (17048): Logic cell "bin32_to_7seg:inst13|lpm_divide:Mod2|lpm_divide_kcm:auto_generated|sign_div_unsign_9nh:divider|alt_u_div_6af:divider|add_sub_23_result_int[0]~48"
    Info (17048): Logic cell "bin32_to_7seg:inst13|lpm_divide:Mod2|lpm_divide_kcm:auto_generated|sign_div_unsign_9nh:divider|alt_u_div_6af:divider|add_sub_24_result_int[0]~50"
    Info (17048): Logic cell "bin32_to_7seg:inst13|lpm_divide:Mod2|lpm_divide_kcm:auto_generated|sign_div_unsign_9nh:divider|alt_u_div_6af:divider|add_sub_25_result_int[0]~52"
    Info (17048): Logic cell "bin32_to_7seg:inst13|lpm_divide:Mod2|lpm_divide_kcm:auto_generated|sign_div_unsign_9nh:divider|alt_u_div_6af:divider|add_sub_26_result_int[0]~54"
    Info (17048): Logic cell "bin32_to_7seg:inst13|lpm_divide:Mod2|lpm_divide_kcm:auto_generated|sign_div_unsign_9nh:divider|alt_u_div_6af:divider|add_sub_27_result_int[0]~56"
    Info (17048): Logic cell "bin32_to_7seg:inst13|lpm_divide:Mod2|lpm_divide_kcm:auto_generated|sign_div_unsign_9nh:divider|alt_u_div_6af:divider|add_sub_28_result_int[0]~58"
    Info (17048): Logic cell "bin32_to_7seg:inst13|lpm_divide:Mod2|lpm_divide_kcm:auto_generated|sign_div_unsign_9nh:divider|alt_u_div_6af:divider|add_sub_29_result_int[0]~60"
    Info (17048): Logic cell "bin32_to_7seg:inst13|lpm_divide:Mod2|lpm_divide_kcm:auto_generated|sign_div_unsign_9nh:divider|alt_u_div_6af:divider|add_sub_30_result_int[0]~62"
    Info (17048): Logic cell "bin32_to_7seg:inst13|lpm_divide:Div2|lpm_divide_0jm:auto_generated|sign_div_unsign_olh:divider|alt_u_div_47f:divider|add_sub_9_result_int[0]~10"
    Info (17048): Logic cell "bin32_to_7seg:inst13|lpm_divide:Div2|lpm_divide_0jm:auto_generated|sign_div_unsign_olh:divider|alt_u_div_47f:divider|add_sub_10_result_int[0]~10"
    Info (17048): Logic cell "bin32_to_7seg:inst13|lpm_divide:Div2|lpm_divide_0jm:auto_generated|sign_div_unsign_olh:divider|alt_u_div_47f:divider|add_sub_11_result_int[0]~10"
    Info (17048): Logic cell "bin32_to_7seg:inst13|lpm_divide:Div2|lpm_divide_0jm:auto_generated|sign_div_unsign_olh:divider|alt_u_div_47f:divider|add_sub_12_result_int[0]~10"
    Info (17048): Logic cell "bin32_to_7seg:inst13|lpm_divide:Div2|lpm_divide_0jm:auto_generated|sign_div_unsign_olh:divider|alt_u_div_47f:divider|add_sub_13_result_int[0]~10"
    Info (17048): Logic cell "bin32_to_7seg:inst13|lpm_divide:Div2|lpm_divide_0jm:auto_generated|sign_div_unsign_olh:divider|alt_u_div_47f:divider|add_sub_14_result_int[0]~10"
    Info (17048): Logic cell "bin32_to_7seg:inst13|lpm_divide:Div2|lpm_divide_0jm:auto_generated|sign_div_unsign_olh:divider|alt_u_div_47f:divider|add_sub_15_result_int[0]~10"
    Info (17048): Logic cell "bin32_to_7seg:inst13|lpm_divide:Div2|lpm_divide_0jm:auto_generated|sign_div_unsign_olh:divider|alt_u_div_47f:divider|add_sub_16_result_int[0]~10"
    Info (17048): Logic cell "bin32_to_7seg:inst13|lpm_divide:Div2|lpm_divide_0jm:auto_generated|sign_div_unsign_olh:divider|alt_u_div_47f:divider|add_sub_17_result_int[0]~10"
    Info (17048): Logic cell "bin32_to_7seg:inst13|lpm_divide:Div2|lpm_divide_0jm:auto_generated|sign_div_unsign_olh:divider|alt_u_div_47f:divider|add_sub_18_result_int[0]~10"
    Info (17048): Logic cell "bin32_to_7seg:inst13|lpm_divide:Div2|lpm_divide_0jm:auto_generated|sign_div_unsign_olh:divider|alt_u_div_47f:divider|add_sub_19_result_int[0]~10"
    Info (17048): Logic cell "bin32_to_7seg:inst13|lpm_divide:Div2|lpm_divide_0jm:auto_generated|sign_div_unsign_olh:divider|alt_u_div_47f:divider|add_sub_20_result_int[0]~10"
    Info (17048): Logic cell "bin32_to_7seg:inst13|lpm_divide:Div2|lpm_divide_0jm:auto_generated|sign_div_unsign_olh:divider|alt_u_div_47f:divider|add_sub_21_result_int[0]~10"
    Info (17048): Logic cell "bin32_to_7seg:inst13|lpm_divide:Div2|lpm_divide_0jm:auto_generated|sign_div_unsign_olh:divider|alt_u_div_47f:divider|add_sub_22_result_int[0]~10"
    Info (17048): Logic cell "bin32_to_7seg:inst13|lpm_divide:Div2|lpm_divide_0jm:auto_generated|sign_div_unsign_olh:divider|alt_u_div_47f:divider|add_sub_23_result_int[0]~10"
    Info (17048): Logic cell "bin32_to_7seg:inst13|lpm_divide:Div2|lpm_divide_0jm:auto_generated|sign_div_unsign_olh:divider|alt_u_div_47f:divider|add_sub_24_result_int[0]~10"
    Info (17048): Logic cell "bin32_to_7seg:inst13|lpm_divide:Div2|lpm_divide_0jm:auto_generated|sign_div_unsign_olh:divider|alt_u_div_47f:divider|add_sub_25_result_int[0]~10"
    Info (17048): Logic cell "bin32_to_7seg:inst13|lpm_divide:Div2|lpm_divide_0jm:auto_generated|sign_div_unsign_olh:divider|alt_u_div_47f:divider|add_sub_26_result_int[0]~10"
    Info (17048): Logic cell "bin32_to_7seg:inst13|lpm_divide:Div2|lpm_divide_0jm:auto_generated|sign_div_unsign_olh:divider|alt_u_div_47f:divider|add_sub_27_result_int[0]~10"
    Info (17048): Logic cell "bin32_to_7seg:inst13|lpm_divide:Div2|lpm_divide_0jm:auto_generated|sign_div_unsign_olh:divider|alt_u_div_47f:divider|add_sub_28_result_int[0]~10"
    Info (17048): Logic cell "bin32_to_7seg:inst13|lpm_divide:Div2|lpm_divide_0jm:auto_generated|sign_div_unsign_olh:divider|alt_u_div_47f:divider|add_sub_29_result_int[0]~10"
    Info (17048): Logic cell "bin32_to_7seg:inst13|lpm_divide:Div2|lpm_divide_0jm:auto_generated|sign_div_unsign_olh:divider|alt_u_div_47f:divider|add_sub_30_result_int[0]~10"
    Info (17048): Logic cell "bin32_to_7seg:inst13|lpm_divide:Mod3|lpm_divide_kcm:auto_generated|sign_div_unsign_9nh:divider|alt_u_div_6af:divider|add_sub_31_result_int[0]~0"
    Info (17048): Logic cell "bin32_to_7seg:inst13|lpm_divide:Mod3|lpm_divide_kcm:auto_generated|sign_div_unsign_9nh:divider|alt_u_div_6af:divider|add_sub_12_result_int[0]~26"
    Info (17048): Logic cell "bin32_to_7seg:inst13|lpm_divide:Mod3|lpm_divide_kcm:auto_generated|sign_div_unsign_9nh:divider|alt_u_div_6af:divider|add_sub_13_result_int[0]~28"
    Info (17048): Logic cell "bin32_to_7seg:inst13|lpm_divide:Mod3|lpm_divide_kcm:auto_generated|sign_div_unsign_9nh:divider|alt_u_div_6af:divider|add_sub_14_result_int[0]~30"
    Info (17048): Logic cell "bin32_to_7seg:inst13|lpm_divide:Mod3|lpm_divide_kcm:auto_generated|sign_div_unsign_9nh:divider|alt_u_div_6af:divider|add_sub_15_result_int[0]~32"
    Info (17048): Logic cell "bin32_to_7seg:inst13|lpm_divide:Mod3|lpm_divide_kcm:auto_generated|sign_div_unsign_9nh:divider|alt_u_div_6af:divider|add_sub_16_result_int[0]~34"
    Info (17048): Logic cell "bin32_to_7seg:inst13|lpm_divide:Mod3|lpm_divide_kcm:auto_generated|sign_div_unsign_9nh:divider|alt_u_div_6af:divider|add_sub_17_result_int[0]~36"
    Info (17048): Logic cell "bin32_to_7seg:inst13|lpm_divide:Mod3|lpm_divide_kcm:auto_generated|sign_div_unsign_9nh:divider|alt_u_div_6af:divider|add_sub_18_result_int[0]~38"
    Info (17048): Logic cell "bin32_to_7seg:inst13|lpm_divide:Mod3|lpm_divide_kcm:auto_generated|sign_div_unsign_9nh:divider|alt_u_div_6af:divider|add_sub_19_result_int[0]~40"
    Info (17048): Logic cell "bin32_to_7seg:inst13|lpm_divide:Mod3|lpm_divide_kcm:auto_generated|sign_div_unsign_9nh:divider|alt_u_div_6af:divider|add_sub_20_result_int[0]~42"
    Info (17048): Logic cell "bin32_to_7seg:inst13|lpm_divide:Mod3|lpm_divide_kcm:auto_generated|sign_div_unsign_9nh:divider|alt_u_div_6af:divider|add_sub_21_result_int[0]~44"
    Info (17048): Logic cell "bin32_to_7seg:inst13|lpm_divide:Mod3|lpm_divide_kcm:auto_generated|sign_div_unsign_9nh:divider|alt_u_div_6af:divider|add_sub_22_result_int[0]~46"
    Info (17048): Logic cell "bin32_to_7seg:inst13|lpm_divide:Mod3|lpm_divide_kcm:auto_generated|sign_div_unsign_9nh:divider|alt_u_div_6af:divider|add_sub_23_result_int[0]~48"
    Info (17048): Logic cell "bin32_to_7seg:inst13|lpm_divide:Mod3|lpm_divide_kcm:auto_generated|sign_div_unsign_9nh:divider|alt_u_div_6af:divider|add_sub_24_result_int[0]~50"
    Info (17048): Logic cell "bin32_to_7seg:inst13|lpm_divide:Mod3|lpm_divide_kcm:auto_generated|sign_div_unsign_9nh:divider|alt_u_div_6af:divider|add_sub_25_result_int[0]~52"
    Info (17048): Logic cell "bin32_to_7seg:inst13|lpm_divide:Mod3|lpm_divide_kcm:auto_generated|sign_div_unsign_9nh:divider|alt_u_div_6af:divider|add_sub_26_result_int[0]~54"
    Info (17048): Logic cell "bin32_to_7seg:inst13|lpm_divide:Mod3|lpm_divide_kcm:auto_generated|sign_div_unsign_9nh:divider|alt_u_div_6af:divider|add_sub_27_result_int[0]~56"
    Info (17048): Logic cell "bin32_to_7seg:inst13|lpm_divide:Mod3|lpm_divide_kcm:auto_generated|sign_div_unsign_9nh:divider|alt_u_div_6af:divider|add_sub_28_result_int[0]~58"
    Info (17048): Logic cell "bin32_to_7seg:inst13|lpm_divide:Mod3|lpm_divide_kcm:auto_generated|sign_div_unsign_9nh:divider|alt_u_div_6af:divider|add_sub_29_result_int[0]~60"
    Info (17048): Logic cell "bin32_to_7seg:inst13|lpm_divide:Mod3|lpm_divide_kcm:auto_generated|sign_div_unsign_9nh:divider|alt_u_div_6af:divider|add_sub_30_result_int[0]~62"
    Info (17048): Logic cell "bin32_to_7seg:inst13|lpm_divide:Div3|lpm_divide_0jm:auto_generated|sign_div_unsign_olh:divider|alt_u_div_47f:divider|add_sub_12_result_int[0]~10"
    Info (17048): Logic cell "bin32_to_7seg:inst13|lpm_divide:Div3|lpm_divide_0jm:auto_generated|sign_div_unsign_olh:divider|alt_u_div_47f:divider|add_sub_13_result_int[0]~10"
    Info (17048): Logic cell "bin32_to_7seg:inst13|lpm_divide:Div3|lpm_divide_0jm:auto_generated|sign_div_unsign_olh:divider|alt_u_div_47f:divider|add_sub_14_result_int[0]~10"
    Info (17048): Logic cell "bin32_to_7seg:inst13|lpm_divide:Div3|lpm_divide_0jm:auto_generated|sign_div_unsign_olh:divider|alt_u_div_47f:divider|add_sub_15_result_int[0]~10"
    Info (17048): Logic cell "bin32_to_7seg:inst13|lpm_divide:Div3|lpm_divide_0jm:auto_generated|sign_div_unsign_olh:divider|alt_u_div_47f:divider|add_sub_16_result_int[0]~10"
    Info (17048): Logic cell "bin32_to_7seg:inst13|lpm_divide:Div3|lpm_divide_0jm:auto_generated|sign_div_unsign_olh:divider|alt_u_div_47f:divider|add_sub_17_result_int[0]~10"
    Info (17048): Logic cell "bin32_to_7seg:inst13|lpm_divide:Div3|lpm_divide_0jm:auto_generated|sign_div_unsign_olh:divider|alt_u_div_47f:divider|add_sub_18_result_int[0]~10"
    Info (17048): Logic cell "bin32_to_7seg:inst13|lpm_divide:Div3|lpm_divide_0jm:auto_generated|sign_div_unsign_olh:divider|alt_u_div_47f:divider|add_sub_19_result_int[0]~10"
    Info (17048): Logic cell "bin32_to_7seg:inst13|lpm_divide:Div3|lpm_divide_0jm:auto_generated|sign_div_unsign_olh:divider|alt_u_div_47f:divider|add_sub_20_result_int[0]~10"
    Info (17048): Logic cell "bin32_to_7seg:inst13|lpm_divide:Div3|lpm_divide_0jm:auto_generated|sign_div_unsign_olh:divider|alt_u_div_47f:divider|add_sub_21_result_int[0]~10"
    Info (17048): Logic cell "bin32_to_7seg:inst13|lpm_divide:Div3|lpm_divide_0jm:auto_generated|sign_div_unsign_olh:divider|alt_u_div_47f:divider|add_sub_22_result_int[0]~10"
    Info (17048): Logic cell "bin32_to_7seg:inst13|lpm_divide:Div3|lpm_divide_0jm:auto_generated|sign_div_unsign_olh:divider|alt_u_div_47f:divider|add_sub_23_result_int[0]~10"
    Info (17048): Logic cell "bin32_to_7seg:inst13|lpm_divide:Div3|lpm_divide_0jm:auto_generated|sign_div_unsign_olh:divider|alt_u_div_47f:divider|add_sub_24_result_int[0]~10"
    Info (17048): Logic cell "bin32_to_7seg:inst13|lpm_divide:Div3|lpm_divide_0jm:auto_generated|sign_div_unsign_olh:divider|alt_u_div_47f:divider|add_sub_25_result_int[0]~10"
    Info (17048): Logic cell "bin32_to_7seg:inst13|lpm_divide:Div3|lpm_divide_0jm:auto_generated|sign_div_unsign_olh:divider|alt_u_div_47f:divider|add_sub_26_result_int[0]~10"
    Info (17048): Logic cell "bin32_to_7seg:inst13|lpm_divide:Div3|lpm_divide_0jm:auto_generated|sign_div_unsign_olh:divider|alt_u_div_47f:divider|add_sub_27_result_int[0]~10"
    Info (17048): Logic cell "bin32_to_7seg:inst13|lpm_divide:Div3|lpm_divide_0jm:auto_generated|sign_div_unsign_olh:divider|alt_u_div_47f:divider|add_sub_28_result_int[0]~10"
    Info (17048): Logic cell "bin32_to_7seg:inst13|lpm_divide:Div3|lpm_divide_0jm:auto_generated|sign_div_unsign_olh:divider|alt_u_div_47f:divider|add_sub_29_result_int[0]~10"
    Info (17048): Logic cell "bin32_to_7seg:inst13|lpm_divide:Div3|lpm_divide_0jm:auto_generated|sign_div_unsign_olh:divider|alt_u_div_47f:divider|add_sub_30_result_int[0]~10"
    Info (17048): Logic cell "bin32_to_7seg:inst13|lpm_divide:Mod4|lpm_divide_kcm:auto_generated|sign_div_unsign_9nh:divider|alt_u_div_6af:divider|add_sub_31_result_int[0]~0"
    Info (17048): Logic cell "bin32_to_7seg:inst13|lpm_divide:Mod4|lpm_divide_kcm:auto_generated|sign_div_unsign_9nh:divider|alt_u_div_6af:divider|add_sub_15_result_int[0]~32"
    Info (17048): Logic cell "bin32_to_7seg:inst13|lpm_divide:Mod4|lpm_divide_kcm:auto_generated|sign_div_unsign_9nh:divider|alt_u_div_6af:divider|add_sub_16_result_int[0]~34"
    Info (17048): Logic cell "bin32_to_7seg:inst13|lpm_divide:Mod4|lpm_divide_kcm:auto_generated|sign_div_unsign_9nh:divider|alt_u_div_6af:divider|add_sub_17_result_int[0]~36"
    Info (17048): Logic cell "bin32_to_7seg:inst13|lpm_divide:Mod4|lpm_divide_kcm:auto_generated|sign_div_unsign_9nh:divider|alt_u_div_6af:divider|add_sub_18_result_int[0]~38"
    Info (17048): Logic cell "bin32_to_7seg:inst13|lpm_divide:Mod4|lpm_divide_kcm:auto_generated|sign_div_unsign_9nh:divider|alt_u_div_6af:divider|add_sub_19_result_int[0]~40"
    Info (17048): Logic cell "bin32_to_7seg:inst13|lpm_divide:Mod4|lpm_divide_kcm:auto_generated|sign_div_unsign_9nh:divider|alt_u_div_6af:divider|add_sub_20_result_int[0]~42"
    Info (17048): Logic cell "bin32_to_7seg:inst13|lpm_divide:Mod4|lpm_divide_kcm:auto_generated|sign_div_unsign_9nh:divider|alt_u_div_6af:divider|add_sub_21_result_int[0]~44"
    Info (17048): Logic cell "bin32_to_7seg:inst13|lpm_divide:Mod4|lpm_divide_kcm:auto_generated|sign_div_unsign_9nh:divider|alt_u_div_6af:divider|add_sub_22_result_int[0]~46"
    Info (17048): Logic cell "bin32_to_7seg:inst13|lpm_divide:Mod4|lpm_divide_kcm:auto_generated|sign_div_unsign_9nh:divider|alt_u_div_6af:divider|add_sub_23_result_int[0]~48"
    Info (17048): Logic cell "bin32_to_7seg:inst13|lpm_divide:Mod4|lpm_divide_kcm:auto_generated|sign_div_unsign_9nh:divider|alt_u_div_6af:divider|add_sub_24_result_int[0]~50"
    Info (17048): Logic cell "bin32_to_7seg:inst13|lpm_divide:Mod4|lpm_divide_kcm:auto_generated|sign_div_unsign_9nh:divider|alt_u_div_6af:divider|add_sub_25_result_int[0]~52"
    Info (17048): Logic cell "bin32_to_7seg:inst13|lpm_divide:Mod4|lpm_divide_kcm:auto_generated|sign_div_unsign_9nh:divider|alt_u_div_6af:divider|add_sub_26_result_int[0]~54"
    Info (17048): Logic cell "bin32_to_7seg:inst13|lpm_divide:Mod4|lpm_divide_kcm:auto_generated|sign_div_unsign_9nh:divider|alt_u_div_6af:divider|add_sub_27_result_int[0]~56"
    Info (17048): Logic cell "bin32_to_7seg:inst13|lpm_divide:Mod4|lpm_divide_kcm:auto_generated|sign_div_unsign_9nh:divider|alt_u_div_6af:divider|add_sub_28_result_int[0]~58"
    Info (17048): Logic cell "bin32_to_7seg:inst13|lpm_divide:Mod4|lpm_divide_kcm:auto_generated|sign_div_unsign_9nh:divider|alt_u_div_6af:divider|add_sub_29_result_int[0]~60"
    Info (17048): Logic cell "bin32_to_7seg:inst13|lpm_divide:Mod4|lpm_divide_kcm:auto_generated|sign_div_unsign_9nh:divider|alt_u_div_6af:divider|add_sub_30_result_int[0]~62"
    Info (17048): Logic cell "bin32_to_7seg:inst13|lpm_divide:Div4|lpm_divide_0jm:auto_generated|sign_div_unsign_olh:divider|alt_u_div_47f:divider|add_sub_15_result_int[0]~10"
    Info (17048): Logic cell "bin32_to_7seg:inst13|lpm_divide:Div4|lpm_divide_0jm:auto_generated|sign_div_unsign_olh:divider|alt_u_div_47f:divider|add_sub_16_result_int[0]~10"
    Info (17048): Logic cell "bin32_to_7seg:inst13|lpm_divide:Div4|lpm_divide_0jm:auto_generated|sign_div_unsign_olh:divider|alt_u_div_47f:divider|add_sub_17_result_int[0]~10"
    Info (17048): Logic cell "bin32_to_7seg:inst13|lpm_divide:Div4|lpm_divide_0jm:auto_generated|sign_div_unsign_olh:divider|alt_u_div_47f:divider|add_sub_18_result_int[0]~10"
    Info (17048): Logic cell "bin32_to_7seg:inst13|lpm_divide:Div4|lpm_divide_0jm:auto_generated|sign_div_unsign_olh:divider|alt_u_div_47f:divider|add_sub_19_result_int[0]~10"
    Info (17048): Logic cell "bin32_to_7seg:inst13|lpm_divide:Div4|lpm_divide_0jm:auto_generated|sign_div_unsign_olh:divider|alt_u_div_47f:divider|add_sub_20_result_int[0]~10"
    Info (17048): Logic cell "bin32_to_7seg:inst13|lpm_divide:Div4|lpm_divide_0jm:auto_generated|sign_div_unsign_olh:divider|alt_u_div_47f:divider|add_sub_21_result_int[0]~10"
    Info (17048): Logic cell "bin32_to_7seg:inst13|lpm_divide:Div4|lpm_divide_0jm:auto_generated|sign_div_unsign_olh:divider|alt_u_div_47f:divider|add_sub_22_result_int[0]~10"
    Info (17048): Logic cell "bin32_to_7seg:inst13|lpm_divide:Div4|lpm_divide_0jm:auto_generated|sign_div_unsign_olh:divider|alt_u_div_47f:divider|add_sub_23_result_int[0]~10"
    Info (17048): Logic cell "bin32_to_7seg:inst13|lpm_divide:Div4|lpm_divide_0jm:auto_generated|sign_div_unsign_olh:divider|alt_u_div_47f:divider|add_sub_24_result_int[0]~10"
    Info (17048): Logic cell "bin32_to_7seg:inst13|lpm_divide:Div4|lpm_divide_0jm:auto_generated|sign_div_unsign_olh:divider|alt_u_div_47f:divider|add_sub_25_result_int[0]~10"
    Info (17048): Logic cell "bin32_to_7seg:inst13|lpm_divide:Div4|lpm_divide_0jm:auto_generated|sign_div_unsign_olh:divider|alt_u_div_47f:divider|add_sub_26_result_int[0]~10"
    Info (17048): Logic cell "bin32_to_7seg:inst13|lpm_divide:Div4|lpm_divide_0jm:auto_generated|sign_div_unsign_olh:divider|alt_u_div_47f:divider|add_sub_27_result_int[0]~10"
    Info (17048): Logic cell "bin32_to_7seg:inst13|lpm_divide:Div4|lpm_divide_0jm:auto_generated|sign_div_unsign_olh:divider|alt_u_div_47f:divider|add_sub_28_result_int[0]~10"
    Info (17048): Logic cell "bin32_to_7seg:inst13|lpm_divide:Div4|lpm_divide_0jm:auto_generated|sign_div_unsign_olh:divider|alt_u_div_47f:divider|add_sub_29_result_int[0]~10"
    Info (17048): Logic cell "bin32_to_7seg:inst13|lpm_divide:Div4|lpm_divide_0jm:auto_generated|sign_div_unsign_olh:divider|alt_u_div_47f:divider|add_sub_30_result_int[0]~10"
    Info (17048): Logic cell "bin32_to_7seg:inst13|lpm_divide:Mod5|lpm_divide_kcm:auto_generated|sign_div_unsign_9nh:divider|alt_u_div_6af:divider|add_sub_31_result_int[0]~0"
    Info (17048): Logic cell "bin32_to_7seg:inst13|lpm_divide:Mod5|lpm_divide_kcm:auto_generated|sign_div_unsign_9nh:divider|alt_u_div_6af:divider|add_sub_18_result_int[0]~38"
    Info (17048): Logic cell "bin32_to_7seg:inst13|lpm_divide:Mod5|lpm_divide_kcm:auto_generated|sign_div_unsign_9nh:divider|alt_u_div_6af:divider|add_sub_19_result_int[0]~40"
    Info (17048): Logic cell "bin32_to_7seg:inst13|lpm_divide:Mod5|lpm_divide_kcm:auto_generated|sign_div_unsign_9nh:divider|alt_u_div_6af:divider|add_sub_20_result_int[0]~42"
    Info (17048): Logic cell "bin32_to_7seg:inst13|lpm_divide:Mod5|lpm_divide_kcm:auto_generated|sign_div_unsign_9nh:divider|alt_u_div_6af:divider|add_sub_21_result_int[0]~44"
    Info (17048): Logic cell "bin32_to_7seg:inst13|lpm_divide:Mod5|lpm_divide_kcm:auto_generated|sign_div_unsign_9nh:divider|alt_u_div_6af:divider|add_sub_22_result_int[0]~46"
    Info (17048): Logic cell "bin32_to_7seg:inst13|lpm_divide:Mod5|lpm_divide_kcm:auto_generated|sign_div_unsign_9nh:divider|alt_u_div_6af:divider|add_sub_23_result_int[0]~48"
    Info (17048): Logic cell "bin32_to_7seg:inst13|lpm_divide:Mod5|lpm_divide_kcm:auto_generated|sign_div_unsign_9nh:divider|alt_u_div_6af:divider|add_sub_24_result_int[0]~50"
    Info (17048): Logic cell "bin32_to_7seg:inst13|lpm_divide:Mod5|lpm_divide_kcm:auto_generated|sign_div_unsign_9nh:divider|alt_u_div_6af:divider|add_sub_25_result_int[0]~52"
    Info (17048): Logic cell "bin32_to_7seg:inst13|lpm_divide:Mod5|lpm_divide_kcm:auto_generated|sign_div_unsign_9nh:divider|alt_u_div_6af:divider|add_sub_26_result_int[0]~54"
    Info (17048): Logic cell "bin32_to_7seg:inst13|lpm_divide:Mod5|lpm_divide_kcm:auto_generated|sign_div_unsign_9nh:divider|alt_u_div_6af:divider|add_sub_27_result_int[0]~56"
    Info (17048): Logic cell "bin32_to_7seg:inst13|lpm_divide:Mod5|lpm_divide_kcm:auto_generated|sign_div_unsign_9nh:divider|alt_u_div_6af:divider|add_sub_28_result_int[0]~58"
    Info (17048): Logic cell "bin32_to_7seg:inst13|lpm_divide:Mod5|lpm_divide_kcm:auto_generated|sign_div_unsign_9nh:divider|alt_u_div_6af:divider|add_sub_29_result_int[0]~60"
    Info (17048): Logic cell "bin32_to_7seg:inst13|lpm_divide:Mod5|lpm_divide_kcm:auto_generated|sign_div_unsign_9nh:divider|alt_u_div_6af:divider|add_sub_30_result_int[0]~62"
    Info (17048): Logic cell "bin32_to_7seg:inst13|lpm_divide:Div5|lpm_divide_0jm:auto_generated|sign_div_unsign_olh:divider|alt_u_div_47f:divider|add_sub_18_result_int[0]~10"
    Info (17048): Logic cell "bin32_to_7seg:inst13|lpm_divide:Div5|lpm_divide_0jm:auto_generated|sign_div_unsign_olh:divider|alt_u_div_47f:divider|add_sub_19_result_int[0]~10"
    Info (17048): Logic cell "bin32_to_7seg:inst13|lpm_divide:Div5|lpm_divide_0jm:auto_generated|sign_div_unsign_olh:divider|alt_u_div_47f:divider|add_sub_20_result_int[0]~10"
    Info (17048): Logic cell "bin32_to_7seg:inst13|lpm_divide:Div5|lpm_divide_0jm:auto_generated|sign_div_unsign_olh:divider|alt_u_div_47f:divider|add_sub_21_result_int[0]~10"
    Info (17048): Logic cell "bin32_to_7seg:inst13|lpm_divide:Div5|lpm_divide_0jm:auto_generated|sign_div_unsign_olh:divider|alt_u_div_47f:divider|add_sub_22_result_int[0]~10"
    Info (17048): Logic cell "bin32_to_7seg:inst13|lpm_divide:Div5|lpm_divide_0jm:auto_generated|sign_div_unsign_olh:divider|alt_u_div_47f:divider|add_sub_23_result_int[0]~10"
    Info (17048): Logic cell "bin32_to_7seg:inst13|lpm_divide:Div5|lpm_divide_0jm:auto_generated|sign_div_unsign_olh:divider|alt_u_div_47f:divider|add_sub_24_result_int[0]~10"
    Info (17048): Logic cell "bin32_to_7seg:inst13|lpm_divide:Div5|lpm_divide_0jm:auto_generated|sign_div_unsign_olh:divider|alt_u_div_47f:divider|add_sub_25_result_int[0]~10"
    Info (17048): Logic cell "bin32_to_7seg:inst13|lpm_divide:Div5|lpm_divide_0jm:auto_generated|sign_div_unsign_olh:divider|alt_u_div_47f:divider|add_sub_26_result_int[0]~10"
    Info (17048): Logic cell "bin32_to_7seg:inst13|lpm_divide:Div5|lpm_divide_0jm:auto_generated|sign_div_unsign_olh:divider|alt_u_div_47f:divider|add_sub_27_result_int[0]~10"
    Info (17048): Logic cell "bin32_to_7seg:inst13|lpm_divide:Div5|lpm_divide_0jm:auto_generated|sign_div_unsign_olh:divider|alt_u_div_47f:divider|add_sub_28_result_int[0]~10"
    Info (17048): Logic cell "bin32_to_7seg:inst13|lpm_divide:Div5|lpm_divide_0jm:auto_generated|sign_div_unsign_olh:divider|alt_u_div_47f:divider|add_sub_29_result_int[0]~10"
    Info (17048): Logic cell "bin32_to_7seg:inst13|lpm_divide:Div5|lpm_divide_0jm:auto_generated|sign_div_unsign_olh:divider|alt_u_div_47f:divider|add_sub_30_result_int[0]~10"
    Info (17048): Logic cell "bin32_to_7seg:inst13|lpm_divide:Mod6|lpm_divide_kcm:auto_generated|sign_div_unsign_9nh:divider|alt_u_div_6af:divider|add_sub_31_result_int[0]~0"
    Info (17048): Logic cell "bin32_to_7seg:inst13|lpm_divide:Mod6|lpm_divide_kcm:auto_generated|sign_div_unsign_9nh:divider|alt_u_div_6af:divider|add_sub_21_result_int[0]~44"
    Info (17048): Logic cell "bin32_to_7seg:inst13|lpm_divide:Mod6|lpm_divide_kcm:auto_generated|sign_div_unsign_9nh:divider|alt_u_div_6af:divider|add_sub_22_result_int[0]~46"
    Info (17048): Logic cell "bin32_to_7seg:inst13|lpm_divide:Mod6|lpm_divide_kcm:auto_generated|sign_div_unsign_9nh:divider|alt_u_div_6af:divider|add_sub_23_result_int[0]~48"
    Info (17048): Logic cell "bin32_to_7seg:inst13|lpm_divide:Mod6|lpm_divide_kcm:auto_generated|sign_div_unsign_9nh:divider|alt_u_div_6af:divider|add_sub_24_result_int[0]~50"
    Info (17048): Logic cell "bin32_to_7seg:inst13|lpm_divide:Mod6|lpm_divide_kcm:auto_generated|sign_div_unsign_9nh:divider|alt_u_div_6af:divider|add_sub_25_result_int[0]~52"
    Info (17048): Logic cell "bin32_to_7seg:inst13|lpm_divide:Mod6|lpm_divide_kcm:auto_generated|sign_div_unsign_9nh:divider|alt_u_div_6af:divider|add_sub_26_result_int[0]~54"
    Info (17048): Logic cell "bin32_to_7seg:inst13|lpm_divide:Mod6|lpm_divide_kcm:auto_generated|sign_div_unsign_9nh:divider|alt_u_div_6af:divider|add_sub_27_result_int[0]~56"
    Info (17048): Logic cell "bin32_to_7seg:inst13|lpm_divide:Mod6|lpm_divide_kcm:auto_generated|sign_div_unsign_9nh:divider|alt_u_div_6af:divider|add_sub_28_result_int[0]~58"
    Info (17048): Logic cell "bin32_to_7seg:inst13|lpm_divide:Mod6|lpm_divide_kcm:auto_generated|sign_div_unsign_9nh:divider|alt_u_div_6af:divider|add_sub_29_result_int[0]~60"
    Info (17048): Logic cell "bin32_to_7seg:inst13|lpm_divide:Mod6|lpm_divide_kcm:auto_generated|sign_div_unsign_9nh:divider|alt_u_div_6af:divider|add_sub_30_result_int[0]~62"
    Info (17048): Logic cell "bin32_to_7seg:inst13|lpm_divide:Div6|lpm_divide_0jm:auto_generated|sign_div_unsign_olh:divider|alt_u_div_47f:divider|add_sub_21_result_int[0]~10"
    Info (17048): Logic cell "bin32_to_7seg:inst13|lpm_divide:Div6|lpm_divide_0jm:auto_generated|sign_div_unsign_olh:divider|alt_u_div_47f:divider|add_sub_22_result_int[0]~10"
    Info (17048): Logic cell "bin32_to_7seg:inst13|lpm_divide:Div6|lpm_divide_0jm:auto_generated|sign_div_unsign_olh:divider|alt_u_div_47f:divider|add_sub_23_result_int[0]~10"
    Info (17048): Logic cell "bin32_to_7seg:inst13|lpm_divide:Div6|lpm_divide_0jm:auto_generated|sign_div_unsign_olh:divider|alt_u_div_47f:divider|add_sub_24_result_int[0]~10"
    Info (17048): Logic cell "bin32_to_7seg:inst13|lpm_divide:Div6|lpm_divide_0jm:auto_generated|sign_div_unsign_olh:divider|alt_u_div_47f:divider|add_sub_25_result_int[0]~10"
    Info (17048): Logic cell "bin32_to_7seg:inst13|lpm_divide:Div6|lpm_divide_0jm:auto_generated|sign_div_unsign_olh:divider|alt_u_div_47f:divider|add_sub_26_result_int[0]~10"
    Info (17048): Logic cell "bin32_to_7seg:inst13|lpm_divide:Div6|lpm_divide_0jm:auto_generated|sign_div_unsign_olh:divider|alt_u_div_47f:divider|add_sub_27_result_int[0]~10"
    Info (17048): Logic cell "bin32_to_7seg:inst13|lpm_divide:Div6|lpm_divide_0jm:auto_generated|sign_div_unsign_olh:divider|alt_u_div_47f:divider|add_sub_28_result_int[0]~10"
    Info (17048): Logic cell "bin32_to_7seg:inst13|lpm_divide:Div6|lpm_divide_0jm:auto_generated|sign_div_unsign_olh:divider|alt_u_div_47f:divider|add_sub_29_result_int[0]~10"
    Info (17048): Logic cell "bin32_to_7seg:inst13|lpm_divide:Div6|lpm_divide_0jm:auto_generated|sign_div_unsign_olh:divider|alt_u_div_47f:divider|add_sub_30_result_int[0]~10"
    Info (17048): Logic cell "bin32_to_7seg:inst13|lpm_divide:Mod7|lpm_divide_kcm:auto_generated|sign_div_unsign_9nh:divider|alt_u_div_6af:divider|add_sub_31_result_int[0]~0"
    Info (17048): Logic cell "bin32_to_7seg:inst13|lpm_divide:Mod7|lpm_divide_kcm:auto_generated|sign_div_unsign_9nh:divider|alt_u_div_6af:divider|add_sub_24_result_int[0]~50"
    Info (17048): Logic cell "bin32_to_7seg:inst13|lpm_divide:Mod7|lpm_divide_kcm:auto_generated|sign_div_unsign_9nh:divider|alt_u_div_6af:divider|add_sub_25_result_int[0]~52"
    Info (17048): Logic cell "bin32_to_7seg:inst13|lpm_divide:Mod7|lpm_divide_kcm:auto_generated|sign_div_unsign_9nh:divider|alt_u_div_6af:divider|add_sub_26_result_int[0]~54"
    Info (17048): Logic cell "bin32_to_7seg:inst13|lpm_divide:Mod7|lpm_divide_kcm:auto_generated|sign_div_unsign_9nh:divider|alt_u_div_6af:divider|add_sub_27_result_int[0]~56"
    Info (17048): Logic cell "bin32_to_7seg:inst13|lpm_divide:Mod7|lpm_divide_kcm:auto_generated|sign_div_unsign_9nh:divider|alt_u_div_6af:divider|add_sub_28_result_int[0]~58"
    Info (17048): Logic cell "bin32_to_7seg:inst13|lpm_divide:Mod7|lpm_divide_kcm:auto_generated|sign_div_unsign_9nh:divider|alt_u_div_6af:divider|add_sub_29_result_int[0]~60"
    Info (17048): Logic cell "bin32_to_7seg:inst13|lpm_divide:Mod7|lpm_divide_kcm:auto_generated|sign_div_unsign_9nh:divider|alt_u_div_6af:divider|add_sub_30_result_int[0]~62"
Info (16010): Generating hard_block partition "hard_block:auto_generated_inst"
    Info (16011): Adding 0 node(s), including 0 DDIO, 0 PLL, 0 transceiver and 0 LCELL
Info (21057): Implemented 11923 device resources after synthesis - the final resource count might be different
    Info (21058): Implemented 2 input pins
    Info (21059): Implemented 340 output pins
    Info (21061): Implemented 11581 logic cells
Info: Quartus II 64-Bit Analysis & Synthesis was successful. 0 errors, 113 warnings
    Info: Peak virtual memory: 4733 megabytes
    Info: Processing ended: Wed Jun 25 20:51:49 2025
    Info: Elapsed time: 00:00:11
    Info: Total CPU time (on all processors): 00:00:11


