TimeQuest Timing Analyzer report for PROJETO
Wed Jun 18 16:52:54 2025
Quartus II 64-Bit Version 13.0.1 Build 232 06/12/2013 Service Pack 1 SJ Web Edition


---------------------
; Table of Contents ;
---------------------
  1. Legal Notice
  2. TimeQuest Timing Analyzer Summary
  3. Parallel Compilation
  4. Clocks
  5. Slow 1200mV 85C Model Fmax Summary
  6. Timing Closure Recommendations
  7. Slow 1200mV 85C Model Setup Summary
  8. Slow 1200mV 85C Model Hold Summary
  9. Slow 1200mV 85C Model Recovery Summary
 10. Slow 1200mV 85C Model Removal Summary
 11. Slow 1200mV 85C Model Minimum Pulse Width Summary
 12. Slow 1200mV 85C Model Setup: 'Clock'
 13. Slow 1200mV 85C Model Hold: 'Clock'
 14. Slow 1200mV 85C Model Minimum Pulse Width: 'Clock'
 15. Clock to Output Times
 16. Minimum Clock to Output Times
 17. Slow 1200mV 85C Model Metastability Report
 18. Slow 1200mV 0C Model Fmax Summary
 19. Slow 1200mV 0C Model Setup Summary
 20. Slow 1200mV 0C Model Hold Summary
 21. Slow 1200mV 0C Model Recovery Summary
 22. Slow 1200mV 0C Model Removal Summary
 23. Slow 1200mV 0C Model Minimum Pulse Width Summary
 24. Slow 1200mV 0C Model Setup: 'Clock'
 25. Slow 1200mV 0C Model Hold: 'Clock'
 26. Slow 1200mV 0C Model Minimum Pulse Width: 'Clock'
 27. Clock to Output Times
 28. Minimum Clock to Output Times
 29. Slow 1200mV 0C Model Metastability Report
 30. Fast 1200mV 0C Model Setup Summary
 31. Fast 1200mV 0C Model Hold Summary
 32. Fast 1200mV 0C Model Recovery Summary
 33. Fast 1200mV 0C Model Removal Summary
 34. Fast 1200mV 0C Model Minimum Pulse Width Summary
 35. Fast 1200mV 0C Model Setup: 'Clock'
 36. Fast 1200mV 0C Model Hold: 'Clock'
 37. Fast 1200mV 0C Model Minimum Pulse Width: 'Clock'
 38. Clock to Output Times
 39. Minimum Clock to Output Times
 40. Fast 1200mV 0C Model Metastability Report
 41. Multicorner Timing Analysis Summary
 42. Clock to Output Times
 43. Minimum Clock to Output Times
 44. Board Trace Model Assignments
 45. Input Transition Times
 46. Signal Integrity Metrics (Slow 1200mv 0c Model)
 47. Signal Integrity Metrics (Slow 1200mv 85c Model)
 48. Signal Integrity Metrics (Fast 1200mv 0c Model)
 49. Setup Transfers
 50. Hold Transfers
 51. Report TCCS
 52. Report RSKM
 53. Unconstrained Paths
 54. TimeQuest Timing Analyzer Messages



----------------
; Legal Notice ;
----------------
Copyright (C) 1991-2013 Altera Corporation
Your use of Altera Corporation's design tools, logic functions 
and other software and tools, and its AMPP partner logic 
functions, and any output files from any of the foregoing 
(including device programming or simulation files), and any 
associated documentation or information are expressly subject 
to the terms and conditions of the Altera Program License 
Subscription Agreement, Altera MegaCore Function License 
Agreement, or other applicable license agreement, including, 
without limitation, that your use is for the sole purpose of 
programming logic devices manufactured by Altera and sold by 
Altera or its authorized distributors.  Please refer to the 
applicable agreement for further details.



+----------------------------------------------------------------------------------------+
; TimeQuest Timing Analyzer Summary                                                      ;
+--------------------+-------------------------------------------------------------------+
; Quartus II Version ; Version 13.0.1 Build 232 06/12/2013 Service Pack 1 SJ Web Edition ;
; Revision Name      ; PROJETO                                                           ;
; Device Family      ; Cyclone IV E                                                      ;
; Device Name        ; EP4CE115F29C7                                                     ;
; Timing Models      ; Final                                                             ;
; Delay Model        ; Combined                                                          ;
; Rise/Fall Delays   ; Enabled                                                           ;
+--------------------+-------------------------------------------------------------------+


Parallel compilation was disabled, but you have multiple processors available. Enable parallel compilation to reduce compilation time.
+-------------------------------------+
; Parallel Compilation                ;
+----------------------------+--------+
; Processors                 ; Number ;
+----------------------------+--------+
; Number detected on machine ; 12     ;
; Maximum allowed            ; 1      ;
+----------------------------+--------+


+-----------------------------------------------------------------------------------------------------------------------------------------------------------------------------------+
; Clocks                                                                                                                                                                            ;
+------------+------+--------+------------+-------+-------+------------+-----------+-------------+-------+--------+-----------+------------+----------+--------+--------+-----------+
; Clock Name ; Type ; Period ; Frequency  ; Rise  ; Fall  ; Duty Cycle ; Divide by ; Multiply by ; Phase ; Offset ; Edge List ; Edge Shift ; Inverted ; Master ; Source ; Targets   ;
+------------+------+--------+------------+-------+-------+------------+-----------+-------------+-------+--------+-----------+------------+----------+--------+--------+-----------+
; Clock      ; Base ; 1.000  ; 1000.0 MHz ; 0.000 ; 0.500 ;            ;           ;             ;       ;        ;           ;            ;          ;        ;        ; { Clock } ;
+------------+------+--------+------------+-------+-------+------------+-----------+-------------+-------+--------+-----------+------------+----------+--------+--------+-----------+


+--------------------------------------------------+
; Slow 1200mV 85C Model Fmax Summary               ;
+------------+-----------------+------------+------+
; Fmax       ; Restricted Fmax ; Clock Name ; Note ;
+------------+-----------------+------------+------+
; 122.71 MHz ; 122.71 MHz      ; Clock      ;      ;
+------------+-----------------+------------+------+
This panel reports FMAX for every clock in the design, regardless of the user-specified clock periods.  FMAX is only computed for paths where the source and destination registers or ports are driven by the same clock.  Paths of different clocks, including generated clocks, are ignored.  For paths between a clock and its inversion, FMAX is computed as if the rising and falling edges are scaled along with FMAX, such that the duty cycle (in terms of a percentage) is maintained. Altera recommends that you always use clock constraints and other slack reports for sign-off analysis.


----------------------------------
; Timing Closure Recommendations ;
----------------------------------
HTML report is unavailable in plain text report export.


+-------------------------------------+
; Slow 1200mV 85C Model Setup Summary ;
+-------+--------+--------------------+
; Clock ; Slack  ; End Point TNS      ;
+-------+--------+--------------------+
; Clock ; -7.149 ; -795.160           ;
+-------+--------+--------------------+


+------------------------------------+
; Slow 1200mV 85C Model Hold Summary ;
+-------+-------+--------------------+
; Clock ; Slack ; End Point TNS      ;
+-------+-------+--------------------+
; Clock ; 0.405 ; 0.000              ;
+-------+-------+--------------------+


------------------------------------------
; Slow 1200mV 85C Model Recovery Summary ;
------------------------------------------
No paths to report.


-----------------------------------------
; Slow 1200mV 85C Model Removal Summary ;
-----------------------------------------
No paths to report.


+---------------------------------------------------+
; Slow 1200mV 85C Model Minimum Pulse Width Summary ;
+-------+--------+----------------------------------+
; Clock ; Slack  ; End Point TNS                    ;
+-------+--------+----------------------------------+
; Clock ; -3.000 ; -184.185                         ;
+-------+--------+----------------------------------+


+--------------------------------------------------------------------------------------------------------------------------------------------+
; Slow 1200mV 85C Model Setup: 'Clock'                                                                                                       ;
+--------+------------------------------+------------------------------+--------------+-------------+--------------+------------+------------+
; Slack  ; From Node                    ; To Node                      ; Launch Clock ; Latch Clock ; Relationship ; Clock Skew ; Data Delay ;
+--------+------------------------------+------------------------------+--------------+-------------+--------------+------------+------------+
; -7.149 ; PC:inst|end_atual[4]         ; REG_FILE:inst2|registers~644 ; Clock        ; Clock       ; 1.000        ; 0.382      ; 8.529      ;
; -7.104 ; PC:inst|end_atual[4]         ; REG_FILE:inst2|registers~612 ; Clock        ; Clock       ; 1.000        ; 0.297      ; 8.399      ;
; -7.066 ; PC:inst|end_atual[4]         ; REG_FILE:inst2|registers~676 ; Clock        ; Clock       ; 1.000        ; 0.343      ; 8.407      ;
; -7.000 ; PC:inst|end_atual[3]         ; REG_FILE:inst2|registers~644 ; Clock        ; Clock       ; 1.000        ; 0.382      ; 8.380      ;
; -6.982 ; PC:inst|end_atual[4]         ; REG_FILE:inst2|registers~675 ; Clock        ; Clock       ; 1.000        ; 0.343      ; 8.323      ;
; -6.955 ; PC:inst|end_atual[3]         ; REG_FILE:inst2|registers~612 ; Clock        ; Clock       ; 1.000        ; 0.297      ; 8.250      ;
; -6.925 ; PC:inst|end_atual[4]         ; REG_FILE:inst2|registers~673 ; Clock        ; Clock       ; 1.000        ; 0.344      ; 8.267      ;
; -6.917 ; PC:inst|end_atual[3]         ; REG_FILE:inst2|registers~676 ; Clock        ; Clock       ; 1.000        ; 0.343      ; 8.258      ;
; -6.912 ; PC:inst|end_atual[4]         ; REG_FILE:inst2|registers~607 ; Clock        ; Clock       ; 1.000        ; 0.293      ; 8.203      ;
; -6.886 ; PC:inst|end_atual[4]         ; REG_FILE:inst2|registers~641 ; Clock        ; Clock       ; 1.000        ; 0.382      ; 8.266      ;
; -6.868 ; PC:inst|end_atual[4]         ; REG_FILE:inst2|registers~639 ; Clock        ; Clock       ; 1.000        ; 0.337      ; 8.203      ;
; -6.863 ; PC:inst|end_atual[4]         ; REG_FILE:inst2|registers~603 ; Clock        ; Clock       ; 1.000        ; 0.346      ; 8.207      ;
; -6.845 ; PC:inst|end_atual[2]         ; REG_FILE:inst2|registers~644 ; Clock        ; Clock       ; 1.000        ; 0.382      ; 8.225      ;
; -6.843 ; PC:inst|end_atual[4]         ; REG_FILE:inst2|registers~677 ; Clock        ; Clock       ; 1.000        ; 0.343      ; 8.184      ;
; -6.840 ; PC:inst|end_atual[3]         ; REG_FILE:inst2|registers~675 ; Clock        ; Clock       ; 1.000        ; 0.343      ; 8.181      ;
; -6.839 ; PC:inst|end_atual[4]         ; REG_FILE:inst2|registers~669 ; Clock        ; Clock       ; 1.000        ; 0.343      ; 8.180      ;
; -6.835 ; PC:inst|end_atual[4]         ; REG_FILE:inst2|registers~577 ; Clock        ; Clock       ; 1.000        ; 0.341      ; 8.174      ;
; -6.800 ; PC:inst|end_atual[2]         ; REG_FILE:inst2|registers~612 ; Clock        ; Clock       ; 1.000        ; 0.297      ; 8.095      ;
; -6.788 ; PC:inst|end_atual[4]         ; REG_FILE:inst2|registers~645 ; Clock        ; Clock       ; 1.000        ; 0.351      ; 8.137      ;
; -6.783 ; PC:inst|end_atual[3]         ; REG_FILE:inst2|registers~673 ; Clock        ; Clock       ; 1.000        ; 0.344      ; 8.125      ;
; -6.780 ; PC:inst|end_atual[4]         ; REG_FILE:inst2|registers~606 ; Clock        ; Clock       ; 1.000        ; 0.293      ; 8.071      ;
; -6.770 ; PC:inst|end_atual[3]         ; REG_FILE:inst2|registers~607 ; Clock        ; Clock       ; 1.000        ; 0.293      ; 8.061      ;
; -6.762 ; PC:inst|end_atual[2]         ; REG_FILE:inst2|registers~676 ; Clock        ; Clock       ; 1.000        ; 0.343      ; 8.103      ;
; -6.744 ; PC:inst|end_atual[3]         ; REG_FILE:inst2|registers~641 ; Clock        ; Clock       ; 1.000        ; 0.382      ; 8.124      ;
; -6.734 ; PC:inst|end_atual[4]         ; REG_FILE:inst2|registers~638 ; Clock        ; Clock       ; 1.000        ; 0.337      ; 8.069      ;
; -6.726 ; PC:inst|end_atual[3]         ; REG_FILE:inst2|registers~639 ; Clock        ; Clock       ; 1.000        ; 0.337      ; 8.061      ;
; -6.721 ; PC:inst|end_atual[3]         ; REG_FILE:inst2|registers~603 ; Clock        ; Clock       ; 1.000        ; 0.346      ; 8.065      ;
; -6.712 ; PC:inst|end_atual[4]         ; REG_FILE:inst2|registers~600 ; Clock        ; Clock       ; 1.000        ; 0.302      ; 8.012      ;
; -6.701 ; PC:inst|end_atual[3]         ; REG_FILE:inst2|registers~677 ; Clock        ; Clock       ; 1.000        ; 0.343      ; 8.042      ;
; -6.697 ; PC:inst|end_atual[3]         ; REG_FILE:inst2|registers~669 ; Clock        ; Clock       ; 1.000        ; 0.343      ; 8.038      ;
; -6.693 ; PC:inst|end_atual[3]         ; REG_FILE:inst2|registers~577 ; Clock        ; Clock       ; 1.000        ; 0.341      ; 8.032      ;
; -6.692 ; PC:inst|end_atual[4]         ; REG_FILE:inst2|registers~568 ; Clock        ; Clock       ; 1.000        ; 0.338      ; 8.028      ;
; -6.679 ; PC:inst|end_atual[2]         ; REG_FILE:inst2|registers~675 ; Clock        ; Clock       ; 1.000        ; 0.343      ; 8.020      ;
; -6.675 ; PC:inst|end_atual[4]         ; REG_FILE:inst2|registers~575 ; Clock        ; Clock       ; 1.000        ; 0.299      ; 7.972      ;
; -6.668 ; PC:inst|end_atual[4]         ; REG_FILE:inst2|registers~632 ; Clock        ; Clock       ; 1.000        ; 0.346      ; 8.012      ;
; -6.666 ; PC:inst|end_atual[4]         ; REG_FILE:inst2|registers~643 ; Clock        ; Clock       ; 1.000        ; 0.337      ; 8.001      ;
; -6.646 ; PC:inst|end_atual[3]         ; REG_FILE:inst2|registers~645 ; Clock        ; Clock       ; 1.000        ; 0.351      ; 7.995      ;
; -6.641 ; PC:inst|end_atual[4]         ; REG_FILE:inst2|registers~610 ; Clock        ; Clock       ; 1.000        ; 0.313      ; 7.952      ;
; -6.631 ; PC:inst|end_atual[3]         ; REG_FILE:inst2|registers~606 ; Clock        ; Clock       ; 1.000        ; 0.293      ; 7.922      ;
; -6.624 ; PC:inst|end_atual[4]         ; REG_FILE:inst2|registers~613 ; Clock        ; Clock       ; 1.000        ; 0.297      ; 7.919      ;
; -6.622 ; PC:inst|end_atual[2]         ; REG_FILE:inst2|registers~673 ; Clock        ; Clock       ; 1.000        ; 0.344      ; 7.964      ;
; -6.621 ; PC:inst|end_atual[4]         ; REG_FILE:inst2|registers~572 ; Clock        ; Clock       ; 1.000        ; 0.299      ; 7.918      ;
; -6.613 ; PC:inst|end_atual[4]         ; REG_FILE:inst2|registers~576 ; Clock        ; Clock       ; 1.000        ; 0.299      ; 7.910      ;
; -6.612 ; PC:inst|end_atual[4]         ; REG_FILE:inst2|registers~608 ; Clock        ; Clock       ; 1.000        ; 0.313      ; 7.923      ;
; -6.609 ; PC:inst|end_atual[4]         ; REG_FILE:inst2|registers~579 ; Clock        ; Clock       ; 1.000        ; 0.341      ; 7.948      ;
; -6.609 ; PC:inst|end_atual[2]         ; REG_FILE:inst2|registers~607 ; Clock        ; Clock       ; 1.000        ; 0.293      ; 7.900      ;
; -6.602 ; PC:inst|end_atual[4]         ; REG_FILE:inst2|registers~578 ; Clock        ; Clock       ; 1.000        ; 0.299      ; 7.899      ;
; -6.600 ; PC:inst|end_atual[4]         ; REG_FILE:inst2|registers~604 ; Clock        ; Clock       ; 1.000        ; 0.313      ; 7.911      ;
; -6.598 ; PC:inst|end_atual[4]         ; REG_FILE:inst2|registers~642 ; Clock        ; Clock       ; 1.000        ; 0.357      ; 7.953      ;
; -6.585 ; PC:inst|end_atual[3]         ; REG_FILE:inst2|registers~638 ; Clock        ; Clock       ; 1.000        ; 0.337      ; 7.920      ;
; -6.583 ; PC:inst|end_atual[2]         ; REG_FILE:inst2|registers~641 ; Clock        ; Clock       ; 1.000        ; 0.382      ; 7.963      ;
; -6.579 ; PC:inst|end_atual[4]         ; REG_FILE:inst2|registers~633 ; Clock        ; Clock       ; 1.000        ; 0.294      ; 7.871      ;
; -6.566 ; PC:inst|end_atual[4]         ; REG_FILE:inst2|registers~640 ; Clock        ; Clock       ; 1.000        ; 0.357      ; 7.921      ;
; -6.565 ; PC:inst|end_atual[4]         ; REG_FILE:inst2|registers~595 ; Clock        ; Clock       ; 1.000        ; 0.293      ; 7.856      ;
; -6.565 ; PC:inst|end_atual[2]         ; REG_FILE:inst2|registers~639 ; Clock        ; Clock       ; 1.000        ; 0.337      ; 7.900      ;
; -6.563 ; PC:inst|end_atual[3]         ; REG_FILE:inst2|registers~600 ; Clock        ; Clock       ; 1.000        ; 0.302      ; 7.863      ;
; -6.562 ; PC:inst|end_atual[4]         ; REG_FILE:inst2|registers~634 ; Clock        ; Clock       ; 1.000        ; 0.294      ; 7.854      ;
; -6.560 ; PC:inst|end_atual[2]         ; REG_FILE:inst2|registers~603 ; Clock        ; Clock       ; 1.000        ; 0.346      ; 7.904      ;
; -6.555 ; PC:inst|end_atual[4]         ; REG_FILE:inst2|registers~636 ; Clock        ; Clock       ; 1.000        ; 0.357      ; 7.910      ;
; -6.550 ; REG_FILE:inst2|registers~619 ; REG_FILE:inst2|registers~644 ; Clock        ; Clock       ; 1.000        ; -0.065     ; 7.483      ;
; -6.543 ; PC:inst|end_atual[3]         ; REG_FILE:inst2|registers~568 ; Clock        ; Clock       ; 1.000        ; 0.338      ; 7.879      ;
; -6.540 ; PC:inst|end_atual[2]         ; REG_FILE:inst2|registers~677 ; Clock        ; Clock       ; 1.000        ; 0.343      ; 7.881      ;
; -6.536 ; PC:inst|end_atual[4]         ; REG_FILE:inst2|registers~569 ; Clock        ; Clock       ; 1.000        ; 0.338      ; 7.872      ;
; -6.536 ; PC:inst|end_atual[2]         ; REG_FILE:inst2|registers~669 ; Clock        ; Clock       ; 1.000        ; 0.343      ; 7.877      ;
; -6.533 ; PC:inst|end_atual[3]         ; REG_FILE:inst2|registers~575 ; Clock        ; Clock       ; 1.000        ; 0.299      ; 7.830      ;
; -6.532 ; PC:inst|end_atual[2]         ; REG_FILE:inst2|registers~577 ; Clock        ; Clock       ; 1.000        ; 0.341      ; 7.871      ;
; -6.524 ; PC:inst|end_atual[3]         ; REG_FILE:inst2|registers~643 ; Clock        ; Clock       ; 1.000        ; 0.337      ; 7.859      ;
; -6.520 ; PC:inst|end_atual[4]         ; REG_FILE:inst2|registers~627 ; Clock        ; Clock       ; 1.000        ; 0.337      ; 7.855      ;
; -6.520 ; PC:inst|end_atual[4]         ; REG_FILE:inst2|registers~570 ; Clock        ; Clock       ; 1.000        ; 0.338      ; 7.856      ;
; -6.519 ; PC:inst|end_atual[3]         ; REG_FILE:inst2|registers~632 ; Clock        ; Clock       ; 1.000        ; 0.346      ; 7.863      ;
; -6.516 ; PC:inst|end_atual[4]         ; REG_FILE:inst2|registers~594 ; Clock        ; Clock       ; 1.000        ; 0.298      ; 7.812      ;
; -6.505 ; REG_FILE:inst2|registers~619 ; REG_FILE:inst2|registers~612 ; Clock        ; Clock       ; 1.000        ; -0.150     ; 7.353      ;
; -6.503 ; PC:inst|end_atual[4]         ; REG_FILE:inst2|registers~629 ; Clock        ; Clock       ; 1.000        ; 0.346      ; 7.847      ;
; -6.492 ; PC:inst|end_atual[4]         ; REG_FILE:inst2|registers~565 ; Clock        ; Clock       ; 1.000        ; 0.338      ; 7.828      ;
; -6.492 ; PC:inst|end_atual[3]         ; REG_FILE:inst2|registers~610 ; Clock        ; Clock       ; 1.000        ; 0.313      ; 7.803      ;
; -6.485 ; PC:inst|end_atual[2]         ; REG_FILE:inst2|registers~645 ; Clock        ; Clock       ; 1.000        ; 0.351      ; 7.834      ;
; -6.484 ; PC:inst|end_atual[4]         ; REG_FILE:inst2|registers~605 ; Clock        ; Clock       ; 1.000        ; 0.293      ; 7.775      ;
; -6.482 ; PC:inst|end_atual[3]         ; REG_FILE:inst2|registers~613 ; Clock        ; Clock       ; 1.000        ; 0.297      ; 7.777      ;
; -6.479 ; PC:inst|end_atual[4]         ; REG_FILE:inst2|registers~662 ; Clock        ; Clock       ; 1.000        ; 0.345      ; 7.822      ;
; -6.476 ; PC:inst|end_atual[2]         ; REG_FILE:inst2|registers~606 ; Clock        ; Clock       ; 1.000        ; 0.293      ; 7.767      ;
; -6.473 ; PC:inst|end_atual[4]         ; REG_FILE:inst2|registers~658 ; Clock        ; Clock       ; 1.000        ; 0.342      ; 7.813      ;
; -6.472 ; PC:inst|end_atual[3]         ; REG_FILE:inst2|registers~572 ; Clock        ; Clock       ; 1.000        ; 0.299      ; 7.769      ;
; -6.467 ; REG_FILE:inst2|registers~619 ; REG_FILE:inst2|registers~676 ; Clock        ; Clock       ; 1.000        ; -0.104     ; 7.361      ;
; -6.467 ; PC:inst|end_atual[3]         ; REG_FILE:inst2|registers~579 ; Clock        ; Clock       ; 1.000        ; 0.341      ; 7.806      ;
; -6.464 ; PC:inst|end_atual[3]         ; REG_FILE:inst2|registers~576 ; Clock        ; Clock       ; 1.000        ; 0.299      ; 7.761      ;
; -6.463 ; PC:inst|end_atual[3]         ; REG_FILE:inst2|registers~608 ; Clock        ; Clock       ; 1.000        ; 0.313      ; 7.774      ;
; -6.453 ; PC:inst|end_atual[3]         ; REG_FILE:inst2|registers~578 ; Clock        ; Clock       ; 1.000        ; 0.299      ; 7.750      ;
; -6.451 ; PC:inst|end_atual[3]         ; REG_FILE:inst2|registers~604 ; Clock        ; Clock       ; 1.000        ; 0.313      ; 7.762      ;
; -6.449 ; PC:inst|end_atual[3]         ; REG_FILE:inst2|registers~642 ; Clock        ; Clock       ; 1.000        ; 0.357      ; 7.804      ;
; -6.441 ; PC:inst|end_atual[4]         ; REG_FILE:inst2|registers~667 ; Clock        ; Clock       ; 1.000        ; 0.344      ; 7.783      ;
; -6.437 ; PC:inst|end_atual[3]         ; REG_FILE:inst2|registers~633 ; Clock        ; Clock       ; 1.000        ; 0.294      ; 7.729      ;
; -6.430 ; PC:inst|end_atual[2]         ; REG_FILE:inst2|registers~638 ; Clock        ; Clock       ; 1.000        ; 0.337      ; 7.765      ;
; -6.427 ; PC:inst|end_atual[4]         ; REG_FILE:inst2|registers~573 ; Clock        ; Clock       ; 1.000        ; 0.306      ; 7.731      ;
; -6.423 ; PC:inst|end_atual[3]         ; REG_FILE:inst2|registers~595 ; Clock        ; Clock       ; 1.000        ; 0.293      ; 7.714      ;
; -6.417 ; PC:inst|end_atual[3]         ; REG_FILE:inst2|registers~640 ; Clock        ; Clock       ; 1.000        ; 0.357      ; 7.772      ;
; -6.413 ; PC:inst|end_atual[3]         ; REG_FILE:inst2|registers~634 ; Clock        ; Clock       ; 1.000        ; 0.294      ; 7.705      ;
; -6.408 ; PC:inst|end_atual[2]         ; REG_FILE:inst2|registers~600 ; Clock        ; Clock       ; 1.000        ; 0.302      ; 7.708      ;
; -6.406 ; PC:inst|end_atual[3]         ; REG_FILE:inst2|registers~636 ; Clock        ; Clock       ; 1.000        ; 0.357      ; 7.761      ;
; -6.405 ; PC:inst|end_atual[4]         ; REG_FILE:inst2|registers~598 ; Clock        ; Clock       ; 1.000        ; 0.302      ; 7.705      ;
; -6.405 ; PC:inst|end_atual[4]         ; REG_FILE:inst2|registers~631 ; Clock        ; Clock       ; 1.000        ; 0.294      ; 7.697      ;
+--------+------------------------------+------------------------------+--------------+-------------+--------------+------------+------------+


+-------------------------------------------------------------------------------------------------------------------------------------------+
; Slow 1200mV 85C Model Hold: 'Clock'                                                                                                       ;
+-------+------------------------------+------------------------------+--------------+-------------+--------------+------------+------------+
; Slack ; From Node                    ; To Node                      ; Launch Clock ; Latch Clock ; Relationship ; Clock Skew ; Data Delay ;
+-------+------------------------------+------------------------------+--------------+-------------+--------------+------------+------------+
; 0.405 ; PC:inst|end_atual[4]         ; PC:inst|end_atual[4]         ; Clock        ; Clock       ; 0.000        ; 0.078      ; 0.669      ;
; 0.410 ; PC:inst|end_atual[3]         ; PC:inst|end_atual[3]         ; Clock        ; Clock       ; 0.000        ; 0.078      ; 0.674      ;
; 0.410 ; PC:inst|end_atual[2]         ; PC:inst|end_atual[2]         ; Clock        ; Clock       ; 0.000        ; 0.078      ; 0.674      ;
; 0.474 ; PC:inst|end_atual[2]         ; PC:inst|end_atual[18]        ; Clock        ; Clock       ; 0.000        ; 0.078      ; 0.738      ;
; 0.482 ; PC:inst|end_atual[2]         ; PC:inst|end_atual[19]        ; Clock        ; Clock       ; 0.000        ; 0.078      ; 0.746      ;
; 0.600 ; PC:inst|end_atual[3]         ; PC:inst|end_atual[18]        ; Clock        ; Clock       ; 0.000        ; 0.078      ; 0.864      ;
; 0.622 ; PC:inst|end_atual[4]         ; PC:inst|end_atual[19]        ; Clock        ; Clock       ; 0.000        ; 0.078      ; 0.886      ;
; 0.706 ; REG_FILE:inst2|registers~572 ; REG_FILE:inst2|registers~668 ; Clock        ; Clock       ; 0.000        ; 0.140      ; 1.032      ;
; 0.722 ; PC:inst|end_atual[3]         ; PC:inst|end_atual[19]        ; Clock        ; Clock       ; 0.000        ; 0.078      ; 0.986      ;
; 0.735 ; PC:inst|end_atual[4]         ; PC:inst|end_atual[18]        ; Clock        ; Clock       ; 0.000        ; 0.078      ; 0.999      ;
; 0.903 ; PC:inst|end_atual[3]         ; PC:inst|end_atual[4]         ; Clock        ; Clock       ; 0.000        ; 0.078      ; 1.167      ;
; 0.921 ; REG_FILE:inst2|registers~574 ; REG_FILE:inst2|registers~670 ; Clock        ; Clock       ; 0.000        ; 0.140      ; 1.247      ;
; 0.942 ; REG_FILE:inst2|registers~550 ; REG_FILE:inst2|registers~550 ; Clock        ; Clock       ; 0.000        ; 0.078      ; 1.206      ;
; 0.967 ; REG_FILE:inst2|registers~575 ; REG_FILE:inst2|registers~671 ; Clock        ; Clock       ; 0.000        ; 0.140      ; 1.293      ;
; 0.970 ; REG_FILE:inst2|registers~576 ; REG_FILE:inst2|registers~672 ; Clock        ; Clock       ; 0.000        ; 0.140      ; 1.296      ;
; 1.039 ; REG_FILE:inst2|registers~577 ; REG_FILE:inst2|registers~609 ; Clock        ; Clock       ; 0.000        ; 0.049      ; 1.274      ;
; 1.040 ; REG_FILE:inst2|registers~579 ; REG_FILE:inst2|registers~611 ; Clock        ; Clock       ; 0.000        ; 0.049      ; 1.275      ;
; 1.132 ; PC:inst|end_atual[2]         ; REG_FILE:inst2|registers~656 ; Clock        ; Clock       ; 0.000        ; 0.516      ; 1.834      ;
; 1.150 ; REG_FILE:inst2|registers~660 ; REG_FILE:inst2|registers~596 ; Clock        ; Clock       ; 0.000        ; 0.050      ; 1.386      ;
; 1.175 ; REG_FILE:inst2|registers~563 ; REG_FILE:inst2|registers~563 ; Clock        ; Clock       ; 0.000        ; 0.095      ; 1.456      ;
; 1.191 ; REG_FILE:inst2|registers~677 ; REG_FILE:inst2|registers~581 ; Clock        ; Clock       ; 0.000        ; 0.093      ; 1.470      ;
; 1.205 ; REG_FILE:inst2|registers~572 ; REG_FILE:inst2|registers~636 ; Clock        ; Clock       ; 0.000        ; 0.154      ; 1.545      ;
; 1.208 ; REG_FILE:inst2|registers~562 ; REG_FILE:inst2|registers~626 ; Clock        ; Clock       ; 0.000        ; 0.141      ; 1.535      ;
; 1.221 ; REG_FILE:inst2|registers~552 ; REG_FILE:inst2|registers~552 ; Clock        ; Clock       ; 0.000        ; 0.078      ; 1.485      ;
; 1.227 ; PC:inst|end_atual[2]         ; REG_FILE:inst2|registers~552 ; Clock        ; Clock       ; 0.000        ; 0.080      ; 1.493      ;
; 1.247 ; REG_FILE:inst2|registers~550 ; REG_FILE:inst2|registers~646 ; Clock        ; Clock       ; 0.000        ; 0.457      ; 1.890      ;
; 1.250 ; PC:inst|end_atual[4]         ; REG_FILE:inst2|registers~552 ; Clock        ; Clock       ; 0.000        ; 0.080      ; 1.516      ;
; 1.252 ; REG_FILE:inst2|registers~572 ; REG_FILE:inst2|registers~604 ; Clock        ; Clock       ; 0.000        ; 0.108      ; 1.546      ;
; 1.258 ; REG_FILE:inst2|registers~671 ; REG_FILE:inst2|registers~671 ; Clock        ; Clock       ; 0.000        ; 0.096      ; 1.540      ;
; 1.276 ; PC:inst|end_atual[2]         ; REG_FILE:inst2|registers~599 ; Clock        ; Clock       ; 0.000        ; 0.470      ; 1.932      ;
; 1.279 ; PC:inst|end_atual[4]         ; REG_FILE:inst2|registers~656 ; Clock        ; Clock       ; 0.000        ; 0.516      ; 1.981      ;
; 1.290 ; REG_FILE:inst2|registers~663 ; REG_FILE:inst2|registers~599 ; Clock        ; Clock       ; 0.000        ; 0.050      ; 1.526      ;
; 1.293 ; REG_FILE:inst2|registers~573 ; REG_FILE:inst2|registers~637 ; Clock        ; Clock       ; 0.000        ; 0.141      ; 1.620      ;
; 1.324 ; REG_FILE:inst2|registers~572 ; REG_FILE:inst2|registers~572 ; Clock        ; Clock       ; 0.000        ; 0.094      ; 1.604      ;
; 1.371 ; REG_FILE:inst2|registers~560 ; REG_FILE:inst2|registers~656 ; Clock        ; Clock       ; 0.000        ; 0.100      ; 1.657      ;
; 1.386 ; PC:inst|end_atual[2]         ; REG_FILE:inst2|registers~615 ; Clock        ; Clock       ; 0.000        ; 0.532      ; 2.104      ;
; 1.396 ; PC:inst|end_atual[2]         ; REG_FILE:inst2|registers~648 ; Clock        ; Clock       ; 0.000        ; 0.459      ; 2.041      ;
; 1.396 ; REG_FILE:inst2|registers~578 ; REG_FILE:inst2|registers~674 ; Clock        ; Clock       ; 0.000        ; 0.140      ; 1.722      ;
; 1.405 ; PC:inst|end_atual[4]         ; PC:inst|end_atual[2]         ; Clock        ; Clock       ; 0.000        ; 0.078      ; 1.669      ;
; 1.405 ; REG_FILE:inst2|registers~672 ; REG_FILE:inst2|registers~672 ; Clock        ; Clock       ; 0.000        ; 0.096      ; 1.687      ;
; 1.410 ; REG_FILE:inst2|registers~552 ; REG_FILE:inst2|registers~648 ; Clock        ; Clock       ; 0.000        ; 0.457      ; 2.053      ;
; 1.419 ; PC:inst|end_atual[4]         ; REG_FILE:inst2|registers~648 ; Clock        ; Clock       ; 0.000        ; 0.459      ; 2.064      ;
; 1.423 ; PC:inst|end_atual[4]         ; REG_FILE:inst2|registers~599 ; Clock        ; Clock       ; 0.000        ; 0.470      ; 2.079      ;
; 1.424 ; PC:inst|end_atual[2]         ; REG_FILE:inst2|registers~551 ; Clock        ; Clock       ; 0.000        ; 0.495      ; 2.105      ;
; 1.429 ; PC:inst|end_atual[2]         ; REG_FILE:inst2|registers~664 ; Clock        ; Clock       ; 0.000        ; 0.075      ; 1.690      ;
; 1.449 ; PC:inst|end_atual[2]         ; REG_FILE:inst2|registers~550 ; Clock        ; Clock       ; 0.000        ; 0.080      ; 1.715      ;
; 1.459 ; PC:inst|end_atual[2]         ; REG_FILE:inst2|registers~580 ; Clock        ; Clock       ; 0.000        ; 0.514      ; 2.159      ;
; 1.460 ; REG_FILE:inst2|registers~550 ; REG_FILE:inst2|registers~582 ; Clock        ; Clock       ; 0.000        ; 0.509      ; 2.155      ;
; 1.460 ; REG_FILE:inst2|registers~667 ; REG_FILE:inst2|registers~571 ; Clock        ; Clock       ; 0.000        ; 0.138      ; 1.784      ;
; 1.463 ; PC:inst|end_atual[2]         ; REG_FILE:inst2|registers~553 ; Clock        ; Clock       ; 0.000        ; 0.080      ; 1.729      ;
; 1.470 ; REG_FILE:inst2|registers~667 ; REG_FILE:inst2|registers~635 ; Clock        ; Clock       ; 0.000        ; 0.136      ; 1.792      ;
; 1.473 ; PC:inst|end_atual[4]         ; REG_FILE:inst2|registers~557 ; Clock        ; Clock       ; 0.000        ; 0.080      ; 1.739      ;
; 1.476 ; PC:inst|end_atual[2]         ; REG_FILE:inst2|registers~671 ; Clock        ; Clock       ; 0.000        ; 0.517      ; 2.179      ;
; 1.477 ; PC:inst|end_atual[2]         ; REG_FILE:inst2|registers~672 ; Clock        ; Clock       ; 0.000        ; 0.517      ; 2.180      ;
; 1.490 ; REG_FILE:inst2|registers~675 ; REG_FILE:inst2|registers~611 ; Clock        ; Clock       ; 0.000        ; 0.047      ; 1.723      ;
; 1.492 ; REG_FILE:inst2|registers~576 ; REG_FILE:inst2|registers~640 ; Clock        ; Clock       ; 0.000        ; 0.154      ; 1.832      ;
; 1.492 ; REG_FILE:inst2|registers~594 ; REG_FILE:inst2|registers~626 ; Clock        ; Clock       ; 0.000        ; 0.149      ; 1.827      ;
; 1.505 ; REG_FILE:inst2|registers~574 ; REG_FILE:inst2|registers~574 ; Clock        ; Clock       ; 0.000        ; 0.094      ; 1.785      ;
; 1.533 ; REG_FILE:inst2|registers~558 ; REG_FILE:inst2|registers~558 ; Clock        ; Clock       ; 0.000        ; 0.095      ; 1.814      ;
; 1.533 ; PC:inst|end_atual[4]         ; REG_FILE:inst2|registers~615 ; Clock        ; Clock       ; 0.000        ; 0.532      ; 2.251      ;
; 1.540 ; REG_FILE:inst2|registers~576 ; REG_FILE:inst2|registers~608 ; Clock        ; Clock       ; 0.000        ; 0.108      ; 1.834      ;
; 1.544 ; PC:inst|end_atual[2]         ; REG_FILE:inst2|registers~596 ; Clock        ; Clock       ; 0.000        ; 0.470      ; 2.200      ;
; 1.549 ; REG_FILE:inst2|registers~570 ; REG_FILE:inst2|registers~666 ; Clock        ; Clock       ; 0.000        ; -0.341     ; 1.394      ;
; 1.556 ; REG_FILE:inst2|registers~576 ; REG_FILE:inst2|registers~576 ; Clock        ; Clock       ; 0.000        ; 0.094      ; 1.836      ;
; 1.559 ; REG_FILE:inst2|registers~667 ; REG_FILE:inst2|registers~667 ; Clock        ; Clock       ; 0.000        ; 0.096      ; 1.841      ;
; 1.565 ; PC:inst|end_atual[2]         ; REG_FILE:inst2|registers~670 ; Clock        ; Clock       ; 0.000        ; 0.517      ; 2.268      ;
; 1.566 ; PC:inst|end_atual[4]         ; REG_FILE:inst2|registers~593 ; Clock        ; Clock       ; 0.000        ; 0.451      ; 2.203      ;
; 1.571 ; PC:inst|end_atual[4]         ; REG_FILE:inst2|registers~551 ; Clock        ; Clock       ; 0.000        ; 0.495      ; 2.252      ;
; 1.575 ; REG_FILE:inst2|registers~551 ; REG_FILE:inst2|registers~615 ; Clock        ; Clock       ; 0.000        ; 0.132      ; 1.893      ;
; 1.576 ; PC:inst|end_atual[4]         ; REG_FILE:inst2|registers~664 ; Clock        ; Clock       ; 0.000        ; 0.075      ; 1.837      ;
; 1.577 ; PC:inst|end_atual[3]         ; REG_FILE:inst2|registers~656 ; Clock        ; Clock       ; 0.000        ; 0.516      ; 2.279      ;
; 1.577 ; REG_FILE:inst2|registers~647 ; REG_FILE:inst2|registers~615 ; Clock        ; Clock       ; 0.000        ; 0.099      ; 1.862      ;
; 1.602 ; PC:inst|end_atual[4]         ; PC:inst|end_atual[27]        ; Clock        ; Clock       ; 0.000        ; 0.078      ; 1.866      ;
; 1.603 ; REG_FILE:inst2|registers~584 ; REG_FILE:inst2|registers~552 ; Clock        ; Clock       ; 0.000        ; -0.288     ; 1.501      ;
; 1.606 ; REG_FILE:inst2|registers~601 ; REG_FILE:inst2|registers~665 ; Clock        ; Clock       ; 0.000        ; -0.288     ; 1.504      ;
; 1.606 ; PC:inst|end_atual[4]         ; REG_FILE:inst2|registers~580 ; Clock        ; Clock       ; 0.000        ; 0.514      ; 2.306      ;
; 1.610 ; PC:inst|end_atual[4]         ; REG_FILE:inst2|registers~553 ; Clock        ; Clock       ; 0.000        ; 0.080      ; 1.876      ;
; 1.614 ; PC:inst|end_atual[2]         ; REG_FILE:inst2|registers~619 ; Clock        ; Clock       ; 0.000        ; 0.525      ; 2.325      ;
; 1.614 ; REG_FILE:inst2|registers~551 ; REG_FILE:inst2|registers~551 ; Clock        ; Clock       ; 0.000        ; 0.095      ; 1.895      ;
; 1.616 ; REG_FILE:inst2|registers~647 ; REG_FILE:inst2|registers~551 ; Clock        ; Clock       ; 0.000        ; 0.062      ; 1.864      ;
; 1.623 ; PC:inst|end_atual[4]         ; REG_FILE:inst2|registers~671 ; Clock        ; Clock       ; 0.000        ; 0.517      ; 2.326      ;
; 1.624 ; PC:inst|end_atual[4]         ; REG_FILE:inst2|registers~672 ; Clock        ; Clock       ; 0.000        ; 0.517      ; 2.327      ;
; 1.631 ; PC:inst|end_atual[4]         ; REG_FILE:inst2|registers~589 ; Clock        ; Clock       ; 0.000        ; 0.461      ; 2.278      ;
; 1.631 ; REG_FILE:inst2|registers~659 ; REG_FILE:inst2|registers~563 ; Clock        ; Clock       ; 0.000        ; 0.076      ; 1.893      ;
; 1.634 ; PC:inst|end_atual[3]         ; PC:inst|end_atual[27]        ; Clock        ; Clock       ; 0.000        ; 0.078      ; 1.898      ;
; 1.638 ; REG_FILE:inst2|registers~658 ; REG_FILE:inst2|registers~626 ; Clock        ; Clock       ; 0.000        ; 0.105      ; 1.929      ;
; 1.642 ; REG_FILE:inst2|registers~673 ; REG_FILE:inst2|registers~609 ; Clock        ; Clock       ; 0.000        ; 0.046      ; 1.874      ;
; 1.651 ; REG_FILE:inst2|registers~670 ; REG_FILE:inst2|registers~670 ; Clock        ; Clock       ; 0.000        ; 0.096      ; 1.933      ;
; 1.653 ; REG_FILE:inst2|registers~579 ; REG_FILE:inst2|registers~581 ; Clock        ; Clock       ; 0.000        ; 0.095      ; 1.934      ;
; 1.661 ; REG_FILE:inst2|registers~660 ; REG_FILE:inst2|registers~660 ; Clock        ; Clock       ; 0.000        ; 0.096      ; 1.943      ;
; 1.661 ; PC:inst|end_atual[2]         ; REG_FILE:inst2|registers~661 ; Clock        ; Clock       ; 0.000        ; 0.075      ; 1.922      ;
; 1.662 ; PC:inst|end_atual[2]         ; REG_FILE:inst2|registers~665 ; Clock        ; Clock       ; 0.000        ; 0.075      ; 1.923      ;
; 1.667 ; PC:inst|end_atual[2]         ; PC:inst|end_atual[27]        ; Clock        ; Clock       ; 0.000        ; 0.078      ; 1.931      ;
; 1.669 ; PC:inst|end_atual[2]         ; REG_FILE:inst2|registers~666 ; Clock        ; Clock       ; 0.000        ; 0.075      ; 1.930      ;
; 1.670 ; PC:inst|end_atual[2]         ; REG_FILE:inst2|registers~674 ; Clock        ; Clock       ; 0.000        ; 0.517      ; 2.373      ;
; 1.678 ; PC:inst|end_atual[2]         ; REG_FILE:inst2|registers~652 ; Clock        ; Clock       ; 0.000        ; 0.075      ; 1.939      ;
; 1.688 ; PC:inst|end_atual[2]         ; REG_FILE:inst2|registers~581 ; Clock        ; Clock       ; 0.000        ; 0.514      ; 2.388      ;
; 1.689 ; REG_FILE:inst2|registers~652 ; REG_FILE:inst2|registers~652 ; Clock        ; Clock       ; 0.000        ; 0.078      ; 1.953      ;
; 1.690 ; REG_FILE:inst2|registers~674 ; REG_FILE:inst2|registers~674 ; Clock        ; Clock       ; 0.000        ; 0.096      ; 1.972      ;
; 1.691 ; REG_FILE:inst2|registers~579 ; REG_FILE:inst2|registers~579 ; Clock        ; Clock       ; 0.000        ; 0.095      ; 1.972      ;
+-------+------------------------------+------------------------------+--------------+-------------+--------------+------------+------------+


+---------------------------------------------------------------------------------------------------------+
; Slow 1200mV 85C Model Minimum Pulse Width: 'Clock'                                                      ;
+--------+--------------+----------------+------------+-------+------------+------------------------------+
; Slack  ; Actual Width ; Required Width ; Type       ; Clock ; Clock Edge ; Target                       ;
+--------+--------------+----------------+------------+-------+------------+------------------------------+
; -3.000 ; 1.000        ; 4.000          ; Port Rate  ; Clock ; Rise       ; Clock                        ;
; -1.285 ; 1.000        ; 2.285          ; Min Period ; Clock ; Fall       ; PC:inst|end_atual[13]        ;
; -1.285 ; 1.000        ; 2.285          ; Min Period ; Clock ; Fall       ; PC:inst|end_atual[14]        ;
; -1.285 ; 1.000        ; 2.285          ; Min Period ; Clock ; Fall       ; PC:inst|end_atual[17]        ;
; -1.285 ; 1.000        ; 2.285          ; Min Period ; Clock ; Fall       ; PC:inst|end_atual[18]        ;
; -1.285 ; 1.000        ; 2.285          ; Min Period ; Clock ; Fall       ; PC:inst|end_atual[19]        ;
; -1.285 ; 1.000        ; 2.285          ; Min Period ; Clock ; Fall       ; PC:inst|end_atual[22]        ;
; -1.285 ; 1.000        ; 2.285          ; Min Period ; Clock ; Fall       ; PC:inst|end_atual[23]        ;
; -1.285 ; 1.000        ; 2.285          ; Min Period ; Clock ; Fall       ; PC:inst|end_atual[24]        ;
; -1.285 ; 1.000        ; 2.285          ; Min Period ; Clock ; Fall       ; PC:inst|end_atual[27]        ;
; -1.285 ; 1.000        ; 2.285          ; Min Period ; Clock ; Fall       ; PC:inst|end_atual[2]         ;
; -1.285 ; 1.000        ; 2.285          ; Min Period ; Clock ; Fall       ; PC:inst|end_atual[3]         ;
; -1.285 ; 1.000        ; 2.285          ; Min Period ; Clock ; Fall       ; PC:inst|end_atual[4]         ;
; -1.285 ; 1.000        ; 2.285          ; Min Period ; Clock ; Fall       ; PC:inst|end_atual[7]         ;
; -1.285 ; 1.000        ; 2.285          ; Min Period ; Clock ; Fall       ; REG_FILE:inst2|registers~550 ;
; -1.285 ; 1.000        ; 2.285          ; Min Period ; Clock ; Fall       ; REG_FILE:inst2|registers~551 ;
; -1.285 ; 1.000        ; 2.285          ; Min Period ; Clock ; Fall       ; REG_FILE:inst2|registers~552 ;
; -1.285 ; 1.000        ; 2.285          ; Min Period ; Clock ; Fall       ; REG_FILE:inst2|registers~553 ;
; -1.285 ; 1.000        ; 2.285          ; Min Period ; Clock ; Fall       ; REG_FILE:inst2|registers~554 ;
; -1.285 ; 1.000        ; 2.285          ; Min Period ; Clock ; Fall       ; REG_FILE:inst2|registers~555 ;
; -1.285 ; 1.000        ; 2.285          ; Min Period ; Clock ; Fall       ; REG_FILE:inst2|registers~556 ;
; -1.285 ; 1.000        ; 2.285          ; Min Period ; Clock ; Fall       ; REG_FILE:inst2|registers~557 ;
; -1.285 ; 1.000        ; 2.285          ; Min Period ; Clock ; Fall       ; REG_FILE:inst2|registers~558 ;
; -1.285 ; 1.000        ; 2.285          ; Min Period ; Clock ; Fall       ; REG_FILE:inst2|registers~559 ;
; -1.285 ; 1.000        ; 2.285          ; Min Period ; Clock ; Fall       ; REG_FILE:inst2|registers~560 ;
; -1.285 ; 1.000        ; 2.285          ; Min Period ; Clock ; Fall       ; REG_FILE:inst2|registers~561 ;
; -1.285 ; 1.000        ; 2.285          ; Min Period ; Clock ; Fall       ; REG_FILE:inst2|registers~562 ;
; -1.285 ; 1.000        ; 2.285          ; Min Period ; Clock ; Fall       ; REG_FILE:inst2|registers~563 ;
; -1.285 ; 1.000        ; 2.285          ; Min Period ; Clock ; Fall       ; REG_FILE:inst2|registers~564 ;
; -1.285 ; 1.000        ; 2.285          ; Min Period ; Clock ; Fall       ; REG_FILE:inst2|registers~565 ;
; -1.285 ; 1.000        ; 2.285          ; Min Period ; Clock ; Fall       ; REG_FILE:inst2|registers~566 ;
; -1.285 ; 1.000        ; 2.285          ; Min Period ; Clock ; Fall       ; REG_FILE:inst2|registers~567 ;
; -1.285 ; 1.000        ; 2.285          ; Min Period ; Clock ; Fall       ; REG_FILE:inst2|registers~568 ;
; -1.285 ; 1.000        ; 2.285          ; Min Period ; Clock ; Fall       ; REG_FILE:inst2|registers~569 ;
; -1.285 ; 1.000        ; 2.285          ; Min Period ; Clock ; Fall       ; REG_FILE:inst2|registers~570 ;
; -1.285 ; 1.000        ; 2.285          ; Min Period ; Clock ; Fall       ; REG_FILE:inst2|registers~571 ;
; -1.285 ; 1.000        ; 2.285          ; Min Period ; Clock ; Fall       ; REG_FILE:inst2|registers~572 ;
; -1.285 ; 1.000        ; 2.285          ; Min Period ; Clock ; Fall       ; REG_FILE:inst2|registers~573 ;
; -1.285 ; 1.000        ; 2.285          ; Min Period ; Clock ; Fall       ; REG_FILE:inst2|registers~574 ;
; -1.285 ; 1.000        ; 2.285          ; Min Period ; Clock ; Fall       ; REG_FILE:inst2|registers~575 ;
; -1.285 ; 1.000        ; 2.285          ; Min Period ; Clock ; Fall       ; REG_FILE:inst2|registers~576 ;
; -1.285 ; 1.000        ; 2.285          ; Min Period ; Clock ; Fall       ; REG_FILE:inst2|registers~577 ;
; -1.285 ; 1.000        ; 2.285          ; Min Period ; Clock ; Fall       ; REG_FILE:inst2|registers~578 ;
; -1.285 ; 1.000        ; 2.285          ; Min Period ; Clock ; Fall       ; REG_FILE:inst2|registers~579 ;
; -1.285 ; 1.000        ; 2.285          ; Min Period ; Clock ; Fall       ; REG_FILE:inst2|registers~580 ;
; -1.285 ; 1.000        ; 2.285          ; Min Period ; Clock ; Fall       ; REG_FILE:inst2|registers~581 ;
; -1.285 ; 1.000        ; 2.285          ; Min Period ; Clock ; Fall       ; REG_FILE:inst2|registers~582 ;
; -1.285 ; 1.000        ; 2.285          ; Min Period ; Clock ; Fall       ; REG_FILE:inst2|registers~583 ;
; -1.285 ; 1.000        ; 2.285          ; Min Period ; Clock ; Fall       ; REG_FILE:inst2|registers~584 ;
; -1.285 ; 1.000        ; 2.285          ; Min Period ; Clock ; Fall       ; REG_FILE:inst2|registers~585 ;
; -1.285 ; 1.000        ; 2.285          ; Min Period ; Clock ; Fall       ; REG_FILE:inst2|registers~586 ;
; -1.285 ; 1.000        ; 2.285          ; Min Period ; Clock ; Fall       ; REG_FILE:inst2|registers~587 ;
; -1.285 ; 1.000        ; 2.285          ; Min Period ; Clock ; Fall       ; REG_FILE:inst2|registers~588 ;
; -1.285 ; 1.000        ; 2.285          ; Min Period ; Clock ; Fall       ; REG_FILE:inst2|registers~589 ;
; -1.285 ; 1.000        ; 2.285          ; Min Period ; Clock ; Fall       ; REG_FILE:inst2|registers~590 ;
; -1.285 ; 1.000        ; 2.285          ; Min Period ; Clock ; Fall       ; REG_FILE:inst2|registers~591 ;
; -1.285 ; 1.000        ; 2.285          ; Min Period ; Clock ; Fall       ; REG_FILE:inst2|registers~592 ;
; -1.285 ; 1.000        ; 2.285          ; Min Period ; Clock ; Fall       ; REG_FILE:inst2|registers~593 ;
; -1.285 ; 1.000        ; 2.285          ; Min Period ; Clock ; Fall       ; REG_FILE:inst2|registers~594 ;
; -1.285 ; 1.000        ; 2.285          ; Min Period ; Clock ; Fall       ; REG_FILE:inst2|registers~595 ;
; -1.285 ; 1.000        ; 2.285          ; Min Period ; Clock ; Fall       ; REG_FILE:inst2|registers~596 ;
; -1.285 ; 1.000        ; 2.285          ; Min Period ; Clock ; Fall       ; REG_FILE:inst2|registers~597 ;
; -1.285 ; 1.000        ; 2.285          ; Min Period ; Clock ; Fall       ; REG_FILE:inst2|registers~598 ;
; -1.285 ; 1.000        ; 2.285          ; Min Period ; Clock ; Fall       ; REG_FILE:inst2|registers~599 ;
; -1.285 ; 1.000        ; 2.285          ; Min Period ; Clock ; Fall       ; REG_FILE:inst2|registers~600 ;
; -1.285 ; 1.000        ; 2.285          ; Min Period ; Clock ; Fall       ; REG_FILE:inst2|registers~601 ;
; -1.285 ; 1.000        ; 2.285          ; Min Period ; Clock ; Fall       ; REG_FILE:inst2|registers~602 ;
; -1.285 ; 1.000        ; 2.285          ; Min Period ; Clock ; Fall       ; REG_FILE:inst2|registers~603 ;
; -1.285 ; 1.000        ; 2.285          ; Min Period ; Clock ; Fall       ; REG_FILE:inst2|registers~604 ;
; -1.285 ; 1.000        ; 2.285          ; Min Period ; Clock ; Fall       ; REG_FILE:inst2|registers~605 ;
; -1.285 ; 1.000        ; 2.285          ; Min Period ; Clock ; Fall       ; REG_FILE:inst2|registers~606 ;
; -1.285 ; 1.000        ; 2.285          ; Min Period ; Clock ; Fall       ; REG_FILE:inst2|registers~607 ;
; -1.285 ; 1.000        ; 2.285          ; Min Period ; Clock ; Fall       ; REG_FILE:inst2|registers~608 ;
; -1.285 ; 1.000        ; 2.285          ; Min Period ; Clock ; Fall       ; REG_FILE:inst2|registers~609 ;
; -1.285 ; 1.000        ; 2.285          ; Min Period ; Clock ; Fall       ; REG_FILE:inst2|registers~610 ;
; -1.285 ; 1.000        ; 2.285          ; Min Period ; Clock ; Fall       ; REG_FILE:inst2|registers~611 ;
; -1.285 ; 1.000        ; 2.285          ; Min Period ; Clock ; Fall       ; REG_FILE:inst2|registers~612 ;
; -1.285 ; 1.000        ; 2.285          ; Min Period ; Clock ; Fall       ; REG_FILE:inst2|registers~613 ;
; -1.285 ; 1.000        ; 2.285          ; Min Period ; Clock ; Fall       ; REG_FILE:inst2|registers~614 ;
; -1.285 ; 1.000        ; 2.285          ; Min Period ; Clock ; Fall       ; REG_FILE:inst2|registers~615 ;
; -1.285 ; 1.000        ; 2.285          ; Min Period ; Clock ; Fall       ; REG_FILE:inst2|registers~616 ;
; -1.285 ; 1.000        ; 2.285          ; Min Period ; Clock ; Fall       ; REG_FILE:inst2|registers~617 ;
; -1.285 ; 1.000        ; 2.285          ; Min Period ; Clock ; Fall       ; REG_FILE:inst2|registers~618 ;
; -1.285 ; 1.000        ; 2.285          ; Min Period ; Clock ; Fall       ; REG_FILE:inst2|registers~619 ;
; -1.285 ; 1.000        ; 2.285          ; Min Period ; Clock ; Fall       ; REG_FILE:inst2|registers~620 ;
; -1.285 ; 1.000        ; 2.285          ; Min Period ; Clock ; Fall       ; REG_FILE:inst2|registers~621 ;
; -1.285 ; 1.000        ; 2.285          ; Min Period ; Clock ; Fall       ; REG_FILE:inst2|registers~622 ;
; -1.285 ; 1.000        ; 2.285          ; Min Period ; Clock ; Fall       ; REG_FILE:inst2|registers~623 ;
; -1.285 ; 1.000        ; 2.285          ; Min Period ; Clock ; Fall       ; REG_FILE:inst2|registers~624 ;
; -1.285 ; 1.000        ; 2.285          ; Min Period ; Clock ; Fall       ; REG_FILE:inst2|registers~625 ;
; -1.285 ; 1.000        ; 2.285          ; Min Period ; Clock ; Fall       ; REG_FILE:inst2|registers~626 ;
; -1.285 ; 1.000        ; 2.285          ; Min Period ; Clock ; Fall       ; REG_FILE:inst2|registers~627 ;
; -1.285 ; 1.000        ; 2.285          ; Min Period ; Clock ; Fall       ; REG_FILE:inst2|registers~628 ;
; -1.285 ; 1.000        ; 2.285          ; Min Period ; Clock ; Fall       ; REG_FILE:inst2|registers~629 ;
; -1.285 ; 1.000        ; 2.285          ; Min Period ; Clock ; Fall       ; REG_FILE:inst2|registers~630 ;
; -1.285 ; 1.000        ; 2.285          ; Min Period ; Clock ; Fall       ; REG_FILE:inst2|registers~631 ;
; -1.285 ; 1.000        ; 2.285          ; Min Period ; Clock ; Fall       ; REG_FILE:inst2|registers~632 ;
; -1.285 ; 1.000        ; 2.285          ; Min Period ; Clock ; Fall       ; REG_FILE:inst2|registers~633 ;
; -1.285 ; 1.000        ; 2.285          ; Min Period ; Clock ; Fall       ; REG_FILE:inst2|registers~634 ;
; -1.285 ; 1.000        ; 2.285          ; Min Period ; Clock ; Fall       ; REG_FILE:inst2|registers~635 ;
+--------+--------------+----------------+------------+-------+------------+------------------------------+


+---------------------------------------------------------------------------------+
; Clock to Output Times                                                           ;
+-----------------+------------+---------+---------+------------+-----------------+
; Data Port       ; Clock Port ; Rise    ; Fall    ; Clock Edge ; Clock Reference ;
+-----------------+------------+---------+---------+------------+-----------------+
; ALU_result[*]   ; Clock      ; 16.314  ; 16.321  ; Fall       ; Clock           ;
;  ALU_result[0]  ; Clock      ; 13.065  ; 12.905  ; Fall       ; Clock           ;
;  ALU_result[1]  ; Clock      ; 14.180  ; 14.097  ; Fall       ; Clock           ;
;  ALU_result[2]  ; Clock      ; 16.298  ; 16.169  ; Fall       ; Clock           ;
;  ALU_result[3]  ; Clock      ; 15.934  ; 15.830  ; Fall       ; Clock           ;
;  ALU_result[4]  ; Clock      ; 13.610  ; 13.568  ; Fall       ; Clock           ;
;  ALU_result[5]  ; Clock      ; 14.137  ; 14.010  ; Fall       ; Clock           ;
;  ALU_result[6]  ; Clock      ; 15.081  ; 15.007  ; Fall       ; Clock           ;
;  ALU_result[7]  ; Clock      ; 14.918  ; 14.882  ; Fall       ; Clock           ;
;  ALU_result[8]  ; Clock      ; 15.475  ; 15.376  ; Fall       ; Clock           ;
;  ALU_result[9]  ; Clock      ; 13.993  ; 13.918  ; Fall       ; Clock           ;
;  ALU_result[10] ; Clock      ; 14.961  ; 14.966  ; Fall       ; Clock           ;
;  ALU_result[11] ; Clock      ; 14.901  ; 14.861  ; Fall       ; Clock           ;
;  ALU_result[12] ; Clock      ; 14.909  ; 14.861  ; Fall       ; Clock           ;
;  ALU_result[13] ; Clock      ; 14.901  ; 14.820  ; Fall       ; Clock           ;
;  ALU_result[14] ; Clock      ; 15.550  ; 15.499  ; Fall       ; Clock           ;
;  ALU_result[15] ; Clock      ; 15.191  ; 15.164  ; Fall       ; Clock           ;
;  ALU_result[16] ; Clock      ; 15.810  ; 15.678  ; Fall       ; Clock           ;
;  ALU_result[17] ; Clock      ; 15.855  ; 15.817  ; Fall       ; Clock           ;
;  ALU_result[18] ; Clock      ; 15.955  ; 15.811  ; Fall       ; Clock           ;
;  ALU_result[19] ; Clock      ; 15.134  ; 15.071  ; Fall       ; Clock           ;
;  ALU_result[20] ; Clock      ; 15.915  ; 15.797  ; Fall       ; Clock           ;
;  ALU_result[21] ; Clock      ; 15.807  ; 15.765  ; Fall       ; Clock           ;
;  ALU_result[22] ; Clock      ; 15.983  ; 15.959  ; Fall       ; Clock           ;
;  ALU_result[23] ; Clock      ; 15.497  ; 15.410  ; Fall       ; Clock           ;
;  ALU_result[24] ; Clock      ; 15.413  ; 15.394  ; Fall       ; Clock           ;
;  ALU_result[25] ; Clock      ; 15.941  ; 15.974  ; Fall       ; Clock           ;
;  ALU_result[26] ; Clock      ; 15.501  ; 15.313  ; Fall       ; Clock           ;
;  ALU_result[27] ; Clock      ; 16.022  ; 15.919  ; Fall       ; Clock           ;
;  ALU_result[28] ; Clock      ; 15.665  ; 15.486  ; Fall       ; Clock           ;
;  ALU_result[29] ; Clock      ; 15.461  ; 15.440  ; Fall       ; Clock           ;
;  ALU_result[30] ; Clock      ; 16.314  ; 16.321  ; Fall       ; Clock           ;
;  ALU_result[31] ; Clock      ; 15.602  ; 15.442  ; Fall       ; Clock           ;
; HEX0[*]         ; Clock      ; 144.339 ; 144.149 ; Fall       ; Clock           ;
;  HEX0[0]        ; Clock      ; 144.339 ; 144.149 ; Fall       ; Clock           ;
;  HEX0[1]        ; Clock      ; 143.648 ; 143.709 ; Fall       ; Clock           ;
;  HEX0[2]        ; Clock      ; 144.160 ; 144.146 ; Fall       ; Clock           ;
;  HEX0[3]        ; Clock      ; 143.542 ; 143.459 ; Fall       ; Clock           ;
;  HEX0[4]        ; Clock      ; 144.153 ; 144.033 ; Fall       ; Clock           ;
;  HEX0[5]        ; Clock      ; 143.275 ; 143.198 ; Fall       ; Clock           ;
;  HEX0[6]        ; Clock      ; 142.844 ; 142.839 ; Fall       ; Clock           ;
; HEX1[*]         ; Clock      ; 147.304 ; 147.310 ; Fall       ; Clock           ;
;  HEX1[0]        ; Clock      ; 145.997 ; 145.918 ; Fall       ; Clock           ;
;  HEX1[1]        ; Clock      ; 145.976 ; 145.905 ; Fall       ; Clock           ;
;  HEX1[2]        ; Clock      ; 145.477 ; 145.364 ; Fall       ; Clock           ;
;  HEX1[3]        ; Clock      ; 146.043 ; 145.958 ; Fall       ; Clock           ;
;  HEX1[4]        ; Clock      ; 147.304 ; 147.310 ; Fall       ; Clock           ;
;  HEX1[5]        ; Clock      ; 145.431 ; 145.365 ; Fall       ; Clock           ;
;  HEX1[6]        ; Clock      ; 145.920 ; 146.000 ; Fall       ; Clock           ;
; HEX2[*]         ; Clock      ; 143.852 ; 143.721 ; Fall       ; Clock           ;
;  HEX2[0]        ; Clock      ; 143.806 ; 143.713 ; Fall       ; Clock           ;
;  HEX2[1]        ; Clock      ; 142.030 ; 142.026 ; Fall       ; Clock           ;
;  HEX2[2]        ; Clock      ; 141.782 ; 141.759 ; Fall       ; Clock           ;
;  HEX2[3]        ; Clock      ; 143.254 ; 143.186 ; Fall       ; Clock           ;
;  HEX2[4]        ; Clock      ; 141.746 ; 141.777 ; Fall       ; Clock           ;
;  HEX2[5]        ; Clock      ; 143.852 ; 143.721 ; Fall       ; Clock           ;
;  HEX2[6]        ; Clock      ; 142.760 ; 142.781 ; Fall       ; Clock           ;
; HEX3[*]         ; Clock      ; 144.472 ; 144.243 ; Fall       ; Clock           ;
;  HEX3[0]        ; Clock      ; 142.601 ; 142.487 ; Fall       ; Clock           ;
;  HEX3[1]        ; Clock      ; 142.259 ; 142.363 ; Fall       ; Clock           ;
;  HEX3[2]        ; Clock      ; 143.964 ; 143.899 ; Fall       ; Clock           ;
;  HEX3[3]        ; Clock      ; 143.712 ; 143.773 ; Fall       ; Clock           ;
;  HEX3[4]        ; Clock      ; 143.744 ; 143.603 ; Fall       ; Clock           ;
;  HEX3[5]        ; Clock      ; 144.472 ; 144.243 ; Fall       ; Clock           ;
;  HEX3[6]        ; Clock      ; 141.546 ; 141.497 ; Fall       ; Clock           ;
; HEX4[*]         ; Clock      ; 140.151 ; 140.140 ; Fall       ; Clock           ;
;  HEX4[0]        ; Clock      ; 140.151 ; 140.140 ; Fall       ; Clock           ;
;  HEX4[1]        ; Clock      ; 139.451 ; 139.443 ; Fall       ; Clock           ;
;  HEX4[2]        ; Clock      ; 138.684 ; 138.599 ; Fall       ; Clock           ;
;  HEX4[3]        ; Clock      ; 139.563 ; 139.432 ; Fall       ; Clock           ;
;  HEX4[4]        ; Clock      ; 139.652 ; 139.597 ; Fall       ; Clock           ;
;  HEX4[5]        ; Clock      ; 140.104 ; 140.026 ; Fall       ; Clock           ;
;  HEX4[6]        ; Clock      ; 139.850 ; 139.931 ; Fall       ; Clock           ;
; HEX5[*]         ; Clock      ; 134.438 ; 134.379 ; Fall       ; Clock           ;
;  HEX5[0]        ; Clock      ; 133.644 ; 133.545 ; Fall       ; Clock           ;
;  HEX5[1]        ; Clock      ; 134.199 ; 134.074 ; Fall       ; Clock           ;
;  HEX5[2]        ; Clock      ; 134.077 ; 134.030 ; Fall       ; Clock           ;
;  HEX5[3]        ; Clock      ; 134.170 ; 134.030 ; Fall       ; Clock           ;
;  HEX5[4]        ; Clock      ; 134.438 ; 134.379 ; Fall       ; Clock           ;
;  HEX5[5]        ; Clock      ; 133.293 ; 133.296 ; Fall       ; Clock           ;
;  HEX5[6]        ; Clock      ; 134.123 ; 134.202 ; Fall       ; Clock           ;
; HEX6[*]         ; Clock      ; 128.077 ; 128.090 ; Fall       ; Clock           ;
;  HEX6[0]        ; Clock      ; 125.789 ; 125.666 ; Fall       ; Clock           ;
;  HEX6[1]        ; Clock      ; 125.628 ; 125.544 ; Fall       ; Clock           ;
;  HEX6[2]        ; Clock      ; 128.077 ; 128.090 ; Fall       ; Clock           ;
;  HEX6[3]        ; Clock      ; 125.777 ; 125.659 ; Fall       ; Clock           ;
;  HEX6[4]        ; Clock      ; 125.199 ; 125.110 ; Fall       ; Clock           ;
;  HEX6[5]        ; Clock      ; 127.016 ; 127.081 ; Fall       ; Clock           ;
;  HEX6[6]        ; Clock      ; 125.490 ; 125.538 ; Fall       ; Clock           ;
; HEX7[*]         ; Clock      ; 125.123 ; 125.002 ; Fall       ; Clock           ;
;  HEX7[0]        ; Clock      ; 124.961 ; 124.827 ; Fall       ; Clock           ;
;  HEX7[1]        ; Clock      ; 124.878 ; 124.753 ; Fall       ; Clock           ;
;  HEX7[2]        ; Clock      ; 124.752 ; 124.664 ; Fall       ; Clock           ;
;  HEX7[3]        ; Clock      ; 124.977 ; 124.850 ; Fall       ; Clock           ;
;  HEX7[4]        ; Clock      ; 125.123 ; 125.002 ; Fall       ; Clock           ;
;  HEX7[5]        ; Clock      ; 124.467 ; 124.394 ; Fall       ; Clock           ;
;  HEX7[6]        ; Clock      ; 124.685 ; 124.751 ; Fall       ; Clock           ;
; PC[*]           ; Clock      ; 9.643   ; 9.696   ; Fall       ; Clock           ;
;  PC[2]          ; Clock      ; 9.379   ; 9.437   ; Fall       ; Clock           ;
;  PC[3]          ; Clock      ; 8.678   ; 8.770   ; Fall       ; Clock           ;
;  PC[4]          ; Clock      ; 8.986   ; 9.007   ; Fall       ; Clock           ;
;  PC[7]          ; Clock      ; 8.609   ; 8.568   ; Fall       ; Clock           ;
;  PC[13]         ; Clock      ; 7.548   ; 7.545   ; Fall       ; Clock           ;
;  PC[14]         ; Clock      ; 7.197   ; 7.193   ; Fall       ; Clock           ;
;  PC[17]         ; Clock      ; 7.202   ; 7.195   ; Fall       ; Clock           ;
;  PC[18]         ; Clock      ; 8.562   ; 8.640   ; Fall       ; Clock           ;
;  PC[19]         ; Clock      ; 8.668   ; 8.534   ; Fall       ; Clock           ;
;  PC[22]         ; Clock      ; 8.529   ; 8.536   ; Fall       ; Clock           ;
;  PC[23]         ; Clock      ; 9.643   ; 9.696   ; Fall       ; Clock           ;
;  PC[24]         ; Clock      ; 7.572   ; 7.600   ; Fall       ; Clock           ;
;  PC[27]         ; Clock      ; 9.367   ; 9.462   ; Fall       ; Clock           ;
; RD1[*]          ; Clock      ; 11.810  ; 11.603  ; Fall       ; Clock           ;
;  RD1[0]         ; Clock      ; 10.635  ; 10.458  ; Fall       ; Clock           ;
;  RD1[1]         ; Clock      ; 10.136  ; 9.876   ; Fall       ; Clock           ;
;  RD1[2]         ; Clock      ; 10.836  ; 10.634  ; Fall       ; Clock           ;
;  RD1[3]         ; Clock      ; 10.096  ; 9.932   ; Fall       ; Clock           ;
;  RD1[4]         ; Clock      ; 9.782   ; 9.673   ; Fall       ; Clock           ;
;  RD1[5]         ; Clock      ; 10.368  ; 10.137  ; Fall       ; Clock           ;
;  RD1[6]         ; Clock      ; 10.520  ; 10.486  ; Fall       ; Clock           ;
;  RD1[7]         ; Clock      ; 10.234  ; 10.145  ; Fall       ; Clock           ;
;  RD1[8]         ; Clock      ; 10.719  ; 10.527  ; Fall       ; Clock           ;
;  RD1[9]         ; Clock      ; 11.059  ; 11.151  ; Fall       ; Clock           ;
;  RD1[10]        ; Clock      ; 10.939  ; 10.864  ; Fall       ; Clock           ;
;  RD1[11]        ; Clock      ; 10.787  ; 10.733  ; Fall       ; Clock           ;
;  RD1[12]        ; Clock      ; 11.278  ; 11.077  ; Fall       ; Clock           ;
;  RD1[13]        ; Clock      ; 11.810  ; 11.509  ; Fall       ; Clock           ;
;  RD1[14]        ; Clock      ; 10.114  ; 10.070  ; Fall       ; Clock           ;
;  RD1[15]        ; Clock      ; 11.263  ; 10.998  ; Fall       ; Clock           ;
;  RD1[16]        ; Clock      ; 11.406  ; 11.207  ; Fall       ; Clock           ;
;  RD1[17]        ; Clock      ; 10.737  ; 10.618  ; Fall       ; Clock           ;
;  RD1[18]        ; Clock      ; 11.199  ; 11.106  ; Fall       ; Clock           ;
;  RD1[19]        ; Clock      ; 10.685  ; 10.587  ; Fall       ; Clock           ;
;  RD1[20]        ; Clock      ; 9.775   ; 9.722   ; Fall       ; Clock           ;
;  RD1[21]        ; Clock      ; 11.432  ; 11.437  ; Fall       ; Clock           ;
;  RD1[22]        ; Clock      ; 11.495  ; 11.403  ; Fall       ; Clock           ;
;  RD1[23]        ; Clock      ; 11.405  ; 11.102  ; Fall       ; Clock           ;
;  RD1[24]        ; Clock      ; 10.589  ; 10.446  ; Fall       ; Clock           ;
;  RD1[25]        ; Clock      ; 10.666  ; 10.617  ; Fall       ; Clock           ;
;  RD1[26]        ; Clock      ; 9.798   ; 9.634   ; Fall       ; Clock           ;
;  RD1[27]        ; Clock      ; 10.357  ; 10.343  ; Fall       ; Clock           ;
;  RD1[28]        ; Clock      ; 11.005  ; 10.865  ; Fall       ; Clock           ;
;  RD1[29]        ; Clock      ; 11.113  ; 11.025  ; Fall       ; Clock           ;
;  RD1[30]        ; Clock      ; 11.178  ; 11.014  ; Fall       ; Clock           ;
;  RD1[31]        ; Clock      ; 11.741  ; 11.603  ; Fall       ; Clock           ;
; RD2[*]          ; Clock      ; 15.063  ; 15.150  ; Fall       ; Clock           ;
;  RD2[0]         ; Clock      ; 13.271  ; 13.141  ; Fall       ; Clock           ;
;  RD2[1]         ; Clock      ; 13.193  ; 13.157  ; Fall       ; Clock           ;
;  RD2[2]         ; Clock      ; 10.946  ; 10.794  ; Fall       ; Clock           ;
;  RD2[3]         ; Clock      ; 13.164  ; 13.096  ; Fall       ; Clock           ;
;  RD2[4]         ; Clock      ; 15.063  ; 15.054  ; Fall       ; Clock           ;
;  RD2[5]         ; Clock      ; 12.982  ; 12.762  ; Fall       ; Clock           ;
;  RD2[6]         ; Clock      ; 12.938  ; 12.832  ; Fall       ; Clock           ;
;  RD2[7]         ; Clock      ; 13.206  ; 13.077  ; Fall       ; Clock           ;
;  RD2[8]         ; Clock      ; 12.640  ; 12.437  ; Fall       ; Clock           ;
;  RD2[9]         ; Clock      ; 11.509  ; 11.442  ; Fall       ; Clock           ;
;  RD2[10]        ; Clock      ; 14.019  ; 13.834  ; Fall       ; Clock           ;
;  RD2[11]        ; Clock      ; 12.235  ; 12.231  ; Fall       ; Clock           ;
;  RD2[12]        ; Clock      ; 12.780  ; 12.724  ; Fall       ; Clock           ;
;  RD2[13]        ; Clock      ; 13.359  ; 13.360  ; Fall       ; Clock           ;
;  RD2[14]        ; Clock      ; 12.430  ; 12.379  ; Fall       ; Clock           ;
;  RD2[15]        ; Clock      ; 13.809  ; 13.769  ; Fall       ; Clock           ;
;  RD2[16]        ; Clock      ; 15.061  ; 15.150  ; Fall       ; Clock           ;
;  RD2[17]        ; Clock      ; 12.558  ; 12.404  ; Fall       ; Clock           ;
;  RD2[18]        ; Clock      ; 13.280  ; 13.178  ; Fall       ; Clock           ;
;  RD2[19]        ; Clock      ; 11.975  ; 11.979  ; Fall       ; Clock           ;
;  RD2[20]        ; Clock      ; 12.232  ; 12.056  ; Fall       ; Clock           ;
;  RD2[21]        ; Clock      ; 12.260  ; 12.279  ; Fall       ; Clock           ;
;  RD2[22]        ; Clock      ; 13.361  ; 13.414  ; Fall       ; Clock           ;
;  RD2[23]        ; Clock      ; 11.310  ; 11.235  ; Fall       ; Clock           ;
;  RD2[24]        ; Clock      ; 12.759  ; 12.626  ; Fall       ; Clock           ;
;  RD2[25]        ; Clock      ; 13.556  ; 13.571  ; Fall       ; Clock           ;
;  RD2[26]        ; Clock      ; 13.799  ; 13.641  ; Fall       ; Clock           ;
;  RD2[27]        ; Clock      ; 11.620  ; 11.627  ; Fall       ; Clock           ;
;  RD2[28]        ; Clock      ; 11.973  ; 11.894  ; Fall       ; Clock           ;
;  RD2[29]        ; Clock      ; 14.669  ; 14.819  ; Fall       ; Clock           ;
;  RD2[30]        ; Clock      ; 12.254  ; 12.129  ; Fall       ; Clock           ;
;  RD2[31]        ; Clock      ; 12.851  ; 12.750  ; Fall       ; Clock           ;
+-----------------+------------+---------+---------+------------+-----------------+


+-------------------------------------------------------------------------------+
; Minimum Clock to Output Times                                                 ;
+-----------------+------------+--------+--------+------------+-----------------+
; Data Port       ; Clock Port ; Rise   ; Fall   ; Clock Edge ; Clock Reference ;
+-----------------+------------+--------+--------+------------+-----------------+
; ALU_result[*]   ; Clock      ; 9.134  ; 9.053  ; Fall       ; Clock           ;
;  ALU_result[0]  ; Clock      ; 9.134  ; 9.053  ; Fall       ; Clock           ;
;  ALU_result[1]  ; Clock      ; 10.296 ; 10.194 ; Fall       ; Clock           ;
;  ALU_result[2]  ; Clock      ; 11.690 ; 11.595 ; Fall       ; Clock           ;
;  ALU_result[3]  ; Clock      ; 11.702 ; 11.603 ; Fall       ; Clock           ;
;  ALU_result[4]  ; Clock      ; 9.553  ; 9.621  ; Fall       ; Clock           ;
;  ALU_result[5]  ; Clock      ; 10.179 ; 10.155 ; Fall       ; Clock           ;
;  ALU_result[6]  ; Clock      ; 10.281 ; 10.233 ; Fall       ; Clock           ;
;  ALU_result[7]  ; Clock      ; 10.168 ; 10.228 ; Fall       ; Clock           ;
;  ALU_result[8]  ; Clock      ; 10.244 ; 10.204 ; Fall       ; Clock           ;
;  ALU_result[9]  ; Clock      ; 9.189  ; 9.264  ; Fall       ; Clock           ;
;  ALU_result[10] ; Clock      ; 10.312 ; 10.379 ; Fall       ; Clock           ;
;  ALU_result[11] ; Clock      ; 9.940  ; 9.888  ; Fall       ; Clock           ;
;  ALU_result[12] ; Clock      ; 9.810  ; 9.880  ; Fall       ; Clock           ;
;  ALU_result[13] ; Clock      ; 9.559  ; 9.628  ; Fall       ; Clock           ;
;  ALU_result[14] ; Clock      ; 10.466 ; 10.406 ; Fall       ; Clock           ;
;  ALU_result[15] ; Clock      ; 10.016 ; 9.973  ; Fall       ; Clock           ;
;  ALU_result[16] ; Clock      ; 10.676 ; 10.586 ; Fall       ; Clock           ;
;  ALU_result[17] ; Clock      ; 10.790 ; 10.704 ; Fall       ; Clock           ;
;  ALU_result[18] ; Clock      ; 10.287 ; 10.161 ; Fall       ; Clock           ;
;  ALU_result[19] ; Clock      ; 9.646  ; 9.610  ; Fall       ; Clock           ;
;  ALU_result[20] ; Clock      ; 10.375 ; 10.289 ; Fall       ; Clock           ;
;  ALU_result[21] ; Clock      ; 10.010 ; 10.003 ; Fall       ; Clock           ;
;  ALU_result[22] ; Clock      ; 9.767  ; 9.764  ; Fall       ; Clock           ;
;  ALU_result[23] ; Clock      ; 10.048 ; 9.999  ; Fall       ; Clock           ;
;  ALU_result[24] ; Clock      ; 9.636  ; 9.709  ; Fall       ; Clock           ;
;  ALU_result[25] ; Clock      ; 10.057 ; 10.146 ; Fall       ; Clock           ;
;  ALU_result[26] ; Clock      ; 9.540  ; 9.407  ; Fall       ; Clock           ;
;  ALU_result[27] ; Clock      ; 10.183 ; 10.079 ; Fall       ; Clock           ;
;  ALU_result[28] ; Clock      ; 10.100 ; 10.042 ; Fall       ; Clock           ;
;  ALU_result[29] ; Clock      ; 9.644  ; 9.647  ; Fall       ; Clock           ;
;  ALU_result[30] ; Clock      ; 10.729 ; 10.707 ; Fall       ; Clock           ;
;  ALU_result[31] ; Clock      ; 9.848  ; 9.762  ; Fall       ; Clock           ;
; HEX0[*]         ; Clock      ; 9.833  ; 9.965  ; Fall       ; Clock           ;
;  HEX0[0]        ; Clock      ; 11.294 ; 11.166 ; Fall       ; Clock           ;
;  HEX0[1]        ; Clock      ; 10.744 ; 10.663 ; Fall       ; Clock           ;
;  HEX0[2]        ; Clock      ; 11.296 ; 11.279 ; Fall       ; Clock           ;
;  HEX0[3]        ; Clock      ; 10.453 ; 10.503 ; Fall       ; Clock           ;
;  HEX0[4]        ; Clock      ; 11.056 ; 11.049 ; Fall       ; Clock           ;
;  HEX0[5]        ; Clock      ; 10.194 ; 10.324 ; Fall       ; Clock           ;
;  HEX0[6]        ; Clock      ; 9.833  ; 9.965  ; Fall       ; Clock           ;
; HEX1[*]         ; Clock      ; 14.532 ; 14.491 ; Fall       ; Clock           ;
;  HEX1[0]        ; Clock      ; 15.099 ; 15.002 ; Fall       ; Clock           ;
;  HEX1[1]        ; Clock      ; 15.093 ; 14.997 ; Fall       ; Clock           ;
;  HEX1[2]        ; Clock      ; 14.599 ; 14.491 ; Fall       ; Clock           ;
;  HEX1[3]        ; Clock      ; 15.144 ; 15.042 ; Fall       ; Clock           ;
;  HEX1[4]        ; Clock      ; 16.345 ; 16.320 ; Fall       ; Clock           ;
;  HEX1[5]        ; Clock      ; 14.532 ; 14.504 ; Fall       ; Clock           ;
;  HEX1[6]        ; Clock      ; 15.040 ; 15.129 ; Fall       ; Clock           ;
; HEX2[*]         ; Clock      ; 16.962 ; 16.957 ; Fall       ; Clock           ;
;  HEX2[0]        ; Clock      ; 18.940 ; 18.814 ; Fall       ; Clock           ;
;  HEX2[1]        ; Clock      ; 17.218 ; 17.193 ; Fall       ; Clock           ;
;  HEX2[2]        ; Clock      ; 17.038 ; 16.957 ; Fall       ; Clock           ;
;  HEX2[3]        ; Clock      ; 18.411 ; 18.308 ; Fall       ; Clock           ;
;  HEX2[4]        ; Clock      ; 16.962 ; 17.016 ; Fall       ; Clock           ;
;  HEX2[5]        ; Clock      ; 18.950 ; 18.894 ; Fall       ; Clock           ;
;  HEX2[6]        ; Clock      ; 17.898 ; 18.026 ; Fall       ; Clock           ;
; HEX3[*]         ; Clock      ; 19.689 ; 19.893 ; Fall       ; Clock           ;
;  HEX3[0]        ; Clock      ; 20.730 ; 20.667 ; Fall       ; Clock           ;
;  HEX3[1]        ; Clock      ; 20.544 ; 20.466 ; Fall       ; Clock           ;
;  HEX3[2]        ; Clock      ; 22.324 ; 22.104 ; Fall       ; Clock           ;
;  HEX3[3]        ; Clock      ; 21.785 ; 21.967 ; Fall       ; Clock           ;
;  HEX3[4]        ; Clock      ; 21.777 ; 21.872 ; Fall       ; Clock           ;
;  HEX3[5]        ; Clock      ; 22.456 ; 22.698 ; Fall       ; Clock           ;
;  HEX3[6]        ; Clock      ; 19.689 ; 19.893 ; Fall       ; Clock           ;
; HEX4[*]         ; Clock      ; 23.557 ; 23.453 ; Fall       ; Clock           ;
;  HEX4[0]        ; Clock      ; 25.010 ; 24.933 ; Fall       ; Clock           ;
;  HEX4[1]        ; Clock      ; 24.309 ; 24.249 ; Fall       ; Clock           ;
;  HEX4[2]        ; Clock      ; 23.557 ; 23.453 ; Fall       ; Clock           ;
;  HEX4[3]        ; Clock      ; 24.266 ; 24.145 ; Fall       ; Clock           ;
;  HEX4[4]        ; Clock      ; 24.509 ; 24.417 ; Fall       ; Clock           ;
;  HEX4[5]        ; Clock      ; 24.927 ; 25.316 ; Fall       ; Clock           ;
;  HEX4[6]        ; Clock      ; 24.668 ; 24.769 ; Fall       ; Clock           ;
; HEX5[*]         ; Clock      ; 26.685 ; 26.515 ; Fall       ; Clock           ;
;  HEX5[0]        ; Clock      ; 26.839 ; 26.781 ; Fall       ; Clock           ;
;  HEX5[1]        ; Clock      ; 27.389 ; 27.468 ; Fall       ; Clock           ;
;  HEX5[2]        ; Clock      ; 27.584 ; 27.225 ; Fall       ; Clock           ;
;  HEX5[3]        ; Clock      ; 27.344 ; 27.235 ; Fall       ; Clock           ;
;  HEX5[4]        ; Clock      ; 27.650 ; 27.620 ; Fall       ; Clock           ;
;  HEX5[5]        ; Clock      ; 26.685 ; 26.515 ; Fall       ; Clock           ;
;  HEX5[6]        ; Clock      ; 27.295 ; 27.393 ; Fall       ; Clock           ;
; HEX6[*]         ; Clock      ; 28.515 ; 28.812 ; Fall       ; Clock           ;
;  HEX6[0]        ; Clock      ; 29.091 ; 29.006 ; Fall       ; Clock           ;
;  HEX6[1]        ; Clock      ; 28.965 ; 28.850 ; Fall       ; Clock           ;
;  HEX6[2]        ; Clock      ; 31.691 ; 31.266 ; Fall       ; Clock           ;
;  HEX6[3]        ; Clock      ; 29.067 ; 28.987 ; Fall       ; Clock           ;
;  HEX6[4]        ; Clock      ; 28.515 ; 28.812 ; Fall       ; Clock           ;
;  HEX6[5]        ; Clock      ; 30.364 ; 30.890 ; Fall       ; Clock           ;
;  HEX6[6]        ; Clock      ; 28.764 ; 29.195 ; Fall       ; Clock           ;
; HEX7[*]         ; Clock      ; 31.241 ; 31.523 ; Fall       ; Clock           ;
;  HEX7[0]        ; Clock      ; 31.771 ; 31.611 ; Fall       ; Clock           ;
;  HEX7[1]        ; Clock      ; 31.683 ; 31.578 ; Fall       ; Clock           ;
;  HEX7[2]        ; Clock      ; 31.819 ; 31.523 ; Fall       ; Clock           ;
;  HEX7[3]        ; Clock      ; 31.728 ; 31.632 ; Fall       ; Clock           ;
;  HEX7[4]        ; Clock      ; 31.886 ; 32.001 ; Fall       ; Clock           ;
;  HEX7[5]        ; Clock      ; 31.241 ; 31.549 ; Fall       ; Clock           ;
;  HEX7[6]        ; Clock      ; 31.456 ; 31.827 ; Fall       ; Clock           ;
; PC[*]           ; Clock      ; 6.957  ; 6.953  ; Fall       ; Clock           ;
;  PC[2]          ; Clock      ; 9.057  ; 9.111  ; Fall       ; Clock           ;
;  PC[3]          ; Clock      ; 8.381  ; 8.467  ; Fall       ; Clock           ;
;  PC[4]          ; Clock      ; 8.677  ; 8.696  ; Fall       ; Clock           ;
;  PC[7]          ; Clock      ; 8.316  ; 8.275  ; Fall       ; Clock           ;
;  PC[13]         ; Clock      ; 7.295  ; 7.291  ; Fall       ; Clock           ;
;  PC[14]         ; Clock      ; 6.957  ; 6.953  ; Fall       ; Clock           ;
;  PC[17]         ; Clock      ; 6.962  ; 6.954  ; Fall       ; Clock           ;
;  PC[18]         ; Clock      ; 8.264  ; 8.338  ; Fall       ; Clock           ;
;  PC[19]         ; Clock      ; 8.370  ; 8.240  ; Fall       ; Clock           ;
;  PC[22]         ; Clock      ; 8.237  ; 8.243  ; Fall       ; Clock           ;
;  PC[23]         ; Clock      ; 9.305  ; 9.355  ; Fall       ; Clock           ;
;  PC[24]         ; Clock      ; 7.317  ; 7.343  ; Fall       ; Clock           ;
;  PC[27]         ; Clock      ; 9.042  ; 9.132  ; Fall       ; Clock           ;
; RD1[*]          ; Clock      ; 7.949  ; 7.877  ; Fall       ; Clock           ;
;  RD1[0]         ; Clock      ; 9.082  ; 9.000  ; Fall       ; Clock           ;
;  RD1[1]         ; Clock      ; 9.090  ; 8.928  ; Fall       ; Clock           ;
;  RD1[2]         ; Clock      ; 9.194  ; 9.161  ; Fall       ; Clock           ;
;  RD1[3]         ; Clock      ; 8.491  ; 8.489  ; Fall       ; Clock           ;
;  RD1[4]         ; Clock      ; 8.426  ; 8.402  ; Fall       ; Clock           ;
;  RD1[5]         ; Clock      ; 9.140  ; 8.960  ; Fall       ; Clock           ;
;  RD1[6]         ; Clock      ; 8.950  ; 9.083  ; Fall       ; Clock           ;
;  RD1[7]         ; Clock      ; 9.008  ; 8.962  ; Fall       ; Clock           ;
;  RD1[8]         ; Clock      ; 8.575  ; 8.505  ; Fall       ; Clock           ;
;  RD1[9]         ; Clock      ; 9.384  ; 9.524  ; Fall       ; Clock           ;
;  RD1[10]        ; Clock      ; 9.085  ; 9.085  ; Fall       ; Clock           ;
;  RD1[11]        ; Clock      ; 9.229  ; 9.164  ; Fall       ; Clock           ;
;  RD1[12]        ; Clock      ; 9.385  ; 9.392  ; Fall       ; Clock           ;
;  RD1[13]        ; Clock      ; 9.790  ; 9.698  ; Fall       ; Clock           ;
;  RD1[14]        ; Clock      ; 8.293  ; 8.217  ; Fall       ; Clock           ;
;  RD1[15]        ; Clock      ; 9.190  ; 9.045  ; Fall       ; Clock           ;
;  RD1[16]        ; Clock      ; 9.782  ; 9.699  ; Fall       ; Clock           ;
;  RD1[17]        ; Clock      ; 9.786  ; 9.815  ; Fall       ; Clock           ;
;  RD1[18]        ; Clock      ; 9.335  ; 9.318  ; Fall       ; Clock           ;
;  RD1[19]        ; Clock      ; 9.131  ; 9.028  ; Fall       ; Clock           ;
;  RD1[20]        ; Clock      ; 8.253  ; 8.190  ; Fall       ; Clock           ;
;  RD1[21]        ; Clock      ; 9.942  ; 9.941  ; Fall       ; Clock           ;
;  RD1[22]        ; Clock      ; 9.368  ; 9.372  ; Fall       ; Clock           ;
;  RD1[23]        ; Clock      ; 9.890  ; 9.785  ; Fall       ; Clock           ;
;  RD1[24]        ; Clock      ; 8.424  ; 8.379  ; Fall       ; Clock           ;
;  RD1[25]        ; Clock      ; 8.699  ; 8.621  ; Fall       ; Clock           ;
;  RD1[26]        ; Clock      ; 7.949  ; 7.877  ; Fall       ; Clock           ;
;  RD1[27]        ; Clock      ; 8.602  ; 8.554  ; Fall       ; Clock           ;
;  RD1[28]        ; Clock      ; 9.118  ; 9.148  ; Fall       ; Clock           ;
;  RD1[29]        ; Clock      ; 9.326  ; 9.209  ; Fall       ; Clock           ;
;  RD1[30]        ; Clock      ; 10.070 ; 9.889  ; Fall       ; Clock           ;
;  RD1[31]        ; Clock      ; 9.275  ; 9.326  ; Fall       ; Clock           ;
; RD2[*]          ; Clock      ; 8.517  ; 8.404  ; Fall       ; Clock           ;
;  RD2[0]         ; Clock      ; 10.157 ; 10.008 ; Fall       ; Clock           ;
;  RD2[1]         ; Clock      ; 10.303 ; 10.258 ; Fall       ; Clock           ;
;  RD2[2]         ; Clock      ; 9.338  ; 9.129  ; Fall       ; Clock           ;
;  RD2[3]         ; Clock      ; 9.776  ; 9.649  ; Fall       ; Clock           ;
;  RD2[4]         ; Clock      ; 11.590 ; 11.635 ; Fall       ; Clock           ;
;  RD2[5]         ; Clock      ; 9.267  ; 9.010  ; Fall       ; Clock           ;
;  RD2[6]         ; Clock      ; 10.423 ; 10.349 ; Fall       ; Clock           ;
;  RD2[7]         ; Clock      ; 10.636 ; 10.434 ; Fall       ; Clock           ;
;  RD2[8]         ; Clock      ; 9.608  ; 9.370  ; Fall       ; Clock           ;
;  RD2[9]         ; Clock      ; 9.419  ; 9.239  ; Fall       ; Clock           ;
;  RD2[10]        ; Clock      ; 10.109 ; 9.926  ; Fall       ; Clock           ;
;  RD2[11]        ; Clock      ; 9.758  ; 9.798  ; Fall       ; Clock           ;
;  RD2[12]        ; Clock      ; 8.943  ; 8.912  ; Fall       ; Clock           ;
;  RD2[13]        ; Clock      ; 10.537 ; 10.544 ; Fall       ; Clock           ;
;  RD2[14]        ; Clock      ; 8.620  ; 8.557  ; Fall       ; Clock           ;
;  RD2[15]        ; Clock      ; 10.494 ; 10.422 ; Fall       ; Clock           ;
;  RD2[16]        ; Clock      ; 11.318 ; 11.315 ; Fall       ; Clock           ;
;  RD2[17]        ; Clock      ; 9.697  ; 9.503  ; Fall       ; Clock           ;
;  RD2[18]        ; Clock      ; 10.049 ; 9.971  ; Fall       ; Clock           ;
;  RD2[19]        ; Clock      ; 9.101  ; 9.046  ; Fall       ; Clock           ;
;  RD2[20]        ; Clock      ; 9.180  ; 9.007  ; Fall       ; Clock           ;
;  RD2[21]        ; Clock      ; 9.760  ; 9.763  ; Fall       ; Clock           ;
;  RD2[22]        ; Clock      ; 10.352 ; 10.346 ; Fall       ; Clock           ;
;  RD2[23]        ; Clock      ; 8.517  ; 8.404  ; Fall       ; Clock           ;
;  RD2[24]        ; Clock      ; 9.947  ; 9.735  ; Fall       ; Clock           ;
;  RD2[25]        ; Clock      ; 10.356 ; 10.342 ; Fall       ; Clock           ;
;  RD2[26]        ; Clock      ; 10.607 ; 10.456 ; Fall       ; Clock           ;
;  RD2[27]        ; Clock      ; 9.481  ; 9.442  ; Fall       ; Clock           ;
;  RD2[28]        ; Clock      ; 9.001  ; 8.833  ; Fall       ; Clock           ;
;  RD2[29]        ; Clock      ; 11.881 ; 11.993 ; Fall       ; Clock           ;
;  RD2[30]        ; Clock      ; 9.729  ; 9.593  ; Fall       ; Clock           ;
;  RD2[31]        ; Clock      ; 8.625  ; 8.492  ; Fall       ; Clock           ;
+-----------------+------------+--------+--------+------------+-----------------+


----------------------------------------------
; Slow 1200mV 85C Model Metastability Report ;
----------------------------------------------
No synchronizer chains to report.


+--------------------------------------------------+
; Slow 1200mV 0C Model Fmax Summary                ;
+------------+-----------------+------------+------+
; Fmax       ; Restricted Fmax ; Clock Name ; Note ;
+------------+-----------------+------------+------+
; 134.35 MHz ; 134.35 MHz      ; Clock      ;      ;
+------------+-----------------+------------+------+
This panel reports FMAX for every clock in the design, regardless of the user-specified clock periods.  FMAX is only computed for paths where the source and destination registers or ports are driven by the same clock.  Paths of different clocks, including generated clocks, are ignored.  For paths between a clock and its inversion, FMAX is computed as if the rising and falling edges are scaled along with FMAX, such that the duty cycle (in terms of a percentage) is maintained. Altera recommends that you always use clock constraints and other slack reports for sign-off analysis.


+------------------------------------+
; Slow 1200mV 0C Model Setup Summary ;
+-------+--------+-------------------+
; Clock ; Slack  ; End Point TNS     ;
+-------+--------+-------------------+
; Clock ; -6.443 ; -716.919          ;
+-------+--------+-------------------+


+-----------------------------------+
; Slow 1200mV 0C Model Hold Summary ;
+-------+-------+-------------------+
; Clock ; Slack ; End Point TNS     ;
+-------+-------+-------------------+
; Clock ; 0.356 ; 0.000             ;
+-------+-------+-------------------+


-----------------------------------------
; Slow 1200mV 0C Model Recovery Summary ;
-----------------------------------------
No paths to report.


----------------------------------------
; Slow 1200mV 0C Model Removal Summary ;
----------------------------------------
No paths to report.


+--------------------------------------------------+
; Slow 1200mV 0C Model Minimum Pulse Width Summary ;
+-------+--------+---------------------------------+
; Clock ; Slack  ; End Point TNS                   ;
+-------+--------+---------------------------------+
; Clock ; -3.000 ; -184.185                        ;
+-------+--------+---------------------------------+


+--------------------------------------------------------------------------------------------------------------------------------------------+
; Slow 1200mV 0C Model Setup: 'Clock'                                                                                                        ;
+--------+------------------------------+------------------------------+--------------+-------------+--------------+------------+------------+
; Slack  ; From Node                    ; To Node                      ; Launch Clock ; Latch Clock ; Relationship ; Clock Skew ; Data Delay ;
+--------+------------------------------+------------------------------+--------------+-------------+--------------+------------+------------+
; -6.443 ; PC:inst|end_atual[4]         ; REG_FILE:inst2|registers~644 ; Clock        ; Clock       ; 1.000        ; 0.337      ; 7.779      ;
; -6.413 ; PC:inst|end_atual[4]         ; REG_FILE:inst2|registers~612 ; Clock        ; Clock       ; 1.000        ; 0.260      ; 7.672      ;
; -6.373 ; PC:inst|end_atual[4]         ; REG_FILE:inst2|registers~676 ; Clock        ; Clock       ; 1.000        ; 0.301      ; 7.673      ;
; -6.282 ; PC:inst|end_atual[3]         ; REG_FILE:inst2|registers~644 ; Clock        ; Clock       ; 1.000        ; 0.337      ; 7.618      ;
; -6.273 ; PC:inst|end_atual[4]         ; REG_FILE:inst2|registers~675 ; Clock        ; Clock       ; 1.000        ; 0.301      ; 7.573      ;
; -6.252 ; PC:inst|end_atual[3]         ; REG_FILE:inst2|registers~612 ; Clock        ; Clock       ; 1.000        ; 0.260      ; 7.511      ;
; -6.217 ; PC:inst|end_atual[4]         ; REG_FILE:inst2|registers~607 ; Clock        ; Clock       ; 1.000        ; 0.256      ; 7.472      ;
; -6.212 ; PC:inst|end_atual[3]         ; REG_FILE:inst2|registers~676 ; Clock        ; Clock       ; 1.000        ; 0.301      ; 7.512      ;
; -6.205 ; PC:inst|end_atual[4]         ; REG_FILE:inst2|registers~673 ; Clock        ; Clock       ; 1.000        ; 0.304      ; 7.508      ;
; -6.180 ; PC:inst|end_atual[4]         ; REG_FILE:inst2|registers~603 ; Clock        ; Clock       ; 1.000        ; 0.306      ; 7.485      ;
; -6.178 ; PC:inst|end_atual[4]         ; REG_FILE:inst2|registers~639 ; Clock        ; Clock       ; 1.000        ; 0.295      ; 7.472      ;
; -6.174 ; PC:inst|end_atual[2]         ; REG_FILE:inst2|registers~644 ; Clock        ; Clock       ; 1.000        ; 0.337      ; 7.510      ;
; -6.171 ; PC:inst|end_atual[4]         ; REG_FILE:inst2|registers~641 ; Clock        ; Clock       ; 1.000        ; 0.337      ; 7.507      ;
; -6.154 ; PC:inst|end_atual[4]         ; REG_FILE:inst2|registers~669 ; Clock        ; Clock       ; 1.000        ; 0.301      ; 7.454      ;
; -6.145 ; PC:inst|end_atual[4]         ; REG_FILE:inst2|registers~606 ; Clock        ; Clock       ; 1.000        ; 0.256      ; 7.400      ;
; -6.144 ; PC:inst|end_atual[2]         ; REG_FILE:inst2|registers~612 ; Clock        ; Clock       ; 1.000        ; 0.260      ; 7.403      ;
; -6.132 ; PC:inst|end_atual[4]         ; REG_FILE:inst2|registers~577 ; Clock        ; Clock       ; 1.000        ; 0.299      ; 7.430      ;
; -6.129 ; PC:inst|end_atual[3]         ; REG_FILE:inst2|registers~675 ; Clock        ; Clock       ; 1.000        ; 0.301      ; 7.429      ;
; -6.127 ; PC:inst|end_atual[4]         ; REG_FILE:inst2|registers~677 ; Clock        ; Clock       ; 1.000        ; 0.301      ; 7.427      ;
; -6.104 ; PC:inst|end_atual[2]         ; REG_FILE:inst2|registers~676 ; Clock        ; Clock       ; 1.000        ; 0.301      ; 7.404      ;
; -6.103 ; PC:inst|end_atual[4]         ; REG_FILE:inst2|registers~600 ; Clock        ; Clock       ; 1.000        ; 0.267      ; 7.369      ;
; -6.103 ; PC:inst|end_atual[4]         ; REG_FILE:inst2|registers~638 ; Clock        ; Clock       ; 1.000        ; 0.295      ; 7.397      ;
; -6.091 ; PC:inst|end_atual[4]         ; REG_FILE:inst2|registers~568 ; Clock        ; Clock       ; 1.000        ; 0.298      ; 7.388      ;
; -6.073 ; PC:inst|end_atual[3]         ; REG_FILE:inst2|registers~607 ; Clock        ; Clock       ; 1.000        ; 0.256      ; 7.328      ;
; -6.072 ; PC:inst|end_atual[4]         ; REG_FILE:inst2|registers~645 ; Clock        ; Clock       ; 1.000        ; 0.307      ; 7.378      ;
; -6.064 ; PC:inst|end_atual[4]         ; REG_FILE:inst2|registers~632 ; Clock        ; Clock       ; 1.000        ; 0.306      ; 7.369      ;
; -6.061 ; PC:inst|end_atual[3]         ; REG_FILE:inst2|registers~673 ; Clock        ; Clock       ; 1.000        ; 0.304      ; 7.364      ;
; -6.036 ; PC:inst|end_atual[3]         ; REG_FILE:inst2|registers~603 ; Clock        ; Clock       ; 1.000        ; 0.306      ; 7.341      ;
; -6.034 ; PC:inst|end_atual[3]         ; REG_FILE:inst2|registers~639 ; Clock        ; Clock       ; 1.000        ; 0.295      ; 7.328      ;
; -6.027 ; PC:inst|end_atual[3]         ; REG_FILE:inst2|registers~641 ; Clock        ; Clock       ; 1.000        ; 0.337      ; 7.363      ;
; -6.010 ; PC:inst|end_atual[3]         ; REG_FILE:inst2|registers~669 ; Clock        ; Clock       ; 1.000        ; 0.301      ; 7.310      ;
; -6.004 ; PC:inst|end_atual[2]         ; REG_FILE:inst2|registers~675 ; Clock        ; Clock       ; 1.000        ; 0.301      ; 7.304      ;
; -5.997 ; PC:inst|end_atual[4]         ; REG_FILE:inst2|registers~610 ; Clock        ; Clock       ; 1.000        ; 0.276      ; 7.272      ;
; -5.988 ; PC:inst|end_atual[3]         ; REG_FILE:inst2|registers~577 ; Clock        ; Clock       ; 1.000        ; 0.299      ; 7.286      ;
; -5.986 ; PC:inst|end_atual[4]         ; REG_FILE:inst2|registers~575 ; Clock        ; Clock       ; 1.000        ; 0.263      ; 7.248      ;
; -5.984 ; PC:inst|end_atual[4]         ; REG_FILE:inst2|registers~572 ; Clock        ; Clock       ; 1.000        ; 0.263      ; 7.246      ;
; -5.984 ; PC:inst|end_atual[3]         ; REG_FILE:inst2|registers~606 ; Clock        ; Clock       ; 1.000        ; 0.256      ; 7.239      ;
; -5.983 ; PC:inst|end_atual[3]         ; REG_FILE:inst2|registers~677 ; Clock        ; Clock       ; 1.000        ; 0.301      ; 7.283      ;
; -5.979 ; PC:inst|end_atual[4]         ; REG_FILE:inst2|registers~643 ; Clock        ; Clock       ; 1.000        ; 0.295      ; 7.273      ;
; -5.978 ; PC:inst|end_atual[4]         ; REG_FILE:inst2|registers~604 ; Clock        ; Clock       ; 1.000        ; 0.276      ; 7.253      ;
; -5.976 ; PC:inst|end_atual[4]         ; REG_FILE:inst2|registers~608 ; Clock        ; Clock       ; 1.000        ; 0.276      ; 7.251      ;
; -5.962 ; PC:inst|end_atual[4]         ; REG_FILE:inst2|registers~576 ; Clock        ; Clock       ; 1.000        ; 0.263      ; 7.224      ;
; -5.960 ; PC:inst|end_atual[4]         ; REG_FILE:inst2|registers~642 ; Clock        ; Clock       ; 1.000        ; 0.313      ; 7.272      ;
; -5.954 ; PC:inst|end_atual[4]         ; REG_FILE:inst2|registers~634 ; Clock        ; Clock       ; 1.000        ; 0.259      ; 7.212      ;
; -5.951 ; PC:inst|end_atual[4]         ; REG_FILE:inst2|registers~578 ; Clock        ; Clock       ; 1.000        ; 0.263      ; 7.213      ;
; -5.948 ; PC:inst|end_atual[2]         ; REG_FILE:inst2|registers~607 ; Clock        ; Clock       ; 1.000        ; 0.256      ; 7.203      ;
; -5.947 ; PC:inst|end_atual[4]         ; REG_FILE:inst2|registers~595 ; Clock        ; Clock       ; 1.000        ; 0.256      ; 7.202      ;
; -5.942 ; PC:inst|end_atual[3]         ; REG_FILE:inst2|registers~600 ; Clock        ; Clock       ; 1.000        ; 0.267      ; 7.208      ;
; -5.942 ; PC:inst|end_atual[3]         ; REG_FILE:inst2|registers~638 ; Clock        ; Clock       ; 1.000        ; 0.295      ; 7.236      ;
; -5.941 ; PC:inst|end_atual[4]         ; REG_FILE:inst2|registers~636 ; Clock        ; Clock       ; 1.000        ; 0.313      ; 7.253      ;
; -5.937 ; PC:inst|end_atual[4]         ; REG_FILE:inst2|registers~640 ; Clock        ; Clock       ; 1.000        ; 0.313      ; 7.249      ;
; -5.936 ; PC:inst|end_atual[2]         ; REG_FILE:inst2|registers~673 ; Clock        ; Clock       ; 1.000        ; 0.304      ; 7.239      ;
; -5.931 ; PC:inst|end_atual[4]         ; REG_FILE:inst2|registers~594 ; Clock        ; Clock       ; 1.000        ; 0.263      ; 7.193      ;
; -5.930 ; PC:inst|end_atual[3]         ; REG_FILE:inst2|registers~568 ; Clock        ; Clock       ; 1.000        ; 0.298      ; 7.227      ;
; -5.928 ; PC:inst|end_atual[4]         ; REG_FILE:inst2|registers~633 ; Clock        ; Clock       ; 1.000        ; 0.259      ; 7.186      ;
; -5.928 ; PC:inst|end_atual[3]         ; REG_FILE:inst2|registers~645 ; Clock        ; Clock       ; 1.000        ; 0.307      ; 7.234      ;
; -5.917 ; PC:inst|end_atual[4]         ; REG_FILE:inst2|registers~570 ; Clock        ; Clock       ; 1.000        ; 0.298      ; 7.214      ;
; -5.911 ; PC:inst|end_atual[2]         ; REG_FILE:inst2|registers~603 ; Clock        ; Clock       ; 1.000        ; 0.306      ; 7.216      ;
; -5.910 ; PC:inst|end_atual[4]         ; REG_FILE:inst2|registers~579 ; Clock        ; Clock       ; 1.000        ; 0.299      ; 7.208      ;
; -5.909 ; PC:inst|end_atual[2]         ; REG_FILE:inst2|registers~639 ; Clock        ; Clock       ; 1.000        ; 0.295      ; 7.203      ;
; -5.907 ; PC:inst|end_atual[4]         ; REG_FILE:inst2|registers~627 ; Clock        ; Clock       ; 1.000        ; 0.295      ; 7.201      ;
; -5.907 ; PC:inst|end_atual[4]         ; REG_FILE:inst2|registers~613 ; Clock        ; Clock       ; 1.000        ; 0.260      ; 7.166      ;
; -5.903 ; PC:inst|end_atual[3]         ; REG_FILE:inst2|registers~632 ; Clock        ; Clock       ; 1.000        ; 0.306      ; 7.208      ;
; -5.902 ; PC:inst|end_atual[2]         ; REG_FILE:inst2|registers~641 ; Clock        ; Clock       ; 1.000        ; 0.337      ; 7.238      ;
; -5.897 ; REG_FILE:inst2|registers~619 ; REG_FILE:inst2|registers~644 ; Clock        ; Clock       ; 1.000        ; -0.055     ; 6.841      ;
; -5.893 ; PC:inst|end_atual[4]         ; REG_FILE:inst2|registers~658 ; Clock        ; Clock       ; 1.000        ; 0.302      ; 7.194      ;
; -5.890 ; PC:inst|end_atual[4]         ; REG_FILE:inst2|registers~569 ; Clock        ; Clock       ; 1.000        ; 0.298      ; 7.187      ;
; -5.885 ; PC:inst|end_atual[4]         ; REG_FILE:inst2|registers~662 ; Clock        ; Clock       ; 1.000        ; 0.306      ; 7.190      ;
; -5.885 ; PC:inst|end_atual[2]         ; REG_FILE:inst2|registers~669 ; Clock        ; Clock       ; 1.000        ; 0.301      ; 7.185      ;
; -5.878 ; PC:inst|end_atual[4]         ; REG_FILE:inst2|registers~629 ; Clock        ; Clock       ; 1.000        ; 0.306      ; 7.183      ;
; -5.876 ; PC:inst|end_atual[2]         ; REG_FILE:inst2|registers~606 ; Clock        ; Clock       ; 1.000        ; 0.256      ; 7.131      ;
; -5.871 ; PC:inst|end_atual[4]         ; REG_FILE:inst2|registers~565 ; Clock        ; Clock       ; 1.000        ; 0.298      ; 7.168      ;
; -5.867 ; REG_FILE:inst2|registers~619 ; REG_FILE:inst2|registers~612 ; Clock        ; Clock       ; 1.000        ; -0.132     ; 6.734      ;
; -5.863 ; PC:inst|end_atual[2]         ; REG_FILE:inst2|registers~577 ; Clock        ; Clock       ; 1.000        ; 0.299      ; 7.161      ;
; -5.858 ; PC:inst|end_atual[2]         ; REG_FILE:inst2|registers~677 ; Clock        ; Clock       ; 1.000        ; 0.301      ; 7.158      ;
; -5.842 ; PC:inst|end_atual[3]         ; REG_FILE:inst2|registers~575 ; Clock        ; Clock       ; 1.000        ; 0.263      ; 7.104      ;
; -5.836 ; PC:inst|end_atual[3]         ; REG_FILE:inst2|registers~610 ; Clock        ; Clock       ; 1.000        ; 0.276      ; 7.111      ;
; -5.835 ; PC:inst|end_atual[3]         ; REG_FILE:inst2|registers~643 ; Clock        ; Clock       ; 1.000        ; 0.295      ; 7.129      ;
; -5.834 ; PC:inst|end_atual[2]         ; REG_FILE:inst2|registers~600 ; Clock        ; Clock       ; 1.000        ; 0.267      ; 7.100      ;
; -5.834 ; PC:inst|end_atual[2]         ; REG_FILE:inst2|registers~638 ; Clock        ; Clock       ; 1.000        ; 0.295      ; 7.128      ;
; -5.828 ; PC:inst|end_atual[4]         ; REG_FILE:inst2|registers~605 ; Clock        ; Clock       ; 1.000        ; 0.256      ; 7.083      ;
; -5.827 ; REG_FILE:inst2|registers~619 ; REG_FILE:inst2|registers~676 ; Clock        ; Clock       ; 1.000        ; -0.091     ; 6.735      ;
; -5.823 ; PC:inst|end_atual[3]         ; REG_FILE:inst2|registers~572 ; Clock        ; Clock       ; 1.000        ; 0.263      ; 7.085      ;
; -5.822 ; PC:inst|end_atual[2]         ; REG_FILE:inst2|registers~568 ; Clock        ; Clock       ; 1.000        ; 0.298      ; 7.119      ;
; -5.817 ; PC:inst|end_atual[3]         ; REG_FILE:inst2|registers~604 ; Clock        ; Clock       ; 1.000        ; 0.276      ; 7.092      ;
; -5.816 ; PC:inst|end_atual[4]         ; REG_FILE:inst2|registers~562 ; Clock        ; Clock       ; 1.000        ; 0.270      ; 7.085      ;
; -5.815 ; PC:inst|end_atual[3]         ; REG_FILE:inst2|registers~608 ; Clock        ; Clock       ; 1.000        ; 0.276      ; 7.090      ;
; -5.808 ; PC:inst|end_atual[4]         ; REG_FILE:inst2|registers~598 ; Clock        ; Clock       ; 1.000        ; 0.267      ; 7.074      ;
; -5.803 ; PC:inst|end_atual[2]         ; REG_FILE:inst2|registers~645 ; Clock        ; Clock       ; 1.000        ; 0.307      ; 7.109      ;
; -5.803 ; PC:inst|end_atual[3]         ; REG_FILE:inst2|registers~595 ; Clock        ; Clock       ; 1.000        ; 0.256      ; 7.058      ;
; -5.801 ; PC:inst|end_atual[3]         ; REG_FILE:inst2|registers~576 ; Clock        ; Clock       ; 1.000        ; 0.263      ; 7.063      ;
; -5.799 ; PC:inst|end_atual[3]         ; REG_FILE:inst2|registers~642 ; Clock        ; Clock       ; 1.000        ; 0.313      ; 7.111      ;
; -5.795 ; PC:inst|end_atual[2]         ; REG_FILE:inst2|registers~632 ; Clock        ; Clock       ; 1.000        ; 0.306      ; 7.100      ;
; -5.793 ; PC:inst|end_atual[3]         ; REG_FILE:inst2|registers~634 ; Clock        ; Clock       ; 1.000        ; 0.259      ; 7.051      ;
; -5.790 ; PC:inst|end_atual[3]         ; REG_FILE:inst2|registers~578 ; Clock        ; Clock       ; 1.000        ; 0.263      ; 7.052      ;
; -5.789 ; PC:inst|end_atual[4]         ; REG_FILE:inst2|registers~590 ; Clock        ; Clock       ; 1.000        ; 0.256      ; 7.044      ;
; -5.788 ; PC:inst|end_atual[4]         ; REG_FILE:inst2|registers~659 ; Clock        ; Clock       ; 1.000        ; 0.285      ; 7.072      ;
; -5.784 ; PC:inst|end_atual[3]         ; REG_FILE:inst2|registers~633 ; Clock        ; Clock       ; 1.000        ; 0.259      ; 7.042      ;
; -5.780 ; PC:inst|end_atual[3]         ; REG_FILE:inst2|registers~636 ; Clock        ; Clock       ; 1.000        ; 0.313      ; 7.092      ;
; -5.776 ; PC:inst|end_atual[4]         ; REG_FILE:inst2|registers~667 ; Clock        ; Clock       ; 1.000        ; 0.304      ; 7.079      ;
+--------+------------------------------+------------------------------+--------------+-------------+--------------+------------+------------+


+-------------------------------------------------------------------------------------------------------------------------------------------+
; Slow 1200mV 0C Model Hold: 'Clock'                                                                                                        ;
+-------+------------------------------+------------------------------+--------------+-------------+--------------+------------+------------+
; Slack ; From Node                    ; To Node                      ; Launch Clock ; Latch Clock ; Relationship ; Clock Skew ; Data Delay ;
+-------+------------------------------+------------------------------+--------------+-------------+--------------+------------+------------+
; 0.356 ; PC:inst|end_atual[4]         ; PC:inst|end_atual[4]         ; Clock        ; Clock       ; 0.000        ; 0.070      ; 0.597      ;
; 0.367 ; PC:inst|end_atual[3]         ; PC:inst|end_atual[3]         ; Clock        ; Clock       ; 0.000        ; 0.070      ; 0.608      ;
; 0.367 ; PC:inst|end_atual[2]         ; PC:inst|end_atual[2]         ; Clock        ; Clock       ; 0.000        ; 0.070      ; 0.608      ;
; 0.428 ; PC:inst|end_atual[2]         ; PC:inst|end_atual[18]        ; Clock        ; Clock       ; 0.000        ; 0.070      ; 0.669      ;
; 0.444 ; PC:inst|end_atual[2]         ; PC:inst|end_atual[19]        ; Clock        ; Clock       ; 0.000        ; 0.070      ; 0.685      ;
; 0.542 ; PC:inst|end_atual[3]         ; PC:inst|end_atual[18]        ; Clock        ; Clock       ; 0.000        ; 0.070      ; 0.783      ;
; 0.563 ; PC:inst|end_atual[4]         ; PC:inst|end_atual[19]        ; Clock        ; Clock       ; 0.000        ; 0.070      ; 0.804      ;
; 0.630 ; REG_FILE:inst2|registers~572 ; REG_FILE:inst2|registers~668 ; Clock        ; Clock       ; 0.000        ; 0.123      ; 0.924      ;
; 0.657 ; PC:inst|end_atual[3]         ; PC:inst|end_atual[19]        ; Clock        ; Clock       ; 0.000        ; 0.070      ; 0.898      ;
; 0.670 ; PC:inst|end_atual[4]         ; PC:inst|end_atual[18]        ; Clock        ; Clock       ; 0.000        ; 0.070      ; 0.911      ;
; 0.832 ; PC:inst|end_atual[3]         ; PC:inst|end_atual[4]         ; Clock        ; Clock       ; 0.000        ; 0.070      ; 1.073      ;
; 0.840 ; REG_FILE:inst2|registers~574 ; REG_FILE:inst2|registers~670 ; Clock        ; Clock       ; 0.000        ; 0.123      ; 1.134      ;
; 0.867 ; REG_FILE:inst2|registers~550 ; REG_FILE:inst2|registers~550 ; Clock        ; Clock       ; 0.000        ; 0.070      ; 1.108      ;
; 0.882 ; REG_FILE:inst2|registers~575 ; REG_FILE:inst2|registers~671 ; Clock        ; Clock       ; 0.000        ; 0.123      ; 1.176      ;
; 0.884 ; REG_FILE:inst2|registers~576 ; REG_FILE:inst2|registers~672 ; Clock        ; Clock       ; 0.000        ; 0.123      ; 1.178      ;
; 0.926 ; REG_FILE:inst2|registers~577 ; REG_FILE:inst2|registers~609 ; Clock        ; Clock       ; 0.000        ; 0.045      ; 1.142      ;
; 0.926 ; REG_FILE:inst2|registers~579 ; REG_FILE:inst2|registers~611 ; Clock        ; Clock       ; 0.000        ; 0.045      ; 1.142      ;
; 1.028 ; PC:inst|end_atual[2]         ; REG_FILE:inst2|registers~656 ; Clock        ; Clock       ; 0.000        ; 0.457      ; 1.656      ;
; 1.028 ; REG_FILE:inst2|registers~660 ; REG_FILE:inst2|registers~596 ; Clock        ; Clock       ; 0.000        ; 0.044      ; 1.243      ;
; 1.076 ; REG_FILE:inst2|registers~572 ; REG_FILE:inst2|registers~636 ; Clock        ; Clock       ; 0.000        ; 0.135      ; 1.382      ;
; 1.079 ; REG_FILE:inst2|registers~563 ; REG_FILE:inst2|registers~563 ; Clock        ; Clock       ; 0.000        ; 0.084      ; 1.334      ;
; 1.102 ; REG_FILE:inst2|registers~677 ; REG_FILE:inst2|registers~581 ; Clock        ; Clock       ; 0.000        ; 0.083      ; 1.356      ;
; 1.112 ; REG_FILE:inst2|registers~562 ; REG_FILE:inst2|registers~626 ; Clock        ; Clock       ; 0.000        ; 0.122      ; 1.405      ;
; 1.114 ; REG_FILE:inst2|registers~572 ; REG_FILE:inst2|registers~604 ; Clock        ; Clock       ; 0.000        ; 0.097      ; 1.382      ;
; 1.117 ; REG_FILE:inst2|registers~552 ; REG_FILE:inst2|registers~552 ; Clock        ; Clock       ; 0.000        ; 0.070      ; 1.358      ;
; 1.119 ; PC:inst|end_atual[2]         ; REG_FILE:inst2|registers~552 ; Clock        ; Clock       ; 0.000        ; 0.072      ; 1.362      ;
; 1.140 ; PC:inst|end_atual[4]         ; REG_FILE:inst2|registers~552 ; Clock        ; Clock       ; 0.000        ; 0.072      ; 1.383      ;
; 1.144 ; PC:inst|end_atual[2]         ; REG_FILE:inst2|registers~599 ; Clock        ; Clock       ; 0.000        ; 0.416      ; 1.731      ;
; 1.147 ; REG_FILE:inst2|registers~663 ; REG_FILE:inst2|registers~599 ; Clock        ; Clock       ; 0.000        ; 0.044      ; 1.362      ;
; 1.152 ; REG_FILE:inst2|registers~671 ; REG_FILE:inst2|registers~671 ; Clock        ; Clock       ; 0.000        ; 0.085      ; 1.408      ;
; 1.162 ; PC:inst|end_atual[4]         ; REG_FILE:inst2|registers~656 ; Clock        ; Clock       ; 0.000        ; 0.457      ; 1.790      ;
; 1.173 ; REG_FILE:inst2|registers~550 ; REG_FILE:inst2|registers~646 ; Clock        ; Clock       ; 0.000        ; 0.405      ; 1.749      ;
; 1.177 ; REG_FILE:inst2|registers~573 ; REG_FILE:inst2|registers~637 ; Clock        ; Clock       ; 0.000        ; 0.122      ; 1.470      ;
; 1.213 ; REG_FILE:inst2|registers~572 ; REG_FILE:inst2|registers~572 ; Clock        ; Clock       ; 0.000        ; 0.083      ; 1.467      ;
; 1.216 ; REG_FILE:inst2|registers~560 ; REG_FILE:inst2|registers~656 ; Clock        ; Clock       ; 0.000        ; 0.089      ; 1.476      ;
; 1.244 ; PC:inst|end_atual[2]         ; REG_FILE:inst2|registers~615 ; Clock        ; Clock       ; 0.000        ; 0.471      ; 1.886      ;
; 1.270 ; PC:inst|end_atual[2]         ; REG_FILE:inst2|registers~648 ; Clock        ; Clock       ; 0.000        ; 0.407      ; 1.848      ;
; 1.278 ; PC:inst|end_atual[2]         ; REG_FILE:inst2|registers~551 ; Clock        ; Clock       ; 0.000        ; 0.439      ; 1.888      ;
; 1.278 ; PC:inst|end_atual[4]         ; PC:inst|end_atual[2]         ; Clock        ; Clock       ; 0.000        ; 0.070      ; 1.519      ;
; 1.278 ; PC:inst|end_atual[4]         ; REG_FILE:inst2|registers~599 ; Clock        ; Clock       ; 0.000        ; 0.416      ; 1.865      ;
; 1.290 ; PC:inst|end_atual[2]         ; REG_FILE:inst2|registers~664 ; Clock        ; Clock       ; 0.000        ; 0.067      ; 1.528      ;
; 1.291 ; PC:inst|end_atual[4]         ; REG_FILE:inst2|registers~648 ; Clock        ; Clock       ; 0.000        ; 0.407      ; 1.869      ;
; 1.293 ; REG_FILE:inst2|registers~672 ; REG_FILE:inst2|registers~672 ; Clock        ; Clock       ; 0.000        ; 0.085      ; 1.549      ;
; 1.294 ; REG_FILE:inst2|registers~578 ; REG_FILE:inst2|registers~674 ; Clock        ; Clock       ; 0.000        ; 0.123      ; 1.588      ;
; 1.301 ; REG_FILE:inst2|registers~667 ; REG_FILE:inst2|registers~571 ; Clock        ; Clock       ; 0.000        ; 0.122      ; 1.594      ;
; 1.313 ; PC:inst|end_atual[2]         ; REG_FILE:inst2|registers~553 ; Clock        ; Clock       ; 0.000        ; 0.072      ; 1.556      ;
; 1.315 ; PC:inst|end_atual[2]         ; REG_FILE:inst2|registers~580 ; Clock        ; Clock       ; 0.000        ; 0.454      ; 1.940      ;
; 1.317 ; REG_FILE:inst2|registers~552 ; REG_FILE:inst2|registers~648 ; Clock        ; Clock       ; 0.000        ; 0.405      ; 1.893      ;
; 1.331 ; PC:inst|end_atual[2]         ; REG_FILE:inst2|registers~671 ; Clock        ; Clock       ; 0.000        ; 0.456      ; 1.958      ;
; 1.332 ; PC:inst|end_atual[2]         ; REG_FILE:inst2|registers~672 ; Clock        ; Clock       ; 0.000        ; 0.456      ; 1.959      ;
; 1.332 ; REG_FILE:inst2|registers~675 ; REG_FILE:inst2|registers~611 ; Clock        ; Clock       ; 0.000        ; 0.043      ; 1.546      ;
; 1.332 ; REG_FILE:inst2|registers~594 ; REG_FILE:inst2|registers~626 ; Clock        ; Clock       ; 0.000        ; 0.129      ; 1.632      ;
; 1.333 ; REG_FILE:inst2|registers~667 ; REG_FILE:inst2|registers~635 ; Clock        ; Clock       ; 0.000        ; 0.120      ; 1.624      ;
; 1.336 ; REG_FILE:inst2|registers~576 ; REG_FILE:inst2|registers~640 ; Clock        ; Clock       ; 0.000        ; 0.135      ; 1.642      ;
; 1.341 ; PC:inst|end_atual[2]         ; REG_FILE:inst2|registers~550 ; Clock        ; Clock       ; 0.000        ; 0.072      ; 1.584      ;
; 1.345 ; PC:inst|end_atual[4]         ; REG_FILE:inst2|registers~557 ; Clock        ; Clock       ; 0.000        ; 0.072      ; 1.588      ;
; 1.371 ; REG_FILE:inst2|registers~550 ; REG_FILE:inst2|registers~582 ; Clock        ; Clock       ; 0.000        ; 0.451      ; 1.993      ;
; 1.372 ; REG_FILE:inst2|registers~574 ; REG_FILE:inst2|registers~574 ; Clock        ; Clock       ; 0.000        ; 0.083      ; 1.626      ;
; 1.373 ; REG_FILE:inst2|registers~570 ; REG_FILE:inst2|registers~666 ; Clock        ; Clock       ; 0.000        ; -0.301     ; 1.243      ;
; 1.376 ; REG_FILE:inst2|registers~576 ; REG_FILE:inst2|registers~608 ; Clock        ; Clock       ; 0.000        ; 0.097      ; 1.644      ;
; 1.378 ; PC:inst|end_atual[4]         ; REG_FILE:inst2|registers~615 ; Clock        ; Clock       ; 0.000        ; 0.471      ; 2.020      ;
; 1.392 ; REG_FILE:inst2|registers~558 ; REG_FILE:inst2|registers~558 ; Clock        ; Clock       ; 0.000        ; 0.084      ; 1.647      ;
; 1.408 ; PC:inst|end_atual[2]         ; REG_FILE:inst2|registers~596 ; Clock        ; Clock       ; 0.000        ; 0.416      ; 1.995      ;
; 1.412 ; PC:inst|end_atual[4]         ; REG_FILE:inst2|registers~551 ; Clock        ; Clock       ; 0.000        ; 0.439      ; 2.022      ;
; 1.416 ; REG_FILE:inst2|registers~667 ; REG_FILE:inst2|registers~667 ; Clock        ; Clock       ; 0.000        ; 0.085      ; 1.672      ;
; 1.418 ; REG_FILE:inst2|registers~576 ; REG_FILE:inst2|registers~576 ; Clock        ; Clock       ; 0.000        ; 0.083      ; 1.672      ;
; 1.420 ; REG_FILE:inst2|registers~647 ; REG_FILE:inst2|registers~615 ; Clock        ; Clock       ; 0.000        ; 0.088      ; 1.679      ;
; 1.423 ; PC:inst|end_atual[2]         ; REG_FILE:inst2|registers~670 ; Clock        ; Clock       ; 0.000        ; 0.456      ; 2.050      ;
; 1.424 ; PC:inst|end_atual[4]         ; REG_FILE:inst2|registers~664 ; Clock        ; Clock       ; 0.000        ; 0.067      ; 1.662      ;
; 1.440 ; REG_FILE:inst2|registers~584 ; REG_FILE:inst2|registers~552 ; Clock        ; Clock       ; 0.000        ; -0.254     ; 1.357      ;
; 1.442 ; REG_FILE:inst2|registers~601 ; REG_FILE:inst2|registers~665 ; Clock        ; Clock       ; 0.000        ; -0.254     ; 1.359      ;
; 1.447 ; PC:inst|end_atual[4]         ; REG_FILE:inst2|registers~553 ; Clock        ; Clock       ; 0.000        ; 0.072      ; 1.690      ;
; 1.448 ; PC:inst|end_atual[3]         ; REG_FILE:inst2|registers~656 ; Clock        ; Clock       ; 0.000        ; 0.457      ; 2.076      ;
; 1.449 ; PC:inst|end_atual[4]         ; REG_FILE:inst2|registers~580 ; Clock        ; Clock       ; 0.000        ; 0.454      ; 2.074      ;
; 1.454 ; REG_FILE:inst2|registers~647 ; REG_FILE:inst2|registers~551 ; Clock        ; Clock       ; 0.000        ; 0.056      ; 1.681      ;
; 1.455 ; REG_FILE:inst2|registers~551 ; REG_FILE:inst2|registers~615 ; Clock        ; Clock       ; 0.000        ; 0.116      ; 1.742      ;
; 1.461 ; REG_FILE:inst2|registers~673 ; REG_FILE:inst2|registers~609 ; Clock        ; Clock       ; 0.000        ; 0.040      ; 1.672      ;
; 1.463 ; PC:inst|end_atual[4]         ; REG_FILE:inst2|registers~593 ; Clock        ; Clock       ; 0.000        ; 0.400      ; 2.034      ;
; 1.464 ; PC:inst|end_atual[2]         ; REG_FILE:inst2|registers~619 ; Clock        ; Clock       ; 0.000        ; 0.462      ; 2.097      ;
; 1.465 ; PC:inst|end_atual[4]         ; REG_FILE:inst2|registers~671 ; Clock        ; Clock       ; 0.000        ; 0.456      ; 2.092      ;
; 1.466 ; PC:inst|end_atual[4]         ; REG_FILE:inst2|registers~672 ; Clock        ; Clock       ; 0.000        ; 0.456      ; 2.093      ;
; 1.478 ; PC:inst|end_atual[4]         ; PC:inst|end_atual[27]        ; Clock        ; Clock       ; 0.000        ; 0.070      ; 1.719      ;
; 1.489 ; PC:inst|end_atual[3]         ; PC:inst|end_atual[27]        ; Clock        ; Clock       ; 0.000        ; 0.070      ; 1.730      ;
; 1.489 ; REG_FILE:inst2|registers~551 ; REG_FILE:inst2|registers~551 ; Clock        ; Clock       ; 0.000        ; 0.084      ; 1.744      ;
; 1.493 ; PC:inst|end_atual[2]         ; REG_FILE:inst2|registers~661 ; Clock        ; Clock       ; 0.000        ; 0.067      ; 1.731      ;
; 1.494 ; PC:inst|end_atual[2]         ; REG_FILE:inst2|registers~665 ; Clock        ; Clock       ; 0.000        ; 0.067      ; 1.732      ;
; 1.501 ; REG_FILE:inst2|registers~660 ; REG_FILE:inst2|registers~660 ; Clock        ; Clock       ; 0.000        ; 0.085      ; 1.757      ;
; 1.501 ; REG_FILE:inst2|registers~659 ; REG_FILE:inst2|registers~563 ; Clock        ; Clock       ; 0.000        ; 0.069      ; 1.741      ;
; 1.501 ; PC:inst|end_atual[2]         ; REG_FILE:inst2|registers~666 ; Clock        ; Clock       ; 0.000        ; 0.067      ; 1.739      ;
; 1.502 ; PC:inst|end_atual[2]         ; REG_FILE:inst2|registers~674 ; Clock        ; Clock       ; 0.000        ; 0.456      ; 2.129      ;
; 1.506 ; REG_FILE:inst2|registers~579 ; REG_FILE:inst2|registers~581 ; Clock        ; Clock       ; 0.000        ; 0.085      ; 1.762      ;
; 1.508 ; REG_FILE:inst2|registers~579 ; REG_FILE:inst2|registers~643 ; Clock        ; Clock       ; 0.000        ; 0.081      ; 1.760      ;
; 1.511 ; PC:inst|end_atual[2]         ; PC:inst|end_atual[27]        ; Clock        ; Clock       ; 0.000        ; 0.070      ; 1.752      ;
; 1.513 ; PC:inst|end_atual[2]         ; REG_FILE:inst2|registers~652 ; Clock        ; Clock       ; 0.000        ; 0.067      ; 1.751      ;
; 1.513 ; REG_FILE:inst2|registers~658 ; REG_FILE:inst2|registers~626 ; Clock        ; Clock       ; 0.000        ; 0.090      ; 1.774      ;
; 1.513 ; REG_FILE:inst2|registers~674 ; REG_FILE:inst2|registers~674 ; Clock        ; Clock       ; 0.000        ; 0.085      ; 1.769      ;
; 1.515 ; PC:inst|end_atual[4]         ; REG_FILE:inst2|registers~589 ; Clock        ; Clock       ; 0.000        ; 0.409      ; 2.095      ;
; 1.515 ; REG_FILE:inst2|registers~579 ; REG_FILE:inst2|registers~579 ; Clock        ; Clock       ; 0.000        ; 0.085      ; 1.771      ;
; 1.519 ; PC:inst|end_atual[2]         ; REG_FILE:inst2|registers~581 ; Clock        ; Clock       ; 0.000        ; 0.454      ; 2.144      ;
; 1.528 ; REG_FILE:inst2|registers~558 ; REG_FILE:inst2|registers~654 ; Clock        ; Clock       ; 0.000        ; 0.099      ; 1.798      ;
+-------+------------------------------+------------------------------+--------------+-------------+--------------+------------+------------+


+---------------------------------------------------------------------------------------------------------+
; Slow 1200mV 0C Model Minimum Pulse Width: 'Clock'                                                       ;
+--------+--------------+----------------+------------+-------+------------+------------------------------+
; Slack  ; Actual Width ; Required Width ; Type       ; Clock ; Clock Edge ; Target                       ;
+--------+--------------+----------------+------------+-------+------------+------------------------------+
; -3.000 ; 1.000        ; 4.000          ; Port Rate  ; Clock ; Rise       ; Clock                        ;
; -1.285 ; 1.000        ; 2.285          ; Min Period ; Clock ; Fall       ; PC:inst|end_atual[13]        ;
; -1.285 ; 1.000        ; 2.285          ; Min Period ; Clock ; Fall       ; PC:inst|end_atual[14]        ;
; -1.285 ; 1.000        ; 2.285          ; Min Period ; Clock ; Fall       ; PC:inst|end_atual[17]        ;
; -1.285 ; 1.000        ; 2.285          ; Min Period ; Clock ; Fall       ; PC:inst|end_atual[18]        ;
; -1.285 ; 1.000        ; 2.285          ; Min Period ; Clock ; Fall       ; PC:inst|end_atual[19]        ;
; -1.285 ; 1.000        ; 2.285          ; Min Period ; Clock ; Fall       ; PC:inst|end_atual[22]        ;
; -1.285 ; 1.000        ; 2.285          ; Min Period ; Clock ; Fall       ; PC:inst|end_atual[23]        ;
; -1.285 ; 1.000        ; 2.285          ; Min Period ; Clock ; Fall       ; PC:inst|end_atual[24]        ;
; -1.285 ; 1.000        ; 2.285          ; Min Period ; Clock ; Fall       ; PC:inst|end_atual[27]        ;
; -1.285 ; 1.000        ; 2.285          ; Min Period ; Clock ; Fall       ; PC:inst|end_atual[2]         ;
; -1.285 ; 1.000        ; 2.285          ; Min Period ; Clock ; Fall       ; PC:inst|end_atual[3]         ;
; -1.285 ; 1.000        ; 2.285          ; Min Period ; Clock ; Fall       ; PC:inst|end_atual[4]         ;
; -1.285 ; 1.000        ; 2.285          ; Min Period ; Clock ; Fall       ; PC:inst|end_atual[7]         ;
; -1.285 ; 1.000        ; 2.285          ; Min Period ; Clock ; Fall       ; REG_FILE:inst2|registers~550 ;
; -1.285 ; 1.000        ; 2.285          ; Min Period ; Clock ; Fall       ; REG_FILE:inst2|registers~551 ;
; -1.285 ; 1.000        ; 2.285          ; Min Period ; Clock ; Fall       ; REG_FILE:inst2|registers~552 ;
; -1.285 ; 1.000        ; 2.285          ; Min Period ; Clock ; Fall       ; REG_FILE:inst2|registers~553 ;
; -1.285 ; 1.000        ; 2.285          ; Min Period ; Clock ; Fall       ; REG_FILE:inst2|registers~554 ;
; -1.285 ; 1.000        ; 2.285          ; Min Period ; Clock ; Fall       ; REG_FILE:inst2|registers~555 ;
; -1.285 ; 1.000        ; 2.285          ; Min Period ; Clock ; Fall       ; REG_FILE:inst2|registers~556 ;
; -1.285 ; 1.000        ; 2.285          ; Min Period ; Clock ; Fall       ; REG_FILE:inst2|registers~557 ;
; -1.285 ; 1.000        ; 2.285          ; Min Period ; Clock ; Fall       ; REG_FILE:inst2|registers~558 ;
; -1.285 ; 1.000        ; 2.285          ; Min Period ; Clock ; Fall       ; REG_FILE:inst2|registers~559 ;
; -1.285 ; 1.000        ; 2.285          ; Min Period ; Clock ; Fall       ; REG_FILE:inst2|registers~560 ;
; -1.285 ; 1.000        ; 2.285          ; Min Period ; Clock ; Fall       ; REG_FILE:inst2|registers~561 ;
; -1.285 ; 1.000        ; 2.285          ; Min Period ; Clock ; Fall       ; REG_FILE:inst2|registers~562 ;
; -1.285 ; 1.000        ; 2.285          ; Min Period ; Clock ; Fall       ; REG_FILE:inst2|registers~563 ;
; -1.285 ; 1.000        ; 2.285          ; Min Period ; Clock ; Fall       ; REG_FILE:inst2|registers~564 ;
; -1.285 ; 1.000        ; 2.285          ; Min Period ; Clock ; Fall       ; REG_FILE:inst2|registers~565 ;
; -1.285 ; 1.000        ; 2.285          ; Min Period ; Clock ; Fall       ; REG_FILE:inst2|registers~566 ;
; -1.285 ; 1.000        ; 2.285          ; Min Period ; Clock ; Fall       ; REG_FILE:inst2|registers~567 ;
; -1.285 ; 1.000        ; 2.285          ; Min Period ; Clock ; Fall       ; REG_FILE:inst2|registers~568 ;
; -1.285 ; 1.000        ; 2.285          ; Min Period ; Clock ; Fall       ; REG_FILE:inst2|registers~569 ;
; -1.285 ; 1.000        ; 2.285          ; Min Period ; Clock ; Fall       ; REG_FILE:inst2|registers~570 ;
; -1.285 ; 1.000        ; 2.285          ; Min Period ; Clock ; Fall       ; REG_FILE:inst2|registers~571 ;
; -1.285 ; 1.000        ; 2.285          ; Min Period ; Clock ; Fall       ; REG_FILE:inst2|registers~572 ;
; -1.285 ; 1.000        ; 2.285          ; Min Period ; Clock ; Fall       ; REG_FILE:inst2|registers~573 ;
; -1.285 ; 1.000        ; 2.285          ; Min Period ; Clock ; Fall       ; REG_FILE:inst2|registers~574 ;
; -1.285 ; 1.000        ; 2.285          ; Min Period ; Clock ; Fall       ; REG_FILE:inst2|registers~575 ;
; -1.285 ; 1.000        ; 2.285          ; Min Period ; Clock ; Fall       ; REG_FILE:inst2|registers~576 ;
; -1.285 ; 1.000        ; 2.285          ; Min Period ; Clock ; Fall       ; REG_FILE:inst2|registers~577 ;
; -1.285 ; 1.000        ; 2.285          ; Min Period ; Clock ; Fall       ; REG_FILE:inst2|registers~578 ;
; -1.285 ; 1.000        ; 2.285          ; Min Period ; Clock ; Fall       ; REG_FILE:inst2|registers~579 ;
; -1.285 ; 1.000        ; 2.285          ; Min Period ; Clock ; Fall       ; REG_FILE:inst2|registers~580 ;
; -1.285 ; 1.000        ; 2.285          ; Min Period ; Clock ; Fall       ; REG_FILE:inst2|registers~581 ;
; -1.285 ; 1.000        ; 2.285          ; Min Period ; Clock ; Fall       ; REG_FILE:inst2|registers~582 ;
; -1.285 ; 1.000        ; 2.285          ; Min Period ; Clock ; Fall       ; REG_FILE:inst2|registers~583 ;
; -1.285 ; 1.000        ; 2.285          ; Min Period ; Clock ; Fall       ; REG_FILE:inst2|registers~584 ;
; -1.285 ; 1.000        ; 2.285          ; Min Period ; Clock ; Fall       ; REG_FILE:inst2|registers~585 ;
; -1.285 ; 1.000        ; 2.285          ; Min Period ; Clock ; Fall       ; REG_FILE:inst2|registers~586 ;
; -1.285 ; 1.000        ; 2.285          ; Min Period ; Clock ; Fall       ; REG_FILE:inst2|registers~587 ;
; -1.285 ; 1.000        ; 2.285          ; Min Period ; Clock ; Fall       ; REG_FILE:inst2|registers~588 ;
; -1.285 ; 1.000        ; 2.285          ; Min Period ; Clock ; Fall       ; REG_FILE:inst2|registers~589 ;
; -1.285 ; 1.000        ; 2.285          ; Min Period ; Clock ; Fall       ; REG_FILE:inst2|registers~590 ;
; -1.285 ; 1.000        ; 2.285          ; Min Period ; Clock ; Fall       ; REG_FILE:inst2|registers~591 ;
; -1.285 ; 1.000        ; 2.285          ; Min Period ; Clock ; Fall       ; REG_FILE:inst2|registers~592 ;
; -1.285 ; 1.000        ; 2.285          ; Min Period ; Clock ; Fall       ; REG_FILE:inst2|registers~593 ;
; -1.285 ; 1.000        ; 2.285          ; Min Period ; Clock ; Fall       ; REG_FILE:inst2|registers~594 ;
; -1.285 ; 1.000        ; 2.285          ; Min Period ; Clock ; Fall       ; REG_FILE:inst2|registers~595 ;
; -1.285 ; 1.000        ; 2.285          ; Min Period ; Clock ; Fall       ; REG_FILE:inst2|registers~596 ;
; -1.285 ; 1.000        ; 2.285          ; Min Period ; Clock ; Fall       ; REG_FILE:inst2|registers~597 ;
; -1.285 ; 1.000        ; 2.285          ; Min Period ; Clock ; Fall       ; REG_FILE:inst2|registers~598 ;
; -1.285 ; 1.000        ; 2.285          ; Min Period ; Clock ; Fall       ; REG_FILE:inst2|registers~599 ;
; -1.285 ; 1.000        ; 2.285          ; Min Period ; Clock ; Fall       ; REG_FILE:inst2|registers~600 ;
; -1.285 ; 1.000        ; 2.285          ; Min Period ; Clock ; Fall       ; REG_FILE:inst2|registers~601 ;
; -1.285 ; 1.000        ; 2.285          ; Min Period ; Clock ; Fall       ; REG_FILE:inst2|registers~602 ;
; -1.285 ; 1.000        ; 2.285          ; Min Period ; Clock ; Fall       ; REG_FILE:inst2|registers~603 ;
; -1.285 ; 1.000        ; 2.285          ; Min Period ; Clock ; Fall       ; REG_FILE:inst2|registers~604 ;
; -1.285 ; 1.000        ; 2.285          ; Min Period ; Clock ; Fall       ; REG_FILE:inst2|registers~605 ;
; -1.285 ; 1.000        ; 2.285          ; Min Period ; Clock ; Fall       ; REG_FILE:inst2|registers~606 ;
; -1.285 ; 1.000        ; 2.285          ; Min Period ; Clock ; Fall       ; REG_FILE:inst2|registers~607 ;
; -1.285 ; 1.000        ; 2.285          ; Min Period ; Clock ; Fall       ; REG_FILE:inst2|registers~608 ;
; -1.285 ; 1.000        ; 2.285          ; Min Period ; Clock ; Fall       ; REG_FILE:inst2|registers~609 ;
; -1.285 ; 1.000        ; 2.285          ; Min Period ; Clock ; Fall       ; REG_FILE:inst2|registers~610 ;
; -1.285 ; 1.000        ; 2.285          ; Min Period ; Clock ; Fall       ; REG_FILE:inst2|registers~611 ;
; -1.285 ; 1.000        ; 2.285          ; Min Period ; Clock ; Fall       ; REG_FILE:inst2|registers~612 ;
; -1.285 ; 1.000        ; 2.285          ; Min Period ; Clock ; Fall       ; REG_FILE:inst2|registers~613 ;
; -1.285 ; 1.000        ; 2.285          ; Min Period ; Clock ; Fall       ; REG_FILE:inst2|registers~614 ;
; -1.285 ; 1.000        ; 2.285          ; Min Period ; Clock ; Fall       ; REG_FILE:inst2|registers~615 ;
; -1.285 ; 1.000        ; 2.285          ; Min Period ; Clock ; Fall       ; REG_FILE:inst2|registers~616 ;
; -1.285 ; 1.000        ; 2.285          ; Min Period ; Clock ; Fall       ; REG_FILE:inst2|registers~617 ;
; -1.285 ; 1.000        ; 2.285          ; Min Period ; Clock ; Fall       ; REG_FILE:inst2|registers~618 ;
; -1.285 ; 1.000        ; 2.285          ; Min Period ; Clock ; Fall       ; REG_FILE:inst2|registers~619 ;
; -1.285 ; 1.000        ; 2.285          ; Min Period ; Clock ; Fall       ; REG_FILE:inst2|registers~620 ;
; -1.285 ; 1.000        ; 2.285          ; Min Period ; Clock ; Fall       ; REG_FILE:inst2|registers~621 ;
; -1.285 ; 1.000        ; 2.285          ; Min Period ; Clock ; Fall       ; REG_FILE:inst2|registers~622 ;
; -1.285 ; 1.000        ; 2.285          ; Min Period ; Clock ; Fall       ; REG_FILE:inst2|registers~623 ;
; -1.285 ; 1.000        ; 2.285          ; Min Period ; Clock ; Fall       ; REG_FILE:inst2|registers~624 ;
; -1.285 ; 1.000        ; 2.285          ; Min Period ; Clock ; Fall       ; REG_FILE:inst2|registers~625 ;
; -1.285 ; 1.000        ; 2.285          ; Min Period ; Clock ; Fall       ; REG_FILE:inst2|registers~626 ;
; -1.285 ; 1.000        ; 2.285          ; Min Period ; Clock ; Fall       ; REG_FILE:inst2|registers~627 ;
; -1.285 ; 1.000        ; 2.285          ; Min Period ; Clock ; Fall       ; REG_FILE:inst2|registers~628 ;
; -1.285 ; 1.000        ; 2.285          ; Min Period ; Clock ; Fall       ; REG_FILE:inst2|registers~629 ;
; -1.285 ; 1.000        ; 2.285          ; Min Period ; Clock ; Fall       ; REG_FILE:inst2|registers~630 ;
; -1.285 ; 1.000        ; 2.285          ; Min Period ; Clock ; Fall       ; REG_FILE:inst2|registers~631 ;
; -1.285 ; 1.000        ; 2.285          ; Min Period ; Clock ; Fall       ; REG_FILE:inst2|registers~632 ;
; -1.285 ; 1.000        ; 2.285          ; Min Period ; Clock ; Fall       ; REG_FILE:inst2|registers~633 ;
; -1.285 ; 1.000        ; 2.285          ; Min Period ; Clock ; Fall       ; REG_FILE:inst2|registers~634 ;
; -1.285 ; 1.000        ; 2.285          ; Min Period ; Clock ; Fall       ; REG_FILE:inst2|registers~635 ;
+--------+--------------+----------------+------------+-------+------------+------------------------------+


+---------------------------------------------------------------------------------+
; Clock to Output Times                                                           ;
+-----------------+------------+---------+---------+------------+-----------------+
; Data Port       ; Clock Port ; Rise    ; Fall    ; Clock Edge ; Clock Reference ;
+-----------------+------------+---------+---------+------------+-----------------+
; ALU_result[*]   ; Clock      ; 14.852  ; 14.705  ; Fall       ; Clock           ;
;  ALU_result[0]  ; Clock      ; 11.870  ; 11.584  ; Fall       ; Clock           ;
;  ALU_result[1]  ; Clock      ; 12.861  ; 12.666  ; Fall       ; Clock           ;
;  ALU_result[2]  ; Clock      ; 14.852  ; 14.509  ; Fall       ; Clock           ;
;  ALU_result[3]  ; Clock      ; 14.522  ; 14.267  ; Fall       ; Clock           ;
;  ALU_result[4]  ; Clock      ; 12.419  ; 12.252  ; Fall       ; Clock           ;
;  ALU_result[5]  ; Clock      ; 12.843  ; 12.618  ; Fall       ; Clock           ;
;  ALU_result[6]  ; Clock      ; 13.784  ; 13.539  ; Fall       ; Clock           ;
;  ALU_result[7]  ; Clock      ; 13.578  ; 13.392  ; Fall       ; Clock           ;
;  ALU_result[8]  ; Clock      ; 14.134  ; 13.882  ; Fall       ; Clock           ;
;  ALU_result[9]  ; Clock      ; 12.714  ; 12.532  ; Fall       ; Clock           ;
;  ALU_result[10] ; Clock      ; 13.659  ; 13.516  ; Fall       ; Clock           ;
;  ALU_result[11] ; Clock      ; 13.540  ; 13.381  ; Fall       ; Clock           ;
;  ALU_result[12] ; Clock      ; 13.601  ; 13.416  ; Fall       ; Clock           ;
;  ALU_result[13] ; Clock      ; 13.551  ; 13.335  ; Fall       ; Clock           ;
;  ALU_result[14] ; Clock      ; 14.185  ; 13.994  ; Fall       ; Clock           ;
;  ALU_result[15] ; Clock      ; 13.811  ; 13.635  ; Fall       ; Clock           ;
;  ALU_result[16] ; Clock      ; 14.417  ; 14.159  ; Fall       ; Clock           ;
;  ALU_result[17] ; Clock      ; 14.422  ; 14.223  ; Fall       ; Clock           ;
;  ALU_result[18] ; Clock      ; 14.556  ; 14.281  ; Fall       ; Clock           ;
;  ALU_result[19] ; Clock      ; 13.749  ; 13.557  ; Fall       ; Clock           ;
;  ALU_result[20] ; Clock      ; 14.496  ; 14.242  ; Fall       ; Clock           ;
;  ALU_result[21] ; Clock      ; 14.353  ; 14.168  ; Fall       ; Clock           ;
;  ALU_result[22] ; Clock      ; 14.573  ; 14.389  ; Fall       ; Clock           ;
;  ALU_result[23] ; Clock      ; 14.066  ; 13.840  ; Fall       ; Clock           ;
;  ALU_result[24] ; Clock      ; 14.024  ; 13.870  ; Fall       ; Clock           ;
;  ALU_result[25] ; Clock      ; 14.468  ; 14.347  ; Fall       ; Clock           ;
;  ALU_result[26] ; Clock      ; 14.101  ; 13.805  ; Fall       ; Clock           ;
;  ALU_result[27] ; Clock      ; 14.522  ; 14.327  ; Fall       ; Clock           ;
;  ALU_result[28] ; Clock      ; 14.246  ; 13.952  ; Fall       ; Clock           ;
;  ALU_result[29] ; Clock      ; 13.987  ; 13.865  ; Fall       ; Clock           ;
;  ALU_result[30] ; Clock      ; 14.839  ; 14.705  ; Fall       ; Clock           ;
;  ALU_result[31] ; Clock      ; 14.130  ; 13.865  ; Fall       ; Clock           ;
; HEX0[*]         ; Clock      ; 130.391 ; 130.097 ; Fall       ; Clock           ;
;  HEX0[0]        ; Clock      ; 130.391 ; 130.097 ; Fall       ; Clock           ;
;  HEX0[1]        ; Clock      ; 129.753 ; 129.694 ; Fall       ; Clock           ;
;  HEX0[2]        ; Clock      ; 130.117 ; 130.039 ; Fall       ; Clock           ;
;  HEX0[3]        ; Clock      ; 129.610 ; 129.484 ; Fall       ; Clock           ;
;  HEX0[4]        ; Clock      ; 130.212 ; 129.976 ; Fall       ; Clock           ;
;  HEX0[5]        ; Clock      ; 129.381 ; 129.244 ; Fall       ; Clock           ;
;  HEX0[6]        ; Clock      ; 128.922 ; 128.957 ; Fall       ; Clock           ;
; HEX1[*]         ; Clock      ; 133.056 ; 132.919 ; Fall       ; Clock           ;
;  HEX1[0]        ; Clock      ; 131.773 ; 131.737 ; Fall       ; Clock           ;
;  HEX1[1]        ; Clock      ; 131.761 ; 131.731 ; Fall       ; Clock           ;
;  HEX1[2]        ; Clock      ; 131.315 ; 131.215 ; Fall       ; Clock           ;
;  HEX1[3]        ; Clock      ; 131.821 ; 131.782 ; Fall       ; Clock           ;
;  HEX1[4]        ; Clock      ; 133.056 ; 132.919 ; Fall       ; Clock           ;
;  HEX1[5]        ; Clock      ; 131.274 ; 131.220 ; Fall       ; Clock           ;
;  HEX1[6]        ; Clock      ; 131.672 ; 131.858 ; Fall       ; Clock           ;
; HEX2[*]         ; Clock      ; 129.865 ; 129.657 ; Fall       ; Clock           ;
;  HEX2[0]        ; Clock      ; 129.834 ; 129.637 ; Fall       ; Clock           ;
;  HEX2[1]        ; Clock      ; 128.160 ; 128.108 ; Fall       ; Clock           ;
;  HEX2[2]        ; Clock      ; 127.928 ; 127.875 ; Fall       ; Clock           ;
;  HEX2[3]        ; Clock      ; 129.315 ; 129.162 ; Fall       ; Clock           ;
;  HEX2[4]        ; Clock      ; 127.901 ; 127.883 ; Fall       ; Clock           ;
;  HEX2[5]        ; Clock      ; 129.865 ; 129.657 ; Fall       ; Clock           ;
;  HEX2[6]        ; Clock      ; 128.760 ; 128.875 ; Fall       ; Clock           ;
; HEX3[*]         ; Clock      ; 130.595 ; 130.251 ; Fall       ; Clock           ;
;  HEX3[0]        ; Clock      ; 128.831 ; 128.649 ; Fall       ; Clock           ;
;  HEX3[1]        ; Clock      ; 128.509 ; 128.539 ; Fall       ; Clock           ;
;  HEX3[2]        ; Clock      ; 130.075 ; 129.856 ; Fall       ; Clock           ;
;  HEX3[3]        ; Clock      ; 129.787 ; 129.731 ; Fall       ; Clock           ;
;  HEX3[4]        ; Clock      ; 129.904 ; 129.657 ; Fall       ; Clock           ;
;  HEX3[5]        ; Clock      ; 130.595 ; 130.251 ; Fall       ; Clock           ;
;  HEX3[6]        ; Clock      ; 127.799 ; 127.791 ; Fall       ; Clock           ;
; HEX4[*]         ; Clock      ; 126.667 ; 126.660 ; Fall       ; Clock           ;
;  HEX4[0]        ; Clock      ; 126.667 ; 126.660 ; Fall       ; Clock           ;
;  HEX4[1]        ; Clock      ; 126.053 ; 125.977 ; Fall       ; Clock           ;
;  HEX4[2]        ; Clock      ; 125.340 ; 125.246 ; Fall       ; Clock           ;
;  HEX4[3]        ; Clock      ; 126.155 ; 125.983 ; Fall       ; Clock           ;
;  HEX4[4]        ; Clock      ; 126.260 ; 126.125 ; Fall       ; Clock           ;
;  HEX4[5]        ; Clock      ; 126.666 ; 126.532 ; Fall       ; Clock           ;
;  HEX4[6]        ; Clock      ; 126.333 ; 126.505 ; Fall       ; Clock           ;
; HEX5[*]         ; Clock      ; 121.493 ; 121.411 ; Fall       ; Clock           ;
;  HEX5[0]        ; Clock      ; 120.750 ; 120.635 ; Fall       ; Clock           ;
;  HEX5[1]        ; Clock      ; 121.271 ; 121.106 ; Fall       ; Clock           ;
;  HEX5[2]        ; Clock      ; 121.170 ; 121.072 ; Fall       ; Clock           ;
;  HEX5[3]        ; Clock      ; 121.244 ; 121.073 ; Fall       ; Clock           ;
;  HEX5[4]        ; Clock      ; 121.493 ; 121.411 ; Fall       ; Clock           ;
;  HEX5[5]        ; Clock      ; 120.443 ; 120.399 ; Fall       ; Clock           ;
;  HEX5[6]        ; Clock      ; 121.150 ; 121.286 ; Fall       ; Clock           ;
; HEX6[*]         ; Clock      ; 116.061 ; 115.938 ; Fall       ; Clock           ;
;  HEX6[0]        ; Clock      ; 113.910 ; 113.766 ; Fall       ; Clock           ;
;  HEX6[1]        ; Clock      ; 113.760 ; 113.643 ; Fall       ; Clock           ;
;  HEX6[2]        ; Clock      ; 116.061 ; 115.938 ; Fall       ; Clock           ;
;  HEX6[3]        ; Clock      ; 113.900 ; 113.753 ; Fall       ; Clock           ;
;  HEX6[4]        ; Clock      ; 113.355 ; 113.261 ; Fall       ; Clock           ;
;  HEX6[5]        ; Clock      ; 114.983 ; 114.956 ; Fall       ; Clock           ;
;  HEX6[6]        ; Clock      ; 113.583 ; 113.687 ; Fall       ; Clock           ;
; HEX7[*]         ; Clock      ; 113.327 ; 113.143 ; Fall       ; Clock           ;
;  HEX7[0]        ; Clock      ; 113.179 ; 113.007 ; Fall       ; Clock           ;
;  HEX7[1]        ; Clock      ; 113.102 ; 112.928 ; Fall       ; Clock           ;
;  HEX7[2]        ; Clock      ; 112.988 ; 112.846 ; Fall       ; Clock           ;
;  HEX7[3]        ; Clock      ; 113.190 ; 113.022 ; Fall       ; Clock           ;
;  HEX7[4]        ; Clock      ; 113.327 ; 113.143 ; Fall       ; Clock           ;
;  HEX7[5]        ; Clock      ; 112.716 ; 112.609 ; Fall       ; Clock           ;
;  HEX7[6]        ; Clock      ; 112.851 ; 113.016 ; Fall       ; Clock           ;
; PC[*]           ; Clock      ; 8.779   ; 8.679   ; Fall       ; Clock           ;
;  PC[2]          ; Clock      ; 8.513   ; 8.461   ; Fall       ; Clock           ;
;  PC[3]          ; Clock      ; 7.859   ; 7.844   ; Fall       ; Clock           ;
;  PC[4]          ; Clock      ; 8.141   ; 8.076   ; Fall       ; Clock           ;
;  PC[7]          ; Clock      ; 7.791   ; 7.697   ; Fall       ; Clock           ;
;  PC[13]         ; Clock      ; 6.823   ; 6.755   ; Fall       ; Clock           ;
;  PC[14]         ; Clock      ; 6.496   ; 6.435   ; Fall       ; Clock           ;
;  PC[17]         ; Clock      ; 6.501   ; 6.438   ; Fall       ; Clock           ;
;  PC[18]         ; Clock      ; 7.751   ; 7.727   ; Fall       ; Clock           ;
;  PC[19]         ; Clock      ; 7.869   ; 7.632   ; Fall       ; Clock           ;
;  PC[22]         ; Clock      ; 7.736   ; 7.640   ; Fall       ; Clock           ;
;  PC[23]         ; Clock      ; 8.779   ; 8.679   ; Fall       ; Clock           ;
;  PC[24]         ; Clock      ; 6.846   ; 6.796   ; Fall       ; Clock           ;
;  PC[27]         ; Clock      ; 8.522   ; 8.473   ; Fall       ; Clock           ;
; RD1[*]          ; Clock      ; 10.759  ; 10.403  ; Fall       ; Clock           ;
;  RD1[0]         ; Clock      ; 9.699   ; 9.360   ; Fall       ; Clock           ;
;  RD1[1]         ; Clock      ; 9.223   ; 8.858   ; Fall       ; Clock           ;
;  RD1[2]         ; Clock      ; 9.850   ; 9.528   ; Fall       ; Clock           ;
;  RD1[3]         ; Clock      ; 9.144   ; 8.893   ; Fall       ; Clock           ;
;  RD1[4]         ; Clock      ; 8.864   ; 8.658   ; Fall       ; Clock           ;
;  RD1[5]         ; Clock      ; 9.417   ; 9.074   ; Fall       ; Clock           ;
;  RD1[6]         ; Clock      ; 9.550   ; 9.395   ; Fall       ; Clock           ;
;  RD1[7]         ; Clock      ; 9.288   ; 9.087   ; Fall       ; Clock           ;
;  RD1[8]         ; Clock      ; 9.744   ; 9.424   ; Fall       ; Clock           ;
;  RD1[9]         ; Clock      ; 9.957   ; 9.973   ; Fall       ; Clock           ;
;  RD1[10]        ; Clock      ; 9.949   ; 9.762   ; Fall       ; Clock           ;
;  RD1[11]        ; Clock      ; 9.815   ; 9.623   ; Fall       ; Clock           ;
;  RD1[12]        ; Clock      ; 10.258  ; 9.923   ; Fall       ; Clock           ;
;  RD1[13]        ; Clock      ; 10.759  ; 10.312  ; Fall       ; Clock           ;
;  RD1[14]        ; Clock      ; 9.200   ; 8.992   ; Fall       ; Clock           ;
;  RD1[15]        ; Clock      ; 10.271  ; 9.883   ; Fall       ; Clock           ;
;  RD1[16]        ; Clock      ; 10.385  ; 10.030  ; Fall       ; Clock           ;
;  RD1[17]        ; Clock      ; 9.773   ; 9.502   ; Fall       ; Clock           ;
;  RD1[18]        ; Clock      ; 10.201  ; 9.978   ; Fall       ; Clock           ;
;  RD1[19]        ; Clock      ; 9.708   ; 9.493   ; Fall       ; Clock           ;
;  RD1[20]        ; Clock      ; 8.853   ; 8.715   ; Fall       ; Clock           ;
;  RD1[21]        ; Clock      ; 10.391  ; 10.284  ; Fall       ; Clock           ;
;  RD1[22]        ; Clock      ; 10.465  ; 10.259  ; Fall       ; Clock           ;
;  RD1[23]        ; Clock      ; 10.380  ; 9.935   ; Fall       ; Clock           ;
;  RD1[24]        ; Clock      ; 9.613   ; 9.360   ; Fall       ; Clock           ;
;  RD1[25]        ; Clock      ; 9.673   ; 9.572   ; Fall       ; Clock           ;
;  RD1[26]        ; Clock      ; 8.885   ; 8.658   ; Fall       ; Clock           ;
;  RD1[27]        ; Clock      ; 9.382   ; 9.313   ; Fall       ; Clock           ;
;  RD1[28]        ; Clock      ; 10.009  ; 9.724   ; Fall       ; Clock           ;
;  RD1[29]        ; Clock      ; 10.099  ; 9.933   ; Fall       ; Clock           ;
;  RD1[30]        ; Clock      ; 10.191  ; 9.864   ; Fall       ; Clock           ;
;  RD1[31]        ; Clock      ; 10.702  ; 10.403  ; Fall       ; Clock           ;
; RD2[*]          ; Clock      ; 13.800  ; 13.598  ; Fall       ; Clock           ;
;  RD2[0]         ; Clock      ; 12.127  ; 11.786  ; Fall       ; Clock           ;
;  RD2[1]         ; Clock      ; 12.052  ; 11.839  ; Fall       ; Clock           ;
;  RD2[2]         ; Clock      ; 9.950   ; 9.689   ; Fall       ; Clock           ;
;  RD2[3]         ; Clock      ; 12.007  ; 11.746  ; Fall       ; Clock           ;
;  RD2[4]         ; Clock      ; 13.689  ; 13.437  ; Fall       ; Clock           ;
;  RD2[5]         ; Clock      ; 11.868  ; 11.493  ; Fall       ; Clock           ;
;  RD2[6]         ; Clock      ; 11.798  ; 11.531  ; Fall       ; Clock           ;
;  RD2[7]         ; Clock      ; 12.058  ; 11.791  ; Fall       ; Clock           ;
;  RD2[8]         ; Clock      ; 11.539  ; 11.162  ; Fall       ; Clock           ;
;  RD2[9]         ; Clock      ; 10.472  ; 10.274  ; Fall       ; Clock           ;
;  RD2[10]        ; Clock      ; 12.819  ; 12.416  ; Fall       ; Clock           ;
;  RD2[11]        ; Clock      ; 11.130  ; 11.008  ; Fall       ; Clock           ;
;  RD2[12]        ; Clock      ; 11.659  ; 11.450  ; Fall       ; Clock           ;
;  RD2[13]        ; Clock      ; 12.214  ; 11.987  ; Fall       ; Clock           ;
;  RD2[14]        ; Clock      ; 11.329  ; 11.162  ; Fall       ; Clock           ;
;  RD2[15]        ; Clock      ; 12.620  ; 12.395  ; Fall       ; Clock           ;
;  RD2[16]        ; Clock      ; 13.800  ; 13.598  ; Fall       ; Clock           ;
;  RD2[17]        ; Clock      ; 11.483  ; 11.147  ; Fall       ; Clock           ;
;  RD2[18]        ; Clock      ; 12.154  ; 11.847  ; Fall       ; Clock           ;
;  RD2[19]        ; Clock      ; 10.917  ; 10.805  ; Fall       ; Clock           ;
;  RD2[20]        ; Clock      ; 11.136  ; 10.844  ; Fall       ; Clock           ;
;  RD2[21]        ; Clock      ; 11.185  ; 11.024  ; Fall       ; Clock           ;
;  RD2[22]        ; Clock      ; 12.201  ; 12.081  ; Fall       ; Clock           ;
;  RD2[23]        ; Clock      ; 10.257  ; 10.100  ; Fall       ; Clock           ;
;  RD2[24]        ; Clock      ; 11.642  ; 11.334  ; Fall       ; Clock           ;
;  RD2[25]        ; Clock      ; 12.384  ; 12.175  ; Fall       ; Clock           ;
;  RD2[26]        ; Clock      ; 12.639  ; 12.263  ; Fall       ; Clock           ;
;  RD2[27]        ; Clock      ; 10.556  ; 10.450  ; Fall       ; Clock           ;
;  RD2[28]        ; Clock      ; 10.883  ; 10.699  ; Fall       ; Clock           ;
;  RD2[29]        ; Clock      ; 13.363  ; 13.234  ; Fall       ; Clock           ;
;  RD2[30]        ; Clock      ; 11.174  ; 10.972  ; Fall       ; Clock           ;
;  RD2[31]        ; Clock      ; 11.723  ; 11.466  ; Fall       ; Clock           ;
+-----------------+------------+---------+---------+------------+-----------------+


+-------------------------------------------------------------------------------+
; Minimum Clock to Output Times                                                 ;
+-----------------+------------+--------+--------+------------+-----------------+
; Data Port       ; Clock Port ; Rise   ; Fall   ; Clock Edge ; Clock Reference ;
+-----------------+------------+--------+--------+------------+-----------------+
; ALU_result[*]   ; Clock      ; 8.283  ; 8.089  ; Fall       ; Clock           ;
;  ALU_result[0]  ; Clock      ; 8.283  ; 8.089  ; Fall       ; Clock           ;
;  ALU_result[1]  ; Clock      ; 9.293  ; 9.133  ; Fall       ; Clock           ;
;  ALU_result[2]  ; Clock      ; 10.570 ; 10.320 ; Fall       ; Clock           ;
;  ALU_result[3]  ; Clock      ; 10.639 ; 10.389 ; Fall       ; Clock           ;
;  ALU_result[4]  ; Clock      ; 8.670  ; 8.595  ; Fall       ; Clock           ;
;  ALU_result[5]  ; Clock      ; 9.187  ; 9.078  ; Fall       ; Clock           ;
;  ALU_result[6]  ; Clock      ; 9.310  ; 9.144  ; Fall       ; Clock           ;
;  ALU_result[7]  ; Clock      ; 9.228  ; 9.140  ; Fall       ; Clock           ;
;  ALU_result[8]  ; Clock      ; 9.274  ; 9.119  ; Fall       ; Clock           ;
;  ALU_result[9]  ; Clock      ; 8.341  ; 8.269  ; Fall       ; Clock           ;
;  ALU_result[10] ; Clock      ; 9.344  ; 9.290  ; Fall       ; Clock           ;
;  ALU_result[11] ; Clock      ; 8.990  ; 8.831  ; Fall       ; Clock           ;
;  ALU_result[12] ; Clock      ; 8.883  ; 8.826  ; Fall       ; Clock           ;
;  ALU_result[13] ; Clock      ; 8.649  ; 8.612  ; Fall       ; Clock           ;
;  ALU_result[14] ; Clock      ; 9.477  ; 9.308  ; Fall       ; Clock           ;
;  ALU_result[15] ; Clock      ; 9.052  ; 8.920  ; Fall       ; Clock           ;
;  ALU_result[16] ; Clock      ; 9.702  ; 9.464  ; Fall       ; Clock           ;
;  ALU_result[17] ; Clock      ; 9.769  ; 9.568  ; Fall       ; Clock           ;
;  ALU_result[18] ; Clock      ; 9.320  ; 9.117  ; Fall       ; Clock           ;
;  ALU_result[19] ; Clock      ; 8.721  ; 8.605  ; Fall       ; Clock           ;
;  ALU_result[20] ; Clock      ; 9.393  ; 9.184  ; Fall       ; Clock           ;
;  ALU_result[21] ; Clock      ; 9.058  ; 8.930  ; Fall       ; Clock           ;
;  ALU_result[22] ; Clock      ; 8.855  ; 8.723  ; Fall       ; Clock           ;
;  ALU_result[23] ; Clock      ; 9.097  ; 8.920  ; Fall       ; Clock           ;
;  ALU_result[24] ; Clock      ; 8.718  ; 8.663  ; Fall       ; Clock           ;
;  ALU_result[25] ; Clock      ; 9.110  ; 9.057  ; Fall       ; Clock           ;
;  ALU_result[26] ; Clock      ; 8.628  ; 8.401  ; Fall       ; Clock           ;
;  ALU_result[27] ; Clock      ; 9.218  ; 9.016  ; Fall       ; Clock           ;
;  ALU_result[28] ; Clock      ; 9.161  ; 8.968  ; Fall       ; Clock           ;
;  ALU_result[29] ; Clock      ; 8.707  ; 8.603  ; Fall       ; Clock           ;
;  ALU_result[30] ; Clock      ; 9.722  ; 9.575  ; Fall       ; Clock           ;
;  ALU_result[31] ; Clock      ; 8.936  ; 8.710  ; Fall       ; Clock           ;
; HEX0[*]         ; Clock      ; 8.880  ; 8.955  ; Fall       ; Clock           ;
;  HEX0[0]        ; Clock      ; 10.326 ; 10.057 ; Fall       ; Clock           ;
;  HEX0[1]        ; Clock      ; 9.775  ; 9.624  ; Fall       ; Clock           ;
;  HEX0[2]        ; Clock      ; 10.121 ; 10.116 ; Fall       ; Clock           ;
;  HEX0[3]        ; Clock      ; 9.500  ; 9.421  ; Fall       ; Clock           ;
;  HEX0[4]        ; Clock      ; 10.095 ; 9.876  ; Fall       ; Clock           ;
;  HEX0[5]        ; Clock      ; 9.283  ; 9.231  ; Fall       ; Clock           ;
;  HEX0[6]        ; Clock      ; 8.880  ; 8.955  ; Fall       ; Clock           ;
; HEX1[*]         ; Clock      ; 13.186 ; 13.057 ; Fall       ; Clock           ;
;  HEX1[0]        ; Clock      ; 13.622 ; 13.497 ; Fall       ; Clock           ;
;  HEX1[1]        ; Clock      ; 13.621 ; 13.493 ; Fall       ; Clock           ;
;  HEX1[2]        ; Clock      ; 13.186 ; 13.162 ; Fall       ; Clock           ;
;  HEX1[3]        ; Clock      ; 13.670 ; 13.541 ; Fall       ; Clock           ;
;  HEX1[4]        ; Clock      ; 14.934 ; 14.690 ; Fall       ; Clock           ;
;  HEX1[5]        ; Clock      ; 13.249 ; 13.057 ; Fall       ; Clock           ;
;  HEX1[6]        ; Clock      ; 13.696 ; 13.654 ; Fall       ; Clock           ;
; HEX2[*]         ; Clock      ; 15.410 ; 15.360 ; Fall       ; Clock           ;
;  HEX2[0]        ; Clock      ; 17.261 ; 17.044 ; Fall       ; Clock           ;
;  HEX2[1]        ; Clock      ; 15.647 ; 15.575 ; Fall       ; Clock           ;
;  HEX2[2]        ; Clock      ; 15.422 ; 15.364 ; Fall       ; Clock           ;
;  HEX2[3]        ; Clock      ; 16.765 ; 16.589 ; Fall       ; Clock           ;
;  HEX2[4]        ; Clock      ; 15.410 ; 15.360 ; Fall       ; Clock           ;
;  HEX2[5]        ; Clock      ; 17.272 ; 17.065 ; Fall       ; Clock           ;
;  HEX2[6]        ; Clock      ; 16.198 ; 16.351 ; Fall       ; Clock           ;
; HEX3[*]         ; Clock      ; 17.825 ; 18.037 ; Fall       ; Clock           ;
;  HEX3[0]        ; Clock      ; 18.846 ; 18.710 ; Fall       ; Clock           ;
;  HEX3[1]        ; Clock      ; 18.664 ; 18.529 ; Fall       ; Clock           ;
;  HEX3[2]        ; Clock      ; 20.286 ; 19.916 ; Fall       ; Clock           ;
;  HEX3[3]        ; Clock      ; 19.750 ; 19.805 ; Fall       ; Clock           ;
;  HEX3[4]        ; Clock      ; 19.828 ; 19.786 ; Fall       ; Clock           ;
;  HEX3[5]        ; Clock      ; 20.478 ; 20.491 ; Fall       ; Clock           ;
;  HEX3[6]        ; Clock      ; 17.825 ; 18.037 ; Fall       ; Clock           ;
; HEX4[*]         ; Clock      ; 21.305 ; 21.184 ; Fall       ; Clock           ;
;  HEX4[0]        ; Clock      ; 22.660 ; 22.539 ; Fall       ; Clock           ;
;  HEX4[1]        ; Clock      ; 22.010 ; 21.909 ; Fall       ; Clock           ;
;  HEX4[2]        ; Clock      ; 21.305 ; 21.184 ; Fall       ; Clock           ;
;  HEX4[3]        ; Clock      ; 21.979 ; 21.812 ; Fall       ; Clock           ;
;  HEX4[4]        ; Clock      ; 22.204 ; 22.049 ; Fall       ; Clock           ;
;  HEX4[5]        ; Clock      ; 22.584 ; 22.958 ; Fall       ; Clock           ;
;  HEX4[6]        ; Clock      ; 22.275 ; 22.442 ; Fall       ; Clock           ;
; HEX5[*]         ; Clock      ; 24.106 ; 23.929 ; Fall       ; Clock           ;
;  HEX5[0]        ; Clock      ; 24.260 ; 24.175 ; Fall       ; Clock           ;
;  HEX5[1]        ; Clock      ; 24.773 ; 24.771 ; Fall       ; Clock           ;
;  HEX5[2]        ; Clock      ; 24.992 ; 24.576 ; Fall       ; Clock           ;
;  HEX5[3]        ; Clock      ; 24.734 ; 24.590 ; Fall       ; Clock           ;
;  HEX5[4]        ; Clock      ; 25.014 ; 24.947 ; Fall       ; Clock           ;
;  HEX5[5]        ; Clock      ; 24.106 ; 23.929 ; Fall       ; Clock           ;
;  HEX5[6]        ; Clock      ; 24.636 ; 24.789 ; Fall       ; Clock           ;
; HEX6[*]         ; Clock      ; 25.720 ; 25.960 ; Fall       ; Clock           ;
;  HEX6[0]        ; Clock      ; 26.262 ; 26.138 ; Fall       ; Clock           ;
;  HEX6[1]        ; Clock      ; 26.144 ; 25.996 ; Fall       ; Clock           ;
;  HEX6[2]        ; Clock      ; 28.682 ; 28.175 ; Fall       ; Clock           ;
;  HEX6[3]        ; Clock      ; 26.242 ; 26.116 ; Fall       ; Clock           ;
;  HEX6[4]        ; Clock      ; 25.720 ; 25.960 ; Fall       ; Clock           ;
;  HEX6[5]        ; Clock      ; 27.368 ; 27.988 ; Fall       ; Clock           ;
;  HEX6[6]        ; Clock      ; 25.907 ; 26.351 ; Fall       ; Clock           ;
; HEX7[*]         ; Clock      ; 28.200 ; 28.407 ; Fall       ; Clock           ;
;  HEX7[0]        ; Clock      ; 28.696 ; 28.492 ; Fall       ; Clock           ;
;  HEX7[1]        ; Clock      ; 28.612 ; 28.457 ; Fall       ; Clock           ;
;  HEX7[2]        ; Clock      ; 28.841 ; 28.407 ; Fall       ; Clock           ;
;  HEX7[3]        ; Clock      ; 28.653 ; 28.505 ; Fall       ; Clock           ;
;  HEX7[4]        ; Clock      ; 28.798 ; 28.936 ; Fall       ; Clock           ;
;  HEX7[5]        ; Clock      ; 28.200 ; 28.517 ; Fall       ; Clock           ;
;  HEX7[6]        ; Clock      ; 28.337 ; 28.875 ; Fall       ; Clock           ;
; PC[*]           ; Clock      ; 6.267  ; 6.207  ; Fall       ; Clock           ;
;  PC[2]          ; Clock      ; 8.203  ; 8.153  ; Fall       ; Clock           ;
;  PC[3]          ; Clock      ; 7.572  ; 7.556  ; Fall       ; Clock           ;
;  PC[4]          ; Clock      ; 7.843  ; 7.780  ; Fall       ; Clock           ;
;  PC[7]          ; Clock      ; 7.510  ; 7.418  ; Fall       ; Clock           ;
;  PC[13]         ; Clock      ; 6.581  ; 6.515  ; Fall       ; Clock           ;
;  PC[14]         ; Clock      ; 6.267  ; 6.207  ; Fall       ; Clock           ;
;  PC[17]         ; Clock      ; 6.273  ; 6.211  ; Fall       ; Clock           ;
;  PC[18]         ; Clock      ; 7.466  ; 7.443  ; Fall       ; Clock           ;
;  PC[19]         ; Clock      ; 7.584  ; 7.355  ; Fall       ; Clock           ;
;  PC[22]         ; Clock      ; 7.457  ; 7.363  ; Fall       ; Clock           ;
;  PC[23]         ; Clock      ; 8.458  ; 8.361  ; Fall       ; Clock           ;
;  PC[24]         ; Clock      ; 6.603  ; 6.554  ; Fall       ; Clock           ;
;  PC[27]         ; Clock      ; 8.212  ; 8.163  ; Fall       ; Clock           ;
; RD1[*]          ; Clock      ; 7.157  ; 7.024  ; Fall       ; Clock           ;
;  RD1[0]         ; Clock      ; 8.239  ; 8.048  ; Fall       ; Clock           ;
;  RD1[1]         ; Clock      ; 8.232  ; 7.966  ; Fall       ; Clock           ;
;  RD1[2]         ; Clock      ; 8.337  ; 8.190  ; Fall       ; Clock           ;
;  RD1[3]         ; Clock      ; 7.666  ; 7.583  ; Fall       ; Clock           ;
;  RD1[4]         ; Clock      ; 7.638  ; 7.497  ; Fall       ; Clock           ;
;  RD1[5]         ; Clock      ; 8.276  ; 7.995  ; Fall       ; Clock           ;
;  RD1[6]         ; Clock      ; 8.100  ; 8.111  ; Fall       ; Clock           ;
;  RD1[7]         ; Clock      ; 8.149  ; 8.004  ; Fall       ; Clock           ;
;  RD1[8]         ; Clock      ; 7.744  ; 7.590  ; Fall       ; Clock           ;
;  RD1[9]         ; Clock      ; 8.427  ; 8.445  ; Fall       ; Clock           ;
;  RD1[10]        ; Clock      ; 8.210  ; 8.104  ; Fall       ; Clock           ;
;  RD1[11]        ; Clock      ; 8.350  ; 8.182  ; Fall       ; Clock           ;
;  RD1[12]        ; Clock      ; 8.498  ; 8.395  ; Fall       ; Clock           ;
;  RD1[13]        ; Clock      ; 8.878  ; 8.674  ; Fall       ; Clock           ;
;  RD1[14]        ; Clock      ; 7.474  ; 7.327  ; Fall       ; Clock           ;
;  RD1[15]        ; Clock      ; 8.366  ; 8.073  ; Fall       ; Clock           ;
;  RD1[16]        ; Clock      ; 8.894  ; 8.655  ; Fall       ; Clock           ;
;  RD1[17]        ; Clock      ; 8.891  ; 8.754  ; Fall       ; Clock           ;
;  RD1[18]        ; Clock      ; 8.454  ; 8.312  ; Fall       ; Clock           ;
;  RD1[19]        ; Clock      ; 8.244  ; 8.058  ; Fall       ; Clock           ;
;  RD1[20]        ; Clock      ; 7.421  ; 7.307  ; Fall       ; Clock           ;
;  RD1[21]        ; Clock      ; 9.007  ; 8.896  ; Fall       ; Clock           ;
;  RD1[22]        ; Clock      ; 8.479  ; 8.368  ; Fall       ; Clock           ;
;  RD1[23]        ; Clock      ; 8.980  ; 8.726  ; Fall       ; Clock           ;
;  RD1[24]        ; Clock      ; 7.592  ; 7.479  ; Fall       ; Clock           ;
;  RD1[25]        ; Clock      ; 7.841  ; 7.709  ; Fall       ; Clock           ;
;  RD1[26]        ; Clock      ; 7.157  ; 7.024  ; Fall       ; Clock           ;
;  RD1[27]        ; Clock      ; 7.733  ; 7.646  ; Fall       ; Clock           ;
;  RD1[28]        ; Clock      ; 8.251  ; 8.164  ; Fall       ; Clock           ;
;  RD1[29]        ; Clock      ; 8.422  ; 8.242  ; Fall       ; Clock           ;
;  RD1[30]        ; Clock      ; 9.168  ; 8.879  ; Fall       ; Clock           ;
;  RD1[31]        ; Clock      ; 8.400  ; 8.337  ; Fall       ; Clock           ;
; RD2[*]          ; Clock      ; 7.654  ; 7.548  ; Fall       ; Clock           ;
;  RD2[0]         ; Clock      ; 9.184  ; 9.011  ; Fall       ; Clock           ;
;  RD2[1]         ; Clock      ; 9.317  ; 9.214  ; Fall       ; Clock           ;
;  RD2[2]         ; Clock      ; 8.439  ; 8.179  ; Fall       ; Clock           ;
;  RD2[3]         ; Clock      ; 8.858  ; 8.645  ; Fall       ; Clock           ;
;  RD2[4]         ; Clock      ; 10.442 ; 10.377 ; Fall       ; Clock           ;
;  RD2[5]         ; Clock      ; 8.387  ; 8.082  ; Fall       ; Clock           ;
;  RD2[6]         ; Clock      ; 9.436  ; 9.320  ; Fall       ; Clock           ;
;  RD2[7]         ; Clock      ; 9.650  ; 9.371  ; Fall       ; Clock           ;
;  RD2[8]         ; Clock      ; 8.703  ; 8.392  ; Fall       ; Clock           ;
;  RD2[9]         ; Clock      ; 8.527  ; 8.278  ; Fall       ; Clock           ;
;  RD2[10]        ; Clock      ; 9.172  ; 8.902  ; Fall       ; Clock           ;
;  RD2[11]        ; Clock      ; 8.851  ; 8.791  ; Fall       ; Clock           ;
;  RD2[12]        ; Clock      ; 8.088  ; 7.987  ; Fall       ; Clock           ;
;  RD2[13]        ; Clock      ; 9.530  ; 9.491  ; Fall       ; Clock           ;
;  RD2[14]        ; Clock      ; 7.745  ; 7.689  ; Fall       ; Clock           ;
;  RD2[15]        ; Clock      ; 9.488  ; 9.397  ; Fall       ; Clock           ;
;  RD2[16]        ; Clock      ; 10.295 ; 10.144 ; Fall       ; Clock           ;
;  RD2[17]        ; Clock      ; 8.805  ; 8.481  ; Fall       ; Clock           ;
;  RD2[18]        ; Clock      ; 9.071  ; 8.981  ; Fall       ; Clock           ;
;  RD2[19]        ; Clock      ; 8.232  ; 8.105  ; Fall       ; Clock           ;
;  RD2[20]        ; Clock      ; 8.291  ; 8.066  ; Fall       ; Clock           ;
;  RD2[21]        ; Clock      ; 8.807  ; 8.787  ; Fall       ; Clock           ;
;  RD2[22]        ; Clock      ; 9.343  ; 9.327  ; Fall       ; Clock           ;
;  RD2[23]        ; Clock      ; 7.654  ; 7.548  ; Fall       ; Clock           ;
;  RD2[24]        ; Clock      ; 9.029  ; 8.726  ; Fall       ; Clock           ;
;  RD2[25]        ; Clock      ; 9.388  ; 9.266  ; Fall       ; Clock           ;
;  RD2[26]        ; Clock      ; 9.592  ; 9.426  ; Fall       ; Clock           ;
;  RD2[27]        ; Clock      ; 8.570  ; 8.482  ; Fall       ; Clock           ;
;  RD2[28]        ; Clock      ; 8.103  ; 7.936  ; Fall       ; Clock           ;
;  RD2[29]        ; Clock      ; 10.704 ; 10.725 ; Fall       ; Clock           ;
;  RD2[30]        ; Clock      ; 8.785  ; 8.633  ; Fall       ; Clock           ;
;  RD2[31]        ; Clock      ; 7.765  ; 7.615  ; Fall       ; Clock           ;
+-----------------+------------+--------+--------+------------+-----------------+


---------------------------------------------
; Slow 1200mV 0C Model Metastability Report ;
---------------------------------------------
No synchronizer chains to report.


+------------------------------------+
; Fast 1200mV 0C Model Setup Summary ;
+-------+--------+-------------------+
; Clock ; Slack  ; End Point TNS     ;
+-------+--------+-------------------+
; Clock ; -2.990 ; -315.001          ;
+-------+--------+-------------------+


+-----------------------------------+
; Fast 1200mV 0C Model Hold Summary ;
+-------+-------+-------------------+
; Clock ; Slack ; End Point TNS     ;
+-------+-------+-------------------+
; Clock ; 0.180 ; 0.000             ;
+-------+-------+-------------------+


-----------------------------------------
; Fast 1200mV 0C Model Recovery Summary ;
-----------------------------------------
No paths to report.


----------------------------------------
; Fast 1200mV 0C Model Removal Summary ;
----------------------------------------
No paths to report.


+--------------------------------------------------+
; Fast 1200mV 0C Model Minimum Pulse Width Summary ;
+-------+--------+---------------------------------+
; Clock ; Slack  ; End Point TNS                   ;
+-------+--------+---------------------------------+
; Clock ; -3.000 ; -160.835                        ;
+-------+--------+---------------------------------+


+--------------------------------------------------------------------------------------------------------------------------------------------+
; Fast 1200mV 0C Model Setup: 'Clock'                                                                                                        ;
+--------+------------------------------+------------------------------+--------------+-------------+--------------+------------+------------+
; Slack  ; From Node                    ; To Node                      ; Launch Clock ; Latch Clock ; Relationship ; Clock Skew ; Data Delay ;
+--------+------------------------------+------------------------------+--------------+-------------+--------------+------------+------------+
; -2.990 ; PC:inst|end_atual[4]         ; REG_FILE:inst2|registers~644 ; Clock        ; Clock       ; 1.000        ; 0.200      ; 4.177      ;
; -2.958 ; PC:inst|end_atual[4]         ; REG_FILE:inst2|registers~612 ; Clock        ; Clock       ; 1.000        ; 0.151      ; 4.096      ;
; -2.957 ; PC:inst|end_atual[3]         ; REG_FILE:inst2|registers~644 ; Clock        ; Clock       ; 1.000        ; 0.200      ; 4.144      ;
; -2.929 ; PC:inst|end_atual[4]         ; REG_FILE:inst2|registers~676 ; Clock        ; Clock       ; 1.000        ; 0.178      ; 4.094      ;
; -2.925 ; PC:inst|end_atual[3]         ; REG_FILE:inst2|registers~612 ; Clock        ; Clock       ; 1.000        ; 0.151      ; 4.063      ;
; -2.905 ; PC:inst|end_atual[4]         ; REG_FILE:inst2|registers~675 ; Clock        ; Clock       ; 1.000        ; 0.178      ; 4.070      ;
; -2.896 ; PC:inst|end_atual[3]         ; REG_FILE:inst2|registers~676 ; Clock        ; Clock       ; 1.000        ; 0.178      ; 4.061      ;
; -2.891 ; PC:inst|end_atual[4]         ; REG_FILE:inst2|registers~673 ; Clock        ; Clock       ; 1.000        ; 0.178      ; 4.056      ;
; -2.885 ; PC:inst|end_atual[2]         ; REG_FILE:inst2|registers~644 ; Clock        ; Clock       ; 1.000        ; 0.200      ; 4.072      ;
; -2.873 ; PC:inst|end_atual[4]         ; REG_FILE:inst2|registers~607 ; Clock        ; Clock       ; 1.000        ; 0.147      ; 4.007      ;
; -2.870 ; PC:inst|end_atual[3]         ; REG_FILE:inst2|registers~675 ; Clock        ; Clock       ; 1.000        ; 0.178      ; 4.035      ;
; -2.867 ; PC:inst|end_atual[4]         ; REG_FILE:inst2|registers~641 ; Clock        ; Clock       ; 1.000        ; 0.200      ; 4.054      ;
; -2.856 ; PC:inst|end_atual[3]         ; REG_FILE:inst2|registers~673 ; Clock        ; Clock       ; 1.000        ; 0.178      ; 4.021      ;
; -2.853 ; PC:inst|end_atual[2]         ; REG_FILE:inst2|registers~612 ; Clock        ; Clock       ; 1.000        ; 0.151      ; 3.991      ;
; -2.848 ; PC:inst|end_atual[4]         ; REG_FILE:inst2|registers~639 ; Clock        ; Clock       ; 1.000        ; 0.172      ; 4.007      ;
; -2.838 ; PC:inst|end_atual[3]         ; REG_FILE:inst2|registers~607 ; Clock        ; Clock       ; 1.000        ; 0.147      ; 3.972      ;
; -2.837 ; PC:inst|end_atual[4]         ; REG_FILE:inst2|registers~677 ; Clock        ; Clock       ; 1.000        ; 0.178      ; 4.002      ;
; -2.832 ; PC:inst|end_atual[3]         ; REG_FILE:inst2|registers~641 ; Clock        ; Clock       ; 1.000        ; 0.200      ; 4.019      ;
; -2.830 ; PC:inst|end_atual[4]         ; REG_FILE:inst2|registers~603 ; Clock        ; Clock       ; 1.000        ; 0.180      ; 3.997      ;
; -2.824 ; PC:inst|end_atual[2]         ; REG_FILE:inst2|registers~676 ; Clock        ; Clock       ; 1.000        ; 0.178      ; 3.989      ;
; -2.822 ; PC:inst|end_atual[4]         ; REG_FILE:inst2|registers~577 ; Clock        ; Clock       ; 1.000        ; 0.176      ; 3.985      ;
; -2.820 ; PC:inst|end_atual[4]         ; REG_FILE:inst2|registers~669 ; Clock        ; Clock       ; 1.000        ; 0.178      ; 3.985      ;
; -2.813 ; PC:inst|end_atual[3]         ; REG_FILE:inst2|registers~639 ; Clock        ; Clock       ; 1.000        ; 0.172      ; 3.972      ;
; -2.802 ; PC:inst|end_atual[4]         ; REG_FILE:inst2|registers~645 ; Clock        ; Clock       ; 1.000        ; 0.180      ; 3.969      ;
; -2.802 ; PC:inst|end_atual[3]         ; REG_FILE:inst2|registers~677 ; Clock        ; Clock       ; 1.000        ; 0.178      ; 3.967      ;
; -2.798 ; PC:inst|end_atual[2]         ; REG_FILE:inst2|registers~675 ; Clock        ; Clock       ; 1.000        ; 0.178      ; 3.963      ;
; -2.795 ; PC:inst|end_atual[3]         ; REG_FILE:inst2|registers~603 ; Clock        ; Clock       ; 1.000        ; 0.180      ; 3.962      ;
; -2.787 ; PC:inst|end_atual[3]         ; REG_FILE:inst2|registers~577 ; Clock        ; Clock       ; 1.000        ; 0.176      ; 3.950      ;
; -2.785 ; PC:inst|end_atual[3]         ; REG_FILE:inst2|registers~669 ; Clock        ; Clock       ; 1.000        ; 0.178      ; 3.950      ;
; -2.784 ; PC:inst|end_atual[2]         ; REG_FILE:inst2|registers~673 ; Clock        ; Clock       ; 1.000        ; 0.178      ; 3.949      ;
; -2.775 ; PC:inst|end_atual[4]         ; REG_FILE:inst2|registers~606 ; Clock        ; Clock       ; 1.000        ; 0.147      ; 3.909      ;
; -2.767 ; PC:inst|end_atual[3]         ; REG_FILE:inst2|registers~645 ; Clock        ; Clock       ; 1.000        ; 0.180      ; 3.934      ;
; -2.766 ; PC:inst|end_atual[2]         ; REG_FILE:inst2|registers~607 ; Clock        ; Clock       ; 1.000        ; 0.147      ; 3.900      ;
; -2.760 ; PC:inst|end_atual[2]         ; REG_FILE:inst2|registers~641 ; Clock        ; Clock       ; 1.000        ; 0.200      ; 3.947      ;
; -2.758 ; PC:inst|end_atual[4]         ; REG_FILE:inst2|registers~643 ; Clock        ; Clock       ; 1.000        ; 0.172      ; 3.917      ;
; -2.747 ; PC:inst|end_atual[4]         ; REG_FILE:inst2|registers~638 ; Clock        ; Clock       ; 1.000        ; 0.172      ; 3.906      ;
; -2.742 ; PC:inst|end_atual[3]         ; REG_FILE:inst2|registers~606 ; Clock        ; Clock       ; 1.000        ; 0.147      ; 3.876      ;
; -2.741 ; PC:inst|end_atual[4]         ; REG_FILE:inst2|registers~575 ; Clock        ; Clock       ; 1.000        ; 0.153      ; 3.881      ;
; -2.741 ; PC:inst|end_atual[2]         ; REG_FILE:inst2|registers~639 ; Clock        ; Clock       ; 1.000        ; 0.172      ; 3.900      ;
; -2.734 ; PC:inst|end_atual[4]         ; REG_FILE:inst2|registers~600 ; Clock        ; Clock       ; 1.000        ; 0.157      ; 3.878      ;
; -2.730 ; PC:inst|end_atual[2]         ; REG_FILE:inst2|registers~677 ; Clock        ; Clock       ; 1.000        ; 0.178      ; 3.895      ;
; -2.725 ; PC:inst|end_atual[4]         ; REG_FILE:inst2|registers~568 ; Clock        ; Clock       ; 1.000        ; 0.174      ; 3.886      ;
; -2.725 ; PC:inst|end_atual[4]         ; REG_FILE:inst2|registers~610 ; Clock        ; Clock       ; 1.000        ; 0.161      ; 3.873      ;
; -2.724 ; PC:inst|end_atual[4]         ; REG_FILE:inst2|registers~613 ; Clock        ; Clock       ; 1.000        ; 0.151      ; 3.862      ;
; -2.723 ; PC:inst|end_atual[2]         ; REG_FILE:inst2|registers~603 ; Clock        ; Clock       ; 1.000        ; 0.180      ; 3.890      ;
; -2.723 ; PC:inst|end_atual[3]         ; REG_FILE:inst2|registers~643 ; Clock        ; Clock       ; 1.000        ; 0.172      ; 3.882      ;
; -2.719 ; REG_FILE:inst2|registers~619 ; REG_FILE:inst2|registers~644 ; Clock        ; Clock       ; 1.000        ; -0.032     ; 3.674      ;
; -2.715 ; PC:inst|end_atual[2]         ; REG_FILE:inst2|registers~577 ; Clock        ; Clock       ; 1.000        ; 0.176      ; 3.878      ;
; -2.714 ; PC:inst|end_atual[4]         ; REG_FILE:inst2|registers~578 ; Clock        ; Clock       ; 1.000        ; 0.153      ; 3.854      ;
; -2.714 ; PC:inst|end_atual[3]         ; REG_FILE:inst2|registers~638 ; Clock        ; Clock       ; 1.000        ; 0.172      ; 3.873      ;
; -2.713 ; PC:inst|end_atual[2]         ; REG_FILE:inst2|registers~669 ; Clock        ; Clock       ; 1.000        ; 0.178      ; 3.878      ;
; -2.711 ; PC:inst|end_atual[4]         ; REG_FILE:inst2|registers~608 ; Clock        ; Clock       ; 1.000        ; 0.161      ; 3.859      ;
; -2.710 ; PC:inst|end_atual[4]         ; REG_FILE:inst2|registers~572 ; Clock        ; Clock       ; 1.000        ; 0.153      ; 3.850      ;
; -2.709 ; PC:inst|end_atual[4]         ; REG_FILE:inst2|registers~632 ; Clock        ; Clock       ; 1.000        ; 0.182      ; 3.878      ;
; -2.706 ; PC:inst|end_atual[3]         ; REG_FILE:inst2|registers~575 ; Clock        ; Clock       ; 1.000        ; 0.153      ; 3.846      ;
; -2.705 ; PC:inst|end_atual[4]         ; REG_FILE:inst2|registers~579 ; Clock        ; Clock       ; 1.000        ; 0.176      ; 3.868      ;
; -2.704 ; PC:inst|end_atual[4]         ; REG_FILE:inst2|registers~604 ; Clock        ; Clock       ; 1.000        ; 0.161      ; 3.852      ;
; -2.702 ; PC:inst|end_atual[4]         ; REG_FILE:inst2|registers~642 ; Clock        ; Clock       ; 1.000        ; 0.185      ; 3.874      ;
; -2.701 ; PC:inst|end_atual[3]         ; REG_FILE:inst2|registers~600 ; Clock        ; Clock       ; 1.000        ; 0.157      ; 3.845      ;
; -2.698 ; PC:inst|end_atual[4]         ; REG_FILE:inst2|registers~576 ; Clock        ; Clock       ; 1.000        ; 0.153      ; 3.838      ;
; -2.695 ; PC:inst|end_atual[2]         ; REG_FILE:inst2|registers~645 ; Clock        ; Clock       ; 1.000        ; 0.180      ; 3.862      ;
; -2.692 ; PC:inst|end_atual[3]         ; REG_FILE:inst2|registers~568 ; Clock        ; Clock       ; 1.000        ; 0.174      ; 3.853      ;
; -2.692 ; PC:inst|end_atual[3]         ; REG_FILE:inst2|registers~610 ; Clock        ; Clock       ; 1.000        ; 0.161      ; 3.840      ;
; -2.689 ; PC:inst|end_atual[3]         ; REG_FILE:inst2|registers~613 ; Clock        ; Clock       ; 1.000        ; 0.151      ; 3.827      ;
; -2.688 ; PC:inst|end_atual[4]         ; REG_FILE:inst2|registers~633 ; Clock        ; Clock       ; 1.000        ; 0.150      ; 3.825      ;
; -2.687 ; REG_FILE:inst2|registers~619 ; REG_FILE:inst2|registers~612 ; Clock        ; Clock       ; 1.000        ; -0.081     ; 3.593      ;
; -2.685 ; PC:inst|end_atual[4]         ; REG_FILE:inst2|registers~640 ; Clock        ; Clock       ; 1.000        ; 0.185      ; 3.857      ;
; -2.681 ; PC:inst|end_atual[3]         ; REG_FILE:inst2|registers~578 ; Clock        ; Clock       ; 1.000        ; 0.153      ; 3.821      ;
; -2.679 ; PC:inst|end_atual[4]         ; REG_FILE:inst2|registers~636 ; Clock        ; Clock       ; 1.000        ; 0.185      ; 3.851      ;
; -2.678 ; PC:inst|end_atual[3]         ; REG_FILE:inst2|registers~608 ; Clock        ; Clock       ; 1.000        ; 0.161      ; 3.826      ;
; -2.677 ; PC:inst|end_atual[3]         ; REG_FILE:inst2|registers~572 ; Clock        ; Clock       ; 1.000        ; 0.153      ; 3.817      ;
; -2.676 ; PC:inst|end_atual[4]         ; REG_FILE:inst2|registers~595 ; Clock        ; Clock       ; 1.000        ; 0.147      ; 3.810      ;
; -2.676 ; PC:inst|end_atual[3]         ; REG_FILE:inst2|registers~632 ; Clock        ; Clock       ; 1.000        ; 0.182      ; 3.845      ;
; -2.673 ; PC:inst|end_atual[4]         ; REG_FILE:inst2|registers~594 ; Clock        ; Clock       ; 1.000        ; 0.154      ; 3.814      ;
; -2.671 ; PC:inst|end_atual[3]         ; REG_FILE:inst2|registers~604 ; Clock        ; Clock       ; 1.000        ; 0.161      ; 3.819      ;
; -2.670 ; PC:inst|end_atual[2]         ; REG_FILE:inst2|registers~606 ; Clock        ; Clock       ; 1.000        ; 0.147      ; 3.804      ;
; -2.670 ; PC:inst|end_atual[3]         ; REG_FILE:inst2|registers~579 ; Clock        ; Clock       ; 1.000        ; 0.176      ; 3.833      ;
; -2.669 ; PC:inst|end_atual[3]         ; REG_FILE:inst2|registers~642 ; Clock        ; Clock       ; 1.000        ; 0.185      ; 3.841      ;
; -2.667 ; PC:inst|end_atual[4]         ; REG_FILE:inst2|registers~605 ; Clock        ; Clock       ; 1.000        ; 0.147      ; 3.801      ;
; -2.666 ; PC:inst|end_atual[4]         ; REG_FILE:inst2|registers~634 ; Clock        ; Clock       ; 1.000        ; 0.150      ; 3.803      ;
; -2.665 ; PC:inst|end_atual[3]         ; REG_FILE:inst2|registers~576 ; Clock        ; Clock       ; 1.000        ; 0.153      ; 3.805      ;
; -2.664 ; PC:inst|end_atual[4]         ; REG_FILE:inst2|registers~569 ; Clock        ; Clock       ; 1.000        ; 0.174      ; 3.825      ;
; -2.658 ; REG_FILE:inst2|registers~619 ; REG_FILE:inst2|registers~676 ; Clock        ; Clock       ; 1.000        ; -0.054     ; 3.591      ;
; -2.653 ; PC:inst|end_atual[3]         ; REG_FILE:inst2|registers~633 ; Clock        ; Clock       ; 1.000        ; 0.150      ; 3.790      ;
; -2.652 ; PC:inst|end_atual[3]         ; REG_FILE:inst2|registers~640 ; Clock        ; Clock       ; 1.000        ; 0.185      ; 3.824      ;
; -2.651 ; PC:inst|end_atual[4]         ; REG_FILE:inst2|registers~658 ; Clock        ; Clock       ; 1.000        ; 0.178      ; 3.816      ;
; -2.651 ; PC:inst|end_atual[4]         ; REG_FILE:inst2|registers~627 ; Clock        ; Clock       ; 1.000        ; 0.172      ; 3.810      ;
; -2.651 ; PC:inst|end_atual[2]         ; REG_FILE:inst2|registers~643 ; Clock        ; Clock       ; 1.000        ; 0.172      ; 3.810      ;
; -2.648 ; PC:inst|end_atual[4]         ; REG_FILE:inst2|registers~565 ; Clock        ; Clock       ; 1.000        ; 0.174      ; 3.809      ;
; -2.646 ; PC:inst|end_atual[3]         ; REG_FILE:inst2|registers~636 ; Clock        ; Clock       ; 1.000        ; 0.185      ; 3.818      ;
; -2.645 ; PC:inst|end_atual[4]         ; REG_FILE:inst2|registers~570 ; Clock        ; Clock       ; 1.000        ; 0.174      ; 3.806      ;
; -2.642 ; PC:inst|end_atual[2]         ; REG_FILE:inst2|registers~638 ; Clock        ; Clock       ; 1.000        ; 0.172      ; 3.801      ;
; -2.641 ; PC:inst|end_atual[3]         ; REG_FILE:inst2|registers~595 ; Clock        ; Clock       ; 1.000        ; 0.147      ; 3.775      ;
; -2.640 ; PC:inst|end_atual[3]         ; REG_FILE:inst2|registers~594 ; Clock        ; Clock       ; 1.000        ; 0.154      ; 3.781      ;
; -2.637 ; PC:inst|end_atual[4]         ; REG_FILE:inst2|registers~629 ; Clock        ; Clock       ; 1.000        ; 0.182      ; 3.806      ;
; -2.634 ; PC:inst|end_atual[2]         ; REG_FILE:inst2|registers~575 ; Clock        ; Clock       ; 1.000        ; 0.153      ; 3.774      ;
; -2.633 ; PC:inst|end_atual[4]         ; REG_FILE:inst2|registers~667 ; Clock        ; Clock       ; 1.000        ; 0.178      ; 3.798      ;
; -2.633 ; PC:inst|end_atual[3]         ; REG_FILE:inst2|registers~634 ; Clock        ; Clock       ; 1.000        ; 0.150      ; 3.770      ;
; -2.632 ; PC:inst|end_atual[3]         ; REG_FILE:inst2|registers~605 ; Clock        ; Clock       ; 1.000        ; 0.147      ; 3.766      ;
; -2.629 ; PC:inst|end_atual[2]         ; REG_FILE:inst2|registers~600 ; Clock        ; Clock       ; 1.000        ; 0.157      ; 3.773      ;
+--------+------------------------------+------------------------------+--------------+-------------+--------------+------------+------------+


+-------------------------------------------------------------------------------------------------------------------------------------------+
; Fast 1200mV 0C Model Hold: 'Clock'                                                                                                        ;
+-------+------------------------------+------------------------------+--------------+-------------+--------------+------------+------------+
; Slack ; From Node                    ; To Node                      ; Launch Clock ; Latch Clock ; Relationship ; Clock Skew ; Data Delay ;
+-------+------------------------------+------------------------------+--------------+-------------+--------------+------------+------------+
; 0.180 ; PC:inst|end_atual[4]         ; PC:inst|end_atual[4]         ; Clock        ; Clock       ; 0.000        ; 0.043      ; 0.307      ;
; 0.187 ; PC:inst|end_atual[3]         ; PC:inst|end_atual[3]         ; Clock        ; Clock       ; 0.000        ; 0.043      ; 0.314      ;
; 0.187 ; PC:inst|end_atual[2]         ; PC:inst|end_atual[2]         ; Clock        ; Clock       ; 0.000        ; 0.043      ; 0.314      ;
; 0.215 ; PC:inst|end_atual[2]         ; PC:inst|end_atual[19]        ; Clock        ; Clock       ; 0.000        ; 0.043      ; 0.342      ;
; 0.215 ; PC:inst|end_atual[2]         ; PC:inst|end_atual[18]        ; Clock        ; Clock       ; 0.000        ; 0.043      ; 0.342      ;
; 0.275 ; PC:inst|end_atual[3]         ; PC:inst|end_atual[18]        ; Clock        ; Clock       ; 0.000        ; 0.043      ; 0.402      ;
; 0.289 ; PC:inst|end_atual[4]         ; PC:inst|end_atual[19]        ; Clock        ; Clock       ; 0.000        ; 0.043      ; 0.416      ;
; 0.313 ; REG_FILE:inst2|registers~572 ; REG_FILE:inst2|registers~668 ; Clock        ; Clock       ; 0.000        ; 0.076      ; 0.473      ;
; 0.331 ; PC:inst|end_atual[3]         ; PC:inst|end_atual[19]        ; Clock        ; Clock       ; 0.000        ; 0.043      ; 0.458      ;
; 0.342 ; PC:inst|end_atual[4]         ; PC:inst|end_atual[18]        ; Clock        ; Clock       ; 0.000        ; 0.043      ; 0.469      ;
; 0.409 ; REG_FILE:inst2|registers~574 ; REG_FILE:inst2|registers~670 ; Clock        ; Clock       ; 0.000        ; 0.076      ; 0.569      ;
; 0.412 ; PC:inst|end_atual[3]         ; PC:inst|end_atual[4]         ; Clock        ; Clock       ; 0.000        ; 0.043      ; 0.539      ;
; 0.422 ; REG_FILE:inst2|registers~550 ; REG_FILE:inst2|registers~550 ; Clock        ; Clock       ; 0.000        ; 0.043      ; 0.549      ;
; 0.432 ; REG_FILE:inst2|registers~575 ; REG_FILE:inst2|registers~671 ; Clock        ; Clock       ; 0.000        ; 0.076      ; 0.592      ;
; 0.432 ; REG_FILE:inst2|registers~576 ; REG_FILE:inst2|registers~672 ; Clock        ; Clock       ; 0.000        ; 0.076      ; 0.592      ;
; 0.471 ; REG_FILE:inst2|registers~577 ; REG_FILE:inst2|registers~609 ; Clock        ; Clock       ; 0.000        ; 0.026      ; 0.581      ;
; 0.472 ; REG_FILE:inst2|registers~579 ; REG_FILE:inst2|registers~611 ; Clock        ; Clock       ; 0.000        ; 0.026      ; 0.582      ;
; 0.522 ; REG_FILE:inst2|registers~660 ; REG_FILE:inst2|registers~596 ; Clock        ; Clock       ; 0.000        ; 0.027      ; 0.633      ;
; 0.529 ; REG_FILE:inst2|registers~550 ; REG_FILE:inst2|registers~646 ; Clock        ; Clock       ; 0.000        ; 0.239      ; 0.852      ;
; 0.531 ; REG_FILE:inst2|registers~563 ; REG_FILE:inst2|registers~563 ; Clock        ; Clock       ; 0.000        ; 0.051      ; 0.666      ;
; 0.534 ; REG_FILE:inst2|registers~677 ; REG_FILE:inst2|registers~581 ; Clock        ; Clock       ; 0.000        ; 0.049      ; 0.667      ;
; 0.538 ; PC:inst|end_atual[2]         ; REG_FILE:inst2|registers~656 ; Clock        ; Clock       ; 0.000        ; 0.273      ; 0.895      ;
; 0.541 ; REG_FILE:inst2|registers~572 ; REG_FILE:inst2|registers~636 ; Clock        ; Clock       ; 0.000        ; 0.085      ; 0.710      ;
; 0.545 ; REG_FILE:inst2|registers~562 ; REG_FILE:inst2|registers~626 ; Clock        ; Clock       ; 0.000        ; 0.077      ; 0.706      ;
; 0.549 ; PC:inst|end_atual[2]         ; REG_FILE:inst2|registers~552 ; Clock        ; Clock       ; 0.000        ; 0.045      ; 0.678      ;
; 0.557 ; REG_FILE:inst2|registers~552 ; REG_FILE:inst2|registers~552 ; Clock        ; Clock       ; 0.000        ; 0.043      ; 0.684      ;
; 0.567 ; REG_FILE:inst2|registers~572 ; REG_FILE:inst2|registers~604 ; Clock        ; Clock       ; 0.000        ; 0.059      ; 0.710      ;
; 0.574 ; PC:inst|end_atual[4]         ; REG_FILE:inst2|registers~552 ; Clock        ; Clock       ; 0.000        ; 0.045      ; 0.703      ;
; 0.575 ; REG_FILE:inst2|registers~573 ; REG_FILE:inst2|registers~637 ; Clock        ; Clock       ; 0.000        ; 0.077      ; 0.736      ;
; 0.576 ; REG_FILE:inst2|registers~671 ; REG_FILE:inst2|registers~671 ; Clock        ; Clock       ; 0.000        ; 0.051      ; 0.711      ;
; 0.588 ; REG_FILE:inst2|registers~572 ; REG_FILE:inst2|registers~572 ; Clock        ; Clock       ; 0.000        ; 0.051      ; 0.723      ;
; 0.590 ; REG_FILE:inst2|registers~663 ; REG_FILE:inst2|registers~599 ; Clock        ; Clock       ; 0.000        ; 0.027      ; 0.701      ;
; 0.602 ; PC:inst|end_atual[2]         ; REG_FILE:inst2|registers~648 ; Clock        ; Clock       ; 0.000        ; 0.241      ; 0.927      ;
; 0.602 ; PC:inst|end_atual[4]         ; REG_FILE:inst2|registers~656 ; Clock        ; Clock       ; 0.000        ; 0.273      ; 0.959      ;
; 0.609 ; PC:inst|end_atual[2]         ; REG_FILE:inst2|registers~599 ; Clock        ; Clock       ; 0.000        ; 0.248      ; 0.941      ;
; 0.610 ; REG_FILE:inst2|registers~552 ; REG_FILE:inst2|registers~648 ; Clock        ; Clock       ; 0.000        ; 0.239      ; 0.933      ;
; 0.612 ; REG_FILE:inst2|registers~550 ; REG_FILE:inst2|registers~582 ; Clock        ; Clock       ; 0.000        ; 0.270      ; 0.966      ;
; 0.616 ; REG_FILE:inst2|registers~560 ; REG_FILE:inst2|registers~656 ; Clock        ; Clock       ; 0.000        ; 0.056      ; 0.756      ;
; 0.627 ; REG_FILE:inst2|registers~578 ; REG_FILE:inst2|registers~674 ; Clock        ; Clock       ; 0.000        ; 0.076      ; 0.787      ;
; 0.635 ; REG_FILE:inst2|registers~672 ; REG_FILE:inst2|registers~672 ; Clock        ; Clock       ; 0.000        ; 0.051      ; 0.770      ;
; 0.638 ; PC:inst|end_atual[4]         ; REG_FILE:inst2|registers~648 ; Clock        ; Clock       ; 0.000        ; 0.241      ; 0.963      ;
; 0.644 ; PC:inst|end_atual[4]         ; PC:inst|end_atual[2]         ; Clock        ; Clock       ; 0.000        ; 0.043      ; 0.771      ;
; 0.645 ; PC:inst|end_atual[2]         ; REG_FILE:inst2|registers~615 ; Clock        ; Clock       ; 0.000        ; 0.279      ; 1.008      ;
; 0.650 ; PC:inst|end_atual[2]         ; REG_FILE:inst2|registers~550 ; Clock        ; Clock       ; 0.000        ; 0.045      ; 0.779      ;
; 0.659 ; REG_FILE:inst2|registers~576 ; REG_FILE:inst2|registers~640 ; Clock        ; Clock       ; 0.000        ; 0.085      ; 0.828      ;
; 0.661 ; REG_FILE:inst2|registers~667 ; REG_FILE:inst2|registers~635 ; Clock        ; Clock       ; 0.000        ; 0.074      ; 0.819      ;
; 0.664 ; REG_FILE:inst2|registers~675 ; REG_FILE:inst2|registers~611 ; Clock        ; Clock       ; 0.000        ; 0.024      ; 0.772      ;
; 0.665 ; PC:inst|end_atual[4]         ; REG_FILE:inst2|registers~557 ; Clock        ; Clock       ; 0.000        ; 0.045      ; 0.794      ;
; 0.665 ; REG_FILE:inst2|registers~667 ; REG_FILE:inst2|registers~571 ; Clock        ; Clock       ; 0.000        ; 0.076      ; 0.825      ;
; 0.666 ; PC:inst|end_atual[2]         ; REG_FILE:inst2|registers~551 ; Clock        ; Clock       ; 0.000        ; 0.259      ; 1.009      ;
; 0.671 ; REG_FILE:inst2|registers~574 ; REG_FILE:inst2|registers~574 ; Clock        ; Clock       ; 0.000        ; 0.051      ; 0.806      ;
; 0.673 ; PC:inst|end_atual[4]         ; REG_FILE:inst2|registers~599 ; Clock        ; Clock       ; 0.000        ; 0.248      ; 1.005      ;
; 0.682 ; REG_FILE:inst2|registers~594 ; REG_FILE:inst2|registers~626 ; Clock        ; Clock       ; 0.000        ; 0.078      ; 0.844      ;
; 0.685 ; REG_FILE:inst2|registers~558 ; REG_FILE:inst2|registers~558 ; Clock        ; Clock       ; 0.000        ; 0.051      ; 0.820      ;
; 0.687 ; REG_FILE:inst2|registers~576 ; REG_FILE:inst2|registers~608 ; Clock        ; Clock       ; 0.000        ; 0.059      ; 0.830      ;
; 0.695 ; REG_FILE:inst2|registers~576 ; REG_FILE:inst2|registers~576 ; Clock        ; Clock       ; 0.000        ; 0.051      ; 0.830      ;
; 0.697 ; REG_FILE:inst2|registers~647 ; REG_FILE:inst2|registers~615 ; Clock        ; Clock       ; 0.000        ; 0.054      ; 0.835      ;
; 0.698 ; REG_FILE:inst2|registers~667 ; REG_FILE:inst2|registers~667 ; Clock        ; Clock       ; 0.000        ; 0.052      ; 0.834      ;
; 0.701 ; PC:inst|end_atual[2]         ; REG_FILE:inst2|registers~664 ; Clock        ; Clock       ; 0.000        ; 0.040      ; 0.825      ;
; 0.702 ; PC:inst|end_atual[2]         ; REG_FILE:inst2|registers~553 ; Clock        ; Clock       ; 0.000        ; 0.045      ; 0.831      ;
; 0.704 ; PC:inst|end_atual[4]         ; REG_FILE:inst2|registers~589 ; Clock        ; Clock       ; 0.000        ; 0.243      ; 1.031      ;
; 0.707 ; REG_FILE:inst2|registers~551 ; REG_FILE:inst2|registers~615 ; Clock        ; Clock       ; 0.000        ; 0.072      ; 0.863      ;
; 0.709 ; PC:inst|end_atual[4]         ; REG_FILE:inst2|registers~615 ; Clock        ; Clock       ; 0.000        ; 0.279      ; 1.072      ;
; 0.711 ; PC:inst|end_atual[2]         ; REG_FILE:inst2|registers~580 ; Clock        ; Clock       ; 0.000        ; 0.270      ; 1.065      ;
; 0.713 ; PC:inst|end_atual[4]         ; REG_FILE:inst2|registers~593 ; Clock        ; Clock       ; 0.000        ; 0.235      ; 1.032      ;
; 0.713 ; PC:inst|end_atual[4]         ; PC:inst|end_atual[27]        ; Clock        ; Clock       ; 0.000        ; 0.043      ; 0.840      ;
; 0.716 ; PC:inst|end_atual[2]         ; REG_FILE:inst2|registers~671 ; Clock        ; Clock       ; 0.000        ; 0.272      ; 1.072      ;
; 0.717 ; PC:inst|end_atual[2]         ; REG_FILE:inst2|registers~672 ; Clock        ; Clock       ; 0.000        ; 0.272      ; 1.073      ;
; 0.718 ; REG_FILE:inst2|registers~647 ; REG_FILE:inst2|registers~551 ; Clock        ; Clock       ; 0.000        ; 0.034      ; 0.836      ;
; 0.728 ; PC:inst|end_atual[2]         ; REG_FILE:inst2|registers~596 ; Clock        ; Clock       ; 0.000        ; 0.248      ; 1.060      ;
; 0.728 ; REG_FILE:inst2|registers~551 ; REG_FILE:inst2|registers~551 ; Clock        ; Clock       ; 0.000        ; 0.052      ; 0.864      ;
; 0.730 ; PC:inst|end_atual[4]         ; REG_FILE:inst2|registers~551 ; Clock        ; Clock       ; 0.000        ; 0.259      ; 1.073      ;
; 0.733 ; REG_FILE:inst2|registers~670 ; REG_FILE:inst2|registers~670 ; Clock        ; Clock       ; 0.000        ; 0.051      ; 0.868      ;
; 0.734 ; REG_FILE:inst2|registers~660 ; REG_FILE:inst2|registers~660 ; Clock        ; Clock       ; 0.000        ; 0.052      ; 0.870      ;
; 0.734 ; REG_FILE:inst2|registers~659 ; REG_FILE:inst2|registers~563 ; Clock        ; Clock       ; 0.000        ; 0.042      ; 0.860      ;
; 0.738 ; REG_FILE:inst2|registers~570 ; REG_FILE:inst2|registers~666 ; Clock        ; Clock       ; 0.000        ; -0.177     ; 0.645      ;
; 0.740 ; REG_FILE:inst2|registers~658 ; REG_FILE:inst2|registers~626 ; Clock        ; Clock       ; 0.000        ; 0.054      ; 0.878      ;
; 0.749 ; REG_FILE:inst2|registers~601 ; REG_FILE:inst2|registers~665 ; Clock        ; Clock       ; 0.000        ; -0.148     ; 0.685      ;
; 0.750 ; REG_FILE:inst2|registers~652 ; REG_FILE:inst2|registers~652 ; Clock        ; Clock       ; 0.000        ; 0.043      ; 0.877      ;
; 0.750 ; REG_FILE:inst2|registers~579 ; REG_FILE:inst2|registers~579 ; Clock        ; Clock       ; 0.000        ; 0.051      ; 0.885      ;
; 0.750 ; REG_FILE:inst2|registers~584 ; REG_FILE:inst2|registers~552 ; Clock        ; Clock       ; 0.000        ; -0.148     ; 0.686      ;
; 0.753 ; REG_FILE:inst2|registers~674 ; REG_FILE:inst2|registers~674 ; Clock        ; Clock       ; 0.000        ; 0.051      ; 0.888      ;
; 0.754 ; REG_FILE:inst2|registers~579 ; REG_FILE:inst2|registers~581 ; Clock        ; Clock       ; 0.000        ; 0.051      ; 0.889      ;
; 0.756 ; REG_FILE:inst2|registers~673 ; REG_FILE:inst2|registers~609 ; Clock        ; Clock       ; 0.000        ; 0.024      ; 0.864      ;
; 0.757 ; PC:inst|end_atual[2]         ; REG_FILE:inst2|registers~646 ; Clock        ; Clock       ; 0.000        ; 0.241      ; 1.082      ;
; 0.758 ; PC:inst|end_atual[3]         ; REG_FILE:inst2|registers~656 ; Clock        ; Clock       ; 0.000        ; 0.273      ; 1.115      ;
; 0.759 ; PC:inst|end_atual[2]         ; REG_FILE:inst2|registers~670 ; Clock        ; Clock       ; 0.000        ; 0.272      ; 1.115      ;
; 0.761 ; REG_FILE:inst2|registers~575 ; REG_FILE:inst2|registers~575 ; Clock        ; Clock       ; 0.000        ; 0.051      ; 0.896      ;
; 0.761 ; REG_FILE:inst2|registers~668 ; REG_FILE:inst2|registers~668 ; Clock        ; Clock       ; 0.000        ; 0.051      ; 0.896      ;
; 0.765 ; PC:inst|end_atual[4]         ; REG_FILE:inst2|registers~664 ; Clock        ; Clock       ; 0.000        ; 0.040      ; 0.889      ;
; 0.766 ; PC:inst|end_atual[4]         ; REG_FILE:inst2|registers~553 ; Clock        ; Clock       ; 0.000        ; 0.045      ; 0.895      ;
; 0.774 ; REG_FILE:inst2|registers~571 ; REG_FILE:inst2|registers~635 ; Clock        ; Clock       ; 0.000        ; 0.051      ; 0.909      ;
; 0.775 ; PC:inst|end_atual[3]         ; PC:inst|end_atual[27]        ; Clock        ; Clock       ; 0.000        ; 0.043      ; 0.902      ;
; 0.775 ; PC:inst|end_atual[4]         ; REG_FILE:inst2|registers~580 ; Clock        ; Clock       ; 0.000        ; 0.270      ; 1.129      ;
; 0.777 ; REG_FILE:inst2|registers~579 ; REG_FILE:inst2|registers~643 ; Clock        ; Clock       ; 0.000        ; 0.047      ; 0.908      ;
; 0.778 ; REG_FILE:inst2|registers~571 ; REG_FILE:inst2|registers~571 ; Clock        ; Clock       ; 0.000        ; 0.053      ; 0.915      ;
; 0.779 ; REG_FILE:inst2|registers~570 ; REG_FILE:inst2|registers~602 ; Clock        ; Clock       ; 0.000        ; 0.022      ; 0.885      ;
; 0.779 ; PC:inst|end_atual[2]         ; REG_FILE:inst2|registers~626 ; Clock        ; Clock       ; 0.000        ; 0.275      ; 1.138      ;
; 0.780 ; PC:inst|end_atual[2]         ; REG_FILE:inst2|registers~584 ; Clock        ; Clock       ; 0.000        ; 0.243      ; 1.107      ;
; 0.780 ; REG_FILE:inst2|registers~577 ; REG_FILE:inst2|registers~611 ; Clock        ; Clock       ; 0.000        ; 0.026      ; 0.890      ;
+-------+------------------------------+------------------------------+--------------+-------------+--------------+------------+------------+


+---------------------------------------------------------------------------------------------------------+
; Fast 1200mV 0C Model Minimum Pulse Width: 'Clock'                                                       ;
+--------+--------------+----------------+------------+-------+------------+------------------------------+
; Slack  ; Actual Width ; Required Width ; Type       ; Clock ; Clock Edge ; Target                       ;
+--------+--------------+----------------+------------+-------+------------+------------------------------+
; -3.000 ; 1.000        ; 4.000          ; Port Rate  ; Clock ; Rise       ; Clock                        ;
; -1.000 ; 1.000        ; 2.000          ; Min Period ; Clock ; Fall       ; PC:inst|end_atual[13]        ;
; -1.000 ; 1.000        ; 2.000          ; Min Period ; Clock ; Fall       ; PC:inst|end_atual[14]        ;
; -1.000 ; 1.000        ; 2.000          ; Min Period ; Clock ; Fall       ; PC:inst|end_atual[17]        ;
; -1.000 ; 1.000        ; 2.000          ; Min Period ; Clock ; Fall       ; PC:inst|end_atual[18]        ;
; -1.000 ; 1.000        ; 2.000          ; Min Period ; Clock ; Fall       ; PC:inst|end_atual[19]        ;
; -1.000 ; 1.000        ; 2.000          ; Min Period ; Clock ; Fall       ; PC:inst|end_atual[22]        ;
; -1.000 ; 1.000        ; 2.000          ; Min Period ; Clock ; Fall       ; PC:inst|end_atual[23]        ;
; -1.000 ; 1.000        ; 2.000          ; Min Period ; Clock ; Fall       ; PC:inst|end_atual[24]        ;
; -1.000 ; 1.000        ; 2.000          ; Min Period ; Clock ; Fall       ; PC:inst|end_atual[27]        ;
; -1.000 ; 1.000        ; 2.000          ; Min Period ; Clock ; Fall       ; PC:inst|end_atual[2]         ;
; -1.000 ; 1.000        ; 2.000          ; Min Period ; Clock ; Fall       ; PC:inst|end_atual[3]         ;
; -1.000 ; 1.000        ; 2.000          ; Min Period ; Clock ; Fall       ; PC:inst|end_atual[4]         ;
; -1.000 ; 1.000        ; 2.000          ; Min Period ; Clock ; Fall       ; PC:inst|end_atual[7]         ;
; -1.000 ; 1.000        ; 2.000          ; Min Period ; Clock ; Fall       ; REG_FILE:inst2|registers~550 ;
; -1.000 ; 1.000        ; 2.000          ; Min Period ; Clock ; Fall       ; REG_FILE:inst2|registers~551 ;
; -1.000 ; 1.000        ; 2.000          ; Min Period ; Clock ; Fall       ; REG_FILE:inst2|registers~552 ;
; -1.000 ; 1.000        ; 2.000          ; Min Period ; Clock ; Fall       ; REG_FILE:inst2|registers~553 ;
; -1.000 ; 1.000        ; 2.000          ; Min Period ; Clock ; Fall       ; REG_FILE:inst2|registers~554 ;
; -1.000 ; 1.000        ; 2.000          ; Min Period ; Clock ; Fall       ; REG_FILE:inst2|registers~555 ;
; -1.000 ; 1.000        ; 2.000          ; Min Period ; Clock ; Fall       ; REG_FILE:inst2|registers~556 ;
; -1.000 ; 1.000        ; 2.000          ; Min Period ; Clock ; Fall       ; REG_FILE:inst2|registers~557 ;
; -1.000 ; 1.000        ; 2.000          ; Min Period ; Clock ; Fall       ; REG_FILE:inst2|registers~558 ;
; -1.000 ; 1.000        ; 2.000          ; Min Period ; Clock ; Fall       ; REG_FILE:inst2|registers~559 ;
; -1.000 ; 1.000        ; 2.000          ; Min Period ; Clock ; Fall       ; REG_FILE:inst2|registers~560 ;
; -1.000 ; 1.000        ; 2.000          ; Min Period ; Clock ; Fall       ; REG_FILE:inst2|registers~561 ;
; -1.000 ; 1.000        ; 2.000          ; Min Period ; Clock ; Fall       ; REG_FILE:inst2|registers~562 ;
; -1.000 ; 1.000        ; 2.000          ; Min Period ; Clock ; Fall       ; REG_FILE:inst2|registers~563 ;
; -1.000 ; 1.000        ; 2.000          ; Min Period ; Clock ; Fall       ; REG_FILE:inst2|registers~564 ;
; -1.000 ; 1.000        ; 2.000          ; Min Period ; Clock ; Fall       ; REG_FILE:inst2|registers~565 ;
; -1.000 ; 1.000        ; 2.000          ; Min Period ; Clock ; Fall       ; REG_FILE:inst2|registers~566 ;
; -1.000 ; 1.000        ; 2.000          ; Min Period ; Clock ; Fall       ; REG_FILE:inst2|registers~567 ;
; -1.000 ; 1.000        ; 2.000          ; Min Period ; Clock ; Fall       ; REG_FILE:inst2|registers~568 ;
; -1.000 ; 1.000        ; 2.000          ; Min Period ; Clock ; Fall       ; REG_FILE:inst2|registers~569 ;
; -1.000 ; 1.000        ; 2.000          ; Min Period ; Clock ; Fall       ; REG_FILE:inst2|registers~570 ;
; -1.000 ; 1.000        ; 2.000          ; Min Period ; Clock ; Fall       ; REG_FILE:inst2|registers~571 ;
; -1.000 ; 1.000        ; 2.000          ; Min Period ; Clock ; Fall       ; REG_FILE:inst2|registers~572 ;
; -1.000 ; 1.000        ; 2.000          ; Min Period ; Clock ; Fall       ; REG_FILE:inst2|registers~573 ;
; -1.000 ; 1.000        ; 2.000          ; Min Period ; Clock ; Fall       ; REG_FILE:inst2|registers~574 ;
; -1.000 ; 1.000        ; 2.000          ; Min Period ; Clock ; Fall       ; REG_FILE:inst2|registers~575 ;
; -1.000 ; 1.000        ; 2.000          ; Min Period ; Clock ; Fall       ; REG_FILE:inst2|registers~576 ;
; -1.000 ; 1.000        ; 2.000          ; Min Period ; Clock ; Fall       ; REG_FILE:inst2|registers~577 ;
; -1.000 ; 1.000        ; 2.000          ; Min Period ; Clock ; Fall       ; REG_FILE:inst2|registers~578 ;
; -1.000 ; 1.000        ; 2.000          ; Min Period ; Clock ; Fall       ; REG_FILE:inst2|registers~579 ;
; -1.000 ; 1.000        ; 2.000          ; Min Period ; Clock ; Fall       ; REG_FILE:inst2|registers~580 ;
; -1.000 ; 1.000        ; 2.000          ; Min Period ; Clock ; Fall       ; REG_FILE:inst2|registers~581 ;
; -1.000 ; 1.000        ; 2.000          ; Min Period ; Clock ; Fall       ; REG_FILE:inst2|registers~582 ;
; -1.000 ; 1.000        ; 2.000          ; Min Period ; Clock ; Fall       ; REG_FILE:inst2|registers~583 ;
; -1.000 ; 1.000        ; 2.000          ; Min Period ; Clock ; Fall       ; REG_FILE:inst2|registers~584 ;
; -1.000 ; 1.000        ; 2.000          ; Min Period ; Clock ; Fall       ; REG_FILE:inst2|registers~585 ;
; -1.000 ; 1.000        ; 2.000          ; Min Period ; Clock ; Fall       ; REG_FILE:inst2|registers~586 ;
; -1.000 ; 1.000        ; 2.000          ; Min Period ; Clock ; Fall       ; REG_FILE:inst2|registers~587 ;
; -1.000 ; 1.000        ; 2.000          ; Min Period ; Clock ; Fall       ; REG_FILE:inst2|registers~588 ;
; -1.000 ; 1.000        ; 2.000          ; Min Period ; Clock ; Fall       ; REG_FILE:inst2|registers~589 ;
; -1.000 ; 1.000        ; 2.000          ; Min Period ; Clock ; Fall       ; REG_FILE:inst2|registers~590 ;
; -1.000 ; 1.000        ; 2.000          ; Min Period ; Clock ; Fall       ; REG_FILE:inst2|registers~591 ;
; -1.000 ; 1.000        ; 2.000          ; Min Period ; Clock ; Fall       ; REG_FILE:inst2|registers~592 ;
; -1.000 ; 1.000        ; 2.000          ; Min Period ; Clock ; Fall       ; REG_FILE:inst2|registers~593 ;
; -1.000 ; 1.000        ; 2.000          ; Min Period ; Clock ; Fall       ; REG_FILE:inst2|registers~594 ;
; -1.000 ; 1.000        ; 2.000          ; Min Period ; Clock ; Fall       ; REG_FILE:inst2|registers~595 ;
; -1.000 ; 1.000        ; 2.000          ; Min Period ; Clock ; Fall       ; REG_FILE:inst2|registers~596 ;
; -1.000 ; 1.000        ; 2.000          ; Min Period ; Clock ; Fall       ; REG_FILE:inst2|registers~597 ;
; -1.000 ; 1.000        ; 2.000          ; Min Period ; Clock ; Fall       ; REG_FILE:inst2|registers~598 ;
; -1.000 ; 1.000        ; 2.000          ; Min Period ; Clock ; Fall       ; REG_FILE:inst2|registers~599 ;
; -1.000 ; 1.000        ; 2.000          ; Min Period ; Clock ; Fall       ; REG_FILE:inst2|registers~600 ;
; -1.000 ; 1.000        ; 2.000          ; Min Period ; Clock ; Fall       ; REG_FILE:inst2|registers~601 ;
; -1.000 ; 1.000        ; 2.000          ; Min Period ; Clock ; Fall       ; REG_FILE:inst2|registers~602 ;
; -1.000 ; 1.000        ; 2.000          ; Min Period ; Clock ; Fall       ; REG_FILE:inst2|registers~603 ;
; -1.000 ; 1.000        ; 2.000          ; Min Period ; Clock ; Fall       ; REG_FILE:inst2|registers~604 ;
; -1.000 ; 1.000        ; 2.000          ; Min Period ; Clock ; Fall       ; REG_FILE:inst2|registers~605 ;
; -1.000 ; 1.000        ; 2.000          ; Min Period ; Clock ; Fall       ; REG_FILE:inst2|registers~606 ;
; -1.000 ; 1.000        ; 2.000          ; Min Period ; Clock ; Fall       ; REG_FILE:inst2|registers~607 ;
; -1.000 ; 1.000        ; 2.000          ; Min Period ; Clock ; Fall       ; REG_FILE:inst2|registers~608 ;
; -1.000 ; 1.000        ; 2.000          ; Min Period ; Clock ; Fall       ; REG_FILE:inst2|registers~609 ;
; -1.000 ; 1.000        ; 2.000          ; Min Period ; Clock ; Fall       ; REG_FILE:inst2|registers~610 ;
; -1.000 ; 1.000        ; 2.000          ; Min Period ; Clock ; Fall       ; REG_FILE:inst2|registers~611 ;
; -1.000 ; 1.000        ; 2.000          ; Min Period ; Clock ; Fall       ; REG_FILE:inst2|registers~612 ;
; -1.000 ; 1.000        ; 2.000          ; Min Period ; Clock ; Fall       ; REG_FILE:inst2|registers~613 ;
; -1.000 ; 1.000        ; 2.000          ; Min Period ; Clock ; Fall       ; REG_FILE:inst2|registers~614 ;
; -1.000 ; 1.000        ; 2.000          ; Min Period ; Clock ; Fall       ; REG_FILE:inst2|registers~615 ;
; -1.000 ; 1.000        ; 2.000          ; Min Period ; Clock ; Fall       ; REG_FILE:inst2|registers~616 ;
; -1.000 ; 1.000        ; 2.000          ; Min Period ; Clock ; Fall       ; REG_FILE:inst2|registers~617 ;
; -1.000 ; 1.000        ; 2.000          ; Min Period ; Clock ; Fall       ; REG_FILE:inst2|registers~618 ;
; -1.000 ; 1.000        ; 2.000          ; Min Period ; Clock ; Fall       ; REG_FILE:inst2|registers~619 ;
; -1.000 ; 1.000        ; 2.000          ; Min Period ; Clock ; Fall       ; REG_FILE:inst2|registers~620 ;
; -1.000 ; 1.000        ; 2.000          ; Min Period ; Clock ; Fall       ; REG_FILE:inst2|registers~621 ;
; -1.000 ; 1.000        ; 2.000          ; Min Period ; Clock ; Fall       ; REG_FILE:inst2|registers~622 ;
; -1.000 ; 1.000        ; 2.000          ; Min Period ; Clock ; Fall       ; REG_FILE:inst2|registers~623 ;
; -1.000 ; 1.000        ; 2.000          ; Min Period ; Clock ; Fall       ; REG_FILE:inst2|registers~624 ;
; -1.000 ; 1.000        ; 2.000          ; Min Period ; Clock ; Fall       ; REG_FILE:inst2|registers~625 ;
; -1.000 ; 1.000        ; 2.000          ; Min Period ; Clock ; Fall       ; REG_FILE:inst2|registers~626 ;
; -1.000 ; 1.000        ; 2.000          ; Min Period ; Clock ; Fall       ; REG_FILE:inst2|registers~627 ;
; -1.000 ; 1.000        ; 2.000          ; Min Period ; Clock ; Fall       ; REG_FILE:inst2|registers~628 ;
; -1.000 ; 1.000        ; 2.000          ; Min Period ; Clock ; Fall       ; REG_FILE:inst2|registers~629 ;
; -1.000 ; 1.000        ; 2.000          ; Min Period ; Clock ; Fall       ; REG_FILE:inst2|registers~630 ;
; -1.000 ; 1.000        ; 2.000          ; Min Period ; Clock ; Fall       ; REG_FILE:inst2|registers~631 ;
; -1.000 ; 1.000        ; 2.000          ; Min Period ; Clock ; Fall       ; REG_FILE:inst2|registers~632 ;
; -1.000 ; 1.000        ; 2.000          ; Min Period ; Clock ; Fall       ; REG_FILE:inst2|registers~633 ;
; -1.000 ; 1.000        ; 2.000          ; Min Period ; Clock ; Fall       ; REG_FILE:inst2|registers~634 ;
; -1.000 ; 1.000        ; 2.000          ; Min Period ; Clock ; Fall       ; REG_FILE:inst2|registers~635 ;
+--------+--------------+----------------+------------+-------+------------+------------------------------+


+-------------------------------------------------------------------------------+
; Clock to Output Times                                                         ;
+-----------------+------------+--------+--------+------------+-----------------+
; Data Port       ; Clock Port ; Rise   ; Fall   ; Clock Edge ; Clock Reference ;
+-----------------+------------+--------+--------+------------+-----------------+
; ALU_result[*]   ; Clock      ; 8.652  ; 8.942  ; Fall       ; Clock           ;
;  ALU_result[0]  ; Clock      ; 6.962  ; 7.133  ; Fall       ; Clock           ;
;  ALU_result[1]  ; Clock      ; 7.538  ; 7.774  ; Fall       ; Clock           ;
;  ALU_result[2]  ; Clock      ; 8.652  ; 8.942  ; Fall       ; Clock           ;
;  ALU_result[3]  ; Clock      ; 8.368  ; 8.716  ; Fall       ; Clock           ;
;  ALU_result[4]  ; Clock      ; 7.200  ; 7.381  ; Fall       ; Clock           ;
;  ALU_result[5]  ; Clock      ; 7.488  ; 7.697  ; Fall       ; Clock           ;
;  ALU_result[6]  ; Clock      ; 7.926  ; 8.166  ; Fall       ; Clock           ;
;  ALU_result[7]  ; Clock      ; 7.914  ; 8.150  ; Fall       ; Clock           ;
;  ALU_result[8]  ; Clock      ; 8.163  ; 8.420  ; Fall       ; Clock           ;
;  ALU_result[9]  ; Clock      ; 7.471  ; 7.646  ; Fall       ; Clock           ;
;  ALU_result[10] ; Clock      ; 7.976  ; 8.223  ; Fall       ; Clock           ;
;  ALU_result[11] ; Clock      ; 7.923  ; 8.127  ; Fall       ; Clock           ;
;  ALU_result[12] ; Clock      ; 7.885  ; 8.087  ; Fall       ; Clock           ;
;  ALU_result[13] ; Clock      ; 7.910  ; 8.111  ; Fall       ; Clock           ;
;  ALU_result[14] ; Clock      ; 8.219  ; 8.467  ; Fall       ; Clock           ;
;  ALU_result[15] ; Clock      ; 8.047  ; 8.268  ; Fall       ; Clock           ;
;  ALU_result[16] ; Clock      ; 8.343  ; 8.568  ; Fall       ; Clock           ;
;  ALU_result[17] ; Clock      ; 8.369  ; 8.629  ; Fall       ; Clock           ;
;  ALU_result[18] ; Clock      ; 8.448  ; 8.661  ; Fall       ; Clock           ;
;  ALU_result[19] ; Clock      ; 8.041  ; 8.244  ; Fall       ; Clock           ;
;  ALU_result[20] ; Clock      ; 8.365  ; 8.597  ; Fall       ; Clock           ;
;  ALU_result[21] ; Clock      ; 8.375  ; 8.602  ; Fall       ; Clock           ;
;  ALU_result[22] ; Clock      ; 8.461  ; 8.694  ; Fall       ; Clock           ;
;  ALU_result[23] ; Clock      ; 8.180  ; 8.361  ; Fall       ; Clock           ;
;  ALU_result[24] ; Clock      ; 8.168  ; 8.382  ; Fall       ; Clock           ;
;  ALU_result[25] ; Clock      ; 8.454  ; 8.703  ; Fall       ; Clock           ;
;  ALU_result[26] ; Clock      ; 8.166  ; 8.317  ; Fall       ; Clock           ;
;  ALU_result[27] ; Clock      ; 8.493  ; 8.685  ; Fall       ; Clock           ;
;  ALU_result[28] ; Clock      ; 8.251  ; 8.413  ; Fall       ; Clock           ;
;  ALU_result[29] ; Clock      ; 8.207  ; 8.382  ; Fall       ; Clock           ;
;  ALU_result[30] ; Clock      ; 8.634  ; 8.876  ; Fall       ; Clock           ;
;  ALU_result[31] ; Clock      ; 8.249  ; 8.401  ; Fall       ; Clock           ;
; HEX0[*]         ; Clock      ; 72.485 ; 72.596 ; Fall       ; Clock           ;
;  HEX0[0]        ; Clock      ; 72.306 ; 72.452 ; Fall       ; Clock           ;
;  HEX0[1]        ; Clock      ; 71.990 ; 72.207 ; Fall       ; Clock           ;
;  HEX0[2]        ; Clock      ; 72.485 ; 72.596 ; Fall       ; Clock           ;
;  HEX0[3]        ; Clock      ; 71.931 ; 72.046 ; Fall       ; Clock           ;
;  HEX0[4]        ; Clock      ; 72.205 ; 72.354 ; Fall       ; Clock           ;
;  HEX0[5]        ; Clock      ; 71.814 ; 71.920 ; Fall       ; Clock           ;
;  HEX0[6]        ; Clock      ; 71.695 ; 71.589 ; Fall       ; Clock           ;
; HEX1[*]         ; Clock      ; 73.955 ; 74.201 ; Fall       ; Clock           ;
;  HEX1[0]        ; Clock      ; 73.323 ; 73.339 ; Fall       ; Clock           ;
;  HEX1[1]        ; Clock      ; 73.311 ; 73.337 ; Fall       ; Clock           ;
;  HEX1[2]        ; Clock      ; 73.018 ; 73.068 ; Fall       ; Clock           ;
;  HEX1[3]        ; Clock      ; 73.372 ; 73.389 ; Fall       ; Clock           ;
;  HEX1[4]        ; Clock      ; 73.955 ; 74.201 ; Fall       ; Clock           ;
;  HEX1[5]        ; Clock      ; 73.027 ; 73.084 ; Fall       ; Clock           ;
;  HEX1[6]        ; Clock      ; 73.438 ; 73.272 ; Fall       ; Clock           ;
; HEX2[*]         ; Clock      ; 72.088 ; 72.292 ; Fall       ; Clock           ;
;  HEX2[0]        ; Clock      ; 72.060 ; 72.288 ; Fall       ; Clock           ;
;  HEX2[1]        ; Clock      ; 71.180 ; 71.306 ; Fall       ; Clock           ;
;  HEX2[2]        ; Clock      ; 71.063 ; 71.157 ; Fall       ; Clock           ;
;  HEX2[3]        ; Clock      ; 71.790 ; 71.985 ; Fall       ; Clock           ;
;  HEX2[4]        ; Clock      ; 71.043 ; 71.174 ; Fall       ; Clock           ;
;  HEX2[5]        ; Clock      ; 72.088 ; 72.292 ; Fall       ; Clock           ;
;  HEX2[6]        ; Clock      ; 71.694 ; 71.512 ; Fall       ; Clock           ;
; HEX3[*]         ; Clock      ; 72.482 ; 72.705 ; Fall       ; Clock           ;
;  HEX3[0]        ; Clock      ; 71.531 ; 71.667 ; Fall       ; Clock           ;
;  HEX3[1]        ; Clock      ; 71.390 ; 71.602 ; Fall       ; Clock           ;
;  HEX3[2]        ; Clock      ; 72.374 ; 72.544 ; Fall       ; Clock           ;
;  HEX3[3]        ; Clock      ; 72.336 ; 72.535 ; Fall       ; Clock           ;
;  HEX3[4]        ; Clock      ; 72.088 ; 72.299 ; Fall       ; Clock           ;
;  HEX3[5]        ; Clock      ; 72.482 ; 72.705 ; Fall       ; Clock           ;
;  HEX3[6]        ; Clock      ; 71.125 ; 70.994 ; Fall       ; Clock           ;
; HEX4[*]         ; Clock      ; 70.536 ; 70.705 ; Fall       ; Clock           ;
;  HEX4[0]        ; Clock      ; 70.536 ; 70.705 ; Fall       ; Clock           ;
;  HEX4[1]        ; Clock      ; 70.108 ; 70.243 ; Fall       ; Clock           ;
;  HEX4[2]        ; Clock      ; 69.718 ; 69.777 ; Fall       ; Clock           ;
;  HEX4[3]        ; Clock      ; 70.151 ; 70.255 ; Fall       ; Clock           ;
;  HEX4[4]        ; Clock      ; 70.194 ; 70.322 ; Fall       ; Clock           ;
;  HEX4[5]        ; Clock      ; 70.450 ; 70.595 ; Fall       ; Clock           ;
;  HEX4[6]        ; Clock      ; 70.448 ; 70.321 ; Fall       ; Clock           ;
; HEX5[*]         ; Clock      ; 67.346 ; 67.475 ; Fall       ; Clock           ;
;  HEX5[0]        ; Clock      ; 66.881 ; 66.933 ; Fall       ; Clock           ;
;  HEX5[1]        ; Clock      ; 67.129 ; 67.219 ; Fall       ; Clock           ;
;  HEX5[2]        ; Clock      ; 67.079 ; 67.219 ; Fall       ; Clock           ;
;  HEX5[3]        ; Clock      ; 67.144 ; 67.229 ; Fall       ; Clock           ;
;  HEX5[4]        ; Clock      ; 67.346 ; 67.475 ; Fall       ; Clock           ;
;  HEX5[5]        ; Clock      ; 66.669 ; 66.777 ; Fall       ; Clock           ;
;  HEX5[6]        ; Clock      ; 67.282 ; 67.164 ; Fall       ; Clock           ;
; HEX6[*]         ; Clock      ; 64.062 ; 64.362 ; Fall       ; Clock           ;
;  HEX6[0]        ; Clock      ; 62.910 ; 62.975 ; Fall       ; Clock           ;
;  HEX6[1]        ; Clock      ; 62.817 ; 62.907 ; Fall       ; Clock           ;
;  HEX6[2]        ; Clock      ; 64.062 ; 64.362 ; Fall       ; Clock           ;
;  HEX6[3]        ; Clock      ; 62.904 ; 62.973 ; Fall       ; Clock           ;
;  HEX6[4]        ; Clock      ; 62.621 ; 62.654 ; Fall       ; Clock           ;
;  HEX6[5]        ; Clock      ; 63.745 ; 63.920 ; Fall       ; Clock           ;
;  HEX6[6]        ; Clock      ; 62.852 ; 62.749 ; Fall       ; Clock           ;
; HEX7[*]         ; Clock      ; 62.502 ; 62.634 ; Fall       ; Clock           ;
;  HEX7[0]        ; Clock      ; 62.467 ; 62.576 ; Fall       ; Clock           ;
;  HEX7[1]        ; Clock      ; 62.400 ; 62.516 ; Fall       ; Clock           ;
;  HEX7[2]        ; Clock      ; 62.330 ; 62.469 ; Fall       ; Clock           ;
;  HEX7[3]        ; Clock      ; 62.458 ; 62.569 ; Fall       ; Clock           ;
;  HEX7[4]        ; Clock      ; 62.502 ; 62.634 ; Fall       ; Clock           ;
;  HEX7[5]        ; Clock      ; 62.224 ; 62.317 ; Fall       ; Clock           ;
;  HEX7[6]        ; Clock      ; 62.479 ; 62.322 ; Fall       ; Clock           ;
; PC[*]           ; Clock      ; 5.387  ; 5.657  ; Fall       ; Clock           ;
;  PC[2]          ; Clock      ; 5.290  ; 5.532  ; Fall       ; Clock           ;
;  PC[3]          ; Clock      ; 4.896  ; 5.098  ; Fall       ; Clock           ;
;  PC[4]          ; Clock      ; 5.058  ; 5.267  ; Fall       ; Clock           ;
;  PC[7]          ; Clock      ; 4.906  ; 5.063  ; Fall       ; Clock           ;
;  PC[13]         ; Clock      ; 4.348  ; 4.464  ; Fall       ; Clock           ;
;  PC[14]         ; Clock      ; 4.164  ; 4.254  ; Fall       ; Clock           ;
;  PC[17]         ; Clock      ; 4.163  ; 4.257  ; Fall       ; Clock           ;
;  PC[18]         ; Clock      ; 4.835  ; 5.032  ; Fall       ; Clock           ;
;  PC[19]         ; Clock      ; 4.852  ; 4.999  ; Fall       ; Clock           ;
;  PC[22]         ; Clock      ; 4.832  ; 5.011  ; Fall       ; Clock           ;
;  PC[23]         ; Clock      ; 5.387  ; 5.657  ; Fall       ; Clock           ;
;  PC[24]         ; Clock      ; 4.356  ; 4.482  ; Fall       ; Clock           ;
;  PC[27]         ; Clock      ; 5.280  ; 5.549  ; Fall       ; Clock           ;
; RD1[*]          ; Clock      ; 6.372  ; 6.641  ; Fall       ; Clock           ;
;  RD1[0]         ; Clock      ; 5.781  ; 6.027  ; Fall       ; Clock           ;
;  RD1[1]         ; Clock      ; 5.537  ; 5.613  ; Fall       ; Clock           ;
;  RD1[2]         ; Clock      ; 5.879  ; 6.058  ; Fall       ; Clock           ;
;  RD1[3]         ; Clock      ; 5.518  ; 5.637  ; Fall       ; Clock           ;
;  RD1[4]         ; Clock      ; 5.399  ; 5.533  ; Fall       ; Clock           ;
;  RD1[5]         ; Clock      ; 5.662  ; 5.783  ; Fall       ; Clock           ;
;  RD1[6]         ; Clock      ; 5.799  ; 5.996  ; Fall       ; Clock           ;
;  RD1[7]         ; Clock      ; 5.667  ; 5.824  ; Fall       ; Clock           ;
;  RD1[8]         ; Clock      ; 5.829  ; 6.004  ; Fall       ; Clock           ;
;  RD1[9]         ; Clock      ; 6.355  ; 6.512  ; Fall       ; Clock           ;
;  RD1[10]        ; Clock      ; 5.985  ; 6.170  ; Fall       ; Clock           ;
;  RD1[11]        ; Clock      ; 5.972  ; 6.147  ; Fall       ; Clock           ;
;  RD1[12]        ; Clock      ; 6.106  ; 6.319  ; Fall       ; Clock           ;
;  RD1[13]        ; Clock      ; 6.350  ; 6.555  ; Fall       ; Clock           ;
;  RD1[14]        ; Clock      ; 5.547  ; 5.793  ; Fall       ; Clock           ;
;  RD1[15]        ; Clock      ; 6.095  ; 6.237  ; Fall       ; Clock           ;
;  RD1[16]        ; Clock      ; 6.149  ; 6.370  ; Fall       ; Clock           ;
;  RD1[17]        ; Clock      ; 5.855  ; 6.060  ; Fall       ; Clock           ;
;  RD1[18]        ; Clock      ; 6.105  ; 6.303  ; Fall       ; Clock           ;
;  RD1[19]        ; Clock      ; 5.895  ; 6.040  ; Fall       ; Clock           ;
;  RD1[20]        ; Clock      ; 5.448  ; 5.547  ; Fall       ; Clock           ;
;  RD1[21]        ; Clock      ; 6.315  ; 6.581  ; Fall       ; Clock           ;
;  RD1[22]        ; Clock      ; 6.284  ; 6.503  ; Fall       ; Clock           ;
;  RD1[23]        ; Clock      ; 6.130  ; 6.317  ; Fall       ; Clock           ;
;  RD1[24]        ; Clock      ; 5.786  ; 5.969  ; Fall       ; Clock           ;
;  RD1[25]        ; Clock      ; 5.968  ; 6.085  ; Fall       ; Clock           ;
;  RD1[26]        ; Clock      ; 5.420  ; 5.514  ; Fall       ; Clock           ;
;  RD1[27]        ; Clock      ; 5.812  ; 5.902  ; Fall       ; Clock           ;
;  RD1[28]        ; Clock      ; 5.976  ; 6.183  ; Fall       ; Clock           ;
;  RD1[29]        ; Clock      ; 6.186  ; 6.293  ; Fall       ; Clock           ;
;  RD1[30]        ; Clock      ; 6.081  ; 6.358  ; Fall       ; Clock           ;
;  RD1[31]        ; Clock      ; 6.372  ; 6.641  ; Fall       ; Clock           ;
; RD2[*]          ; Clock      ; 8.179  ; 8.536  ; Fall       ; Clock           ;
;  RD2[0]         ; Clock      ; 7.015  ; 7.285  ; Fall       ; Clock           ;
;  RD2[1]         ; Clock      ; 7.013  ; 7.313  ; Fall       ; Clock           ;
;  RD2[2]         ; Clock      ; 5.899  ; 6.045  ; Fall       ; Clock           ;
;  RD2[3]         ; Clock      ; 6.997  ; 7.288  ; Fall       ; Clock           ;
;  RD2[4]         ; Clock      ; 8.179  ; 8.536  ; Fall       ; Clock           ;
;  RD2[5]         ; Clock      ; 6.940  ; 7.130  ; Fall       ; Clock           ;
;  RD2[6]         ; Clock      ; 6.919  ; 7.167  ; Fall       ; Clock           ;
;  RD2[7]         ; Clock      ; 7.053  ; 7.312  ; Fall       ; Clock           ;
;  RD2[8]         ; Clock      ; 6.732  ; 6.948  ; Fall       ; Clock           ;
;  RD2[9]         ; Clock      ; 6.220  ; 6.407  ; Fall       ; Clock           ;
;  RD2[10]        ; Clock      ; 7.449  ; 7.753  ; Fall       ; Clock           ;
;  RD2[11]        ; Clock      ; 6.597  ; 6.826  ; Fall       ; Clock           ;
;  RD2[12]        ; Clock      ; 6.929  ; 7.177  ; Fall       ; Clock           ;
;  RD2[13]        ; Clock      ; 7.118  ; 7.444  ; Fall       ; Clock           ;
;  RD2[14]        ; Clock      ; 6.681  ; 6.867  ; Fall       ; Clock           ;
;  RD2[15]        ; Clock      ; 7.358  ; 7.670  ; Fall       ; Clock           ;
;  RD2[16]        ; Clock      ; 7.996  ; 8.441  ; Fall       ; Clock           ;
;  RD2[17]        ; Clock      ; 6.696  ; 6.882  ; Fall       ; Clock           ;
;  RD2[18]        ; Clock      ; 7.082  ; 7.334  ; Fall       ; Clock           ;
;  RD2[19]        ; Clock      ; 6.473  ; 6.658  ; Fall       ; Clock           ;
;  RD2[20]        ; Clock      ; 6.530  ; 6.703  ; Fall       ; Clock           ;
;  RD2[21]        ; Clock      ; 6.625  ; 6.855  ; Fall       ; Clock           ;
;  RD2[22]        ; Clock      ; 7.171  ; 7.479  ; Fall       ; Clock           ;
;  RD2[23]        ; Clock      ; 6.122  ; 6.287  ; Fall       ; Clock           ;
;  RD2[24]        ; Clock      ; 6.826  ; 7.070  ; Fall       ; Clock           ;
;  RD2[25]        ; Clock      ; 7.233  ; 7.650  ; Fall       ; Clock           ;
;  RD2[26]        ; Clock      ; 7.321  ; 7.618  ; Fall       ; Clock           ;
;  RD2[27]        ; Clock      ; 6.380  ; 6.602  ; Fall       ; Clock           ;
;  RD2[28]        ; Clock      ; 6.461  ; 6.667  ; Fall       ; Clock           ;
;  RD2[29]        ; Clock      ; 7.999  ; 8.400  ; Fall       ; Clock           ;
;  RD2[30]        ; Clock      ; 6.749  ; 6.906  ; Fall       ; Clock           ;
;  RD2[31]        ; Clock      ; 6.920  ; 7.127  ; Fall       ; Clock           ;
+-----------------+------------+--------+--------+------------+-----------------+


+-------------------------------------------------------------------------------+
; Minimum Clock to Output Times                                                 ;
+-----------------+------------+--------+--------+------------+-----------------+
; Data Port       ; Clock Port ; Rise   ; Fall   ; Clock Edge ; Clock Reference ;
+-----------------+------------+--------+--------+------------+-----------------+
; ALU_result[*]   ; Clock      ; 5.040  ; 5.225  ; Fall       ; Clock           ;
;  ALU_result[0]  ; Clock      ; 5.040  ; 5.225  ; Fall       ; Clock           ;
;  ALU_result[1]  ; Clock      ; 5.683  ; 5.889  ; Fall       ; Clock           ;
;  ALU_result[2]  ; Clock      ; 6.504  ; 6.752  ; Fall       ; Clock           ;
;  ALU_result[3]  ; Clock      ; 6.368  ; 6.662  ; Fall       ; Clock           ;
;  ALU_result[4]  ; Clock      ; 5.292  ; 5.493  ; Fall       ; Clock           ;
;  ALU_result[5]  ; Clock      ; 5.632  ; 5.766  ; Fall       ; Clock           ;
;  ALU_result[6]  ; Clock      ; 5.585  ; 5.815  ; Fall       ; Clock           ;
;  ALU_result[7]  ; Clock      ; 5.597  ; 5.862  ; Fall       ; Clock           ;
;  ALU_result[8]  ; Clock      ; 5.648  ; 5.872  ; Fall       ; Clock           ;
;  ALU_result[9]  ; Clock      ; 5.093  ; 5.349  ; Fall       ; Clock           ;
;  ALU_result[10] ; Clock      ; 5.762  ; 5.977  ; Fall       ; Clock           ;
;  ALU_result[11] ; Clock      ; 5.503  ; 5.698  ; Fall       ; Clock           ;
;  ALU_result[12] ; Clock      ; 5.416  ; 5.641  ; Fall       ; Clock           ;
;  ALU_result[13] ; Clock      ; 5.322  ; 5.527  ; Fall       ; Clock           ;
;  ALU_result[14] ; Clock      ; 5.751  ; 5.970  ; Fall       ; Clock           ;
;  ALU_result[15] ; Clock      ; 5.536  ; 5.717  ; Fall       ; Clock           ;
;  ALU_result[16] ; Clock      ; 5.852  ; 6.076  ; Fall       ; Clock           ;
;  ALU_result[17] ; Clock      ; 5.879  ; 6.118  ; Fall       ; Clock           ;
;  ALU_result[18] ; Clock      ; 5.722  ; 5.891  ; Fall       ; Clock           ;
;  ALU_result[19] ; Clock      ; 5.359  ; 5.532  ; Fall       ; Clock           ;
;  ALU_result[20] ; Clock      ; 5.669  ; 5.892  ; Fall       ; Clock           ;
;  ALU_result[21] ; Clock      ; 5.545  ; 5.745  ; Fall       ; Clock           ;
;  ALU_result[22] ; Clock      ; 5.439  ; 5.649  ; Fall       ; Clock           ;
;  ALU_result[23] ; Clock      ; 5.503  ; 5.701  ; Fall       ; Clock           ;
;  ALU_result[24] ; Clock      ; 5.355  ; 5.593  ; Fall       ; Clock           ;
;  ALU_result[25] ; Clock      ; 5.573  ; 5.835  ; Fall       ; Clock           ;
;  ALU_result[26] ; Clock      ; 5.260  ; 5.426  ; Fall       ; Clock           ;
;  ALU_result[27] ; Clock      ; 5.619  ; 5.813  ; Fall       ; Clock           ;
;  ALU_result[28] ; Clock      ; 5.521  ; 5.744  ; Fall       ; Clock           ;
;  ALU_result[29] ; Clock      ; 5.337  ; 5.526  ; Fall       ; Clock           ;
;  ALU_result[30] ; Clock      ; 5.920  ; 6.138  ; Fall       ; Clock           ;
;  ALU_result[31] ; Clock      ; 5.404  ; 5.614  ; Fall       ; Clock           ;
; HEX0[*]         ; Clock      ; 5.507  ; 5.563  ; Fall       ; Clock           ;
;  HEX0[0]        ; Clock      ; 6.106  ; 6.282  ; Fall       ; Clock           ;
;  HEX0[1]        ; Clock      ; 5.858  ; 6.003  ; Fall       ; Clock           ;
;  HEX0[2]        ; Clock      ; 6.481  ; 6.473  ; Fall       ; Clock           ;
;  HEX0[3]        ; Clock      ; 5.705  ; 5.887  ; Fall       ; Clock           ;
;  HEX0[4]        ; Clock      ; 5.979  ; 6.300  ; Fall       ; Clock           ;
;  HEX0[5]        ; Clock      ; 5.595  ; 5.919  ; Fall       ; Clock           ;
;  HEX0[6]        ; Clock      ; 5.507  ; 5.563  ; Fall       ; Clock           ;
; HEX1[*]         ; Clock      ; 7.727  ; 7.820  ; Fall       ; Clock           ;
;  HEX1[0]        ; Clock      ; 7.971  ; 8.064  ; Fall       ; Clock           ;
;  HEX1[1]        ; Clock      ; 7.965  ; 8.062  ; Fall       ; Clock           ;
;  HEX1[2]        ; Clock      ; 7.846  ; 7.820  ; Fall       ; Clock           ;
;  HEX1[3]        ; Clock      ; 8.018  ; 8.112  ; Fall       ; Clock           ;
;  HEX1[4]        ; Clock      ; 8.623  ; 8.971  ; Fall       ; Clock           ;
;  HEX1[5]        ; Clock      ; 7.727  ; 7.955  ; Fall       ; Clock           ;
;  HEX1[6]        ; Clock      ; 8.102  ; 8.146  ; Fall       ; Clock           ;
; HEX2[*]         ; Clock      ; 8.977  ; 9.092  ; Fall       ; Clock           ;
;  HEX2[0]        ; Clock      ; 9.946  ; 10.160 ; Fall       ; Clock           ;
;  HEX2[1]        ; Clock      ; 9.095  ; 9.218  ; Fall       ; Clock           ;
;  HEX2[2]        ; Clock      ; 9.052  ; 9.092  ; Fall       ; Clock           ;
;  HEX2[3]        ; Clock      ; 9.689  ; 9.870  ; Fall       ; Clock           ;
;  HEX2[4]        ; Clock      ; 8.977  ; 9.157  ; Fall       ; Clock           ;
;  HEX2[5]        ; Clock      ; 9.958  ; 10.235 ; Fall       ; Clock           ;
;  HEX2[6]        ; Clock      ; 9.589  ; 9.501  ; Fall       ; Clock           ;
; HEX3[*]         ; Clock      ; 10.427 ; 10.424 ; Fall       ; Clock           ;
;  HEX3[0]        ; Clock      ; 10.818 ; 10.979 ; Fall       ; Clock           ;
;  HEX3[1]        ; Clock      ; 10.742 ; 10.877 ; Fall       ; Clock           ;
;  HEX3[2]        ; Clock      ; 11.789 ; 11.901 ; Fall       ; Clock           ;
;  HEX3[3]        ; Clock      ; 11.602 ; 11.860 ; Fall       ; Clock           ;
;  HEX3[4]        ; Clock      ; 11.335 ; 11.669 ; Fall       ; Clock           ;
;  HEX3[5]        ; Clock      ; 11.704 ; 12.208 ; Fall       ; Clock           ;
;  HEX3[6]        ; Clock      ; 10.427 ; 10.424 ; Fall       ; Clock           ;
; HEX4[*]         ; Clock      ; 12.417 ; 12.485 ; Fall       ; Clock           ;
;  HEX4[0]        ; Clock      ; 13.189 ; 13.346 ; Fall       ; Clock           ;
;  HEX4[1]        ; Clock      ; 12.773 ; 12.887 ; Fall       ; Clock           ;
;  HEX4[2]        ; Clock      ; 12.417 ; 12.485 ; Fall       ; Clock           ;
;  HEX4[3]        ; Clock      ; 12.769 ; 12.881 ; Fall       ; Clock           ;
;  HEX4[4]        ; Clock      ; 12.856 ; 12.978 ; Fall       ; Clock           ;
;  HEX4[5]        ; Clock      ; 13.097 ; 13.315 ; Fall       ; Clock           ;
;  HEX4[6]        ; Clock      ; 13.104 ; 12.977 ; Fall       ; Clock           ;
; HEX5[*]         ; Clock      ; 13.870 ; 13.981 ; Fall       ; Clock           ;
;  HEX5[0]        ; Clock      ; 14.014 ; 14.120 ; Fall       ; Clock           ;
;  HEX5[1]        ; Clock      ; 14.307 ; 14.395 ; Fall       ; Clock           ;
;  HEX5[2]        ; Clock      ; 14.262 ; 14.405 ; Fall       ; Clock           ;
;  HEX5[3]        ; Clock      ; 14.268 ; 14.387 ; Fall       ; Clock           ;
;  HEX5[4]        ; Clock      ; 14.489 ; 14.666 ; Fall       ; Clock           ;
;  HEX5[5]        ; Clock      ; 13.870 ; 13.981 ; Fall       ; Clock           ;
;  HEX5[6]        ; Clock      ; 14.425 ; 14.296 ; Fall       ; Clock           ;
; HEX6[*]         ; Clock      ; 14.973 ; 14.895 ; Fall       ; Clock           ;
;  HEX6[0]        ; Clock      ; 15.118 ; 15.210 ; Fall       ; Clock           ;
;  HEX6[1]        ; Clock      ; 15.039 ; 15.110 ; Fall       ; Clock           ;
;  HEX6[2]        ; Clock      ; 16.252 ; 16.650 ; Fall       ; Clock           ;
;  HEX6[3]        ; Clock      ; 15.100 ; 15.192 ; Fall       ; Clock           ;
;  HEX6[4]        ; Clock      ; 14.973 ; 14.895 ; Fall       ; Clock           ;
;  HEX6[5]        ; Clock      ; 16.126 ; 16.118 ; Fall       ; Clock           ;
;  HEX6[6]        ; Clock      ; 15.190 ; 14.974 ; Fall       ; Clock           ;
; HEX7[*]         ; Clock      ; 16.268 ; 16.349 ; Fall       ; Clock           ;
;  HEX7[0]        ; Clock      ; 16.488 ; 16.612 ; Fall       ; Clock           ;
;  HEX7[1]        ; Clock      ; 16.450 ; 16.561 ; Fall       ; Clock           ;
;  HEX7[2]        ; Clock      ; 16.395 ; 16.553 ; Fall       ; Clock           ;
;  HEX7[3]        ; Clock      ; 16.477 ; 16.589 ; Fall       ; Clock           ;
;  HEX7[4]        ; Clock      ; 16.568 ; 16.641 ; Fall       ; Clock           ;
;  HEX7[5]        ; Clock      ; 16.268 ; 16.349 ; Fall       ; Clock           ;
;  HEX7[6]        ; Clock      ; 16.520 ; 16.389 ; Fall       ; Clock           ;
; PC[*]           ; Clock      ; 4.041  ; 4.130  ; Fall       ; Clock           ;
;  PC[2]          ; Clock      ; 5.122  ; 5.355  ; Fall       ; Clock           ;
;  PC[3]          ; Clock      ; 4.741  ; 4.934  ; Fall       ; Clock           ;
;  PC[4]          ; Clock      ; 4.897  ; 5.098  ; Fall       ; Clock           ;
;  PC[7]          ; Clock      ; 4.753  ; 4.903  ; Fall       ; Clock           ;
;  PC[13]         ; Clock      ; 4.220  ; 4.332  ; Fall       ; Clock           ;
;  PC[14]         ; Clock      ; 4.043  ; 4.130  ; Fall       ; Clock           ;
;  PC[17]         ; Clock      ; 4.041  ; 4.132  ; Fall       ; Clock           ;
;  PC[18]         ; Clock      ; 4.683  ; 4.873  ; Fall       ; Clock           ;
;  PC[19]         ; Clock      ; 4.702  ; 4.845  ; Fall       ; Clock           ;
;  PC[22]         ; Clock      ; 4.684  ; 4.857  ; Fall       ; Clock           ;
;  PC[23]         ; Clock      ; 5.217  ; 5.477  ; Fall       ; Clock           ;
;  PC[24]         ; Clock      ; 4.227  ; 4.349  ; Fall       ; Clock           ;
;  PC[27]         ; Clock      ; 5.115  ; 5.374  ; Fall       ; Clock           ;
; RD1[*]          ; Clock      ; 4.520  ; 4.608  ; Fall       ; Clock           ;
;  RD1[0]         ; Clock      ; 5.050  ; 5.242  ; Fall       ; Clock           ;
;  RD1[1]         ; Clock      ; 5.030  ; 5.179  ; Fall       ; Clock           ;
;  RD1[2]         ; Clock      ; 5.096  ; 5.328  ; Fall       ; Clock           ;
;  RD1[3]         ; Clock      ; 4.751  ; 4.921  ; Fall       ; Clock           ;
;  RD1[4]         ; Clock      ; 4.725  ; 4.913  ; Fall       ; Clock           ;
;  RD1[5]         ; Clock      ; 5.081  ; 5.211  ; Fall       ; Clock           ;
;  RD1[6]         ; Clock      ; 5.028  ; 5.264  ; Fall       ; Clock           ;
;  RD1[7]         ; Clock      ; 5.061  ; 5.246  ; Fall       ; Clock           ;
;  RD1[8]         ; Clock      ; 4.823  ; 4.958  ; Fall       ; Clock           ;
;  RD1[9]         ; Clock      ; 5.447  ; 5.666  ; Fall       ; Clock           ;
;  RD1[10]        ; Clock      ; 5.087  ; 5.280  ; Fall       ; Clock           ;
;  RD1[11]        ; Clock      ; 5.165  ; 5.336  ; Fall       ; Clock           ;
;  RD1[12]        ; Clock      ; 5.221  ; 5.440  ; Fall       ; Clock           ;
;  RD1[13]        ; Clock      ; 5.402  ; 5.605  ; Fall       ; Clock           ;
;  RD1[14]        ; Clock      ; 4.682  ; 4.795  ; Fall       ; Clock           ;
;  RD1[15]        ; Clock      ; 5.062  ; 5.255  ; Fall       ; Clock           ;
;  RD1[16]        ; Clock      ; 5.392  ; 5.618  ; Fall       ; Clock           ;
;  RD1[17]        ; Clock      ; 5.404  ; 5.603  ; Fall       ; Clock           ;
;  RD1[18]        ; Clock      ; 5.203  ; 5.408  ; Fall       ; Clock           ;
;  RD1[19]        ; Clock      ; 5.090  ; 5.232  ; Fall       ; Clock           ;
;  RD1[20]        ; Clock      ; 4.661  ; 4.757  ; Fall       ; Clock           ;
;  RD1[21]        ; Clock      ; 5.556  ; 5.814  ; Fall       ; Clock           ;
;  RD1[22]        ; Clock      ; 5.242  ; 5.456  ; Fall       ; Clock           ;
;  RD1[23]        ; Clock      ; 5.416  ; 5.623  ; Fall       ; Clock           ;
;  RD1[24]        ; Clock      ; 4.761  ; 4.896  ; Fall       ; Clock           ;
;  RD1[25]        ; Clock      ; 4.938  ; 5.053  ; Fall       ; Clock           ;
;  RD1[26]        ; Clock      ; 4.520  ; 4.608  ; Fall       ; Clock           ;
;  RD1[27]        ; Clock      ; 4.893  ; 5.016  ; Fall       ; Clock           ;
;  RD1[28]        ; Clock      ; 5.084  ; 5.286  ; Fall       ; Clock           ;
;  RD1[29]        ; Clock      ; 5.251  ; 5.391  ; Fall       ; Clock           ;
;  RD1[30]        ; Clock      ; 5.522  ; 5.680  ; Fall       ; Clock           ;
;  RD1[31]        ; Clock      ; 5.214  ; 5.447  ; Fall       ; Clock           ;
; RD2[*]          ; Clock      ; 4.852  ; 4.857  ; Fall       ; Clock           ;
;  RD2[0]         ; Clock      ; 5.664  ; 5.647  ; Fall       ; Clock           ;
;  RD2[1]         ; Clock      ; 5.724  ; 5.853  ; Fall       ; Clock           ;
;  RD2[2]         ; Clock      ; 5.180  ; 5.224  ; Fall       ; Clock           ;
;  RD2[3]         ; Clock      ; 5.451  ; 5.542  ; Fall       ; Clock           ;
;  RD2[4]         ; Clock      ; 6.590  ; 6.783  ; Fall       ; Clock           ;
;  RD2[5]         ; Clock      ; 5.196  ; 5.204  ; Fall       ; Clock           ;
;  RD2[6]         ; Clock      ; 5.772  ; 5.897  ; Fall       ; Clock           ;
;  RD2[7]         ; Clock      ; 5.851  ; 5.989  ; Fall       ; Clock           ;
;  RD2[8]         ; Clock      ; 5.344  ; 5.395  ; Fall       ; Clock           ;
;  RD2[9]         ; Clock      ; 5.269  ; 5.320  ; Fall       ; Clock           ;
;  RD2[10]        ; Clock      ; 5.601  ; 5.726  ; Fall       ; Clock           ;
;  RD2[11]        ; Clock      ; 5.378  ; 5.612  ; Fall       ; Clock           ;
;  RD2[12]        ; Clock      ; 5.049  ; 5.166  ; Fall       ; Clock           ;
;  RD2[13]        ; Clock      ; 5.881  ; 5.944  ; Fall       ; Clock           ;
;  RD2[14]        ; Clock      ; 4.904  ; 4.910  ; Fall       ; Clock           ;
;  RD2[15]        ; Clock      ; 5.864  ; 5.907  ; Fall       ; Clock           ;
;  RD2[16]        ; Clock      ; 6.251  ; 6.479  ; Fall       ; Clock           ;
;  RD2[17]        ; Clock      ; 5.325  ; 5.486  ; Fall       ; Clock           ;
;  RD2[18]        ; Clock      ; 5.630  ; 5.629  ; Fall       ; Clock           ;
;  RD2[19]        ; Clock      ; 5.120  ; 5.213  ; Fall       ; Clock           ;
;  RD2[20]        ; Clock      ; 5.101  ; 5.164  ; Fall       ; Clock           ;
;  RD2[21]        ; Clock      ; 5.495  ; 5.560  ; Fall       ; Clock           ;
;  RD2[22]        ; Clock      ; 5.819  ; 5.867  ; Fall       ; Clock           ;
;  RD2[23]        ; Clock      ; 4.852  ; 4.857  ; Fall       ; Clock           ;
;  RD2[24]        ; Clock      ; 5.536  ; 5.606  ; Fall       ; Clock           ;
;  RD2[25]        ; Clock      ; 5.770  ; 5.915  ; Fall       ; Clock           ;
;  RD2[26]        ; Clock      ; 5.910  ; 5.926  ; Fall       ; Clock           ;
;  RD2[27]        ; Clock      ; 5.326  ; 5.437  ; Fall       ; Clock           ;
;  RD2[28]        ; Clock      ; 5.095  ; 5.105  ; Fall       ; Clock           ;
;  RD2[29]        ; Clock      ; 6.795  ; 6.915  ; Fall       ; Clock           ;
;  RD2[30]        ; Clock      ; 5.467  ; 5.537  ; Fall       ; Clock           ;
;  RD2[31]        ; Clock      ; 4.856  ; 4.888  ; Fall       ; Clock           ;
+-----------------+------------+--------+--------+------------+-----------------+


---------------------------------------------
; Fast 1200mV 0C Model Metastability Report ;
---------------------------------------------
No synchronizer chains to report.


+--------------------------------------------------------------------------------+
; Multicorner Timing Analysis Summary                                            ;
+------------------+----------+-------+----------+---------+---------------------+
; Clock            ; Setup    ; Hold  ; Recovery ; Removal ; Minimum Pulse Width ;
+------------------+----------+-------+----------+---------+---------------------+
; Worst-case Slack ; -7.149   ; 0.180 ; N/A      ; N/A     ; -3.000              ;
;  Clock           ; -7.149   ; 0.180 ; N/A      ; N/A     ; -3.000              ;
; Design-wide TNS  ; -795.16  ; 0.0   ; 0.0      ; 0.0     ; -184.185            ;
;  Clock           ; -795.160 ; 0.000 ; N/A      ; N/A     ; -184.185            ;
+------------------+----------+-------+----------+---------+---------------------+


+---------------------------------------------------------------------------------+
; Clock to Output Times                                                           ;
+-----------------+------------+---------+---------+------------+-----------------+
; Data Port       ; Clock Port ; Rise    ; Fall    ; Clock Edge ; Clock Reference ;
+-----------------+------------+---------+---------+------------+-----------------+
; ALU_result[*]   ; Clock      ; 16.314  ; 16.321  ; Fall       ; Clock           ;
;  ALU_result[0]  ; Clock      ; 13.065  ; 12.905  ; Fall       ; Clock           ;
;  ALU_result[1]  ; Clock      ; 14.180  ; 14.097  ; Fall       ; Clock           ;
;  ALU_result[2]  ; Clock      ; 16.298  ; 16.169  ; Fall       ; Clock           ;
;  ALU_result[3]  ; Clock      ; 15.934  ; 15.830  ; Fall       ; Clock           ;
;  ALU_result[4]  ; Clock      ; 13.610  ; 13.568  ; Fall       ; Clock           ;
;  ALU_result[5]  ; Clock      ; 14.137  ; 14.010  ; Fall       ; Clock           ;
;  ALU_result[6]  ; Clock      ; 15.081  ; 15.007  ; Fall       ; Clock           ;
;  ALU_result[7]  ; Clock      ; 14.918  ; 14.882  ; Fall       ; Clock           ;
;  ALU_result[8]  ; Clock      ; 15.475  ; 15.376  ; Fall       ; Clock           ;
;  ALU_result[9]  ; Clock      ; 13.993  ; 13.918  ; Fall       ; Clock           ;
;  ALU_result[10] ; Clock      ; 14.961  ; 14.966  ; Fall       ; Clock           ;
;  ALU_result[11] ; Clock      ; 14.901  ; 14.861  ; Fall       ; Clock           ;
;  ALU_result[12] ; Clock      ; 14.909  ; 14.861  ; Fall       ; Clock           ;
;  ALU_result[13] ; Clock      ; 14.901  ; 14.820  ; Fall       ; Clock           ;
;  ALU_result[14] ; Clock      ; 15.550  ; 15.499  ; Fall       ; Clock           ;
;  ALU_result[15] ; Clock      ; 15.191  ; 15.164  ; Fall       ; Clock           ;
;  ALU_result[16] ; Clock      ; 15.810  ; 15.678  ; Fall       ; Clock           ;
;  ALU_result[17] ; Clock      ; 15.855  ; 15.817  ; Fall       ; Clock           ;
;  ALU_result[18] ; Clock      ; 15.955  ; 15.811  ; Fall       ; Clock           ;
;  ALU_result[19] ; Clock      ; 15.134  ; 15.071  ; Fall       ; Clock           ;
;  ALU_result[20] ; Clock      ; 15.915  ; 15.797  ; Fall       ; Clock           ;
;  ALU_result[21] ; Clock      ; 15.807  ; 15.765  ; Fall       ; Clock           ;
;  ALU_result[22] ; Clock      ; 15.983  ; 15.959  ; Fall       ; Clock           ;
;  ALU_result[23] ; Clock      ; 15.497  ; 15.410  ; Fall       ; Clock           ;
;  ALU_result[24] ; Clock      ; 15.413  ; 15.394  ; Fall       ; Clock           ;
;  ALU_result[25] ; Clock      ; 15.941  ; 15.974  ; Fall       ; Clock           ;
;  ALU_result[26] ; Clock      ; 15.501  ; 15.313  ; Fall       ; Clock           ;
;  ALU_result[27] ; Clock      ; 16.022  ; 15.919  ; Fall       ; Clock           ;
;  ALU_result[28] ; Clock      ; 15.665  ; 15.486  ; Fall       ; Clock           ;
;  ALU_result[29] ; Clock      ; 15.461  ; 15.440  ; Fall       ; Clock           ;
;  ALU_result[30] ; Clock      ; 16.314  ; 16.321  ; Fall       ; Clock           ;
;  ALU_result[31] ; Clock      ; 15.602  ; 15.442  ; Fall       ; Clock           ;
; HEX0[*]         ; Clock      ; 144.339 ; 144.149 ; Fall       ; Clock           ;
;  HEX0[0]        ; Clock      ; 144.339 ; 144.149 ; Fall       ; Clock           ;
;  HEX0[1]        ; Clock      ; 143.648 ; 143.709 ; Fall       ; Clock           ;
;  HEX0[2]        ; Clock      ; 144.160 ; 144.146 ; Fall       ; Clock           ;
;  HEX0[3]        ; Clock      ; 143.542 ; 143.459 ; Fall       ; Clock           ;
;  HEX0[4]        ; Clock      ; 144.153 ; 144.033 ; Fall       ; Clock           ;
;  HEX0[5]        ; Clock      ; 143.275 ; 143.198 ; Fall       ; Clock           ;
;  HEX0[6]        ; Clock      ; 142.844 ; 142.839 ; Fall       ; Clock           ;
; HEX1[*]         ; Clock      ; 147.304 ; 147.310 ; Fall       ; Clock           ;
;  HEX1[0]        ; Clock      ; 145.997 ; 145.918 ; Fall       ; Clock           ;
;  HEX1[1]        ; Clock      ; 145.976 ; 145.905 ; Fall       ; Clock           ;
;  HEX1[2]        ; Clock      ; 145.477 ; 145.364 ; Fall       ; Clock           ;
;  HEX1[3]        ; Clock      ; 146.043 ; 145.958 ; Fall       ; Clock           ;
;  HEX1[4]        ; Clock      ; 147.304 ; 147.310 ; Fall       ; Clock           ;
;  HEX1[5]        ; Clock      ; 145.431 ; 145.365 ; Fall       ; Clock           ;
;  HEX1[6]        ; Clock      ; 145.920 ; 146.000 ; Fall       ; Clock           ;
; HEX2[*]         ; Clock      ; 143.852 ; 143.721 ; Fall       ; Clock           ;
;  HEX2[0]        ; Clock      ; 143.806 ; 143.713 ; Fall       ; Clock           ;
;  HEX2[1]        ; Clock      ; 142.030 ; 142.026 ; Fall       ; Clock           ;
;  HEX2[2]        ; Clock      ; 141.782 ; 141.759 ; Fall       ; Clock           ;
;  HEX2[3]        ; Clock      ; 143.254 ; 143.186 ; Fall       ; Clock           ;
;  HEX2[4]        ; Clock      ; 141.746 ; 141.777 ; Fall       ; Clock           ;
;  HEX2[5]        ; Clock      ; 143.852 ; 143.721 ; Fall       ; Clock           ;
;  HEX2[6]        ; Clock      ; 142.760 ; 142.781 ; Fall       ; Clock           ;
; HEX3[*]         ; Clock      ; 144.472 ; 144.243 ; Fall       ; Clock           ;
;  HEX3[0]        ; Clock      ; 142.601 ; 142.487 ; Fall       ; Clock           ;
;  HEX3[1]        ; Clock      ; 142.259 ; 142.363 ; Fall       ; Clock           ;
;  HEX3[2]        ; Clock      ; 143.964 ; 143.899 ; Fall       ; Clock           ;
;  HEX3[3]        ; Clock      ; 143.712 ; 143.773 ; Fall       ; Clock           ;
;  HEX3[4]        ; Clock      ; 143.744 ; 143.603 ; Fall       ; Clock           ;
;  HEX3[5]        ; Clock      ; 144.472 ; 144.243 ; Fall       ; Clock           ;
;  HEX3[6]        ; Clock      ; 141.546 ; 141.497 ; Fall       ; Clock           ;
; HEX4[*]         ; Clock      ; 140.151 ; 140.140 ; Fall       ; Clock           ;
;  HEX4[0]        ; Clock      ; 140.151 ; 140.140 ; Fall       ; Clock           ;
;  HEX4[1]        ; Clock      ; 139.451 ; 139.443 ; Fall       ; Clock           ;
;  HEX4[2]        ; Clock      ; 138.684 ; 138.599 ; Fall       ; Clock           ;
;  HEX4[3]        ; Clock      ; 139.563 ; 139.432 ; Fall       ; Clock           ;
;  HEX4[4]        ; Clock      ; 139.652 ; 139.597 ; Fall       ; Clock           ;
;  HEX4[5]        ; Clock      ; 140.104 ; 140.026 ; Fall       ; Clock           ;
;  HEX4[6]        ; Clock      ; 139.850 ; 139.931 ; Fall       ; Clock           ;
; HEX5[*]         ; Clock      ; 134.438 ; 134.379 ; Fall       ; Clock           ;
;  HEX5[0]        ; Clock      ; 133.644 ; 133.545 ; Fall       ; Clock           ;
;  HEX5[1]        ; Clock      ; 134.199 ; 134.074 ; Fall       ; Clock           ;
;  HEX5[2]        ; Clock      ; 134.077 ; 134.030 ; Fall       ; Clock           ;
;  HEX5[3]        ; Clock      ; 134.170 ; 134.030 ; Fall       ; Clock           ;
;  HEX5[4]        ; Clock      ; 134.438 ; 134.379 ; Fall       ; Clock           ;
;  HEX5[5]        ; Clock      ; 133.293 ; 133.296 ; Fall       ; Clock           ;
;  HEX5[6]        ; Clock      ; 134.123 ; 134.202 ; Fall       ; Clock           ;
; HEX6[*]         ; Clock      ; 128.077 ; 128.090 ; Fall       ; Clock           ;
;  HEX6[0]        ; Clock      ; 125.789 ; 125.666 ; Fall       ; Clock           ;
;  HEX6[1]        ; Clock      ; 125.628 ; 125.544 ; Fall       ; Clock           ;
;  HEX6[2]        ; Clock      ; 128.077 ; 128.090 ; Fall       ; Clock           ;
;  HEX6[3]        ; Clock      ; 125.777 ; 125.659 ; Fall       ; Clock           ;
;  HEX6[4]        ; Clock      ; 125.199 ; 125.110 ; Fall       ; Clock           ;
;  HEX6[5]        ; Clock      ; 127.016 ; 127.081 ; Fall       ; Clock           ;
;  HEX6[6]        ; Clock      ; 125.490 ; 125.538 ; Fall       ; Clock           ;
; HEX7[*]         ; Clock      ; 125.123 ; 125.002 ; Fall       ; Clock           ;
;  HEX7[0]        ; Clock      ; 124.961 ; 124.827 ; Fall       ; Clock           ;
;  HEX7[1]        ; Clock      ; 124.878 ; 124.753 ; Fall       ; Clock           ;
;  HEX7[2]        ; Clock      ; 124.752 ; 124.664 ; Fall       ; Clock           ;
;  HEX7[3]        ; Clock      ; 124.977 ; 124.850 ; Fall       ; Clock           ;
;  HEX7[4]        ; Clock      ; 125.123 ; 125.002 ; Fall       ; Clock           ;
;  HEX7[5]        ; Clock      ; 124.467 ; 124.394 ; Fall       ; Clock           ;
;  HEX7[6]        ; Clock      ; 124.685 ; 124.751 ; Fall       ; Clock           ;
; PC[*]           ; Clock      ; 9.643   ; 9.696   ; Fall       ; Clock           ;
;  PC[2]          ; Clock      ; 9.379   ; 9.437   ; Fall       ; Clock           ;
;  PC[3]          ; Clock      ; 8.678   ; 8.770   ; Fall       ; Clock           ;
;  PC[4]          ; Clock      ; 8.986   ; 9.007   ; Fall       ; Clock           ;
;  PC[7]          ; Clock      ; 8.609   ; 8.568   ; Fall       ; Clock           ;
;  PC[13]         ; Clock      ; 7.548   ; 7.545   ; Fall       ; Clock           ;
;  PC[14]         ; Clock      ; 7.197   ; 7.193   ; Fall       ; Clock           ;
;  PC[17]         ; Clock      ; 7.202   ; 7.195   ; Fall       ; Clock           ;
;  PC[18]         ; Clock      ; 8.562   ; 8.640   ; Fall       ; Clock           ;
;  PC[19]         ; Clock      ; 8.668   ; 8.534   ; Fall       ; Clock           ;
;  PC[22]         ; Clock      ; 8.529   ; 8.536   ; Fall       ; Clock           ;
;  PC[23]         ; Clock      ; 9.643   ; 9.696   ; Fall       ; Clock           ;
;  PC[24]         ; Clock      ; 7.572   ; 7.600   ; Fall       ; Clock           ;
;  PC[27]         ; Clock      ; 9.367   ; 9.462   ; Fall       ; Clock           ;
; RD1[*]          ; Clock      ; 11.810  ; 11.603  ; Fall       ; Clock           ;
;  RD1[0]         ; Clock      ; 10.635  ; 10.458  ; Fall       ; Clock           ;
;  RD1[1]         ; Clock      ; 10.136  ; 9.876   ; Fall       ; Clock           ;
;  RD1[2]         ; Clock      ; 10.836  ; 10.634  ; Fall       ; Clock           ;
;  RD1[3]         ; Clock      ; 10.096  ; 9.932   ; Fall       ; Clock           ;
;  RD1[4]         ; Clock      ; 9.782   ; 9.673   ; Fall       ; Clock           ;
;  RD1[5]         ; Clock      ; 10.368  ; 10.137  ; Fall       ; Clock           ;
;  RD1[6]         ; Clock      ; 10.520  ; 10.486  ; Fall       ; Clock           ;
;  RD1[7]         ; Clock      ; 10.234  ; 10.145  ; Fall       ; Clock           ;
;  RD1[8]         ; Clock      ; 10.719  ; 10.527  ; Fall       ; Clock           ;
;  RD1[9]         ; Clock      ; 11.059  ; 11.151  ; Fall       ; Clock           ;
;  RD1[10]        ; Clock      ; 10.939  ; 10.864  ; Fall       ; Clock           ;
;  RD1[11]        ; Clock      ; 10.787  ; 10.733  ; Fall       ; Clock           ;
;  RD1[12]        ; Clock      ; 11.278  ; 11.077  ; Fall       ; Clock           ;
;  RD1[13]        ; Clock      ; 11.810  ; 11.509  ; Fall       ; Clock           ;
;  RD1[14]        ; Clock      ; 10.114  ; 10.070  ; Fall       ; Clock           ;
;  RD1[15]        ; Clock      ; 11.263  ; 10.998  ; Fall       ; Clock           ;
;  RD1[16]        ; Clock      ; 11.406  ; 11.207  ; Fall       ; Clock           ;
;  RD1[17]        ; Clock      ; 10.737  ; 10.618  ; Fall       ; Clock           ;
;  RD1[18]        ; Clock      ; 11.199  ; 11.106  ; Fall       ; Clock           ;
;  RD1[19]        ; Clock      ; 10.685  ; 10.587  ; Fall       ; Clock           ;
;  RD1[20]        ; Clock      ; 9.775   ; 9.722   ; Fall       ; Clock           ;
;  RD1[21]        ; Clock      ; 11.432  ; 11.437  ; Fall       ; Clock           ;
;  RD1[22]        ; Clock      ; 11.495  ; 11.403  ; Fall       ; Clock           ;
;  RD1[23]        ; Clock      ; 11.405  ; 11.102  ; Fall       ; Clock           ;
;  RD1[24]        ; Clock      ; 10.589  ; 10.446  ; Fall       ; Clock           ;
;  RD1[25]        ; Clock      ; 10.666  ; 10.617  ; Fall       ; Clock           ;
;  RD1[26]        ; Clock      ; 9.798   ; 9.634   ; Fall       ; Clock           ;
;  RD1[27]        ; Clock      ; 10.357  ; 10.343  ; Fall       ; Clock           ;
;  RD1[28]        ; Clock      ; 11.005  ; 10.865  ; Fall       ; Clock           ;
;  RD1[29]        ; Clock      ; 11.113  ; 11.025  ; Fall       ; Clock           ;
;  RD1[30]        ; Clock      ; 11.178  ; 11.014  ; Fall       ; Clock           ;
;  RD1[31]        ; Clock      ; 11.741  ; 11.603  ; Fall       ; Clock           ;
; RD2[*]          ; Clock      ; 15.063  ; 15.150  ; Fall       ; Clock           ;
;  RD2[0]         ; Clock      ; 13.271  ; 13.141  ; Fall       ; Clock           ;
;  RD2[1]         ; Clock      ; 13.193  ; 13.157  ; Fall       ; Clock           ;
;  RD2[2]         ; Clock      ; 10.946  ; 10.794  ; Fall       ; Clock           ;
;  RD2[3]         ; Clock      ; 13.164  ; 13.096  ; Fall       ; Clock           ;
;  RD2[4]         ; Clock      ; 15.063  ; 15.054  ; Fall       ; Clock           ;
;  RD2[5]         ; Clock      ; 12.982  ; 12.762  ; Fall       ; Clock           ;
;  RD2[6]         ; Clock      ; 12.938  ; 12.832  ; Fall       ; Clock           ;
;  RD2[7]         ; Clock      ; 13.206  ; 13.077  ; Fall       ; Clock           ;
;  RD2[8]         ; Clock      ; 12.640  ; 12.437  ; Fall       ; Clock           ;
;  RD2[9]         ; Clock      ; 11.509  ; 11.442  ; Fall       ; Clock           ;
;  RD2[10]        ; Clock      ; 14.019  ; 13.834  ; Fall       ; Clock           ;
;  RD2[11]        ; Clock      ; 12.235  ; 12.231  ; Fall       ; Clock           ;
;  RD2[12]        ; Clock      ; 12.780  ; 12.724  ; Fall       ; Clock           ;
;  RD2[13]        ; Clock      ; 13.359  ; 13.360  ; Fall       ; Clock           ;
;  RD2[14]        ; Clock      ; 12.430  ; 12.379  ; Fall       ; Clock           ;
;  RD2[15]        ; Clock      ; 13.809  ; 13.769  ; Fall       ; Clock           ;
;  RD2[16]        ; Clock      ; 15.061  ; 15.150  ; Fall       ; Clock           ;
;  RD2[17]        ; Clock      ; 12.558  ; 12.404  ; Fall       ; Clock           ;
;  RD2[18]        ; Clock      ; 13.280  ; 13.178  ; Fall       ; Clock           ;
;  RD2[19]        ; Clock      ; 11.975  ; 11.979  ; Fall       ; Clock           ;
;  RD2[20]        ; Clock      ; 12.232  ; 12.056  ; Fall       ; Clock           ;
;  RD2[21]        ; Clock      ; 12.260  ; 12.279  ; Fall       ; Clock           ;
;  RD2[22]        ; Clock      ; 13.361  ; 13.414  ; Fall       ; Clock           ;
;  RD2[23]        ; Clock      ; 11.310  ; 11.235  ; Fall       ; Clock           ;
;  RD2[24]        ; Clock      ; 12.759  ; 12.626  ; Fall       ; Clock           ;
;  RD2[25]        ; Clock      ; 13.556  ; 13.571  ; Fall       ; Clock           ;
;  RD2[26]        ; Clock      ; 13.799  ; 13.641  ; Fall       ; Clock           ;
;  RD2[27]        ; Clock      ; 11.620  ; 11.627  ; Fall       ; Clock           ;
;  RD2[28]        ; Clock      ; 11.973  ; 11.894  ; Fall       ; Clock           ;
;  RD2[29]        ; Clock      ; 14.669  ; 14.819  ; Fall       ; Clock           ;
;  RD2[30]        ; Clock      ; 12.254  ; 12.129  ; Fall       ; Clock           ;
;  RD2[31]        ; Clock      ; 12.851  ; 12.750  ; Fall       ; Clock           ;
+-----------------+------------+---------+---------+------------+-----------------+


+-------------------------------------------------------------------------------+
; Minimum Clock to Output Times                                                 ;
+-----------------+------------+--------+--------+------------+-----------------+
; Data Port       ; Clock Port ; Rise   ; Fall   ; Clock Edge ; Clock Reference ;
+-----------------+------------+--------+--------+------------+-----------------+
; ALU_result[*]   ; Clock      ; 5.040  ; 5.225  ; Fall       ; Clock           ;
;  ALU_result[0]  ; Clock      ; 5.040  ; 5.225  ; Fall       ; Clock           ;
;  ALU_result[1]  ; Clock      ; 5.683  ; 5.889  ; Fall       ; Clock           ;
;  ALU_result[2]  ; Clock      ; 6.504  ; 6.752  ; Fall       ; Clock           ;
;  ALU_result[3]  ; Clock      ; 6.368  ; 6.662  ; Fall       ; Clock           ;
;  ALU_result[4]  ; Clock      ; 5.292  ; 5.493  ; Fall       ; Clock           ;
;  ALU_result[5]  ; Clock      ; 5.632  ; 5.766  ; Fall       ; Clock           ;
;  ALU_result[6]  ; Clock      ; 5.585  ; 5.815  ; Fall       ; Clock           ;
;  ALU_result[7]  ; Clock      ; 5.597  ; 5.862  ; Fall       ; Clock           ;
;  ALU_result[8]  ; Clock      ; 5.648  ; 5.872  ; Fall       ; Clock           ;
;  ALU_result[9]  ; Clock      ; 5.093  ; 5.349  ; Fall       ; Clock           ;
;  ALU_result[10] ; Clock      ; 5.762  ; 5.977  ; Fall       ; Clock           ;
;  ALU_result[11] ; Clock      ; 5.503  ; 5.698  ; Fall       ; Clock           ;
;  ALU_result[12] ; Clock      ; 5.416  ; 5.641  ; Fall       ; Clock           ;
;  ALU_result[13] ; Clock      ; 5.322  ; 5.527  ; Fall       ; Clock           ;
;  ALU_result[14] ; Clock      ; 5.751  ; 5.970  ; Fall       ; Clock           ;
;  ALU_result[15] ; Clock      ; 5.536  ; 5.717  ; Fall       ; Clock           ;
;  ALU_result[16] ; Clock      ; 5.852  ; 6.076  ; Fall       ; Clock           ;
;  ALU_result[17] ; Clock      ; 5.879  ; 6.118  ; Fall       ; Clock           ;
;  ALU_result[18] ; Clock      ; 5.722  ; 5.891  ; Fall       ; Clock           ;
;  ALU_result[19] ; Clock      ; 5.359  ; 5.532  ; Fall       ; Clock           ;
;  ALU_result[20] ; Clock      ; 5.669  ; 5.892  ; Fall       ; Clock           ;
;  ALU_result[21] ; Clock      ; 5.545  ; 5.745  ; Fall       ; Clock           ;
;  ALU_result[22] ; Clock      ; 5.439  ; 5.649  ; Fall       ; Clock           ;
;  ALU_result[23] ; Clock      ; 5.503  ; 5.701  ; Fall       ; Clock           ;
;  ALU_result[24] ; Clock      ; 5.355  ; 5.593  ; Fall       ; Clock           ;
;  ALU_result[25] ; Clock      ; 5.573  ; 5.835  ; Fall       ; Clock           ;
;  ALU_result[26] ; Clock      ; 5.260  ; 5.426  ; Fall       ; Clock           ;
;  ALU_result[27] ; Clock      ; 5.619  ; 5.813  ; Fall       ; Clock           ;
;  ALU_result[28] ; Clock      ; 5.521  ; 5.744  ; Fall       ; Clock           ;
;  ALU_result[29] ; Clock      ; 5.337  ; 5.526  ; Fall       ; Clock           ;
;  ALU_result[30] ; Clock      ; 5.920  ; 6.138  ; Fall       ; Clock           ;
;  ALU_result[31] ; Clock      ; 5.404  ; 5.614  ; Fall       ; Clock           ;
; HEX0[*]         ; Clock      ; 5.507  ; 5.563  ; Fall       ; Clock           ;
;  HEX0[0]        ; Clock      ; 6.106  ; 6.282  ; Fall       ; Clock           ;
;  HEX0[1]        ; Clock      ; 5.858  ; 6.003  ; Fall       ; Clock           ;
;  HEX0[2]        ; Clock      ; 6.481  ; 6.473  ; Fall       ; Clock           ;
;  HEX0[3]        ; Clock      ; 5.705  ; 5.887  ; Fall       ; Clock           ;
;  HEX0[4]        ; Clock      ; 5.979  ; 6.300  ; Fall       ; Clock           ;
;  HEX0[5]        ; Clock      ; 5.595  ; 5.919  ; Fall       ; Clock           ;
;  HEX0[6]        ; Clock      ; 5.507  ; 5.563  ; Fall       ; Clock           ;
; HEX1[*]         ; Clock      ; 7.727  ; 7.820  ; Fall       ; Clock           ;
;  HEX1[0]        ; Clock      ; 7.971  ; 8.064  ; Fall       ; Clock           ;
;  HEX1[1]        ; Clock      ; 7.965  ; 8.062  ; Fall       ; Clock           ;
;  HEX1[2]        ; Clock      ; 7.846  ; 7.820  ; Fall       ; Clock           ;
;  HEX1[3]        ; Clock      ; 8.018  ; 8.112  ; Fall       ; Clock           ;
;  HEX1[4]        ; Clock      ; 8.623  ; 8.971  ; Fall       ; Clock           ;
;  HEX1[5]        ; Clock      ; 7.727  ; 7.955  ; Fall       ; Clock           ;
;  HEX1[6]        ; Clock      ; 8.102  ; 8.146  ; Fall       ; Clock           ;
; HEX2[*]         ; Clock      ; 8.977  ; 9.092  ; Fall       ; Clock           ;
;  HEX2[0]        ; Clock      ; 9.946  ; 10.160 ; Fall       ; Clock           ;
;  HEX2[1]        ; Clock      ; 9.095  ; 9.218  ; Fall       ; Clock           ;
;  HEX2[2]        ; Clock      ; 9.052  ; 9.092  ; Fall       ; Clock           ;
;  HEX2[3]        ; Clock      ; 9.689  ; 9.870  ; Fall       ; Clock           ;
;  HEX2[4]        ; Clock      ; 8.977  ; 9.157  ; Fall       ; Clock           ;
;  HEX2[5]        ; Clock      ; 9.958  ; 10.235 ; Fall       ; Clock           ;
;  HEX2[6]        ; Clock      ; 9.589  ; 9.501  ; Fall       ; Clock           ;
; HEX3[*]         ; Clock      ; 10.427 ; 10.424 ; Fall       ; Clock           ;
;  HEX3[0]        ; Clock      ; 10.818 ; 10.979 ; Fall       ; Clock           ;
;  HEX3[1]        ; Clock      ; 10.742 ; 10.877 ; Fall       ; Clock           ;
;  HEX3[2]        ; Clock      ; 11.789 ; 11.901 ; Fall       ; Clock           ;
;  HEX3[3]        ; Clock      ; 11.602 ; 11.860 ; Fall       ; Clock           ;
;  HEX3[4]        ; Clock      ; 11.335 ; 11.669 ; Fall       ; Clock           ;
;  HEX3[5]        ; Clock      ; 11.704 ; 12.208 ; Fall       ; Clock           ;
;  HEX3[6]        ; Clock      ; 10.427 ; 10.424 ; Fall       ; Clock           ;
; HEX4[*]         ; Clock      ; 12.417 ; 12.485 ; Fall       ; Clock           ;
;  HEX4[0]        ; Clock      ; 13.189 ; 13.346 ; Fall       ; Clock           ;
;  HEX4[1]        ; Clock      ; 12.773 ; 12.887 ; Fall       ; Clock           ;
;  HEX4[2]        ; Clock      ; 12.417 ; 12.485 ; Fall       ; Clock           ;
;  HEX4[3]        ; Clock      ; 12.769 ; 12.881 ; Fall       ; Clock           ;
;  HEX4[4]        ; Clock      ; 12.856 ; 12.978 ; Fall       ; Clock           ;
;  HEX4[5]        ; Clock      ; 13.097 ; 13.315 ; Fall       ; Clock           ;
;  HEX4[6]        ; Clock      ; 13.104 ; 12.977 ; Fall       ; Clock           ;
; HEX5[*]         ; Clock      ; 13.870 ; 13.981 ; Fall       ; Clock           ;
;  HEX5[0]        ; Clock      ; 14.014 ; 14.120 ; Fall       ; Clock           ;
;  HEX5[1]        ; Clock      ; 14.307 ; 14.395 ; Fall       ; Clock           ;
;  HEX5[2]        ; Clock      ; 14.262 ; 14.405 ; Fall       ; Clock           ;
;  HEX5[3]        ; Clock      ; 14.268 ; 14.387 ; Fall       ; Clock           ;
;  HEX5[4]        ; Clock      ; 14.489 ; 14.666 ; Fall       ; Clock           ;
;  HEX5[5]        ; Clock      ; 13.870 ; 13.981 ; Fall       ; Clock           ;
;  HEX5[6]        ; Clock      ; 14.425 ; 14.296 ; Fall       ; Clock           ;
; HEX6[*]         ; Clock      ; 14.973 ; 14.895 ; Fall       ; Clock           ;
;  HEX6[0]        ; Clock      ; 15.118 ; 15.210 ; Fall       ; Clock           ;
;  HEX6[1]        ; Clock      ; 15.039 ; 15.110 ; Fall       ; Clock           ;
;  HEX6[2]        ; Clock      ; 16.252 ; 16.650 ; Fall       ; Clock           ;
;  HEX6[3]        ; Clock      ; 15.100 ; 15.192 ; Fall       ; Clock           ;
;  HEX6[4]        ; Clock      ; 14.973 ; 14.895 ; Fall       ; Clock           ;
;  HEX6[5]        ; Clock      ; 16.126 ; 16.118 ; Fall       ; Clock           ;
;  HEX6[6]        ; Clock      ; 15.190 ; 14.974 ; Fall       ; Clock           ;
; HEX7[*]         ; Clock      ; 16.268 ; 16.349 ; Fall       ; Clock           ;
;  HEX7[0]        ; Clock      ; 16.488 ; 16.612 ; Fall       ; Clock           ;
;  HEX7[1]        ; Clock      ; 16.450 ; 16.561 ; Fall       ; Clock           ;
;  HEX7[2]        ; Clock      ; 16.395 ; 16.553 ; Fall       ; Clock           ;
;  HEX7[3]        ; Clock      ; 16.477 ; 16.589 ; Fall       ; Clock           ;
;  HEX7[4]        ; Clock      ; 16.568 ; 16.641 ; Fall       ; Clock           ;
;  HEX7[5]        ; Clock      ; 16.268 ; 16.349 ; Fall       ; Clock           ;
;  HEX7[6]        ; Clock      ; 16.520 ; 16.389 ; Fall       ; Clock           ;
; PC[*]           ; Clock      ; 4.041  ; 4.130  ; Fall       ; Clock           ;
;  PC[2]          ; Clock      ; 5.122  ; 5.355  ; Fall       ; Clock           ;
;  PC[3]          ; Clock      ; 4.741  ; 4.934  ; Fall       ; Clock           ;
;  PC[4]          ; Clock      ; 4.897  ; 5.098  ; Fall       ; Clock           ;
;  PC[7]          ; Clock      ; 4.753  ; 4.903  ; Fall       ; Clock           ;
;  PC[13]         ; Clock      ; 4.220  ; 4.332  ; Fall       ; Clock           ;
;  PC[14]         ; Clock      ; 4.043  ; 4.130  ; Fall       ; Clock           ;
;  PC[17]         ; Clock      ; 4.041  ; 4.132  ; Fall       ; Clock           ;
;  PC[18]         ; Clock      ; 4.683  ; 4.873  ; Fall       ; Clock           ;
;  PC[19]         ; Clock      ; 4.702  ; 4.845  ; Fall       ; Clock           ;
;  PC[22]         ; Clock      ; 4.684  ; 4.857  ; Fall       ; Clock           ;
;  PC[23]         ; Clock      ; 5.217  ; 5.477  ; Fall       ; Clock           ;
;  PC[24]         ; Clock      ; 4.227  ; 4.349  ; Fall       ; Clock           ;
;  PC[27]         ; Clock      ; 5.115  ; 5.374  ; Fall       ; Clock           ;
; RD1[*]          ; Clock      ; 4.520  ; 4.608  ; Fall       ; Clock           ;
;  RD1[0]         ; Clock      ; 5.050  ; 5.242  ; Fall       ; Clock           ;
;  RD1[1]         ; Clock      ; 5.030  ; 5.179  ; Fall       ; Clock           ;
;  RD1[2]         ; Clock      ; 5.096  ; 5.328  ; Fall       ; Clock           ;
;  RD1[3]         ; Clock      ; 4.751  ; 4.921  ; Fall       ; Clock           ;
;  RD1[4]         ; Clock      ; 4.725  ; 4.913  ; Fall       ; Clock           ;
;  RD1[5]         ; Clock      ; 5.081  ; 5.211  ; Fall       ; Clock           ;
;  RD1[6]         ; Clock      ; 5.028  ; 5.264  ; Fall       ; Clock           ;
;  RD1[7]         ; Clock      ; 5.061  ; 5.246  ; Fall       ; Clock           ;
;  RD1[8]         ; Clock      ; 4.823  ; 4.958  ; Fall       ; Clock           ;
;  RD1[9]         ; Clock      ; 5.447  ; 5.666  ; Fall       ; Clock           ;
;  RD1[10]        ; Clock      ; 5.087  ; 5.280  ; Fall       ; Clock           ;
;  RD1[11]        ; Clock      ; 5.165  ; 5.336  ; Fall       ; Clock           ;
;  RD1[12]        ; Clock      ; 5.221  ; 5.440  ; Fall       ; Clock           ;
;  RD1[13]        ; Clock      ; 5.402  ; 5.605  ; Fall       ; Clock           ;
;  RD1[14]        ; Clock      ; 4.682  ; 4.795  ; Fall       ; Clock           ;
;  RD1[15]        ; Clock      ; 5.062  ; 5.255  ; Fall       ; Clock           ;
;  RD1[16]        ; Clock      ; 5.392  ; 5.618  ; Fall       ; Clock           ;
;  RD1[17]        ; Clock      ; 5.404  ; 5.603  ; Fall       ; Clock           ;
;  RD1[18]        ; Clock      ; 5.203  ; 5.408  ; Fall       ; Clock           ;
;  RD1[19]        ; Clock      ; 5.090  ; 5.232  ; Fall       ; Clock           ;
;  RD1[20]        ; Clock      ; 4.661  ; 4.757  ; Fall       ; Clock           ;
;  RD1[21]        ; Clock      ; 5.556  ; 5.814  ; Fall       ; Clock           ;
;  RD1[22]        ; Clock      ; 5.242  ; 5.456  ; Fall       ; Clock           ;
;  RD1[23]        ; Clock      ; 5.416  ; 5.623  ; Fall       ; Clock           ;
;  RD1[24]        ; Clock      ; 4.761  ; 4.896  ; Fall       ; Clock           ;
;  RD1[25]        ; Clock      ; 4.938  ; 5.053  ; Fall       ; Clock           ;
;  RD1[26]        ; Clock      ; 4.520  ; 4.608  ; Fall       ; Clock           ;
;  RD1[27]        ; Clock      ; 4.893  ; 5.016  ; Fall       ; Clock           ;
;  RD1[28]        ; Clock      ; 5.084  ; 5.286  ; Fall       ; Clock           ;
;  RD1[29]        ; Clock      ; 5.251  ; 5.391  ; Fall       ; Clock           ;
;  RD1[30]        ; Clock      ; 5.522  ; 5.680  ; Fall       ; Clock           ;
;  RD1[31]        ; Clock      ; 5.214  ; 5.447  ; Fall       ; Clock           ;
; RD2[*]          ; Clock      ; 4.852  ; 4.857  ; Fall       ; Clock           ;
;  RD2[0]         ; Clock      ; 5.664  ; 5.647  ; Fall       ; Clock           ;
;  RD2[1]         ; Clock      ; 5.724  ; 5.853  ; Fall       ; Clock           ;
;  RD2[2]         ; Clock      ; 5.180  ; 5.224  ; Fall       ; Clock           ;
;  RD2[3]         ; Clock      ; 5.451  ; 5.542  ; Fall       ; Clock           ;
;  RD2[4]         ; Clock      ; 6.590  ; 6.783  ; Fall       ; Clock           ;
;  RD2[5]         ; Clock      ; 5.196  ; 5.204  ; Fall       ; Clock           ;
;  RD2[6]         ; Clock      ; 5.772  ; 5.897  ; Fall       ; Clock           ;
;  RD2[7]         ; Clock      ; 5.851  ; 5.989  ; Fall       ; Clock           ;
;  RD2[8]         ; Clock      ; 5.344  ; 5.395  ; Fall       ; Clock           ;
;  RD2[9]         ; Clock      ; 5.269  ; 5.320  ; Fall       ; Clock           ;
;  RD2[10]        ; Clock      ; 5.601  ; 5.726  ; Fall       ; Clock           ;
;  RD2[11]        ; Clock      ; 5.378  ; 5.612  ; Fall       ; Clock           ;
;  RD2[12]        ; Clock      ; 5.049  ; 5.166  ; Fall       ; Clock           ;
;  RD2[13]        ; Clock      ; 5.881  ; 5.944  ; Fall       ; Clock           ;
;  RD2[14]        ; Clock      ; 4.904  ; 4.910  ; Fall       ; Clock           ;
;  RD2[15]        ; Clock      ; 5.864  ; 5.907  ; Fall       ; Clock           ;
;  RD2[16]        ; Clock      ; 6.251  ; 6.479  ; Fall       ; Clock           ;
;  RD2[17]        ; Clock      ; 5.325  ; 5.486  ; Fall       ; Clock           ;
;  RD2[18]        ; Clock      ; 5.630  ; 5.629  ; Fall       ; Clock           ;
;  RD2[19]        ; Clock      ; 5.120  ; 5.213  ; Fall       ; Clock           ;
;  RD2[20]        ; Clock      ; 5.101  ; 5.164  ; Fall       ; Clock           ;
;  RD2[21]        ; Clock      ; 5.495  ; 5.560  ; Fall       ; Clock           ;
;  RD2[22]        ; Clock      ; 5.819  ; 5.867  ; Fall       ; Clock           ;
;  RD2[23]        ; Clock      ; 4.852  ; 4.857  ; Fall       ; Clock           ;
;  RD2[24]        ; Clock      ; 5.536  ; 5.606  ; Fall       ; Clock           ;
;  RD2[25]        ; Clock      ; 5.770  ; 5.915  ; Fall       ; Clock           ;
;  RD2[26]        ; Clock      ; 5.910  ; 5.926  ; Fall       ; Clock           ;
;  RD2[27]        ; Clock      ; 5.326  ; 5.437  ; Fall       ; Clock           ;
;  RD2[28]        ; Clock      ; 5.095  ; 5.105  ; Fall       ; Clock           ;
;  RD2[29]        ; Clock      ; 6.795  ; 6.915  ; Fall       ; Clock           ;
;  RD2[30]        ; Clock      ; 5.467  ; 5.537  ; Fall       ; Clock           ;
;  RD2[31]        ; Clock      ; 4.856  ; 4.888  ; Fall       ; Clock           ;
+-----------------+------------+--------+--------+------------+-----------------+


+-------------------------------------------------------------------------------------------------------------------------------------------------------------------------------------------------------------------------------------------------------------------------------------------------------------------------------------------------------------------------------------------------------------------+
; Board Trace Model Assignments                                                                                                                                                                                                                                                                                                                                                                                     ;
+----------------+--------------+-------------------+-------------------------+-------------------------+---------------+---------------------+----------------+------------------+--------+------------------+------------------------+------------------------+--------------+---------------+-----------------+-------+---------------------+--------------------+---------------+-----------------+-------------+
; Pin            ; I/O Standard ; Near Tline Length ; Near Tline L per Length ; Near Tline C per Length ; Near Series R ; Near Differential R ; Near Pull-up R ; Near Pull-down R ; Near C ; Far Tline Length ; Far Tline L per Length ; Far Tline C per Length ; Far Series R ; Far Pull-up R ; Far Pull-down R ; Far C ; Termination Voltage ; Far Differential R ; EBD File Name ; EBD Signal Name ; EBD Far-end ;
+----------------+--------------+-------------------+-------------------------+-------------------------+---------------+---------------------+----------------+------------------+--------+------------------+------------------------+------------------------+--------------+---------------+-----------------+-------+---------------------+--------------------+---------------+-----------------+-------------+
; ALU_result[31] ; 2.5 V        ; 0 in              ; 0 H/in                  ; 0 F/in                  ; short         ; -                   ; open           ; open             ; open   ; 0 in             ; 0 H/in                 ; 0 F/in                 ; short        ; open          ; open            ; open  ; 0 V                 ; -                  ; n/a           ; n/a             ; n/a         ;
; ALU_result[30] ; 2.5 V        ; 0 in              ; 0 H/in                  ; 0 F/in                  ; short         ; -                   ; open           ; open             ; open   ; 0 in             ; 0 H/in                 ; 0 F/in                 ; short        ; open          ; open            ; open  ; 0 V                 ; -                  ; n/a           ; n/a             ; n/a         ;
; ALU_result[29] ; 2.5 V        ; 0 in              ; 0 H/in                  ; 0 F/in                  ; short         ; -                   ; open           ; open             ; open   ; 0 in             ; 0 H/in                 ; 0 F/in                 ; short        ; open          ; open            ; open  ; 0 V                 ; -                  ; n/a           ; n/a             ; n/a         ;
; ALU_result[28] ; 2.5 V        ; 0 in              ; 0 H/in                  ; 0 F/in                  ; short         ; -                   ; open           ; open             ; open   ; 0 in             ; 0 H/in                 ; 0 F/in                 ; short        ; open          ; open            ; open  ; 0 V                 ; -                  ; n/a           ; n/a             ; n/a         ;
; ALU_result[27] ; 2.5 V        ; 0 in              ; 0 H/in                  ; 0 F/in                  ; short         ; -                   ; open           ; open             ; open   ; 0 in             ; 0 H/in                 ; 0 F/in                 ; short        ; open          ; open            ; open  ; 0 V                 ; -                  ; n/a           ; n/a             ; n/a         ;
; ALU_result[26] ; 2.5 V        ; 0 in              ; 0 H/in                  ; 0 F/in                  ; short         ; -                   ; open           ; open             ; open   ; 0 in             ; 0 H/in                 ; 0 F/in                 ; short        ; open          ; open            ; open  ; 0 V                 ; -                  ; n/a           ; n/a             ; n/a         ;
; ALU_result[25] ; 2.5 V        ; 0 in              ; 0 H/in                  ; 0 F/in                  ; short         ; -                   ; open           ; open             ; open   ; 0 in             ; 0 H/in                 ; 0 F/in                 ; short        ; open          ; open            ; open  ; 0 V                 ; -                  ; n/a           ; n/a             ; n/a         ;
; ALU_result[24] ; 2.5 V        ; 0 in              ; 0 H/in                  ; 0 F/in                  ; short         ; -                   ; open           ; open             ; open   ; 0 in             ; 0 H/in                 ; 0 F/in                 ; short        ; open          ; open            ; open  ; 0 V                 ; -                  ; n/a           ; n/a             ; n/a         ;
; ALU_result[23] ; 2.5 V        ; 0 in              ; 0 H/in                  ; 0 F/in                  ; short         ; -                   ; open           ; open             ; open   ; 0 in             ; 0 H/in                 ; 0 F/in                 ; short        ; open          ; open            ; open  ; 0 V                 ; -                  ; n/a           ; n/a             ; n/a         ;
; ALU_result[22] ; 2.5 V        ; 0 in              ; 0 H/in                  ; 0 F/in                  ; short         ; -                   ; open           ; open             ; open   ; 0 in             ; 0 H/in                 ; 0 F/in                 ; short        ; open          ; open            ; open  ; 0 V                 ; -                  ; n/a           ; n/a             ; n/a         ;
; ALU_result[21] ; 2.5 V        ; 0 in              ; 0 H/in                  ; 0 F/in                  ; short         ; -                   ; open           ; open             ; open   ; 0 in             ; 0 H/in                 ; 0 F/in                 ; short        ; open          ; open            ; open  ; 0 V                 ; -                  ; n/a           ; n/a             ; n/a         ;
; ALU_result[20] ; 2.5 V        ; 0 in              ; 0 H/in                  ; 0 F/in                  ; short         ; -                   ; open           ; open             ; open   ; 0 in             ; 0 H/in                 ; 0 F/in                 ; short        ; open          ; open            ; open  ; 0 V                 ; -                  ; n/a           ; n/a             ; n/a         ;
; ALU_result[19] ; 2.5 V        ; 0 in              ; 0 H/in                  ; 0 F/in                  ; short         ; -                   ; open           ; open             ; open   ; 0 in             ; 0 H/in                 ; 0 F/in                 ; short        ; open          ; open            ; open  ; 0 V                 ; -                  ; n/a           ; n/a             ; n/a         ;
; ALU_result[18] ; 2.5 V        ; 0 in              ; 0 H/in                  ; 0 F/in                  ; short         ; -                   ; open           ; open             ; open   ; 0 in             ; 0 H/in                 ; 0 F/in                 ; short        ; open          ; open            ; open  ; 0 V                 ; -                  ; n/a           ; n/a             ; n/a         ;
; ALU_result[17] ; 2.5 V        ; 0 in              ; 0 H/in                  ; 0 F/in                  ; short         ; -                   ; open           ; open             ; open   ; 0 in             ; 0 H/in                 ; 0 F/in                 ; short        ; open          ; open            ; open  ; 0 V                 ; -                  ; n/a           ; n/a             ; n/a         ;
; ALU_result[16] ; 2.5 V        ; 0 in              ; 0 H/in                  ; 0 F/in                  ; short         ; -                   ; open           ; open             ; open   ; 0 in             ; 0 H/in                 ; 0 F/in                 ; short        ; open          ; open            ; open  ; 0 V                 ; -                  ; n/a           ; n/a             ; n/a         ;
; ALU_result[15] ; 2.5 V        ; 0 in              ; 0 H/in                  ; 0 F/in                  ; short         ; -                   ; open           ; open             ; open   ; 0 in             ; 0 H/in                 ; 0 F/in                 ; short        ; open          ; open            ; open  ; 0 V                 ; -                  ; n/a           ; n/a             ; n/a         ;
; ALU_result[14] ; 2.5 V        ; 0 in              ; 0 H/in                  ; 0 F/in                  ; short         ; -                   ; open           ; open             ; open   ; 0 in             ; 0 H/in                 ; 0 F/in                 ; short        ; open          ; open            ; open  ; 0 V                 ; -                  ; n/a           ; n/a             ; n/a         ;
; ALU_result[13] ; 2.5 V        ; 0 in              ; 0 H/in                  ; 0 F/in                  ; short         ; -                   ; open           ; open             ; open   ; 0 in             ; 0 H/in                 ; 0 F/in                 ; short        ; open          ; open            ; open  ; 0 V                 ; -                  ; n/a           ; n/a             ; n/a         ;
; ALU_result[12] ; 2.5 V        ; 0 in              ; 0 H/in                  ; 0 F/in                  ; short         ; -                   ; open           ; open             ; open   ; 0 in             ; 0 H/in                 ; 0 F/in                 ; short        ; open          ; open            ; open  ; 0 V                 ; -                  ; n/a           ; n/a             ; n/a         ;
; ALU_result[11] ; 2.5 V        ; 0 in              ; 0 H/in                  ; 0 F/in                  ; short         ; -                   ; open           ; open             ; open   ; 0 in             ; 0 H/in                 ; 0 F/in                 ; short        ; open          ; open            ; open  ; 0 V                 ; -                  ; n/a           ; n/a             ; n/a         ;
; ALU_result[10] ; 2.5 V        ; 0 in              ; 0 H/in                  ; 0 F/in                  ; short         ; -                   ; open           ; open             ; open   ; 0 in             ; 0 H/in                 ; 0 F/in                 ; short        ; open          ; open            ; open  ; 0 V                 ; -                  ; n/a           ; n/a             ; n/a         ;
; ALU_result[9]  ; 2.5 V        ; 0 in              ; 0 H/in                  ; 0 F/in                  ; short         ; -                   ; open           ; open             ; open   ; 0 in             ; 0 H/in                 ; 0 F/in                 ; short        ; open          ; open            ; open  ; 0 V                 ; -                  ; n/a           ; n/a             ; n/a         ;
; ALU_result[8]  ; 2.5 V        ; 0 in              ; 0 H/in                  ; 0 F/in                  ; short         ; -                   ; open           ; open             ; open   ; 0 in             ; 0 H/in                 ; 0 F/in                 ; short        ; open          ; open            ; open  ; 0 V                 ; -                  ; n/a           ; n/a             ; n/a         ;
; ALU_result[7]  ; 2.5 V        ; 0 in              ; 0 H/in                  ; 0 F/in                  ; short         ; -                   ; open           ; open             ; open   ; 0 in             ; 0 H/in                 ; 0 F/in                 ; short        ; open          ; open            ; open  ; 0 V                 ; -                  ; n/a           ; n/a             ; n/a         ;
; ALU_result[6]  ; 2.5 V        ; 0 in              ; 0 H/in                  ; 0 F/in                  ; short         ; -                   ; open           ; open             ; open   ; 0 in             ; 0 H/in                 ; 0 F/in                 ; short        ; open          ; open            ; open  ; 0 V                 ; -                  ; n/a           ; n/a             ; n/a         ;
; ALU_result[5]  ; 2.5 V        ; 0 in              ; 0 H/in                  ; 0 F/in                  ; short         ; -                   ; open           ; open             ; open   ; 0 in             ; 0 H/in                 ; 0 F/in                 ; short        ; open          ; open            ; open  ; 0 V                 ; -                  ; n/a           ; n/a             ; n/a         ;
; ALU_result[4]  ; 2.5 V        ; 0 in              ; 0 H/in                  ; 0 F/in                  ; short         ; -                   ; open           ; open             ; open   ; 0 in             ; 0 H/in                 ; 0 F/in                 ; short        ; open          ; open            ; open  ; 0 V                 ; -                  ; n/a           ; n/a             ; n/a         ;
; ALU_result[3]  ; 2.5 V        ; 0 in              ; 0 H/in                  ; 0 F/in                  ; short         ; -                   ; open           ; open             ; open   ; 0 in             ; 0 H/in                 ; 0 F/in                 ; short        ; open          ; open            ; open  ; 0 V                 ; -                  ; n/a           ; n/a             ; n/a         ;
; ALU_result[2]  ; 2.5 V        ; 0 in              ; 0 H/in                  ; 0 F/in                  ; short         ; -                   ; open           ; open             ; open   ; 0 in             ; 0 H/in                 ; 0 F/in                 ; short        ; open          ; open            ; open  ; 0 V                 ; -                  ; n/a           ; n/a             ; n/a         ;
; ALU_result[1]  ; 2.5 V        ; 0 in              ; 0 H/in                  ; 0 F/in                  ; short         ; -                   ; open           ; open             ; open   ; 0 in             ; 0 H/in                 ; 0 F/in                 ; short        ; open          ; open            ; open  ; 0 V                 ; -                  ; n/a           ; n/a             ; n/a         ;
; ALU_result[0]  ; 2.5 V        ; 0 in              ; 0 H/in                  ; 0 F/in                  ; short         ; -                   ; open           ; open             ; open   ; 0 in             ; 0 H/in                 ; 0 F/in                 ; short        ; open          ; open            ; open  ; 0 V                 ; -                  ; n/a           ; n/a             ; n/a         ;
; HEX0[6]        ; 2.5 V        ; 0 in              ; 0 H/in                  ; 0 F/in                  ; short         ; -                   ; open           ; open             ; open   ; 0 in             ; 0 H/in                 ; 0 F/in                 ; short        ; open          ; open            ; open  ; 0 V                 ; -                  ; n/a           ; n/a             ; n/a         ;
; HEX0[5]        ; 2.5 V        ; 0 in              ; 0 H/in                  ; 0 F/in                  ; short         ; -                   ; open           ; open             ; open   ; 0 in             ; 0 H/in                 ; 0 F/in                 ; short        ; open          ; open            ; open  ; 0 V                 ; -                  ; n/a           ; n/a             ; n/a         ;
; HEX0[4]        ; 2.5 V        ; 0 in              ; 0 H/in                  ; 0 F/in                  ; short         ; -                   ; open           ; open             ; open   ; 0 in             ; 0 H/in                 ; 0 F/in                 ; short        ; open          ; open            ; open  ; 0 V                 ; -                  ; n/a           ; n/a             ; n/a         ;
; HEX0[3]        ; 2.5 V        ; 0 in              ; 0 H/in                  ; 0 F/in                  ; short         ; -                   ; open           ; open             ; open   ; 0 in             ; 0 H/in                 ; 0 F/in                 ; short        ; open          ; open            ; open  ; 0 V                 ; -                  ; n/a           ; n/a             ; n/a         ;
; HEX0[2]        ; 2.5 V        ; 0 in              ; 0 H/in                  ; 0 F/in                  ; short         ; -                   ; open           ; open             ; open   ; 0 in             ; 0 H/in                 ; 0 F/in                 ; short        ; open          ; open            ; open  ; 0 V                 ; -                  ; n/a           ; n/a             ; n/a         ;
; HEX0[1]        ; 2.5 V        ; 0 in              ; 0 H/in                  ; 0 F/in                  ; short         ; -                   ; open           ; open             ; open   ; 0 in             ; 0 H/in                 ; 0 F/in                 ; short        ; open          ; open            ; open  ; 0 V                 ; -                  ; n/a           ; n/a             ; n/a         ;
; HEX0[0]        ; 2.5 V        ; 0 in              ; 0 H/in                  ; 0 F/in                  ; short         ; -                   ; open           ; open             ; open   ; 0 in             ; 0 H/in                 ; 0 F/in                 ; short        ; open          ; open            ; open  ; 0 V                 ; -                  ; n/a           ; n/a             ; n/a         ;
; HEX1[6]        ; 2.5 V        ; 0 in              ; 0 H/in                  ; 0 F/in                  ; short         ; -                   ; open           ; open             ; open   ; 0 in             ; 0 H/in                 ; 0 F/in                 ; short        ; open          ; open            ; open  ; 0 V                 ; -                  ; n/a           ; n/a             ; n/a         ;
; HEX1[5]        ; 2.5 V        ; 0 in              ; 0 H/in                  ; 0 F/in                  ; short         ; -                   ; open           ; open             ; open   ; 0 in             ; 0 H/in                 ; 0 F/in                 ; short        ; open          ; open            ; open  ; 0 V                 ; -                  ; n/a           ; n/a             ; n/a         ;
; HEX1[4]        ; 2.5 V        ; 0 in              ; 0 H/in                  ; 0 F/in                  ; short         ; -                   ; open           ; open             ; open   ; 0 in             ; 0 H/in                 ; 0 F/in                 ; short        ; open          ; open            ; open  ; 0 V                 ; -                  ; n/a           ; n/a             ; n/a         ;
; HEX1[3]        ; 2.5 V        ; 0 in              ; 0 H/in                  ; 0 F/in                  ; short         ; -                   ; open           ; open             ; open   ; 0 in             ; 0 H/in                 ; 0 F/in                 ; short        ; open          ; open            ; open  ; 0 V                 ; -                  ; n/a           ; n/a             ; n/a         ;
; HEX1[2]        ; 2.5 V        ; 0 in              ; 0 H/in                  ; 0 F/in                  ; short         ; -                   ; open           ; open             ; open   ; 0 in             ; 0 H/in                 ; 0 F/in                 ; short        ; open          ; open            ; open  ; 0 V                 ; -                  ; n/a           ; n/a             ; n/a         ;
; HEX1[1]        ; 2.5 V        ; 0 in              ; 0 H/in                  ; 0 F/in                  ; short         ; -                   ; open           ; open             ; open   ; 0 in             ; 0 H/in                 ; 0 F/in                 ; short        ; open          ; open            ; open  ; 0 V                 ; -                  ; n/a           ; n/a             ; n/a         ;
; HEX1[0]        ; 2.5 V        ; 0 in              ; 0 H/in                  ; 0 F/in                  ; short         ; -                   ; open           ; open             ; open   ; 0 in             ; 0 H/in                 ; 0 F/in                 ; short        ; open          ; open            ; open  ; 0 V                 ; -                  ; n/a           ; n/a             ; n/a         ;
; HEX2[6]        ; 2.5 V        ; 0 in              ; 0 H/in                  ; 0 F/in                  ; short         ; -                   ; open           ; open             ; open   ; 0 in             ; 0 H/in                 ; 0 F/in                 ; short        ; open          ; open            ; open  ; 0 V                 ; -                  ; n/a           ; n/a             ; n/a         ;
; HEX2[5]        ; 2.5 V        ; 0 in              ; 0 H/in                  ; 0 F/in                  ; short         ; -                   ; open           ; open             ; open   ; 0 in             ; 0 H/in                 ; 0 F/in                 ; short        ; open          ; open            ; open  ; 0 V                 ; -                  ; n/a           ; n/a             ; n/a         ;
; HEX2[4]        ; 2.5 V        ; 0 in              ; 0 H/in                  ; 0 F/in                  ; short         ; -                   ; open           ; open             ; open   ; 0 in             ; 0 H/in                 ; 0 F/in                 ; short        ; open          ; open            ; open  ; 0 V                 ; -                  ; n/a           ; n/a             ; n/a         ;
; HEX2[3]        ; 2.5 V        ; 0 in              ; 0 H/in                  ; 0 F/in                  ; short         ; -                   ; open           ; open             ; open   ; 0 in             ; 0 H/in                 ; 0 F/in                 ; short        ; open          ; open            ; open  ; 0 V                 ; -                  ; n/a           ; n/a             ; n/a         ;
; HEX2[2]        ; 2.5 V        ; 0 in              ; 0 H/in                  ; 0 F/in                  ; short         ; -                   ; open           ; open             ; open   ; 0 in             ; 0 H/in                 ; 0 F/in                 ; short        ; open          ; open            ; open  ; 0 V                 ; -                  ; n/a           ; n/a             ; n/a         ;
; HEX2[1]        ; 2.5 V        ; 0 in              ; 0 H/in                  ; 0 F/in                  ; short         ; -                   ; open           ; open             ; open   ; 0 in             ; 0 H/in                 ; 0 F/in                 ; short        ; open          ; open            ; open  ; 0 V                 ; -                  ; n/a           ; n/a             ; n/a         ;
; HEX2[0]        ; 2.5 V        ; 0 in              ; 0 H/in                  ; 0 F/in                  ; short         ; -                   ; open           ; open             ; open   ; 0 in             ; 0 H/in                 ; 0 F/in                 ; short        ; open          ; open            ; open  ; 0 V                 ; -                  ; n/a           ; n/a             ; n/a         ;
; HEX3[6]        ; 2.5 V        ; 0 in              ; 0 H/in                  ; 0 F/in                  ; short         ; -                   ; open           ; open             ; open   ; 0 in             ; 0 H/in                 ; 0 F/in                 ; short        ; open          ; open            ; open  ; 0 V                 ; -                  ; n/a           ; n/a             ; n/a         ;
; HEX3[5]        ; 2.5 V        ; 0 in              ; 0 H/in                  ; 0 F/in                  ; short         ; -                   ; open           ; open             ; open   ; 0 in             ; 0 H/in                 ; 0 F/in                 ; short        ; open          ; open            ; open  ; 0 V                 ; -                  ; n/a           ; n/a             ; n/a         ;
; HEX3[4]        ; 2.5 V        ; 0 in              ; 0 H/in                  ; 0 F/in                  ; short         ; -                   ; open           ; open             ; open   ; 0 in             ; 0 H/in                 ; 0 F/in                 ; short        ; open          ; open            ; open  ; 0 V                 ; -                  ; n/a           ; n/a             ; n/a         ;
; HEX3[3]        ; 2.5 V        ; 0 in              ; 0 H/in                  ; 0 F/in                  ; short         ; -                   ; open           ; open             ; open   ; 0 in             ; 0 H/in                 ; 0 F/in                 ; short        ; open          ; open            ; open  ; 0 V                 ; -                  ; n/a           ; n/a             ; n/a         ;
; HEX3[2]        ; 2.5 V        ; 0 in              ; 0 H/in                  ; 0 F/in                  ; short         ; -                   ; open           ; open             ; open   ; 0 in             ; 0 H/in                 ; 0 F/in                 ; short        ; open          ; open            ; open  ; 0 V                 ; -                  ; n/a           ; n/a             ; n/a         ;
; HEX3[1]        ; 2.5 V        ; 0 in              ; 0 H/in                  ; 0 F/in                  ; short         ; -                   ; open           ; open             ; open   ; 0 in             ; 0 H/in                 ; 0 F/in                 ; short        ; open          ; open            ; open  ; 0 V                 ; -                  ; n/a           ; n/a             ; n/a         ;
; HEX3[0]        ; 2.5 V        ; 0 in              ; 0 H/in                  ; 0 F/in                  ; short         ; -                   ; open           ; open             ; open   ; 0 in             ; 0 H/in                 ; 0 F/in                 ; short        ; open          ; open            ; open  ; 0 V                 ; -                  ; n/a           ; n/a             ; n/a         ;
; HEX4[6]        ; 2.5 V        ; 0 in              ; 0 H/in                  ; 0 F/in                  ; short         ; -                   ; open           ; open             ; open   ; 0 in             ; 0 H/in                 ; 0 F/in                 ; short        ; open          ; open            ; open  ; 0 V                 ; -                  ; n/a           ; n/a             ; n/a         ;
; HEX4[5]        ; 2.5 V        ; 0 in              ; 0 H/in                  ; 0 F/in                  ; short         ; -                   ; open           ; open             ; open   ; 0 in             ; 0 H/in                 ; 0 F/in                 ; short        ; open          ; open            ; open  ; 0 V                 ; -                  ; n/a           ; n/a             ; n/a         ;
; HEX4[4]        ; 2.5 V        ; 0 in              ; 0 H/in                  ; 0 F/in                  ; short         ; -                   ; open           ; open             ; open   ; 0 in             ; 0 H/in                 ; 0 F/in                 ; short        ; open          ; open            ; open  ; 0 V                 ; -                  ; n/a           ; n/a             ; n/a         ;
; HEX4[3]        ; 2.5 V        ; 0 in              ; 0 H/in                  ; 0 F/in                  ; short         ; -                   ; open           ; open             ; open   ; 0 in             ; 0 H/in                 ; 0 F/in                 ; short        ; open          ; open            ; open  ; 0 V                 ; -                  ; n/a           ; n/a             ; n/a         ;
; HEX4[2]        ; 2.5 V        ; 0 in              ; 0 H/in                  ; 0 F/in                  ; short         ; -                   ; open           ; open             ; open   ; 0 in             ; 0 H/in                 ; 0 F/in                 ; short        ; open          ; open            ; open  ; 0 V                 ; -                  ; n/a           ; n/a             ; n/a         ;
; HEX4[1]        ; 2.5 V        ; 0 in              ; 0 H/in                  ; 0 F/in                  ; short         ; -                   ; open           ; open             ; open   ; 0 in             ; 0 H/in                 ; 0 F/in                 ; short        ; open          ; open            ; open  ; 0 V                 ; -                  ; n/a           ; n/a             ; n/a         ;
; HEX4[0]        ; 2.5 V        ; 0 in              ; 0 H/in                  ; 0 F/in                  ; short         ; -                   ; open           ; open             ; open   ; 0 in             ; 0 H/in                 ; 0 F/in                 ; short        ; open          ; open            ; open  ; 0 V                 ; -                  ; n/a           ; n/a             ; n/a         ;
; HEX5[6]        ; 2.5 V        ; 0 in              ; 0 H/in                  ; 0 F/in                  ; short         ; -                   ; open           ; open             ; open   ; 0 in             ; 0 H/in                 ; 0 F/in                 ; short        ; open          ; open            ; open  ; 0 V                 ; -                  ; n/a           ; n/a             ; n/a         ;
; HEX5[5]        ; 2.5 V        ; 0 in              ; 0 H/in                  ; 0 F/in                  ; short         ; -                   ; open           ; open             ; open   ; 0 in             ; 0 H/in                 ; 0 F/in                 ; short        ; open          ; open            ; open  ; 0 V                 ; -                  ; n/a           ; n/a             ; n/a         ;
; HEX5[4]        ; 2.5 V        ; 0 in              ; 0 H/in                  ; 0 F/in                  ; short         ; -                   ; open           ; open             ; open   ; 0 in             ; 0 H/in                 ; 0 F/in                 ; short        ; open          ; open            ; open  ; 0 V                 ; -                  ; n/a           ; n/a             ; n/a         ;
; HEX5[3]        ; 2.5 V        ; 0 in              ; 0 H/in                  ; 0 F/in                  ; short         ; -                   ; open           ; open             ; open   ; 0 in             ; 0 H/in                 ; 0 F/in                 ; short        ; open          ; open            ; open  ; 0 V                 ; -                  ; n/a           ; n/a             ; n/a         ;
; HEX5[2]        ; 2.5 V        ; 0 in              ; 0 H/in                  ; 0 F/in                  ; short         ; -                   ; open           ; open             ; open   ; 0 in             ; 0 H/in                 ; 0 F/in                 ; short        ; open          ; open            ; open  ; 0 V                 ; -                  ; n/a           ; n/a             ; n/a         ;
; HEX5[1]        ; 2.5 V        ; 0 in              ; 0 H/in                  ; 0 F/in                  ; short         ; -                   ; open           ; open             ; open   ; 0 in             ; 0 H/in                 ; 0 F/in                 ; short        ; open          ; open            ; open  ; 0 V                 ; -                  ; n/a           ; n/a             ; n/a         ;
; HEX5[0]        ; 2.5 V        ; 0 in              ; 0 H/in                  ; 0 F/in                  ; short         ; -                   ; open           ; open             ; open   ; 0 in             ; 0 H/in                 ; 0 F/in                 ; short        ; open          ; open            ; open  ; 0 V                 ; -                  ; n/a           ; n/a             ; n/a         ;
; HEX6[6]        ; 2.5 V        ; 0 in              ; 0 H/in                  ; 0 F/in                  ; short         ; -                   ; open           ; open             ; open   ; 0 in             ; 0 H/in                 ; 0 F/in                 ; short        ; open          ; open            ; open  ; 0 V                 ; -                  ; n/a           ; n/a             ; n/a         ;
; HEX6[5]        ; 2.5 V        ; 0 in              ; 0 H/in                  ; 0 F/in                  ; short         ; -                   ; open           ; open             ; open   ; 0 in             ; 0 H/in                 ; 0 F/in                 ; short        ; open          ; open            ; open  ; 0 V                 ; -                  ; n/a           ; n/a             ; n/a         ;
; HEX6[4]        ; 2.5 V        ; 0 in              ; 0 H/in                  ; 0 F/in                  ; short         ; -                   ; open           ; open             ; open   ; 0 in             ; 0 H/in                 ; 0 F/in                 ; short        ; open          ; open            ; open  ; 0 V                 ; -                  ; n/a           ; n/a             ; n/a         ;
; HEX6[3]        ; 2.5 V        ; 0 in              ; 0 H/in                  ; 0 F/in                  ; short         ; -                   ; open           ; open             ; open   ; 0 in             ; 0 H/in                 ; 0 F/in                 ; short        ; open          ; open            ; open  ; 0 V                 ; -                  ; n/a           ; n/a             ; n/a         ;
; HEX6[2]        ; 2.5 V        ; 0 in              ; 0 H/in                  ; 0 F/in                  ; short         ; -                   ; open           ; open             ; open   ; 0 in             ; 0 H/in                 ; 0 F/in                 ; short        ; open          ; open            ; open  ; 0 V                 ; -                  ; n/a           ; n/a             ; n/a         ;
; HEX6[1]        ; 2.5 V        ; 0 in              ; 0 H/in                  ; 0 F/in                  ; short         ; -                   ; open           ; open             ; open   ; 0 in             ; 0 H/in                 ; 0 F/in                 ; short        ; open          ; open            ; open  ; 0 V                 ; -                  ; n/a           ; n/a             ; n/a         ;
; HEX6[0]        ; 2.5 V        ; 0 in              ; 0 H/in                  ; 0 F/in                  ; short         ; -                   ; open           ; open             ; open   ; 0 in             ; 0 H/in                 ; 0 F/in                 ; short        ; open          ; open            ; open  ; 0 V                 ; -                  ; n/a           ; n/a             ; n/a         ;
; HEX7[6]        ; 2.5 V        ; 0 in              ; 0 H/in                  ; 0 F/in                  ; short         ; -                   ; open           ; open             ; open   ; 0 in             ; 0 H/in                 ; 0 F/in                 ; short        ; open          ; open            ; open  ; 0 V                 ; -                  ; n/a           ; n/a             ; n/a         ;
; HEX7[5]        ; 2.5 V        ; 0 in              ; 0 H/in                  ; 0 F/in                  ; short         ; -                   ; open           ; open             ; open   ; 0 in             ; 0 H/in                 ; 0 F/in                 ; short        ; open          ; open            ; open  ; 0 V                 ; -                  ; n/a           ; n/a             ; n/a         ;
; HEX7[4]        ; 2.5 V        ; 0 in              ; 0 H/in                  ; 0 F/in                  ; short         ; -                   ; open           ; open             ; open   ; 0 in             ; 0 H/in                 ; 0 F/in                 ; short        ; open          ; open            ; open  ; 0 V                 ; -                  ; n/a           ; n/a             ; n/a         ;
; HEX7[3]        ; 2.5 V        ; 0 in              ; 0 H/in                  ; 0 F/in                  ; short         ; -                   ; open           ; open             ; open   ; 0 in             ; 0 H/in                 ; 0 F/in                 ; short        ; open          ; open            ; open  ; 0 V                 ; -                  ; n/a           ; n/a             ; n/a         ;
; HEX7[2]        ; 2.5 V        ; 0 in              ; 0 H/in                  ; 0 F/in                  ; short         ; -                   ; open           ; open             ; open   ; 0 in             ; 0 H/in                 ; 0 F/in                 ; short        ; open          ; open            ; open  ; 0 V                 ; -                  ; n/a           ; n/a             ; n/a         ;
; HEX7[1]        ; 2.5 V        ; 0 in              ; 0 H/in                  ; 0 F/in                  ; short         ; -                   ; open           ; open             ; open   ; 0 in             ; 0 H/in                 ; 0 F/in                 ; short        ; open          ; open            ; open  ; 0 V                 ; -                  ; n/a           ; n/a             ; n/a         ;
; HEX7[0]        ; 2.5 V        ; 0 in              ; 0 H/in                  ; 0 F/in                  ; short         ; -                   ; open           ; open             ; open   ; 0 in             ; 0 H/in                 ; 0 F/in                 ; short        ; open          ; open            ; open  ; 0 V                 ; -                  ; n/a           ; n/a             ; n/a         ;
; PC[31]         ; 2.5 V        ; 0 in              ; 0 H/in                  ; 0 F/in                  ; short         ; -                   ; open           ; open             ; open   ; 0 in             ; 0 H/in                 ; 0 F/in                 ; short        ; open          ; open            ; open  ; 0 V                 ; -                  ; n/a           ; n/a             ; n/a         ;
; PC[30]         ; 2.5 V        ; 0 in              ; 0 H/in                  ; 0 F/in                  ; short         ; -                   ; open           ; open             ; open   ; 0 in             ; 0 H/in                 ; 0 F/in                 ; short        ; open          ; open            ; open  ; 0 V                 ; -                  ; n/a           ; n/a             ; n/a         ;
; PC[29]         ; 2.5 V        ; 0 in              ; 0 H/in                  ; 0 F/in                  ; short         ; -                   ; open           ; open             ; open   ; 0 in             ; 0 H/in                 ; 0 F/in                 ; short        ; open          ; open            ; open  ; 0 V                 ; -                  ; n/a           ; n/a             ; n/a         ;
; PC[28]         ; 2.5 V        ; 0 in              ; 0 H/in                  ; 0 F/in                  ; short         ; -                   ; open           ; open             ; open   ; 0 in             ; 0 H/in                 ; 0 F/in                 ; short        ; open          ; open            ; open  ; 0 V                 ; -                  ; n/a           ; n/a             ; n/a         ;
; PC[27]         ; 2.5 V        ; 0 in              ; 0 H/in                  ; 0 F/in                  ; short         ; -                   ; open           ; open             ; open   ; 0 in             ; 0 H/in                 ; 0 F/in                 ; short        ; open          ; open            ; open  ; 0 V                 ; -                  ; n/a           ; n/a             ; n/a         ;
; PC[26]         ; 2.5 V        ; 0 in              ; 0 H/in                  ; 0 F/in                  ; short         ; -                   ; open           ; open             ; open   ; 0 in             ; 0 H/in                 ; 0 F/in                 ; short        ; open          ; open            ; open  ; 0 V                 ; -                  ; n/a           ; n/a             ; n/a         ;
; PC[25]         ; 2.5 V        ; 0 in              ; 0 H/in                  ; 0 F/in                  ; short         ; -                   ; open           ; open             ; open   ; 0 in             ; 0 H/in                 ; 0 F/in                 ; short        ; open          ; open            ; open  ; 0 V                 ; -                  ; n/a           ; n/a             ; n/a         ;
; PC[24]         ; 2.5 V        ; 0 in              ; 0 H/in                  ; 0 F/in                  ; short         ; -                   ; open           ; open             ; open   ; 0 in             ; 0 H/in                 ; 0 F/in                 ; short        ; open          ; open            ; open  ; 0 V                 ; -                  ; n/a           ; n/a             ; n/a         ;
; PC[23]         ; 2.5 V        ; 0 in              ; 0 H/in                  ; 0 F/in                  ; short         ; -                   ; open           ; open             ; open   ; 0 in             ; 0 H/in                 ; 0 F/in                 ; short        ; open          ; open            ; open  ; 0 V                 ; -                  ; n/a           ; n/a             ; n/a         ;
; PC[22]         ; 2.5 V        ; 0 in              ; 0 H/in                  ; 0 F/in                  ; short         ; -                   ; open           ; open             ; open   ; 0 in             ; 0 H/in                 ; 0 F/in                 ; short        ; open          ; open            ; open  ; 0 V                 ; -                  ; n/a           ; n/a             ; n/a         ;
; PC[21]         ; 2.5 V        ; 0 in              ; 0 H/in                  ; 0 F/in                  ; short         ; -                   ; open           ; open             ; open   ; 0 in             ; 0 H/in                 ; 0 F/in                 ; short        ; open          ; open            ; open  ; 0 V                 ; -                  ; n/a           ; n/a             ; n/a         ;
; PC[20]         ; 2.5 V        ; 0 in              ; 0 H/in                  ; 0 F/in                  ; short         ; -                   ; open           ; open             ; open   ; 0 in             ; 0 H/in                 ; 0 F/in                 ; short        ; open          ; open            ; open  ; 0 V                 ; -                  ; n/a           ; n/a             ; n/a         ;
; PC[19]         ; 2.5 V        ; 0 in              ; 0 H/in                  ; 0 F/in                  ; short         ; -                   ; open           ; open             ; open   ; 0 in             ; 0 H/in                 ; 0 F/in                 ; short        ; open          ; open            ; open  ; 0 V                 ; -                  ; n/a           ; n/a             ; n/a         ;
; PC[18]         ; 2.5 V        ; 0 in              ; 0 H/in                  ; 0 F/in                  ; short         ; -                   ; open           ; open             ; open   ; 0 in             ; 0 H/in                 ; 0 F/in                 ; short        ; open          ; open            ; open  ; 0 V                 ; -                  ; n/a           ; n/a             ; n/a         ;
; PC[17]         ; 2.5 V        ; 0 in              ; 0 H/in                  ; 0 F/in                  ; short         ; -                   ; open           ; open             ; open   ; 0 in             ; 0 H/in                 ; 0 F/in                 ; short        ; open          ; open            ; open  ; 0 V                 ; -                  ; n/a           ; n/a             ; n/a         ;
; PC[16]         ; 2.5 V        ; 0 in              ; 0 H/in                  ; 0 F/in                  ; short         ; -                   ; open           ; open             ; open   ; 0 in             ; 0 H/in                 ; 0 F/in                 ; short        ; open          ; open            ; open  ; 0 V                 ; -                  ; n/a           ; n/a             ; n/a         ;
; PC[15]         ; 2.5 V        ; 0 in              ; 0 H/in                  ; 0 F/in                  ; short         ; -                   ; open           ; open             ; open   ; 0 in             ; 0 H/in                 ; 0 F/in                 ; short        ; open          ; open            ; open  ; 0 V                 ; -                  ; n/a           ; n/a             ; n/a         ;
; PC[14]         ; 2.5 V        ; 0 in              ; 0 H/in                  ; 0 F/in                  ; short         ; -                   ; open           ; open             ; open   ; 0 in             ; 0 H/in                 ; 0 F/in                 ; short        ; open          ; open            ; open  ; 0 V                 ; -                  ; n/a           ; n/a             ; n/a         ;
; PC[13]         ; 2.5 V        ; 0 in              ; 0 H/in                  ; 0 F/in                  ; short         ; -                   ; open           ; open             ; open   ; 0 in             ; 0 H/in                 ; 0 F/in                 ; short        ; open          ; open            ; open  ; 0 V                 ; -                  ; n/a           ; n/a             ; n/a         ;
; PC[12]         ; 2.5 V        ; 0 in              ; 0 H/in                  ; 0 F/in                  ; short         ; -                   ; open           ; open             ; open   ; 0 in             ; 0 H/in                 ; 0 F/in                 ; short        ; open          ; open            ; open  ; 0 V                 ; -                  ; n/a           ; n/a             ; n/a         ;
; PC[11]         ; 2.5 V        ; 0 in              ; 0 H/in                  ; 0 F/in                  ; short         ; -                   ; open           ; open             ; open   ; 0 in             ; 0 H/in                 ; 0 F/in                 ; short        ; open          ; open            ; open  ; 0 V                 ; -                  ; n/a           ; n/a             ; n/a         ;
; PC[10]         ; 2.5 V        ; 0 in              ; 0 H/in                  ; 0 F/in                  ; short         ; -                   ; open           ; open             ; open   ; 0 in             ; 0 H/in                 ; 0 F/in                 ; short        ; open          ; open            ; open  ; 0 V                 ; -                  ; n/a           ; n/a             ; n/a         ;
; PC[9]          ; 2.5 V        ; 0 in              ; 0 H/in                  ; 0 F/in                  ; short         ; -                   ; open           ; open             ; open   ; 0 in             ; 0 H/in                 ; 0 F/in                 ; short        ; open          ; open            ; open  ; 0 V                 ; -                  ; n/a           ; n/a             ; n/a         ;
; PC[8]          ; 2.5 V        ; 0 in              ; 0 H/in                  ; 0 F/in                  ; short         ; -                   ; open           ; open             ; open   ; 0 in             ; 0 H/in                 ; 0 F/in                 ; short        ; open          ; open            ; open  ; 0 V                 ; -                  ; n/a           ; n/a             ; n/a         ;
; PC[7]          ; 2.5 V        ; 0 in              ; 0 H/in                  ; 0 F/in                  ; short         ; -                   ; open           ; open             ; open   ; 0 in             ; 0 H/in                 ; 0 F/in                 ; short        ; open          ; open            ; open  ; 0 V                 ; -                  ; n/a           ; n/a             ; n/a         ;
; PC[6]          ; 2.5 V        ; 0 in              ; 0 H/in                  ; 0 F/in                  ; short         ; -                   ; open           ; open             ; open   ; 0 in             ; 0 H/in                 ; 0 F/in                 ; short        ; open          ; open            ; open  ; 0 V                 ; -                  ; n/a           ; n/a             ; n/a         ;
; PC[5]          ; 2.5 V        ; 0 in              ; 0 H/in                  ; 0 F/in                  ; short         ; -                   ; open           ; open             ; open   ; 0 in             ; 0 H/in                 ; 0 F/in                 ; short        ; open          ; open            ; open  ; 0 V                 ; -                  ; n/a           ; n/a             ; n/a         ;
; PC[4]          ; 2.5 V        ; 0 in              ; 0 H/in                  ; 0 F/in                  ; short         ; -                   ; open           ; open             ; open   ; 0 in             ; 0 H/in                 ; 0 F/in                 ; short        ; open          ; open            ; open  ; 0 V                 ; -                  ; n/a           ; n/a             ; n/a         ;
; PC[3]          ; 2.5 V        ; 0 in              ; 0 H/in                  ; 0 F/in                  ; short         ; -                   ; open           ; open             ; open   ; 0 in             ; 0 H/in                 ; 0 F/in                 ; short        ; open          ; open            ; open  ; 0 V                 ; -                  ; n/a           ; n/a             ; n/a         ;
; PC[2]          ; 2.5 V        ; 0 in              ; 0 H/in                  ; 0 F/in                  ; short         ; -                   ; open           ; open             ; open   ; 0 in             ; 0 H/in                 ; 0 F/in                 ; short        ; open          ; open            ; open  ; 0 V                 ; -                  ; n/a           ; n/a             ; n/a         ;
; PC[1]          ; 2.5 V        ; 0 in              ; 0 H/in                  ; 0 F/in                  ; short         ; -                   ; open           ; open             ; open   ; 0 in             ; 0 H/in                 ; 0 F/in                 ; short        ; open          ; open            ; open  ; 0 V                 ; -                  ; n/a           ; n/a             ; n/a         ;
; PC[0]          ; 2.5 V        ; 0 in              ; 0 H/in                  ; 0 F/in                  ; short         ; -                   ; open           ; open             ; open   ; 0 in             ; 0 H/in                 ; 0 F/in                 ; short        ; open          ; open            ; open  ; 0 V                 ; -                  ; n/a           ; n/a             ; n/a         ;
; RD1[31]        ; 2.5 V        ; 0 in              ; 0 H/in                  ; 0 F/in                  ; short         ; -                   ; open           ; open             ; open   ; 0 in             ; 0 H/in                 ; 0 F/in                 ; short        ; open          ; open            ; open  ; 0 V                 ; -                  ; n/a           ; n/a             ; n/a         ;
; RD1[30]        ; 2.5 V        ; 0 in              ; 0 H/in                  ; 0 F/in                  ; short         ; -                   ; open           ; open             ; open   ; 0 in             ; 0 H/in                 ; 0 F/in                 ; short        ; open          ; open            ; open  ; 0 V                 ; -                  ; n/a           ; n/a             ; n/a         ;
; RD1[29]        ; 2.5 V        ; 0 in              ; 0 H/in                  ; 0 F/in                  ; short         ; -                   ; open           ; open             ; open   ; 0 in             ; 0 H/in                 ; 0 F/in                 ; short        ; open          ; open            ; open  ; 0 V                 ; -                  ; n/a           ; n/a             ; n/a         ;
; RD1[28]        ; 2.5 V        ; 0 in              ; 0 H/in                  ; 0 F/in                  ; short         ; -                   ; open           ; open             ; open   ; 0 in             ; 0 H/in                 ; 0 F/in                 ; short        ; open          ; open            ; open  ; 0 V                 ; -                  ; n/a           ; n/a             ; n/a         ;
; RD1[27]        ; 2.5 V        ; 0 in              ; 0 H/in                  ; 0 F/in                  ; short         ; -                   ; open           ; open             ; open   ; 0 in             ; 0 H/in                 ; 0 F/in                 ; short        ; open          ; open            ; open  ; 0 V                 ; -                  ; n/a           ; n/a             ; n/a         ;
; RD1[26]        ; 2.5 V        ; 0 in              ; 0 H/in                  ; 0 F/in                  ; short         ; -                   ; open           ; open             ; open   ; 0 in             ; 0 H/in                 ; 0 F/in                 ; short        ; open          ; open            ; open  ; 0 V                 ; -                  ; n/a           ; n/a             ; n/a         ;
; RD1[25]        ; 2.5 V        ; 0 in              ; 0 H/in                  ; 0 F/in                  ; short         ; -                   ; open           ; open             ; open   ; 0 in             ; 0 H/in                 ; 0 F/in                 ; short        ; open          ; open            ; open  ; 0 V                 ; -                  ; n/a           ; n/a             ; n/a         ;
; RD1[24]        ; 2.5 V        ; 0 in              ; 0 H/in                  ; 0 F/in                  ; short         ; -                   ; open           ; open             ; open   ; 0 in             ; 0 H/in                 ; 0 F/in                 ; short        ; open          ; open            ; open  ; 0 V                 ; -                  ; n/a           ; n/a             ; n/a         ;
; RD1[23]        ; 2.5 V        ; 0 in              ; 0 H/in                  ; 0 F/in                  ; short         ; -                   ; open           ; open             ; open   ; 0 in             ; 0 H/in                 ; 0 F/in                 ; short        ; open          ; open            ; open  ; 0 V                 ; -                  ; n/a           ; n/a             ; n/a         ;
; RD1[22]        ; 2.5 V        ; 0 in              ; 0 H/in                  ; 0 F/in                  ; short         ; -                   ; open           ; open             ; open   ; 0 in             ; 0 H/in                 ; 0 F/in                 ; short        ; open          ; open            ; open  ; 0 V                 ; -                  ; n/a           ; n/a             ; n/a         ;
; RD1[21]        ; 2.5 V        ; 0 in              ; 0 H/in                  ; 0 F/in                  ; short         ; -                   ; open           ; open             ; open   ; 0 in             ; 0 H/in                 ; 0 F/in                 ; short        ; open          ; open            ; open  ; 0 V                 ; -                  ; n/a           ; n/a             ; n/a         ;
; RD1[20]        ; 2.5 V        ; 0 in              ; 0 H/in                  ; 0 F/in                  ; short         ; -                   ; open           ; open             ; open   ; 0 in             ; 0 H/in                 ; 0 F/in                 ; short        ; open          ; open            ; open  ; 0 V                 ; -                  ; n/a           ; n/a             ; n/a         ;
; RD1[19]        ; 2.5 V        ; 0 in              ; 0 H/in                  ; 0 F/in                  ; short         ; -                   ; open           ; open             ; open   ; 0 in             ; 0 H/in                 ; 0 F/in                 ; short        ; open          ; open            ; open  ; 0 V                 ; -                  ; n/a           ; n/a             ; n/a         ;
; RD1[18]        ; 2.5 V        ; 0 in              ; 0 H/in                  ; 0 F/in                  ; short         ; -                   ; open           ; open             ; open   ; 0 in             ; 0 H/in                 ; 0 F/in                 ; short        ; open          ; open            ; open  ; 0 V                 ; -                  ; n/a           ; n/a             ; n/a         ;
; RD1[17]        ; 2.5 V        ; 0 in              ; 0 H/in                  ; 0 F/in                  ; short         ; -                   ; open           ; open             ; open   ; 0 in             ; 0 H/in                 ; 0 F/in                 ; short        ; open          ; open            ; open  ; 0 V                 ; -                  ; n/a           ; n/a             ; n/a         ;
; RD1[16]        ; 2.5 V        ; 0 in              ; 0 H/in                  ; 0 F/in                  ; short         ; -                   ; open           ; open             ; open   ; 0 in             ; 0 H/in                 ; 0 F/in                 ; short        ; open          ; open            ; open  ; 0 V                 ; -                  ; n/a           ; n/a             ; n/a         ;
; RD1[15]        ; 2.5 V        ; 0 in              ; 0 H/in                  ; 0 F/in                  ; short         ; -                   ; open           ; open             ; open   ; 0 in             ; 0 H/in                 ; 0 F/in                 ; short        ; open          ; open            ; open  ; 0 V                 ; -                  ; n/a           ; n/a             ; n/a         ;
; RD1[14]        ; 2.5 V        ; 0 in              ; 0 H/in                  ; 0 F/in                  ; short         ; -                   ; open           ; open             ; open   ; 0 in             ; 0 H/in                 ; 0 F/in                 ; short        ; open          ; open            ; open  ; 0 V                 ; -                  ; n/a           ; n/a             ; n/a         ;
; RD1[13]        ; 2.5 V        ; 0 in              ; 0 H/in                  ; 0 F/in                  ; short         ; -                   ; open           ; open             ; open   ; 0 in             ; 0 H/in                 ; 0 F/in                 ; short        ; open          ; open            ; open  ; 0 V                 ; -                  ; n/a           ; n/a             ; n/a         ;
; RD1[12]        ; 2.5 V        ; 0 in              ; 0 H/in                  ; 0 F/in                  ; short         ; -                   ; open           ; open             ; open   ; 0 in             ; 0 H/in                 ; 0 F/in                 ; short        ; open          ; open            ; open  ; 0 V                 ; -                  ; n/a           ; n/a             ; n/a         ;
; RD1[11]        ; 2.5 V        ; 0 in              ; 0 H/in                  ; 0 F/in                  ; short         ; -                   ; open           ; open             ; open   ; 0 in             ; 0 H/in                 ; 0 F/in                 ; short        ; open          ; open            ; open  ; 0 V                 ; -                  ; n/a           ; n/a             ; n/a         ;
; RD1[10]        ; 2.5 V        ; 0 in              ; 0 H/in                  ; 0 F/in                  ; short         ; -                   ; open           ; open             ; open   ; 0 in             ; 0 H/in                 ; 0 F/in                 ; short        ; open          ; open            ; open  ; 0 V                 ; -                  ; n/a           ; n/a             ; n/a         ;
; RD1[9]         ; 2.5 V        ; 0 in              ; 0 H/in                  ; 0 F/in                  ; short         ; -                   ; open           ; open             ; open   ; 0 in             ; 0 H/in                 ; 0 F/in                 ; short        ; open          ; open            ; open  ; 0 V                 ; -                  ; n/a           ; n/a             ; n/a         ;
; RD1[8]         ; 2.5 V        ; 0 in              ; 0 H/in                  ; 0 F/in                  ; short         ; -                   ; open           ; open             ; open   ; 0 in             ; 0 H/in                 ; 0 F/in                 ; short        ; open          ; open            ; open  ; 0 V                 ; -                  ; n/a           ; n/a             ; n/a         ;
; RD1[7]         ; 2.5 V        ; 0 in              ; 0 H/in                  ; 0 F/in                  ; short         ; -                   ; open           ; open             ; open   ; 0 in             ; 0 H/in                 ; 0 F/in                 ; short        ; open          ; open            ; open  ; 0 V                 ; -                  ; n/a           ; n/a             ; n/a         ;
; RD1[6]         ; 2.5 V        ; 0 in              ; 0 H/in                  ; 0 F/in                  ; short         ; -                   ; open           ; open             ; open   ; 0 in             ; 0 H/in                 ; 0 F/in                 ; short        ; open          ; open            ; open  ; 0 V                 ; -                  ; n/a           ; n/a             ; n/a         ;
; RD1[5]         ; 2.5 V        ; 0 in              ; 0 H/in                  ; 0 F/in                  ; short         ; -                   ; open           ; open             ; open   ; 0 in             ; 0 H/in                 ; 0 F/in                 ; short        ; open          ; open            ; open  ; 0 V                 ; -                  ; n/a           ; n/a             ; n/a         ;
; RD1[4]         ; 2.5 V        ; 0 in              ; 0 H/in                  ; 0 F/in                  ; short         ; -                   ; open           ; open             ; open   ; 0 in             ; 0 H/in                 ; 0 F/in                 ; short        ; open          ; open            ; open  ; 0 V                 ; -                  ; n/a           ; n/a             ; n/a         ;
; RD1[3]         ; 2.5 V        ; 0 in              ; 0 H/in                  ; 0 F/in                  ; short         ; -                   ; open           ; open             ; open   ; 0 in             ; 0 H/in                 ; 0 F/in                 ; short        ; open          ; open            ; open  ; 0 V                 ; -                  ; n/a           ; n/a             ; n/a         ;
; RD1[2]         ; 2.5 V        ; 0 in              ; 0 H/in                  ; 0 F/in                  ; short         ; -                   ; open           ; open             ; open   ; 0 in             ; 0 H/in                 ; 0 F/in                 ; short        ; open          ; open            ; open  ; 0 V                 ; -                  ; n/a           ; n/a             ; n/a         ;
; RD1[1]         ; 2.5 V        ; 0 in              ; 0 H/in                  ; 0 F/in                  ; short         ; -                   ; open           ; open             ; open   ; 0 in             ; 0 H/in                 ; 0 F/in                 ; short        ; open          ; open            ; open  ; 0 V                 ; -                  ; n/a           ; n/a             ; n/a         ;
; RD1[0]         ; 2.5 V        ; 0 in              ; 0 H/in                  ; 0 F/in                  ; short         ; -                   ; open           ; open             ; open   ; 0 in             ; 0 H/in                 ; 0 F/in                 ; short        ; open          ; open            ; open  ; 0 V                 ; -                  ; n/a           ; n/a             ; n/a         ;
; RD2[31]        ; 2.5 V        ; 0 in              ; 0 H/in                  ; 0 F/in                  ; short         ; -                   ; open           ; open             ; open   ; 0 in             ; 0 H/in                 ; 0 F/in                 ; short        ; open          ; open            ; open  ; 0 V                 ; -                  ; n/a           ; n/a             ; n/a         ;
; RD2[30]        ; 2.5 V        ; 0 in              ; 0 H/in                  ; 0 F/in                  ; short         ; -                   ; open           ; open             ; open   ; 0 in             ; 0 H/in                 ; 0 F/in                 ; short        ; open          ; open            ; open  ; 0 V                 ; -                  ; n/a           ; n/a             ; n/a         ;
; RD2[29]        ; 2.5 V        ; 0 in              ; 0 H/in                  ; 0 F/in                  ; short         ; -                   ; open           ; open             ; open   ; 0 in             ; 0 H/in                 ; 0 F/in                 ; short        ; open          ; open            ; open  ; 0 V                 ; -                  ; n/a           ; n/a             ; n/a         ;
; RD2[28]        ; 2.5 V        ; 0 in              ; 0 H/in                  ; 0 F/in                  ; short         ; -                   ; open           ; open             ; open   ; 0 in             ; 0 H/in                 ; 0 F/in                 ; short        ; open          ; open            ; open  ; 0 V                 ; -                  ; n/a           ; n/a             ; n/a         ;
; RD2[27]        ; 2.5 V        ; 0 in              ; 0 H/in                  ; 0 F/in                  ; short         ; -                   ; open           ; open             ; open   ; 0 in             ; 0 H/in                 ; 0 F/in                 ; short        ; open          ; open            ; open  ; 0 V                 ; -                  ; n/a           ; n/a             ; n/a         ;
; RD2[26]        ; 2.5 V        ; 0 in              ; 0 H/in                  ; 0 F/in                  ; short         ; -                   ; open           ; open             ; open   ; 0 in             ; 0 H/in                 ; 0 F/in                 ; short        ; open          ; open            ; open  ; 0 V                 ; -                  ; n/a           ; n/a             ; n/a         ;
; RD2[25]        ; 2.5 V        ; 0 in              ; 0 H/in                  ; 0 F/in                  ; short         ; -                   ; open           ; open             ; open   ; 0 in             ; 0 H/in                 ; 0 F/in                 ; short        ; open          ; open            ; open  ; 0 V                 ; -                  ; n/a           ; n/a             ; n/a         ;
; RD2[24]        ; 2.5 V        ; 0 in              ; 0 H/in                  ; 0 F/in                  ; short         ; -                   ; open           ; open             ; open   ; 0 in             ; 0 H/in                 ; 0 F/in                 ; short        ; open          ; open            ; open  ; 0 V                 ; -                  ; n/a           ; n/a             ; n/a         ;
; RD2[23]        ; 2.5 V        ; 0 in              ; 0 H/in                  ; 0 F/in                  ; short         ; -                   ; open           ; open             ; open   ; 0 in             ; 0 H/in                 ; 0 F/in                 ; short        ; open          ; open            ; open  ; 0 V                 ; -                  ; n/a           ; n/a             ; n/a         ;
; RD2[22]        ; 2.5 V        ; 0 in              ; 0 H/in                  ; 0 F/in                  ; short         ; -                   ; open           ; open             ; open   ; 0 in             ; 0 H/in                 ; 0 F/in                 ; short        ; open          ; open            ; open  ; 0 V                 ; -                  ; n/a           ; n/a             ; n/a         ;
; RD2[21]        ; 2.5 V        ; 0 in              ; 0 H/in                  ; 0 F/in                  ; short         ; -                   ; open           ; open             ; open   ; 0 in             ; 0 H/in                 ; 0 F/in                 ; short        ; open          ; open            ; open  ; 0 V                 ; -                  ; n/a           ; n/a             ; n/a         ;
; RD2[20]        ; 2.5 V        ; 0 in              ; 0 H/in                  ; 0 F/in                  ; short         ; -                   ; open           ; open             ; open   ; 0 in             ; 0 H/in                 ; 0 F/in                 ; short        ; open          ; open            ; open  ; 0 V                 ; -                  ; n/a           ; n/a             ; n/a         ;
; RD2[19]        ; 2.5 V        ; 0 in              ; 0 H/in                  ; 0 F/in                  ; short         ; -                   ; open           ; open             ; open   ; 0 in             ; 0 H/in                 ; 0 F/in                 ; short        ; open          ; open            ; open  ; 0 V                 ; -                  ; n/a           ; n/a             ; n/a         ;
; RD2[18]        ; 2.5 V        ; 0 in              ; 0 H/in                  ; 0 F/in                  ; short         ; -                   ; open           ; open             ; open   ; 0 in             ; 0 H/in                 ; 0 F/in                 ; short        ; open          ; open            ; open  ; 0 V                 ; -                  ; n/a           ; n/a             ; n/a         ;
; RD2[17]        ; 2.5 V        ; 0 in              ; 0 H/in                  ; 0 F/in                  ; short         ; -                   ; open           ; open             ; open   ; 0 in             ; 0 H/in                 ; 0 F/in                 ; short        ; open          ; open            ; open  ; 0 V                 ; -                  ; n/a           ; n/a             ; n/a         ;
; RD2[16]        ; 2.5 V        ; 0 in              ; 0 H/in                  ; 0 F/in                  ; short         ; -                   ; open           ; open             ; open   ; 0 in             ; 0 H/in                 ; 0 F/in                 ; short        ; open          ; open            ; open  ; 0 V                 ; -                  ; n/a           ; n/a             ; n/a         ;
; RD2[15]        ; 2.5 V        ; 0 in              ; 0 H/in                  ; 0 F/in                  ; short         ; -                   ; open           ; open             ; open   ; 0 in             ; 0 H/in                 ; 0 F/in                 ; short        ; open          ; open            ; open  ; 0 V                 ; -                  ; n/a           ; n/a             ; n/a         ;
; RD2[14]        ; 2.5 V        ; 0 in              ; 0 H/in                  ; 0 F/in                  ; short         ; -                   ; open           ; open             ; open   ; 0 in             ; 0 H/in                 ; 0 F/in                 ; short        ; open          ; open            ; open  ; 0 V                 ; -                  ; n/a           ; n/a             ; n/a         ;
; RD2[13]        ; 2.5 V        ; 0 in              ; 0 H/in                  ; 0 F/in                  ; short         ; -                   ; open           ; open             ; open   ; 0 in             ; 0 H/in                 ; 0 F/in                 ; short        ; open          ; open            ; open  ; 0 V                 ; -                  ; n/a           ; n/a             ; n/a         ;
; RD2[12]        ; 2.5 V        ; 0 in              ; 0 H/in                  ; 0 F/in                  ; short         ; -                   ; open           ; open             ; open   ; 0 in             ; 0 H/in                 ; 0 F/in                 ; short        ; open          ; open            ; open  ; 0 V                 ; -                  ; n/a           ; n/a             ; n/a         ;
; RD2[11]        ; 2.5 V        ; 0 in              ; 0 H/in                  ; 0 F/in                  ; short         ; -                   ; open           ; open             ; open   ; 0 in             ; 0 H/in                 ; 0 F/in                 ; short        ; open          ; open            ; open  ; 0 V                 ; -                  ; n/a           ; n/a             ; n/a         ;
; RD2[10]        ; 2.5 V        ; 0 in              ; 0 H/in                  ; 0 F/in                  ; short         ; -                   ; open           ; open             ; open   ; 0 in             ; 0 H/in                 ; 0 F/in                 ; short        ; open          ; open            ; open  ; 0 V                 ; -                  ; n/a           ; n/a             ; n/a         ;
; RD2[9]         ; 2.5 V        ; 0 in              ; 0 H/in                  ; 0 F/in                  ; short         ; -                   ; open           ; open             ; open   ; 0 in             ; 0 H/in                 ; 0 F/in                 ; short        ; open          ; open            ; open  ; 0 V                 ; -                  ; n/a           ; n/a             ; n/a         ;
; RD2[8]         ; 2.5 V        ; 0 in              ; 0 H/in                  ; 0 F/in                  ; short         ; -                   ; open           ; open             ; open   ; 0 in             ; 0 H/in                 ; 0 F/in                 ; short        ; open          ; open            ; open  ; 0 V                 ; -                  ; n/a           ; n/a             ; n/a         ;
; RD2[7]         ; 2.5 V        ; 0 in              ; 0 H/in                  ; 0 F/in                  ; short         ; -                   ; open           ; open             ; open   ; 0 in             ; 0 H/in                 ; 0 F/in                 ; short        ; open          ; open            ; open  ; 0 V                 ; -                  ; n/a           ; n/a             ; n/a         ;
; RD2[6]         ; 2.5 V        ; 0 in              ; 0 H/in                  ; 0 F/in                  ; short         ; -                   ; open           ; open             ; open   ; 0 in             ; 0 H/in                 ; 0 F/in                 ; short        ; open          ; open            ; open  ; 0 V                 ; -                  ; n/a           ; n/a             ; n/a         ;
; RD2[5]         ; 2.5 V        ; 0 in              ; 0 H/in                  ; 0 F/in                  ; short         ; -                   ; open           ; open             ; open   ; 0 in             ; 0 H/in                 ; 0 F/in                 ; short        ; open          ; open            ; open  ; 0 V                 ; -                  ; n/a           ; n/a             ; n/a         ;
; RD2[4]         ; 2.5 V        ; 0 in              ; 0 H/in                  ; 0 F/in                  ; short         ; -                   ; open           ; open             ; open   ; 0 in             ; 0 H/in                 ; 0 F/in                 ; short        ; open          ; open            ; open  ; 0 V                 ; -                  ; n/a           ; n/a             ; n/a         ;
; RD2[3]         ; 2.5 V        ; 0 in              ; 0 H/in                  ; 0 F/in                  ; short         ; -                   ; open           ; open             ; open   ; 0 in             ; 0 H/in                 ; 0 F/in                 ; short        ; open          ; open            ; open  ; 0 V                 ; -                  ; n/a           ; n/a             ; n/a         ;
; RD2[2]         ; 2.5 V        ; 0 in              ; 0 H/in                  ; 0 F/in                  ; short         ; -                   ; open           ; open             ; open   ; 0 in             ; 0 H/in                 ; 0 F/in                 ; short        ; open          ; open            ; open  ; 0 V                 ; -                  ; n/a           ; n/a             ; n/a         ;
; RD2[1]         ; 2.5 V        ; 0 in              ; 0 H/in                  ; 0 F/in                  ; short         ; -                   ; open           ; open             ; open   ; 0 in             ; 0 H/in                 ; 0 F/in                 ; short        ; open          ; open            ; open  ; 0 V                 ; -                  ; n/a           ; n/a             ; n/a         ;
; RD2[0]         ; 2.5 V        ; 0 in              ; 0 H/in                  ; 0 F/in                  ; short         ; -                   ; open           ; open             ; open   ; 0 in             ; 0 H/in                 ; 0 F/in                 ; short        ; open          ; open            ; open  ; 0 V                 ; -                  ; n/a           ; n/a             ; n/a         ;
; ~ALTERA_DCLK~  ; 2.5 V        ; 0 in              ; 0 H/in                  ; 0 F/in                  ; short         ; -                   ; open           ; open             ; open   ; 0 in             ; 0 H/in                 ; 0 F/in                 ; short        ; open          ; open            ; open  ; 0 V                 ; -                  ; n/a           ; n/a             ; n/a         ;
; ~ALTERA_nCEO~  ; 2.5 V        ; 0 in              ; 0 H/in                  ; 0 F/in                  ; short         ; -                   ; open           ; open             ; open   ; 0 in             ; 0 H/in                 ; 0 F/in                 ; short        ; open          ; open            ; open  ; 0 V                 ; -                  ; n/a           ; n/a             ; n/a         ;
+----------------+--------------+-------------------+-------------------------+-------------------------+---------------+---------------------+----------------+------------------+--------+------------------+------------------------+------------------------+--------------+---------------+-----------------+-------+---------------------+--------------------+---------------+-----------------+-------------+


+----------------------------------------------------------------------------+
; Input Transition Times                                                     ;
+-------------------------+--------------+-----------------+-----------------+
; Pin                     ; I/O Standard ; 10-90 Rise Time ; 90-10 Fall Time ;
+-------------------------+--------------+-----------------+-----------------+
; Clock                   ; 2.5 V        ; 2000 ps         ; 2000 ps         ;
; Reset                   ; 2.5 V        ; 2000 ps         ; 2000 ps         ;
; ~ALTERA_ASDO_DATA1~     ; 2.5 V        ; 2000 ps         ; 2000 ps         ;
; ~ALTERA_FLASH_nCE_nCSO~ ; 2.5 V        ; 2000 ps         ; 2000 ps         ;
; ~ALTERA_DATA0~          ; 2.5 V        ; 2000 ps         ; 2000 ps         ;
+-------------------------+--------------+-----------------+-----------------+


+---------------------------------------------------------------------------------------------------------------------------------------------------------------------------------------------------------------------------------------------------------------------------------------------------------------------------------------------------------------------------------------------------------------------------------------------------------------------------------------------------------------------------------------------------------------------------------------------------------------------------------------------------------------------------------------------+
; Signal Integrity Metrics (Slow 1200mv 0c Model)                                                                                                                                                                                                                                                                                                                                                                                                                                                                                                                                                                                                                                             ;
+----------------+--------------+---------------------+---------------------+------------------------------+------------------------------+---------------------+---------------------+--------------------------------------+--------------------------------------+-----------------------------+-----------------------------+----------------------------+----------------------------+-----------------------------+-----------------------------+--------------------+--------------------+-------------------------------------+-------------------------------------+----------------------------+----------------------------+---------------------------+---------------------------+
; Pin            ; I/O Standard ; Board Delay on Rise ; Board Delay on Fall ; Steady State Voh at FPGA Pin ; Steady State Vol at FPGA Pin ; Voh Max at FPGA Pin ; Vol Min at FPGA Pin ; Ringback Voltage on Rise at FPGA Pin ; Ringback Voltage on Fall at FPGA Pin ; 10-90 Rise Time at FPGA Pin ; 90-10 Fall Time at FPGA Pin ; Monotonic Rise at FPGA Pin ; Monotonic Fall at FPGA Pin ; Steady State Voh at Far-end ; Steady State Vol at Far-end ; Voh Max at Far-end ; Vol Min at Far-end ; Ringback Voltage on Rise at Far-end ; Ringback Voltage on Fall at Far-end ; 10-90 Rise Time at Far-end ; 90-10 Fall Time at Far-end ; Monotonic Rise at Far-end ; Monotonic Fall at Far-end ;
+----------------+--------------+---------------------+---------------------+------------------------------+------------------------------+---------------------+---------------------+--------------------------------------+--------------------------------------+-----------------------------+-----------------------------+----------------------------+----------------------------+-----------------------------+-----------------------------+--------------------+--------------------+-------------------------------------+-------------------------------------+----------------------------+----------------------------+---------------------------+---------------------------+
; ALU_result[31] ; 2.5 V        ; 0 s                 ; 0 s                 ; 2.32 V                       ; 3.07e-09 V                   ; 2.37 V              ; -0.00994 V          ; 0.186 V                              ; 0.028 V                              ; 4.98e-10 s                  ; 4.96e-10 s                  ; Yes                        ; Yes                        ; 2.32 V                      ; 3.07e-09 V                  ; 2.37 V             ; -0.00994 V         ; 0.186 V                             ; 0.028 V                             ; 4.98e-10 s                 ; 4.96e-10 s                 ; Yes                       ; Yes                       ;
; ALU_result[30] ; 2.5 V        ; 0 s                 ; 0 s                 ; 2.32 V                       ; 3.07e-09 V                   ; 2.37 V              ; -0.00994 V          ; 0.186 V                              ; 0.028 V                              ; 4.98e-10 s                  ; 4.96e-10 s                  ; Yes                        ; Yes                        ; 2.32 V                      ; 3.07e-09 V                  ; 2.37 V             ; -0.00994 V         ; 0.186 V                             ; 0.028 V                             ; 4.98e-10 s                 ; 4.96e-10 s                 ; Yes                       ; Yes                       ;
; ALU_result[29] ; 2.5 V        ; 0 s                 ; 0 s                 ; 2.32 V                       ; 4.49e-09 V                   ; 2.38 V              ; -0.00552 V          ; 0.096 V                              ; 0.019 V                              ; 4.18e-10 s                  ; 3.59e-10 s                  ; No                         ; Yes                        ; 2.32 V                      ; 4.49e-09 V                  ; 2.38 V             ; -0.00552 V         ; 0.096 V                             ; 0.019 V                             ; 4.18e-10 s                 ; 3.59e-10 s                 ; No                        ; Yes                       ;
; ALU_result[28] ; 2.5 V        ; 0 s                 ; 0 s                 ; 2.32 V                       ; 3.07e-09 V                   ; 2.37 V              ; -0.00994 V          ; 0.186 V                              ; 0.028 V                              ; 4.98e-10 s                  ; 4.96e-10 s                  ; Yes                        ; Yes                        ; 2.32 V                      ; 3.07e-09 V                  ; 2.37 V             ; -0.00994 V         ; 0.186 V                             ; 0.028 V                             ; 4.98e-10 s                 ; 4.96e-10 s                 ; Yes                       ; Yes                       ;
; ALU_result[27] ; 2.5 V        ; 0 s                 ; 0 s                 ; 2.32 V                       ; 4.49e-09 V                   ; 2.38 V              ; -0.00552 V          ; 0.096 V                              ; 0.019 V                              ; 4.18e-10 s                  ; 3.59e-10 s                  ; No                         ; Yes                        ; 2.32 V                      ; 4.49e-09 V                  ; 2.38 V             ; -0.00552 V         ; 0.096 V                             ; 0.019 V                             ; 4.18e-10 s                 ; 3.59e-10 s                 ; No                        ; Yes                       ;
; ALU_result[26] ; 2.5 V        ; 0 s                 ; 0 s                 ; 2.32 V                       ; 3.07e-09 V                   ; 2.37 V              ; -0.00994 V          ; 0.186 V                              ; 0.028 V                              ; 4.98e-10 s                  ; 4.96e-10 s                  ; Yes                        ; Yes                        ; 2.32 V                      ; 3.07e-09 V                  ; 2.37 V             ; -0.00994 V         ; 0.186 V                             ; 0.028 V                             ; 4.98e-10 s                 ; 4.96e-10 s                 ; Yes                       ; Yes                       ;
; ALU_result[25] ; 2.5 V        ; 0 s                 ; 0 s                 ; 2.32 V                       ; 3.07e-09 V                   ; 2.37 V              ; -0.00994 V          ; 0.186 V                              ; 0.028 V                              ; 4.98e-10 s                  ; 4.96e-10 s                  ; Yes                        ; Yes                        ; 2.32 V                      ; 3.07e-09 V                  ; 2.37 V             ; -0.00994 V         ; 0.186 V                             ; 0.028 V                             ; 4.98e-10 s                 ; 4.96e-10 s                 ; Yes                       ; Yes                       ;
; ALU_result[24] ; 2.5 V        ; 0 s                 ; 0 s                 ; 2.32 V                       ; 3.07e-09 V                   ; 2.37 V              ; -0.00994 V          ; 0.186 V                              ; 0.028 V                              ; 4.98e-10 s                  ; 4.96e-10 s                  ; Yes                        ; Yes                        ; 2.32 V                      ; 3.07e-09 V                  ; 2.37 V             ; -0.00994 V         ; 0.186 V                             ; 0.028 V                             ; 4.98e-10 s                 ; 4.96e-10 s                 ; Yes                       ; Yes                       ;
; ALU_result[23] ; 2.5 V        ; 0 s                 ; 0 s                 ; 2.32 V                       ; 4.49e-09 V                   ; 2.38 V              ; -0.00552 V          ; 0.096 V                              ; 0.019 V                              ; 4.18e-10 s                  ; 3.59e-10 s                  ; No                         ; Yes                        ; 2.32 V                      ; 4.49e-09 V                  ; 2.38 V             ; -0.00552 V         ; 0.096 V                             ; 0.019 V                             ; 4.18e-10 s                 ; 3.59e-10 s                 ; No                        ; Yes                       ;
; ALU_result[22] ; 2.5 V        ; 0 s                 ; 0 s                 ; 2.32 V                       ; 4.49e-09 V                   ; 2.38 V              ; -0.00552 V          ; 0.096 V                              ; 0.019 V                              ; 4.18e-10 s                  ; 3.59e-10 s                  ; No                         ; Yes                        ; 2.32 V                      ; 4.49e-09 V                  ; 2.38 V             ; -0.00552 V         ; 0.096 V                             ; 0.019 V                             ; 4.18e-10 s                 ; 3.59e-10 s                 ; No                        ; Yes                       ;
; ALU_result[21] ; 2.5 V        ; 0 s                 ; 0 s                 ; 2.32 V                       ; 4.49e-09 V                   ; 2.38 V              ; -0.00552 V          ; 0.096 V                              ; 0.019 V                              ; 4.18e-10 s                  ; 3.59e-10 s                  ; No                         ; Yes                        ; 2.32 V                      ; 4.49e-09 V                  ; 2.38 V             ; -0.00552 V         ; 0.096 V                             ; 0.019 V                             ; 4.18e-10 s                 ; 3.59e-10 s                 ; No                        ; Yes                       ;
; ALU_result[20] ; 2.5 V        ; 0 s                 ; 0 s                 ; 2.32 V                       ; 4.49e-09 V                   ; 2.38 V              ; -0.00552 V          ; 0.096 V                              ; 0.019 V                              ; 4.18e-10 s                  ; 3.59e-10 s                  ; No                         ; Yes                        ; 2.32 V                      ; 4.49e-09 V                  ; 2.38 V             ; -0.00552 V         ; 0.096 V                             ; 0.019 V                             ; 4.18e-10 s                 ; 3.59e-10 s                 ; No                        ; Yes                       ;
; ALU_result[19] ; 2.5 V        ; 0 s                 ; 0 s                 ; 2.32 V                       ; 3.07e-09 V                   ; 2.37 V              ; -0.00994 V          ; 0.186 V                              ; 0.028 V                              ; 4.98e-10 s                  ; 4.96e-10 s                  ; Yes                        ; Yes                        ; 2.32 V                      ; 3.07e-09 V                  ; 2.37 V             ; -0.00994 V         ; 0.186 V                             ; 0.028 V                             ; 4.98e-10 s                 ; 4.96e-10 s                 ; Yes                       ; Yes                       ;
; ALU_result[18] ; 2.5 V        ; 0 s                 ; 0 s                 ; 2.32 V                       ; 4.49e-09 V                   ; 2.38 V              ; -0.00552 V          ; 0.096 V                              ; 0.019 V                              ; 4.18e-10 s                  ; 3.59e-10 s                  ; No                         ; Yes                        ; 2.32 V                      ; 4.49e-09 V                  ; 2.38 V             ; -0.00552 V         ; 0.096 V                             ; 0.019 V                             ; 4.18e-10 s                 ; 3.59e-10 s                 ; No                        ; Yes                       ;
; ALU_result[17] ; 2.5 V        ; 0 s                 ; 0 s                 ; 2.32 V                       ; 4.49e-09 V                   ; 2.38 V              ; -0.00552 V          ; 0.096 V                              ; 0.019 V                              ; 4.18e-10 s                  ; 3.59e-10 s                  ; No                         ; Yes                        ; 2.32 V                      ; 4.49e-09 V                  ; 2.38 V             ; -0.00552 V         ; 0.096 V                             ; 0.019 V                             ; 4.18e-10 s                 ; 3.59e-10 s                 ; No                        ; Yes                       ;
; ALU_result[16] ; 2.5 V        ; 0 s                 ; 0 s                 ; 2.32 V                       ; 4.49e-09 V                   ; 2.38 V              ; -0.00552 V          ; 0.096 V                              ; 0.019 V                              ; 4.18e-10 s                  ; 3.59e-10 s                  ; No                         ; Yes                        ; 2.32 V                      ; 4.49e-09 V                  ; 2.38 V             ; -0.00552 V         ; 0.096 V                             ; 0.019 V                             ; 4.18e-10 s                 ; 3.59e-10 s                 ; No                        ; Yes                       ;
; ALU_result[15] ; 2.5 V        ; 0 s                 ; 0 s                 ; 2.32 V                       ; 4.49e-09 V                   ; 2.38 V              ; -0.00552 V          ; 0.096 V                              ; 0.019 V                              ; 4.18e-10 s                  ; 3.59e-10 s                  ; No                         ; Yes                        ; 2.32 V                      ; 4.49e-09 V                  ; 2.38 V             ; -0.00552 V         ; 0.096 V                             ; 0.019 V                             ; 4.18e-10 s                 ; 3.59e-10 s                 ; No                        ; Yes                       ;
; ALU_result[14] ; 2.5 V        ; 0 s                 ; 0 s                 ; 2.32 V                       ; 4.49e-09 V                   ; 2.38 V              ; -0.00552 V          ; 0.096 V                              ; 0.019 V                              ; 4.18e-10 s                  ; 3.59e-10 s                  ; No                         ; Yes                        ; 2.32 V                      ; 4.49e-09 V                  ; 2.38 V             ; -0.00552 V         ; 0.096 V                             ; 0.019 V                             ; 4.18e-10 s                 ; 3.59e-10 s                 ; No                        ; Yes                       ;
; ALU_result[13] ; 2.5 V        ; 0 s                 ; 0 s                 ; 2.32 V                       ; 4.49e-09 V                   ; 2.38 V              ; -0.00552 V          ; 0.096 V                              ; 0.019 V                              ; 4.18e-10 s                  ; 3.59e-10 s                  ; No                         ; Yes                        ; 2.32 V                      ; 4.49e-09 V                  ; 2.38 V             ; -0.00552 V         ; 0.096 V                             ; 0.019 V                             ; 4.18e-10 s                 ; 3.59e-10 s                 ; No                        ; Yes                       ;
; ALU_result[12] ; 2.5 V        ; 0 s                 ; 0 s                 ; 2.32 V                       ; 4.49e-09 V                   ; 2.38 V              ; -0.00552 V          ; 0.096 V                              ; 0.019 V                              ; 4.18e-10 s                  ; 3.59e-10 s                  ; No                         ; Yes                        ; 2.32 V                      ; 4.49e-09 V                  ; 2.38 V             ; -0.00552 V         ; 0.096 V                             ; 0.019 V                             ; 4.18e-10 s                 ; 3.59e-10 s                 ; No                        ; Yes                       ;
; ALU_result[11] ; 2.5 V        ; 0 s                 ; 0 s                 ; 2.32 V                       ; 4.49e-09 V                   ; 2.38 V              ; -0.00552 V          ; 0.096 V                              ; 0.019 V                              ; 4.18e-10 s                  ; 3.59e-10 s                  ; No                         ; Yes                        ; 2.32 V                      ; 4.49e-09 V                  ; 2.38 V             ; -0.00552 V         ; 0.096 V                             ; 0.019 V                             ; 4.18e-10 s                 ; 3.59e-10 s                 ; No                        ; Yes                       ;
; ALU_result[10] ; 2.5 V        ; 0 s                 ; 0 s                 ; 2.32 V                       ; 3.07e-09 V                   ; 2.37 V              ; -0.00994 V          ; 0.186 V                              ; 0.028 V                              ; 4.98e-10 s                  ; 4.96e-10 s                  ; Yes                        ; Yes                        ; 2.32 V                      ; 3.07e-09 V                  ; 2.37 V             ; -0.00994 V         ; 0.186 V                             ; 0.028 V                             ; 4.98e-10 s                 ; 4.96e-10 s                 ; Yes                       ; Yes                       ;
; ALU_result[9]  ; 2.5 V        ; 0 s                 ; 0 s                 ; 2.32 V                       ; 3.07e-09 V                   ; 2.37 V              ; -0.00994 V          ; 0.186 V                              ; 0.028 V                              ; 4.98e-10 s                  ; 4.96e-10 s                  ; Yes                        ; Yes                        ; 2.32 V                      ; 3.07e-09 V                  ; 2.37 V             ; -0.00994 V         ; 0.186 V                             ; 0.028 V                             ; 4.98e-10 s                 ; 4.96e-10 s                 ; Yes                       ; Yes                       ;
; ALU_result[8]  ; 2.5 V        ; 0 s                 ; 0 s                 ; 2.32 V                       ; 4.49e-09 V                   ; 2.38 V              ; -0.00552 V          ; 0.096 V                              ; 0.019 V                              ; 4.18e-10 s                  ; 3.59e-10 s                  ; No                         ; Yes                        ; 2.32 V                      ; 4.49e-09 V                  ; 2.38 V             ; -0.00552 V         ; 0.096 V                             ; 0.019 V                             ; 4.18e-10 s                 ; 3.59e-10 s                 ; No                        ; Yes                       ;
; ALU_result[7]  ; 2.5 V        ; 0 s                 ; 0 s                 ; 2.32 V                       ; 4.49e-09 V                   ; 2.38 V              ; -0.00552 V          ; 0.096 V                              ; 0.019 V                              ; 4.18e-10 s                  ; 3.59e-10 s                  ; No                         ; Yes                        ; 2.32 V                      ; 4.49e-09 V                  ; 2.38 V             ; -0.00552 V         ; 0.096 V                             ; 0.019 V                             ; 4.18e-10 s                 ; 3.59e-10 s                 ; No                        ; Yes                       ;
; ALU_result[6]  ; 2.5 V        ; 0 s                 ; 0 s                 ; 2.32 V                       ; 4.49e-09 V                   ; 2.38 V              ; -0.00552 V          ; 0.096 V                              ; 0.019 V                              ; 4.18e-10 s                  ; 3.59e-10 s                  ; No                         ; Yes                        ; 2.32 V                      ; 4.49e-09 V                  ; 2.38 V             ; -0.00552 V         ; 0.096 V                             ; 0.019 V                             ; 4.18e-10 s                 ; 3.59e-10 s                 ; No                        ; Yes                       ;
; ALU_result[5]  ; 2.5 V        ; 0 s                 ; 0 s                 ; 2.32 V                       ; 4.49e-09 V                   ; 2.38 V              ; -0.00552 V          ; 0.096 V                              ; 0.019 V                              ; 4.18e-10 s                  ; 3.59e-10 s                  ; No                         ; Yes                        ; 2.32 V                      ; 4.49e-09 V                  ; 2.38 V             ; -0.00552 V         ; 0.096 V                             ; 0.019 V                             ; 4.18e-10 s                 ; 3.59e-10 s                 ; No                        ; Yes                       ;
; ALU_result[4]  ; 2.5 V        ; 0 s                 ; 0 s                 ; 2.32 V                       ; 4.49e-09 V                   ; 2.38 V              ; -0.00552 V          ; 0.096 V                              ; 0.019 V                              ; 4.18e-10 s                  ; 3.59e-10 s                  ; No                         ; Yes                        ; 2.32 V                      ; 4.49e-09 V                  ; 2.38 V             ; -0.00552 V         ; 0.096 V                             ; 0.019 V                             ; 4.18e-10 s                 ; 3.59e-10 s                 ; No                        ; Yes                       ;
; ALU_result[3]  ; 2.5 V        ; 0 s                 ; 0 s                 ; 2.32 V                       ; 4.49e-09 V                   ; 2.38 V              ; -0.00552 V          ; 0.096 V                              ; 0.019 V                              ; 4.18e-10 s                  ; 3.59e-10 s                  ; No                         ; Yes                        ; 2.32 V                      ; 4.49e-09 V                  ; 2.38 V             ; -0.00552 V         ; 0.096 V                             ; 0.019 V                             ; 4.18e-10 s                 ; 3.59e-10 s                 ; No                        ; Yes                       ;
; ALU_result[2]  ; 2.5 V        ; 0 s                 ; 0 s                 ; 2.32 V                       ; 3.07e-09 V                   ; 2.33 V              ; -0.00496 V          ; 0.223 V                              ; 0.086 V                              ; 2.9e-09 s                   ; 2.73e-09 s                  ; Yes                        ; Yes                        ; 2.32 V                      ; 3.07e-09 V                  ; 2.33 V             ; -0.00496 V         ; 0.223 V                             ; 0.086 V                             ; 2.9e-09 s                  ; 2.73e-09 s                 ; Yes                       ; Yes                       ;
; ALU_result[1]  ; 2.5 V        ; 0 s                 ; 0 s                 ; 2.32 V                       ; 4.49e-09 V                   ; 2.38 V              ; -0.00552 V          ; 0.096 V                              ; 0.019 V                              ; 4.18e-10 s                  ; 3.59e-10 s                  ; No                         ; Yes                        ; 2.32 V                      ; 4.49e-09 V                  ; 2.38 V             ; -0.00552 V         ; 0.096 V                             ; 0.019 V                             ; 4.18e-10 s                 ; 3.59e-10 s                 ; No                        ; Yes                       ;
; ALU_result[0]  ; 2.5 V        ; 0 s                 ; 0 s                 ; 2.32 V                       ; 3.07e-09 V                   ; 2.37 V              ; -0.00994 V          ; 0.186 V                              ; 0.028 V                              ; 4.98e-10 s                  ; 4.96e-10 s                  ; Yes                        ; Yes                        ; 2.32 V                      ; 3.07e-09 V                  ; 2.37 V             ; -0.00994 V         ; 0.186 V                             ; 0.028 V                             ; 4.98e-10 s                 ; 4.96e-10 s                 ; Yes                       ; Yes                       ;
; HEX0[6]        ; 2.5 V        ; 0 s                 ; 0 s                 ; 2.32 V                       ; 4.49e-09 V                   ; 2.38 V              ; -0.00552 V          ; 0.096 V                              ; 0.019 V                              ; 4.18e-10 s                  ; 3.59e-10 s                  ; No                         ; Yes                        ; 2.32 V                      ; 4.49e-09 V                  ; 2.38 V             ; -0.00552 V         ; 0.096 V                             ; 0.019 V                             ; 4.18e-10 s                 ; 3.59e-10 s                 ; No                        ; Yes                       ;
; HEX0[5]        ; 2.5 V        ; 0 s                 ; 0 s                 ; 2.32 V                       ; 3.07e-09 V                   ; 2.37 V              ; -0.00994 V          ; 0.186 V                              ; 0.028 V                              ; 4.98e-10 s                  ; 4.96e-10 s                  ; Yes                        ; Yes                        ; 2.32 V                      ; 3.07e-09 V                  ; 2.37 V             ; -0.00994 V         ; 0.186 V                             ; 0.028 V                             ; 4.98e-10 s                 ; 4.96e-10 s                 ; Yes                       ; Yes                       ;
; HEX0[4]        ; 2.5 V        ; 0 s                 ; 0 s                 ; 2.32 V                       ; 3.07e-09 V                   ; 2.37 V              ; -0.00994 V          ; 0.186 V                              ; 0.028 V                              ; 4.98e-10 s                  ; 4.96e-10 s                  ; Yes                        ; Yes                        ; 2.32 V                      ; 3.07e-09 V                  ; 2.37 V             ; -0.00994 V         ; 0.186 V                             ; 0.028 V                             ; 4.98e-10 s                 ; 4.96e-10 s                 ; Yes                       ; Yes                       ;
; HEX0[3]        ; 2.5 V        ; 0 s                 ; 0 s                 ; 2.32 V                       ; 4.49e-09 V                   ; 2.38 V              ; -0.00552 V          ; 0.096 V                              ; 0.019 V                              ; 4.18e-10 s                  ; 3.59e-10 s                  ; No                         ; Yes                        ; 2.32 V                      ; 4.49e-09 V                  ; 2.38 V             ; -0.00552 V         ; 0.096 V                             ; 0.019 V                             ; 4.18e-10 s                 ; 3.59e-10 s                 ; No                        ; Yes                       ;
; HEX0[2]        ; 2.5 V        ; 0 s                 ; 0 s                 ; 2.32 V                       ; 4.49e-09 V                   ; 2.33 V              ; -0.00467 V          ; 0.226 V                              ; 0.087 V                              ; 2.91e-09 s                  ; 2.74e-09 s                  ; Yes                        ; Yes                        ; 2.32 V                      ; 4.49e-09 V                  ; 2.33 V             ; -0.00467 V         ; 0.226 V                             ; 0.087 V                             ; 2.91e-09 s                 ; 2.74e-09 s                 ; Yes                       ; Yes                       ;
; HEX0[1]        ; 2.5 V        ; 0 s                 ; 0 s                 ; 2.32 V                       ; 3.07e-09 V                   ; 2.37 V              ; -0.00994 V          ; 0.186 V                              ; 0.028 V                              ; 4.98e-10 s                  ; 4.96e-10 s                  ; Yes                        ; Yes                        ; 2.32 V                      ; 3.07e-09 V                  ; 2.37 V             ; -0.00994 V         ; 0.186 V                             ; 0.028 V                             ; 4.98e-10 s                 ; 4.96e-10 s                 ; Yes                       ; Yes                       ;
; HEX0[0]        ; 2.5 V        ; 0 s                 ; 0 s                 ; 2.32 V                       ; 3.07e-09 V                   ; 2.37 V              ; -0.00994 V          ; 0.186 V                              ; 0.028 V                              ; 4.98e-10 s                  ; 4.96e-10 s                  ; Yes                        ; Yes                        ; 2.32 V                      ; 3.07e-09 V                  ; 2.37 V             ; -0.00994 V         ; 0.186 V                             ; 0.028 V                             ; 4.98e-10 s                 ; 4.96e-10 s                 ; Yes                       ; Yes                       ;
; HEX1[6]        ; 2.5 V        ; 0 s                 ; 0 s                 ; 2.32 V                       ; 4.49e-09 V                   ; 2.38 V              ; -0.00552 V          ; 0.096 V                              ; 0.019 V                              ; 4.18e-10 s                  ; 3.59e-10 s                  ; No                         ; Yes                        ; 2.32 V                      ; 4.49e-09 V                  ; 2.38 V             ; -0.00552 V         ; 0.096 V                             ; 0.019 V                             ; 4.18e-10 s                 ; 3.59e-10 s                 ; No                        ; Yes                       ;
; HEX1[5]        ; 2.5 V        ; 0 s                 ; 0 s                 ; 2.32 V                       ; 4.49e-09 V                   ; 2.38 V              ; -0.00552 V          ; 0.096 V                              ; 0.019 V                              ; 4.18e-10 s                  ; 3.59e-10 s                  ; No                         ; Yes                        ; 2.32 V                      ; 4.49e-09 V                  ; 2.38 V             ; -0.00552 V         ; 0.096 V                             ; 0.019 V                             ; 4.18e-10 s                 ; 3.59e-10 s                 ; No                        ; Yes                       ;
; HEX1[4]        ; 2.5 V        ; 0 s                 ; 0 s                 ; 2.32 V                       ; 4.49e-09 V                   ; 2.38 V              ; -0.00552 V          ; 0.096 V                              ; 0.019 V                              ; 4.18e-10 s                  ; 3.59e-10 s                  ; No                         ; Yes                        ; 2.32 V                      ; 4.49e-09 V                  ; 2.38 V             ; -0.00552 V         ; 0.096 V                             ; 0.019 V                             ; 4.18e-10 s                 ; 3.59e-10 s                 ; No                        ; Yes                       ;
; HEX1[3]        ; 2.5 V        ; 0 s                 ; 0 s                 ; 2.32 V                       ; 4.49e-09 V                   ; 2.38 V              ; -0.00552 V          ; 0.096 V                              ; 0.019 V                              ; 4.18e-10 s                  ; 3.59e-10 s                  ; No                         ; Yes                        ; 2.32 V                      ; 4.49e-09 V                  ; 2.38 V             ; -0.00552 V         ; 0.096 V                             ; 0.019 V                             ; 4.18e-10 s                 ; 3.59e-10 s                 ; No                        ; Yes                       ;
; HEX1[2]        ; 2.5 V        ; 0 s                 ; 0 s                 ; 2.32 V                       ; 4.49e-09 V                   ; 2.38 V              ; -0.00552 V          ; 0.096 V                              ; 0.019 V                              ; 4.18e-10 s                  ; 3.59e-10 s                  ; No                         ; Yes                        ; 2.32 V                      ; 4.49e-09 V                  ; 2.38 V             ; -0.00552 V         ; 0.096 V                             ; 0.019 V                             ; 4.18e-10 s                 ; 3.59e-10 s                 ; No                        ; Yes                       ;
; HEX1[1]        ; 2.5 V        ; 0 s                 ; 0 s                 ; 2.32 V                       ; 4.49e-09 V                   ; 2.38 V              ; -0.00552 V          ; 0.096 V                              ; 0.019 V                              ; 4.18e-10 s                  ; 3.59e-10 s                  ; No                         ; Yes                        ; 2.32 V                      ; 4.49e-09 V                  ; 2.38 V             ; -0.00552 V         ; 0.096 V                             ; 0.019 V                             ; 4.18e-10 s                 ; 3.59e-10 s                 ; No                        ; Yes                       ;
; HEX1[0]        ; 2.5 V        ; 0 s                 ; 0 s                 ; 2.32 V                       ; 4.49e-09 V                   ; 2.38 V              ; -0.00552 V          ; 0.096 V                              ; 0.019 V                              ; 4.18e-10 s                  ; 3.59e-10 s                  ; No                         ; Yes                        ; 2.32 V                      ; 4.49e-09 V                  ; 2.38 V             ; -0.00552 V         ; 0.096 V                             ; 0.019 V                             ; 4.18e-10 s                 ; 3.59e-10 s                 ; No                        ; Yes                       ;
; HEX2[6]        ; 2.5 V        ; 0 s                 ; 0 s                 ; 2.32 V                       ; 4.49e-09 V                   ; 2.38 V              ; -0.00552 V          ; 0.096 V                              ; 0.019 V                              ; 4.18e-10 s                  ; 3.59e-10 s                  ; No                         ; Yes                        ; 2.32 V                      ; 4.49e-09 V                  ; 2.38 V             ; -0.00552 V         ; 0.096 V                             ; 0.019 V                             ; 4.18e-10 s                 ; 3.59e-10 s                 ; No                        ; Yes                       ;
; HEX2[5]        ; 2.5 V        ; 0 s                 ; 0 s                 ; 2.32 V                       ; 4.49e-09 V                   ; 2.38 V              ; -0.00552 V          ; 0.096 V                              ; 0.019 V                              ; 4.18e-10 s                  ; 3.59e-10 s                  ; No                         ; Yes                        ; 2.32 V                      ; 4.49e-09 V                  ; 2.38 V             ; -0.00552 V         ; 0.096 V                             ; 0.019 V                             ; 4.18e-10 s                 ; 3.59e-10 s                 ; No                        ; Yes                       ;
; HEX2[4]        ; 2.5 V        ; 0 s                 ; 0 s                 ; 2.32 V                       ; 4.49e-09 V                   ; 2.38 V              ; -0.00552 V          ; 0.096 V                              ; 0.019 V                              ; 4.18e-10 s                  ; 3.59e-10 s                  ; No                         ; Yes                        ; 2.32 V                      ; 4.49e-09 V                  ; 2.38 V             ; -0.00552 V         ; 0.096 V                             ; 0.019 V                             ; 4.18e-10 s                 ; 3.59e-10 s                 ; No                        ; Yes                       ;
; HEX2[3]        ; 2.5 V        ; 0 s                 ; 0 s                 ; 2.32 V                       ; 4.49e-09 V                   ; 2.38 V              ; -0.00552 V          ; 0.096 V                              ; 0.019 V                              ; 4.18e-10 s                  ; 3.59e-10 s                  ; No                         ; Yes                        ; 2.32 V                      ; 4.49e-09 V                  ; 2.38 V             ; -0.00552 V         ; 0.096 V                             ; 0.019 V                             ; 4.18e-10 s                 ; 3.59e-10 s                 ; No                        ; Yes                       ;
; HEX2[2]        ; 2.5 V        ; 0 s                 ; 0 s                 ; 2.32 V                       ; 4.49e-09 V                   ; 2.38 V              ; -0.00552 V          ; 0.096 V                              ; 0.019 V                              ; 4.18e-10 s                  ; 3.59e-10 s                  ; No                         ; Yes                        ; 2.32 V                      ; 4.49e-09 V                  ; 2.38 V             ; -0.00552 V         ; 0.096 V                             ; 0.019 V                             ; 4.18e-10 s                 ; 3.59e-10 s                 ; No                        ; Yes                       ;
; HEX2[1]        ; 2.5 V        ; 0 s                 ; 0 s                 ; 2.32 V                       ; 4.49e-09 V                   ; 2.38 V              ; -0.00552 V          ; 0.096 V                              ; 0.019 V                              ; 4.18e-10 s                  ; 3.59e-10 s                  ; No                         ; Yes                        ; 2.32 V                      ; 4.49e-09 V                  ; 2.38 V             ; -0.00552 V         ; 0.096 V                             ; 0.019 V                             ; 4.18e-10 s                 ; 3.59e-10 s                 ; No                        ; Yes                       ;
; HEX2[0]        ; 2.5 V        ; 0 s                 ; 0 s                 ; 2.32 V                       ; 4.49e-09 V                   ; 2.38 V              ; -0.00552 V          ; 0.096 V                              ; 0.019 V                              ; 4.18e-10 s                  ; 3.59e-10 s                  ; No                         ; Yes                        ; 2.32 V                      ; 4.49e-09 V                  ; 2.38 V             ; -0.00552 V         ; 0.096 V                             ; 0.019 V                             ; 4.18e-10 s                 ; 3.59e-10 s                 ; No                        ; Yes                       ;
; HEX3[6]        ; 2.5 V        ; 0 s                 ; 0 s                 ; 2.32 V                       ; 4.49e-09 V                   ; 2.38 V              ; -0.00552 V          ; 0.096 V                              ; 0.019 V                              ; 4.18e-10 s                  ; 3.59e-10 s                  ; No                         ; Yes                        ; 2.32 V                      ; 4.49e-09 V                  ; 2.38 V             ; -0.00552 V         ; 0.096 V                             ; 0.019 V                             ; 4.18e-10 s                 ; 3.59e-10 s                 ; No                        ; Yes                       ;
; HEX3[5]        ; 2.5 V        ; 0 s                 ; 0 s                 ; 2.32 V                       ; 3.07e-09 V                   ; 2.37 V              ; -0.00994 V          ; 0.186 V                              ; 0.028 V                              ; 4.98e-10 s                  ; 4.96e-10 s                  ; Yes                        ; Yes                        ; 2.32 V                      ; 3.07e-09 V                  ; 2.37 V             ; -0.00994 V         ; 0.186 V                             ; 0.028 V                             ; 4.98e-10 s                 ; 4.96e-10 s                 ; Yes                       ; Yes                       ;
; HEX3[4]        ; 2.5 V        ; 0 s                 ; 0 s                 ; 2.32 V                       ; 4.49e-09 V                   ; 2.38 V              ; -0.00552 V          ; 0.096 V                              ; 0.019 V                              ; 4.18e-10 s                  ; 3.59e-10 s                  ; No                         ; Yes                        ; 2.32 V                      ; 4.49e-09 V                  ; 2.38 V             ; -0.00552 V         ; 0.096 V                             ; 0.019 V                             ; 4.18e-10 s                 ; 3.59e-10 s                 ; No                        ; Yes                       ;
; HEX3[3]        ; 2.5 V        ; 0 s                 ; 0 s                 ; 2.32 V                       ; 4.49e-09 V                   ; 2.33 V              ; -0.00467 V          ; 0.226 V                              ; 0.087 V                              ; 2.91e-09 s                  ; 2.74e-09 s                  ; Yes                        ; Yes                        ; 2.32 V                      ; 4.49e-09 V                  ; 2.33 V             ; -0.00467 V         ; 0.226 V                             ; 0.087 V                             ; 2.91e-09 s                 ; 2.74e-09 s                 ; Yes                       ; Yes                       ;
; HEX3[2]        ; 2.5 V        ; 0 s                 ; 0 s                 ; 2.32 V                       ; 3.07e-09 V                   ; 2.33 V              ; -0.00496 V          ; 0.223 V                              ; 0.086 V                              ; 2.9e-09 s                   ; 2.73e-09 s                  ; Yes                        ; Yes                        ; 2.32 V                      ; 3.07e-09 V                  ; 2.33 V             ; -0.00496 V         ; 0.223 V                             ; 0.086 V                             ; 2.9e-09 s                  ; 2.73e-09 s                 ; Yes                       ; Yes                       ;
; HEX3[1]        ; 2.5 V        ; 0 s                 ; 0 s                 ; 2.32 V                       ; 4.49e-09 V                   ; 2.38 V              ; -0.00552 V          ; 0.096 V                              ; 0.019 V                              ; 4.18e-10 s                  ; 3.59e-10 s                  ; No                         ; Yes                        ; 2.32 V                      ; 4.49e-09 V                  ; 2.38 V             ; -0.00552 V         ; 0.096 V                             ; 0.019 V                             ; 4.18e-10 s                 ; 3.59e-10 s                 ; No                        ; Yes                       ;
; HEX3[0]        ; 2.5 V        ; 0 s                 ; 0 s                 ; 2.32 V                       ; 4.49e-09 V                   ; 2.38 V              ; -0.00552 V          ; 0.096 V                              ; 0.019 V                              ; 4.18e-10 s                  ; 3.59e-10 s                  ; No                         ; Yes                        ; 2.32 V                      ; 4.49e-09 V                  ; 2.38 V             ; -0.00552 V         ; 0.096 V                             ; 0.019 V                             ; 4.18e-10 s                 ; 3.59e-10 s                 ; No                        ; Yes                       ;
; HEX4[6]        ; 2.5 V        ; 0 s                 ; 0 s                 ; 2.32 V                       ; 4.49e-09 V                   ; 2.38 V              ; -0.00552 V          ; 0.096 V                              ; 0.019 V                              ; 4.18e-10 s                  ; 3.59e-10 s                  ; No                         ; Yes                        ; 2.32 V                      ; 4.49e-09 V                  ; 2.38 V             ; -0.00552 V         ; 0.096 V                             ; 0.019 V                             ; 4.18e-10 s                 ; 3.59e-10 s                 ; No                        ; Yes                       ;
; HEX4[5]        ; 2.5 V        ; 0 s                 ; 0 s                 ; 2.32 V                       ; 4.49e-09 V                   ; 2.38 V              ; -0.00552 V          ; 0.096 V                              ; 0.019 V                              ; 4.18e-10 s                  ; 3.59e-10 s                  ; No                         ; Yes                        ; 2.32 V                      ; 4.49e-09 V                  ; 2.38 V             ; -0.00552 V         ; 0.096 V                             ; 0.019 V                             ; 4.18e-10 s                 ; 3.59e-10 s                 ; No                        ; Yes                       ;
; HEX4[4]        ; 2.5 V        ; 0 s                 ; 0 s                 ; 2.32 V                       ; 4.49e-09 V                   ; 2.38 V              ; -0.00552 V          ; 0.096 V                              ; 0.019 V                              ; 4.18e-10 s                  ; 3.59e-10 s                  ; No                         ; Yes                        ; 2.32 V                      ; 4.49e-09 V                  ; 2.38 V             ; -0.00552 V         ; 0.096 V                             ; 0.019 V                             ; 4.18e-10 s                 ; 3.59e-10 s                 ; No                        ; Yes                       ;
; HEX4[3]        ; 2.5 V        ; 0 s                 ; 0 s                 ; 2.32 V                       ; 4.49e-09 V                   ; 2.38 V              ; -0.00552 V          ; 0.096 V                              ; 0.019 V                              ; 4.18e-10 s                  ; 3.59e-10 s                  ; No                         ; Yes                        ; 2.32 V                      ; 4.49e-09 V                  ; 2.38 V             ; -0.00552 V         ; 0.096 V                             ; 0.019 V                             ; 4.18e-10 s                 ; 3.59e-10 s                 ; No                        ; Yes                       ;
; HEX4[2]        ; 2.5 V        ; 0 s                 ; 0 s                 ; 2.32 V                       ; 4.49e-09 V                   ; 2.38 V              ; -0.00552 V          ; 0.096 V                              ; 0.019 V                              ; 4.18e-10 s                  ; 3.59e-10 s                  ; No                         ; Yes                        ; 2.32 V                      ; 4.49e-09 V                  ; 2.38 V             ; -0.00552 V         ; 0.096 V                             ; 0.019 V                             ; 4.18e-10 s                 ; 3.59e-10 s                 ; No                        ; Yes                       ;
; HEX4[1]        ; 2.5 V        ; 0 s                 ; 0 s                 ; 2.32 V                       ; 4.49e-09 V                   ; 2.38 V              ; -0.00552 V          ; 0.096 V                              ; 0.019 V                              ; 4.18e-10 s                  ; 3.59e-10 s                  ; No                         ; Yes                        ; 2.32 V                      ; 4.49e-09 V                  ; 2.38 V             ; -0.00552 V         ; 0.096 V                             ; 0.019 V                             ; 4.18e-10 s                 ; 3.59e-10 s                 ; No                        ; Yes                       ;
; HEX4[0]        ; 2.5 V        ; 0 s                 ; 0 s                 ; 2.32 V                       ; 4.49e-09 V                   ; 2.38 V              ; -0.00552 V          ; 0.096 V                              ; 0.019 V                              ; 4.18e-10 s                  ; 3.59e-10 s                  ; No                         ; Yes                        ; 2.32 V                      ; 4.49e-09 V                  ; 2.38 V             ; -0.00552 V         ; 0.096 V                             ; 0.019 V                             ; 4.18e-10 s                 ; 3.59e-10 s                 ; No                        ; Yes                       ;
; HEX5[6]        ; 2.5 V        ; 0 s                 ; 0 s                 ; 2.32 V                       ; 4.49e-09 V                   ; 2.38 V              ; -0.00552 V          ; 0.096 V                              ; 0.019 V                              ; 4.18e-10 s                  ; 3.59e-10 s                  ; No                         ; Yes                        ; 2.32 V                      ; 4.49e-09 V                  ; 2.38 V             ; -0.00552 V         ; 0.096 V                             ; 0.019 V                             ; 4.18e-10 s                 ; 3.59e-10 s                 ; No                        ; Yes                       ;
; HEX5[5]        ; 2.5 V        ; 0 s                 ; 0 s                 ; 2.32 V                       ; 3.07e-09 V                   ; 2.38 V              ; -0.0144 V           ; 0.227 V                              ; 0.024 V                              ; 3.14e-10 s                  ; 3.39e-10 s                  ; Yes                        ; Yes                        ; 2.32 V                      ; 3.07e-09 V                  ; 2.38 V             ; -0.0144 V          ; 0.227 V                             ; 0.024 V                             ; 3.14e-10 s                 ; 3.39e-10 s                 ; Yes                       ; Yes                       ;
; HEX5[4]        ; 2.5 V        ; 0 s                 ; 0 s                 ; 2.32 V                       ; 4.49e-09 V                   ; 2.38 V              ; -0.00552 V          ; 0.096 V                              ; 0.019 V                              ; 4.18e-10 s                  ; 3.59e-10 s                  ; No                         ; Yes                        ; 2.32 V                      ; 4.49e-09 V                  ; 2.38 V             ; -0.00552 V         ; 0.096 V                             ; 0.019 V                             ; 4.18e-10 s                 ; 3.59e-10 s                 ; No                        ; Yes                       ;
; HEX5[3]        ; 2.5 V        ; 0 s                 ; 0 s                 ; 2.32 V                       ; 4.49e-09 V                   ; 2.38 V              ; -0.00552 V          ; 0.096 V                              ; 0.019 V                              ; 4.18e-10 s                  ; 3.59e-10 s                  ; No                         ; Yes                        ; 2.32 V                      ; 4.49e-09 V                  ; 2.38 V             ; -0.00552 V         ; 0.096 V                             ; 0.019 V                             ; 4.18e-10 s                 ; 3.59e-10 s                 ; No                        ; Yes                       ;
; HEX5[2]        ; 2.5 V        ; 0 s                 ; 0 s                 ; 2.32 V                       ; 4.49e-09 V                   ; 2.38 V              ; -0.00552 V          ; 0.096 V                              ; 0.019 V                              ; 4.18e-10 s                  ; 3.59e-10 s                  ; No                         ; Yes                        ; 2.32 V                      ; 4.49e-09 V                  ; 2.38 V             ; -0.00552 V         ; 0.096 V                             ; 0.019 V                             ; 4.18e-10 s                 ; 3.59e-10 s                 ; No                        ; Yes                       ;
; HEX5[1]        ; 2.5 V        ; 0 s                 ; 0 s                 ; 2.32 V                       ; 4.49e-09 V                   ; 2.38 V              ; -0.00552 V          ; 0.096 V                              ; 0.019 V                              ; 4.18e-10 s                  ; 3.59e-10 s                  ; No                         ; Yes                        ; 2.32 V                      ; 4.49e-09 V                  ; 2.38 V             ; -0.00552 V         ; 0.096 V                             ; 0.019 V                             ; 4.18e-10 s                 ; 3.59e-10 s                 ; No                        ; Yes                       ;
; HEX5[0]        ; 2.5 V        ; 0 s                 ; 0 s                 ; 2.32 V                       ; 4.49e-09 V                   ; 2.38 V              ; -0.00552 V          ; 0.096 V                              ; 0.019 V                              ; 4.18e-10 s                  ; 3.59e-10 s                  ; No                         ; Yes                        ; 2.32 V                      ; 4.49e-09 V                  ; 2.38 V             ; -0.00552 V         ; 0.096 V                             ; 0.019 V                             ; 4.18e-10 s                 ; 3.59e-10 s                 ; No                        ; Yes                       ;
; HEX6[6]        ; 2.5 V        ; 0 s                 ; 0 s                 ; 2.32 V                       ; 4.49e-09 V                   ; 2.38 V              ; -0.00552 V          ; 0.096 V                              ; 0.019 V                              ; 4.18e-10 s                  ; 3.59e-10 s                  ; No                         ; Yes                        ; 2.32 V                      ; 4.49e-09 V                  ; 2.38 V             ; -0.00552 V         ; 0.096 V                             ; 0.019 V                             ; 4.18e-10 s                 ; 3.59e-10 s                 ; No                        ; Yes                       ;
; HEX6[5]        ; 2.5 V        ; 0 s                 ; 0 s                 ; 2.32 V                       ; 4.49e-09 V                   ; 2.33 V              ; -0.00467 V          ; 0.226 V                              ; 0.087 V                              ; 2.91e-09 s                  ; 2.74e-09 s                  ; Yes                        ; Yes                        ; 2.32 V                      ; 4.49e-09 V                  ; 2.33 V             ; -0.00467 V         ; 0.226 V                             ; 0.087 V                             ; 2.91e-09 s                 ; 2.74e-09 s                 ; Yes                       ; Yes                       ;
; HEX6[4]        ; 2.5 V        ; 0 s                 ; 0 s                 ; 2.32 V                       ; 4.49e-09 V                   ; 2.38 V              ; -0.00552 V          ; 0.096 V                              ; 0.019 V                              ; 4.18e-10 s                  ; 3.59e-10 s                  ; No                         ; Yes                        ; 2.32 V                      ; 4.49e-09 V                  ; 2.38 V             ; -0.00552 V         ; 0.096 V                             ; 0.019 V                             ; 4.18e-10 s                 ; 3.59e-10 s                 ; No                        ; Yes                       ;
; HEX6[3]        ; 2.5 V        ; 0 s                 ; 0 s                 ; 2.32 V                       ; 4.49e-09 V                   ; 2.38 V              ; -0.00552 V          ; 0.096 V                              ; 0.019 V                              ; 4.18e-10 s                  ; 3.59e-10 s                  ; No                         ; Yes                        ; 2.32 V                      ; 4.49e-09 V                  ; 2.38 V             ; -0.00552 V         ; 0.096 V                             ; 0.019 V                             ; 4.18e-10 s                 ; 3.59e-10 s                 ; No                        ; Yes                       ;
; HEX6[2]        ; 2.5 V        ; 0 s                 ; 0 s                 ; 2.32 V                       ; 4.49e-09 V                   ; 2.38 V              ; -0.00552 V          ; 0.096 V                              ; 0.019 V                              ; 4.18e-10 s                  ; 3.59e-10 s                  ; No                         ; Yes                        ; 2.32 V                      ; 4.49e-09 V                  ; 2.38 V             ; -0.00552 V         ; 0.096 V                             ; 0.019 V                             ; 4.18e-10 s                 ; 3.59e-10 s                 ; No                        ; Yes                       ;
; HEX6[1]        ; 2.5 V        ; 0 s                 ; 0 s                 ; 2.32 V                       ; 4.49e-09 V                   ; 2.38 V              ; -0.00552 V          ; 0.096 V                              ; 0.019 V                              ; 4.18e-10 s                  ; 3.59e-10 s                  ; No                         ; Yes                        ; 2.32 V                      ; 4.49e-09 V                  ; 2.38 V             ; -0.00552 V         ; 0.096 V                             ; 0.019 V                             ; 4.18e-10 s                 ; 3.59e-10 s                 ; No                        ; Yes                       ;
; HEX6[0]        ; 2.5 V        ; 0 s                 ; 0 s                 ; 2.32 V                       ; 4.49e-09 V                   ; 2.38 V              ; -0.00552 V          ; 0.096 V                              ; 0.019 V                              ; 4.18e-10 s                  ; 3.59e-10 s                  ; No                         ; Yes                        ; 2.32 V                      ; 4.49e-09 V                  ; 2.38 V             ; -0.00552 V         ; 0.096 V                             ; 0.019 V                             ; 4.18e-10 s                 ; 3.59e-10 s                 ; No                        ; Yes                       ;
; HEX7[6]        ; 2.5 V        ; 0 s                 ; 0 s                 ; 2.32 V                       ; 3.07e-09 V                   ; 2.37 V              ; -0.00994 V          ; 0.186 V                              ; 0.028 V                              ; 4.98e-10 s                  ; 4.96e-10 s                  ; Yes                        ; Yes                        ; 2.32 V                      ; 3.07e-09 V                  ; 2.37 V             ; -0.00994 V         ; 0.186 V                             ; 0.028 V                             ; 4.98e-10 s                 ; 4.96e-10 s                 ; Yes                       ; Yes                       ;
; HEX7[5]        ; 2.5 V        ; 0 s                 ; 0 s                 ; 2.32 V                       ; 4.49e-09 V                   ; 2.38 V              ; -0.00552 V          ; 0.096 V                              ; 0.019 V                              ; 4.18e-10 s                  ; 3.59e-10 s                  ; No                         ; Yes                        ; 2.32 V                      ; 4.49e-09 V                  ; 2.38 V             ; -0.00552 V         ; 0.096 V                             ; 0.019 V                             ; 4.18e-10 s                 ; 3.59e-10 s                 ; No                        ; Yes                       ;
; HEX7[4]        ; 2.5 V        ; 0 s                 ; 0 s                 ; 2.32 V                       ; 4.49e-09 V                   ; 2.38 V              ; -0.00552 V          ; 0.096 V                              ; 0.019 V                              ; 4.18e-10 s                  ; 3.59e-10 s                  ; No                         ; Yes                        ; 2.32 V                      ; 4.49e-09 V                  ; 2.38 V             ; -0.00552 V         ; 0.096 V                             ; 0.019 V                             ; 4.18e-10 s                 ; 3.59e-10 s                 ; No                        ; Yes                       ;
; HEX7[3]        ; 2.5 V        ; 0 s                 ; 0 s                 ; 2.32 V                       ; 4.49e-09 V                   ; 2.38 V              ; -0.00552 V          ; 0.096 V                              ; 0.019 V                              ; 4.18e-10 s                  ; 3.59e-10 s                  ; No                         ; Yes                        ; 2.32 V                      ; 4.49e-09 V                  ; 2.38 V             ; -0.00552 V         ; 0.096 V                             ; 0.019 V                             ; 4.18e-10 s                 ; 3.59e-10 s                 ; No                        ; Yes                       ;
; HEX7[2]        ; 2.5 V        ; 0 s                 ; 0 s                 ; 2.32 V                       ; 4.49e-09 V                   ; 2.38 V              ; -0.00552 V          ; 0.096 V                              ; 0.019 V                              ; 4.18e-10 s                  ; 3.59e-10 s                  ; No                         ; Yes                        ; 2.32 V                      ; 4.49e-09 V                  ; 2.38 V             ; -0.00552 V         ; 0.096 V                             ; 0.019 V                             ; 4.18e-10 s                 ; 3.59e-10 s                 ; No                        ; Yes                       ;
; HEX7[1]        ; 2.5 V        ; 0 s                 ; 0 s                 ; 2.32 V                       ; 4.49e-09 V                   ; 2.38 V              ; -0.00552 V          ; 0.096 V                              ; 0.019 V                              ; 4.18e-10 s                  ; 3.59e-10 s                  ; No                         ; Yes                        ; 2.32 V                      ; 4.49e-09 V                  ; 2.38 V             ; -0.00552 V         ; 0.096 V                             ; 0.019 V                             ; 4.18e-10 s                 ; 3.59e-10 s                 ; No                        ; Yes                       ;
; HEX7[0]        ; 2.5 V        ; 0 s                 ; 0 s                 ; 2.32 V                       ; 4.49e-09 V                   ; 2.38 V              ; -0.00552 V          ; 0.096 V                              ; 0.019 V                              ; 4.18e-10 s                  ; 3.59e-10 s                  ; No                         ; Yes                        ; 2.32 V                      ; 4.49e-09 V                  ; 2.38 V             ; -0.00552 V         ; 0.096 V                             ; 0.019 V                             ; 4.18e-10 s                 ; 3.59e-10 s                 ; No                        ; Yes                       ;
; PC[31]         ; 2.5 V        ; 0 s                 ; 0 s                 ; 2.32 V                       ; 4.49e-09 V                   ; 2.38 V              ; -0.00552 V          ; 0.096 V                              ; 0.019 V                              ; 4.18e-10 s                  ; 3.59e-10 s                  ; No                         ; Yes                        ; 2.32 V                      ; 4.49e-09 V                  ; 2.38 V             ; -0.00552 V         ; 0.096 V                             ; 0.019 V                             ; 4.18e-10 s                 ; 3.59e-10 s                 ; No                        ; Yes                       ;
; PC[30]         ; 2.5 V        ; 0 s                 ; 0 s                 ; 2.32 V                       ; 4.49e-09 V                   ; 2.38 V              ; -0.00552 V          ; 0.096 V                              ; 0.019 V                              ; 4.18e-10 s                  ; 3.59e-10 s                  ; No                         ; Yes                        ; 2.32 V                      ; 4.49e-09 V                  ; 2.38 V             ; -0.00552 V         ; 0.096 V                             ; 0.019 V                             ; 4.18e-10 s                 ; 3.59e-10 s                 ; No                        ; Yes                       ;
; PC[29]         ; 2.5 V        ; 0 s                 ; 0 s                 ; 2.32 V                       ; 4.49e-09 V                   ; 2.38 V              ; -0.00552 V          ; 0.096 V                              ; 0.019 V                              ; 4.18e-10 s                  ; 3.59e-10 s                  ; No                         ; Yes                        ; 2.32 V                      ; 4.49e-09 V                  ; 2.38 V             ; -0.00552 V         ; 0.096 V                             ; 0.019 V                             ; 4.18e-10 s                 ; 3.59e-10 s                 ; No                        ; Yes                       ;
; PC[28]         ; 2.5 V        ; 0 s                 ; 0 s                 ; 2.32 V                       ; 3.07e-09 V                   ; 2.37 V              ; -0.00994 V          ; 0.186 V                              ; 0.028 V                              ; 4.98e-10 s                  ; 4.96e-10 s                  ; Yes                        ; Yes                        ; 2.32 V                      ; 3.07e-09 V                  ; 2.37 V             ; -0.00994 V         ; 0.186 V                             ; 0.028 V                             ; 4.98e-10 s                 ; 4.96e-10 s                 ; Yes                       ; Yes                       ;
; PC[27]         ; 2.5 V        ; 0 s                 ; 0 s                 ; 2.32 V                       ; 3.07e-09 V                   ; 2.37 V              ; -0.00994 V          ; 0.186 V                              ; 0.028 V                              ; 4.98e-10 s                  ; 4.96e-10 s                  ; Yes                        ; Yes                        ; 2.32 V                      ; 3.07e-09 V                  ; 2.37 V             ; -0.00994 V         ; 0.186 V                             ; 0.028 V                             ; 4.98e-10 s                 ; 4.96e-10 s                 ; Yes                       ; Yes                       ;
; PC[26]         ; 2.5 V        ; 0 s                 ; 0 s                 ; 2.32 V                       ; 4.49e-09 V                   ; 2.38 V              ; -0.00552 V          ; 0.096 V                              ; 0.019 V                              ; 4.18e-10 s                  ; 3.59e-10 s                  ; No                         ; Yes                        ; 2.32 V                      ; 4.49e-09 V                  ; 2.38 V             ; -0.00552 V         ; 0.096 V                             ; 0.019 V                             ; 4.18e-10 s                 ; 3.59e-10 s                 ; No                        ; Yes                       ;
; PC[25]         ; 2.5 V        ; 0 s                 ; 0 s                 ; 2.32 V                       ; 4.49e-09 V                   ; 2.38 V              ; -0.00552 V          ; 0.096 V                              ; 0.019 V                              ; 4.18e-10 s                  ; 3.59e-10 s                  ; No                         ; Yes                        ; 2.32 V                      ; 4.49e-09 V                  ; 2.38 V             ; -0.00552 V         ; 0.096 V                             ; 0.019 V                             ; 4.18e-10 s                 ; 3.59e-10 s                 ; No                        ; Yes                       ;
; PC[24]         ; 2.5 V        ; 0 s                 ; 0 s                 ; 2.32 V                       ; 3.07e-09 V                   ; 2.37 V              ; -0.00994 V          ; 0.186 V                              ; 0.028 V                              ; 4.98e-10 s                  ; 4.96e-10 s                  ; Yes                        ; Yes                        ; 2.32 V                      ; 3.07e-09 V                  ; 2.37 V             ; -0.00994 V         ; 0.186 V                             ; 0.028 V                             ; 4.98e-10 s                 ; 4.96e-10 s                 ; Yes                       ; Yes                       ;
; PC[23]         ; 2.5 V        ; 0 s                 ; 0 s                 ; 2.32 V                       ; 3.07e-09 V                   ; 2.37 V              ; -0.00994 V          ; 0.186 V                              ; 0.028 V                              ; 4.98e-10 s                  ; 4.96e-10 s                  ; Yes                        ; Yes                        ; 2.32 V                      ; 3.07e-09 V                  ; 2.37 V             ; -0.00994 V         ; 0.186 V                             ; 0.028 V                             ; 4.98e-10 s                 ; 4.96e-10 s                 ; Yes                       ; Yes                       ;
; PC[22]         ; 2.5 V        ; 0 s                 ; 0 s                 ; 2.32 V                       ; 3.07e-09 V                   ; 2.37 V              ; -0.00994 V          ; 0.186 V                              ; 0.028 V                              ; 4.98e-10 s                  ; 4.96e-10 s                  ; Yes                        ; Yes                        ; 2.32 V                      ; 3.07e-09 V                  ; 2.37 V             ; -0.00994 V         ; 0.186 V                             ; 0.028 V                             ; 4.98e-10 s                 ; 4.96e-10 s                 ; Yes                       ; Yes                       ;
; PC[21]         ; 2.5 V        ; 0 s                 ; 0 s                 ; 2.32 V                       ; 4.49e-09 V                   ; 2.38 V              ; -0.00552 V          ; 0.096 V                              ; 0.019 V                              ; 4.18e-10 s                  ; 3.59e-10 s                  ; No                         ; Yes                        ; 2.32 V                      ; 4.49e-09 V                  ; 2.38 V             ; -0.00552 V         ; 0.096 V                             ; 0.019 V                             ; 4.18e-10 s                 ; 3.59e-10 s                 ; No                        ; Yes                       ;
; PC[20]         ; 2.5 V        ; 0 s                 ; 0 s                 ; 2.32 V                       ; 3.07e-09 V                   ; 2.38 V              ; -0.0144 V           ; 0.227 V                              ; 0.024 V                              ; 3.14e-10 s                  ; 3.39e-10 s                  ; Yes                        ; Yes                        ; 2.32 V                      ; 3.07e-09 V                  ; 2.38 V             ; -0.0144 V          ; 0.227 V                             ; 0.024 V                             ; 3.14e-10 s                 ; 3.39e-10 s                 ; Yes                       ; Yes                       ;
; PC[19]         ; 2.5 V        ; 0 s                 ; 0 s                 ; 2.32 V                       ; 3.07e-09 V                   ; 2.37 V              ; -0.00994 V          ; 0.186 V                              ; 0.028 V                              ; 4.98e-10 s                  ; 4.96e-10 s                  ; Yes                        ; Yes                        ; 2.32 V                      ; 3.07e-09 V                  ; 2.37 V             ; -0.00994 V         ; 0.186 V                             ; 0.028 V                             ; 4.98e-10 s                 ; 4.96e-10 s                 ; Yes                       ; Yes                       ;
; PC[18]         ; 2.5 V        ; 0 s                 ; 0 s                 ; 2.32 V                       ; 3.07e-09 V                   ; 2.38 V              ; -0.0144 V           ; 0.227 V                              ; 0.024 V                              ; 3.14e-10 s                  ; 3.39e-10 s                  ; Yes                        ; Yes                        ; 2.32 V                      ; 3.07e-09 V                  ; 2.38 V             ; -0.0144 V          ; 0.227 V                             ; 0.024 V                             ; 3.14e-10 s                 ; 3.39e-10 s                 ; Yes                       ; Yes                       ;
; PC[17]         ; 2.5 V        ; 0 s                 ; 0 s                 ; 2.32 V                       ; 3.07e-09 V                   ; 2.37 V              ; -0.00994 V          ; 0.186 V                              ; 0.028 V                              ; 4.98e-10 s                  ; 4.96e-10 s                  ; Yes                        ; Yes                        ; 2.32 V                      ; 3.07e-09 V                  ; 2.37 V             ; -0.00994 V         ; 0.186 V                             ; 0.028 V                             ; 4.98e-10 s                 ; 4.96e-10 s                 ; Yes                       ; Yes                       ;
; PC[16]         ; 2.5 V        ; 0 s                 ; 0 s                 ; 2.32 V                       ; 4.49e-09 V                   ; 2.38 V              ; -0.00552 V          ; 0.096 V                              ; 0.019 V                              ; 4.18e-10 s                  ; 3.59e-10 s                  ; No                         ; Yes                        ; 2.32 V                      ; 4.49e-09 V                  ; 2.38 V             ; -0.00552 V         ; 0.096 V                             ; 0.019 V                             ; 4.18e-10 s                 ; 3.59e-10 s                 ; No                        ; Yes                       ;
; PC[15]         ; 2.5 V        ; 0 s                 ; 0 s                 ; 2.32 V                       ; 3.07e-09 V                   ; 2.37 V              ; -0.00994 V          ; 0.186 V                              ; 0.028 V                              ; 4.98e-10 s                  ; 4.96e-10 s                  ; Yes                        ; Yes                        ; 2.32 V                      ; 3.07e-09 V                  ; 2.37 V             ; -0.00994 V         ; 0.186 V                             ; 0.028 V                             ; 4.98e-10 s                 ; 4.96e-10 s                 ; Yes                       ; Yes                       ;
; PC[14]         ; 2.5 V        ; 0 s                 ; 0 s                 ; 2.32 V                       ; 3.07e-09 V                   ; 2.37 V              ; -0.00994 V          ; 0.186 V                              ; 0.028 V                              ; 4.98e-10 s                  ; 4.96e-10 s                  ; Yes                        ; Yes                        ; 2.32 V                      ; 3.07e-09 V                  ; 2.37 V             ; -0.00994 V         ; 0.186 V                             ; 0.028 V                             ; 4.98e-10 s                 ; 4.96e-10 s                 ; Yes                       ; Yes                       ;
; PC[13]         ; 2.5 V        ; 0 s                 ; 0 s                 ; 2.32 V                       ; 3.07e-09 V                   ; 2.37 V              ; -0.00994 V          ; 0.186 V                              ; 0.028 V                              ; 4.98e-10 s                  ; 4.96e-10 s                  ; Yes                        ; Yes                        ; 2.32 V                      ; 3.07e-09 V                  ; 2.37 V             ; -0.00994 V         ; 0.186 V                             ; 0.028 V                             ; 4.98e-10 s                 ; 4.96e-10 s                 ; Yes                       ; Yes                       ;
; PC[12]         ; 2.5 V        ; 0 s                 ; 0 s                 ; 2.32 V                       ; 4.49e-09 V                   ; 2.38 V              ; -0.00552 V          ; 0.096 V                              ; 0.019 V                              ; 4.18e-10 s                  ; 3.59e-10 s                  ; No                         ; Yes                        ; 2.32 V                      ; 4.49e-09 V                  ; 2.38 V             ; -0.00552 V         ; 0.096 V                             ; 0.019 V                             ; 4.18e-10 s                 ; 3.59e-10 s                 ; No                        ; Yes                       ;
; PC[11]         ; 2.5 V        ; 0 s                 ; 0 s                 ; 2.32 V                       ; 4.49e-09 V                   ; 2.38 V              ; -0.00552 V          ; 0.096 V                              ; 0.019 V                              ; 4.18e-10 s                  ; 3.59e-10 s                  ; No                         ; Yes                        ; 2.32 V                      ; 4.49e-09 V                  ; 2.38 V             ; -0.00552 V         ; 0.096 V                             ; 0.019 V                             ; 4.18e-10 s                 ; 3.59e-10 s                 ; No                        ; Yes                       ;
; PC[10]         ; 2.5 V        ; 0 s                 ; 0 s                 ; 2.32 V                       ; 4.49e-09 V                   ; 2.38 V              ; -0.00552 V          ; 0.096 V                              ; 0.019 V                              ; 4.18e-10 s                  ; 3.59e-10 s                  ; No                         ; Yes                        ; 2.32 V                      ; 4.49e-09 V                  ; 2.38 V             ; -0.00552 V         ; 0.096 V                             ; 0.019 V                             ; 4.18e-10 s                 ; 3.59e-10 s                 ; No                        ; Yes                       ;
; PC[9]          ; 2.5 V        ; 0 s                 ; 0 s                 ; 2.32 V                       ; 3.07e-09 V                   ; 2.37 V              ; -0.00994 V          ; 0.186 V                              ; 0.028 V                              ; 4.98e-10 s                  ; 4.96e-10 s                  ; Yes                        ; Yes                        ; 2.32 V                      ; 3.07e-09 V                  ; 2.37 V             ; -0.00994 V         ; 0.186 V                             ; 0.028 V                             ; 4.98e-10 s                 ; 4.96e-10 s                 ; Yes                       ; Yes                       ;
; PC[8]          ; 2.5 V        ; 0 s                 ; 0 s                 ; 2.32 V                       ; 4.49e-09 V                   ; 2.38 V              ; -0.00552 V          ; 0.096 V                              ; 0.019 V                              ; 4.18e-10 s                  ; 3.59e-10 s                  ; No                         ; Yes                        ; 2.32 V                      ; 4.49e-09 V                  ; 2.38 V             ; -0.00552 V         ; 0.096 V                             ; 0.019 V                             ; 4.18e-10 s                 ; 3.59e-10 s                 ; No                        ; Yes                       ;
; PC[7]          ; 2.5 V        ; 0 s                 ; 0 s                 ; 2.32 V                       ; 4.49e-09 V                   ; 2.38 V              ; -0.00552 V          ; 0.096 V                              ; 0.019 V                              ; 4.18e-10 s                  ; 3.59e-10 s                  ; No                         ; Yes                        ; 2.32 V                      ; 4.49e-09 V                  ; 2.38 V             ; -0.00552 V         ; 0.096 V                             ; 0.019 V                             ; 4.18e-10 s                 ; 3.59e-10 s                 ; No                        ; Yes                       ;
; PC[6]          ; 2.5 V        ; 0 s                 ; 0 s                 ; 2.32 V                       ; 4.49e-09 V                   ; 2.38 V              ; -0.00552 V          ; 0.096 V                              ; 0.019 V                              ; 4.18e-10 s                  ; 3.59e-10 s                  ; No                         ; Yes                        ; 2.32 V                      ; 4.49e-09 V                  ; 2.38 V             ; -0.00552 V         ; 0.096 V                             ; 0.019 V                             ; 4.18e-10 s                 ; 3.59e-10 s                 ; No                        ; Yes                       ;
; PC[5]          ; 2.5 V        ; 0 s                 ; 0 s                 ; 2.32 V                       ; 4.49e-09 V                   ; 2.38 V              ; -0.00552 V          ; 0.096 V                              ; 0.019 V                              ; 4.18e-10 s                  ; 3.59e-10 s                  ; No                         ; Yes                        ; 2.32 V                      ; 4.49e-09 V                  ; 2.38 V             ; -0.00552 V         ; 0.096 V                             ; 0.019 V                             ; 4.18e-10 s                 ; 3.59e-10 s                 ; No                        ; Yes                       ;
; PC[4]          ; 2.5 V        ; 0 s                 ; 0 s                 ; 2.32 V                       ; 4.49e-09 V                   ; 2.38 V              ; -0.00552 V          ; 0.096 V                              ; 0.019 V                              ; 4.18e-10 s                  ; 3.59e-10 s                  ; No                         ; Yes                        ; 2.32 V                      ; 4.49e-09 V                  ; 2.38 V             ; -0.00552 V         ; 0.096 V                             ; 0.019 V                             ; 4.18e-10 s                 ; 3.59e-10 s                 ; No                        ; Yes                       ;
; PC[3]          ; 2.5 V        ; 0 s                 ; 0 s                 ; 2.32 V                       ; 4.49e-09 V                   ; 2.38 V              ; -0.00552 V          ; 0.096 V                              ; 0.019 V                              ; 4.18e-10 s                  ; 3.59e-10 s                  ; No                         ; Yes                        ; 2.32 V                      ; 4.49e-09 V                  ; 2.38 V             ; -0.00552 V         ; 0.096 V                             ; 0.019 V                             ; 4.18e-10 s                 ; 3.59e-10 s                 ; No                        ; Yes                       ;
; PC[2]          ; 2.5 V        ; 0 s                 ; 0 s                 ; 2.32 V                       ; 4.49e-09 V                   ; 2.38 V              ; -0.00552 V          ; 0.096 V                              ; 0.019 V                              ; 4.18e-10 s                  ; 3.59e-10 s                  ; No                         ; Yes                        ; 2.32 V                      ; 4.49e-09 V                  ; 2.38 V             ; -0.00552 V         ; 0.096 V                             ; 0.019 V                             ; 4.18e-10 s                 ; 3.59e-10 s                 ; No                        ; Yes                       ;
; PC[1]          ; 2.5 V        ; 0 s                 ; 0 s                 ; 2.32 V                       ; 3.07e-09 V                   ; 2.37 V              ; -0.00994 V          ; 0.186 V                              ; 0.028 V                              ; 4.98e-10 s                  ; 4.96e-10 s                  ; Yes                        ; Yes                        ; 2.32 V                      ; 3.07e-09 V                  ; 2.37 V             ; -0.00994 V         ; 0.186 V                             ; 0.028 V                             ; 4.98e-10 s                 ; 4.96e-10 s                 ; Yes                       ; Yes                       ;
; PC[0]          ; 2.5 V        ; 0 s                 ; 0 s                 ; 2.32 V                       ; 4.49e-09 V                   ; 2.38 V              ; -0.00552 V          ; 0.096 V                              ; 0.019 V                              ; 4.18e-10 s                  ; 3.59e-10 s                  ; No                         ; Yes                        ; 2.32 V                      ; 4.49e-09 V                  ; 2.38 V             ; -0.00552 V         ; 0.096 V                             ; 0.019 V                             ; 4.18e-10 s                 ; 3.59e-10 s                 ; No                        ; Yes                       ;
; RD1[31]        ; 2.5 V        ; 0 s                 ; 0 s                 ; 2.32 V                       ; 3.07e-09 V                   ; 2.37 V              ; -0.00994 V          ; 0.186 V                              ; 0.028 V                              ; 4.98e-10 s                  ; 4.96e-10 s                  ; Yes                        ; Yes                        ; 2.32 V                      ; 3.07e-09 V                  ; 2.37 V             ; -0.00994 V         ; 0.186 V                             ; 0.028 V                             ; 4.98e-10 s                 ; 4.96e-10 s                 ; Yes                       ; Yes                       ;
; RD1[30]        ; 2.5 V        ; 0 s                 ; 0 s                 ; 2.32 V                       ; 3.07e-09 V                   ; 2.37 V              ; -0.00994 V          ; 0.186 V                              ; 0.028 V                              ; 4.98e-10 s                  ; 4.96e-10 s                  ; Yes                        ; Yes                        ; 2.32 V                      ; 3.07e-09 V                  ; 2.37 V             ; -0.00994 V         ; 0.186 V                             ; 0.028 V                             ; 4.98e-10 s                 ; 4.96e-10 s                 ; Yes                       ; Yes                       ;
; RD1[29]        ; 2.5 V        ; 0 s                 ; 0 s                 ; 2.32 V                       ; 4.49e-09 V                   ; 2.38 V              ; -0.00552 V          ; 0.096 V                              ; 0.019 V                              ; 4.18e-10 s                  ; 3.59e-10 s                  ; No                         ; Yes                        ; 2.32 V                      ; 4.49e-09 V                  ; 2.38 V             ; -0.00552 V         ; 0.096 V                             ; 0.019 V                             ; 4.18e-10 s                 ; 3.59e-10 s                 ; No                        ; Yes                       ;
; RD1[28]        ; 2.5 V        ; 0 s                 ; 0 s                 ; 2.32 V                       ; 3.07e-09 V                   ; 2.37 V              ; -0.00994 V          ; 0.186 V                              ; 0.028 V                              ; 4.98e-10 s                  ; 4.96e-10 s                  ; Yes                        ; Yes                        ; 2.32 V                      ; 3.07e-09 V                  ; 2.37 V             ; -0.00994 V         ; 0.186 V                             ; 0.028 V                             ; 4.98e-10 s                 ; 4.96e-10 s                 ; Yes                       ; Yes                       ;
; RD1[27]        ; 2.5 V        ; 0 s                 ; 0 s                 ; 2.32 V                       ; 4.49e-09 V                   ; 2.38 V              ; -0.00552 V          ; 0.096 V                              ; 0.019 V                              ; 4.18e-10 s                  ; 3.59e-10 s                  ; No                         ; Yes                        ; 2.32 V                      ; 4.49e-09 V                  ; 2.38 V             ; -0.00552 V         ; 0.096 V                             ; 0.019 V                             ; 4.18e-10 s                 ; 3.59e-10 s                 ; No                        ; Yes                       ;
; RD1[26]        ; 2.5 V        ; 0 s                 ; 0 s                 ; 2.32 V                       ; 3.07e-09 V                   ; 2.37 V              ; -0.00994 V          ; 0.186 V                              ; 0.028 V                              ; 4.98e-10 s                  ; 4.96e-10 s                  ; Yes                        ; Yes                        ; 2.32 V                      ; 3.07e-09 V                  ; 2.37 V             ; -0.00994 V         ; 0.186 V                             ; 0.028 V                             ; 4.98e-10 s                 ; 4.96e-10 s                 ; Yes                       ; Yes                       ;
; RD1[25]        ; 2.5 V        ; 0 s                 ; 0 s                 ; 2.32 V                       ; 4.49e-09 V                   ; 2.38 V              ; -0.00552 V          ; 0.096 V                              ; 0.019 V                              ; 4.18e-10 s                  ; 3.59e-10 s                  ; No                         ; Yes                        ; 2.32 V                      ; 4.49e-09 V                  ; 2.38 V             ; -0.00552 V         ; 0.096 V                             ; 0.019 V                             ; 4.18e-10 s                 ; 3.59e-10 s                 ; No                        ; Yes                       ;
; RD1[24]        ; 2.5 V        ; 0 s                 ; 0 s                 ; 2.32 V                       ; 3.07e-09 V                   ; 2.37 V              ; -0.00994 V          ; 0.186 V                              ; 0.028 V                              ; 4.98e-10 s                  ; 4.96e-10 s                  ; Yes                        ; Yes                        ; 2.32 V                      ; 3.07e-09 V                  ; 2.37 V             ; -0.00994 V         ; 0.186 V                             ; 0.028 V                             ; 4.98e-10 s                 ; 4.96e-10 s                 ; Yes                       ; Yes                       ;
; RD1[23]        ; 2.5 V        ; 0 s                 ; 0 s                 ; 2.32 V                       ; 3.07e-09 V                   ; 2.37 V              ; -0.00994 V          ; 0.186 V                              ; 0.028 V                              ; 4.98e-10 s                  ; 4.96e-10 s                  ; Yes                        ; Yes                        ; 2.32 V                      ; 3.07e-09 V                  ; 2.37 V             ; -0.00994 V         ; 0.186 V                             ; 0.028 V                             ; 4.98e-10 s                 ; 4.96e-10 s                 ; Yes                       ; Yes                       ;
; RD1[22]        ; 2.5 V        ; 0 s                 ; 0 s                 ; 2.32 V                       ; 3.07e-09 V                   ; 2.37 V              ; -0.00994 V          ; 0.186 V                              ; 0.028 V                              ; 4.98e-10 s                  ; 4.96e-10 s                  ; Yes                        ; Yes                        ; 2.32 V                      ; 3.07e-09 V                  ; 2.37 V             ; -0.00994 V         ; 0.186 V                             ; 0.028 V                             ; 4.98e-10 s                 ; 4.96e-10 s                 ; Yes                       ; Yes                       ;
; RD1[21]        ; 2.5 V        ; 0 s                 ; 0 s                 ; 2.32 V                       ; 3.07e-09 V                   ; 2.37 V              ; -0.00994 V          ; 0.186 V                              ; 0.028 V                              ; 4.98e-10 s                  ; 4.96e-10 s                  ; Yes                        ; Yes                        ; 2.32 V                      ; 3.07e-09 V                  ; 2.37 V             ; -0.00994 V         ; 0.186 V                             ; 0.028 V                             ; 4.98e-10 s                 ; 4.96e-10 s                 ; Yes                       ; Yes                       ;
; RD1[20]        ; 2.5 V        ; 0 s                 ; 0 s                 ; 2.32 V                       ; 3.07e-09 V                   ; 2.38 V              ; -0.0144 V           ; 0.227 V                              ; 0.024 V                              ; 3.14e-10 s                  ; 3.39e-10 s                  ; Yes                        ; Yes                        ; 2.32 V                      ; 3.07e-09 V                  ; 2.38 V             ; -0.0144 V          ; 0.227 V                             ; 0.024 V                             ; 3.14e-10 s                 ; 3.39e-10 s                 ; Yes                       ; Yes                       ;
; RD1[19]        ; 2.5 V        ; 0 s                 ; 0 s                 ; 2.32 V                       ; 4.49e-09 V                   ; 2.38 V              ; -0.00552 V          ; 0.096 V                              ; 0.019 V                              ; 4.18e-10 s                  ; 3.59e-10 s                  ; No                         ; Yes                        ; 2.32 V                      ; 4.49e-09 V                  ; 2.38 V             ; -0.00552 V         ; 0.096 V                             ; 0.019 V                             ; 4.18e-10 s                 ; 3.59e-10 s                 ; No                        ; Yes                       ;
; RD1[18]        ; 2.5 V        ; 0 s                 ; 0 s                 ; 2.32 V                       ; 3.07e-09 V                   ; 2.37 V              ; -0.00994 V          ; 0.186 V                              ; 0.028 V                              ; 4.98e-10 s                  ; 4.96e-10 s                  ; Yes                        ; Yes                        ; 2.32 V                      ; 3.07e-09 V                  ; 2.37 V             ; -0.00994 V         ; 0.186 V                             ; 0.028 V                             ; 4.98e-10 s                 ; 4.96e-10 s                 ; Yes                       ; Yes                       ;
; RD1[17]        ; 2.5 V        ; 0 s                 ; 0 s                 ; 2.32 V                       ; 3.07e-09 V                   ; 2.37 V              ; -0.00994 V          ; 0.186 V                              ; 0.028 V                              ; 4.98e-10 s                  ; 4.96e-10 s                  ; Yes                        ; Yes                        ; 2.32 V                      ; 3.07e-09 V                  ; 2.37 V             ; -0.00994 V         ; 0.186 V                             ; 0.028 V                             ; 4.98e-10 s                 ; 4.96e-10 s                 ; Yes                       ; Yes                       ;
; RD1[16]        ; 2.5 V        ; 0 s                 ; 0 s                 ; 2.32 V                       ; 3.07e-09 V                   ; 2.37 V              ; -0.00994 V          ; 0.186 V                              ; 0.028 V                              ; 4.98e-10 s                  ; 4.96e-10 s                  ; Yes                        ; Yes                        ; 2.32 V                      ; 3.07e-09 V                  ; 2.37 V             ; -0.00994 V         ; 0.186 V                             ; 0.028 V                             ; 4.98e-10 s                 ; 4.96e-10 s                 ; Yes                       ; Yes                       ;
; RD1[15]        ; 2.5 V        ; 0 s                 ; 0 s                 ; 2.32 V                       ; 3.07e-09 V                   ; 2.37 V              ; -0.00994 V          ; 0.186 V                              ; 0.028 V                              ; 4.98e-10 s                  ; 4.96e-10 s                  ; Yes                        ; Yes                        ; 2.32 V                      ; 3.07e-09 V                  ; 2.37 V             ; -0.00994 V         ; 0.186 V                             ; 0.028 V                             ; 4.98e-10 s                 ; 4.96e-10 s                 ; Yes                       ; Yes                       ;
; RD1[14]        ; 2.5 V        ; 0 s                 ; 0 s                 ; 2.32 V                       ; 3.07e-09 V                   ; 2.37 V              ; -0.00994 V          ; 0.186 V                              ; 0.028 V                              ; 4.98e-10 s                  ; 4.96e-10 s                  ; Yes                        ; Yes                        ; 2.32 V                      ; 3.07e-09 V                  ; 2.37 V             ; -0.00994 V         ; 0.186 V                             ; 0.028 V                             ; 4.98e-10 s                 ; 4.96e-10 s                 ; Yes                       ; Yes                       ;
; RD1[13]        ; 2.5 V        ; 0 s                 ; 0 s                 ; 2.32 V                       ; 3.07e-09 V                   ; 2.37 V              ; -0.00994 V          ; 0.186 V                              ; 0.028 V                              ; 4.98e-10 s                  ; 4.96e-10 s                  ; Yes                        ; Yes                        ; 2.32 V                      ; 3.07e-09 V                  ; 2.37 V             ; -0.00994 V         ; 0.186 V                             ; 0.028 V                             ; 4.98e-10 s                 ; 4.96e-10 s                 ; Yes                       ; Yes                       ;
; RD1[12]        ; 2.5 V        ; 0 s                 ; 0 s                 ; 2.32 V                       ; 3.07e-09 V                   ; 2.37 V              ; -0.00994 V          ; 0.186 V                              ; 0.028 V                              ; 4.98e-10 s                  ; 4.96e-10 s                  ; Yes                        ; Yes                        ; 2.32 V                      ; 3.07e-09 V                  ; 2.37 V             ; -0.00994 V         ; 0.186 V                             ; 0.028 V                             ; 4.98e-10 s                 ; 4.96e-10 s                 ; Yes                       ; Yes                       ;
; RD1[11]        ; 2.5 V        ; 0 s                 ; 0 s                 ; 2.32 V                       ; 3.07e-09 V                   ; 2.37 V              ; -0.00994 V          ; 0.186 V                              ; 0.028 V                              ; 4.98e-10 s                  ; 4.96e-10 s                  ; Yes                        ; Yes                        ; 2.32 V                      ; 3.07e-09 V                  ; 2.37 V             ; -0.00994 V         ; 0.186 V                             ; 0.028 V                             ; 4.98e-10 s                 ; 4.96e-10 s                 ; Yes                       ; Yes                       ;
; RD1[10]        ; 2.5 V        ; 0 s                 ; 0 s                 ; 2.32 V                       ; 3.07e-09 V                   ; 2.37 V              ; -0.00994 V          ; 0.186 V                              ; 0.028 V                              ; 4.98e-10 s                  ; 4.96e-10 s                  ; Yes                        ; Yes                        ; 2.32 V                      ; 3.07e-09 V                  ; 2.37 V             ; -0.00994 V         ; 0.186 V                             ; 0.028 V                             ; 4.98e-10 s                 ; 4.96e-10 s                 ; Yes                       ; Yes                       ;
; RD1[9]         ; 2.5 V        ; 0 s                 ; 0 s                 ; 2.32 V                       ; 3.07e-09 V                   ; 2.33 V              ; -0.00496 V          ; 0.223 V                              ; 0.086 V                              ; 2.9e-09 s                   ; 2.73e-09 s                  ; Yes                        ; Yes                        ; 2.32 V                      ; 3.07e-09 V                  ; 2.33 V             ; -0.00496 V         ; 0.223 V                             ; 0.086 V                             ; 2.9e-09 s                  ; 2.73e-09 s                 ; Yes                       ; Yes                       ;
; RD1[8]         ; 2.5 V        ; 0 s                 ; 0 s                 ; 2.32 V                       ; 3.07e-09 V                   ; 2.37 V              ; -0.00994 V          ; 0.186 V                              ; 0.028 V                              ; 4.98e-10 s                  ; 4.96e-10 s                  ; Yes                        ; Yes                        ; 2.32 V                      ; 3.07e-09 V                  ; 2.37 V             ; -0.00994 V         ; 0.186 V                             ; 0.028 V                             ; 4.98e-10 s                 ; 4.96e-10 s                 ; Yes                       ; Yes                       ;
; RD1[7]         ; 2.5 V        ; 0 s                 ; 0 s                 ; 2.32 V                       ; 3.07e-09 V                   ; 2.37 V              ; -0.00994 V          ; 0.186 V                              ; 0.028 V                              ; 4.98e-10 s                  ; 4.96e-10 s                  ; Yes                        ; Yes                        ; 2.32 V                      ; 3.07e-09 V                  ; 2.37 V             ; -0.00994 V         ; 0.186 V                             ; 0.028 V                             ; 4.98e-10 s                 ; 4.96e-10 s                 ; Yes                       ; Yes                       ;
; RD1[6]         ; 2.5 V        ; 0 s                 ; 0 s                 ; 2.32 V                       ; 4.49e-09 V                   ; 2.38 V              ; -0.00552 V          ; 0.096 V                              ; 0.019 V                              ; 4.18e-10 s                  ; 3.59e-10 s                  ; No                         ; Yes                        ; 2.32 V                      ; 4.49e-09 V                  ; 2.38 V             ; -0.00552 V         ; 0.096 V                             ; 0.019 V                             ; 4.18e-10 s                 ; 3.59e-10 s                 ; No                        ; Yes                       ;
; RD1[5]         ; 2.5 V        ; 0 s                 ; 0 s                 ; 2.32 V                       ; 3.07e-09 V                   ; 2.37 V              ; -0.00994 V          ; 0.186 V                              ; 0.028 V                              ; 4.98e-10 s                  ; 4.96e-10 s                  ; Yes                        ; Yes                        ; 2.32 V                      ; 3.07e-09 V                  ; 2.37 V             ; -0.00994 V         ; 0.186 V                             ; 0.028 V                             ; 4.98e-10 s                 ; 4.96e-10 s                 ; Yes                       ; Yes                       ;
; RD1[4]         ; 2.5 V        ; 0 s                 ; 0 s                 ; 2.32 V                       ; 3.07e-09 V                   ; 2.37 V              ; -0.00994 V          ; 0.186 V                              ; 0.028 V                              ; 4.98e-10 s                  ; 4.96e-10 s                  ; Yes                        ; Yes                        ; 2.32 V                      ; 3.07e-09 V                  ; 2.37 V             ; -0.00994 V         ; 0.186 V                             ; 0.028 V                             ; 4.98e-10 s                 ; 4.96e-10 s                 ; Yes                       ; Yes                       ;
; RD1[3]         ; 2.5 V        ; 0 s                 ; 0 s                 ; 2.32 V                       ; 3.07e-09 V                   ; 2.38 V              ; -0.0144 V           ; 0.227 V                              ; 0.024 V                              ; 3.14e-10 s                  ; 3.39e-10 s                  ; Yes                        ; Yes                        ; 2.32 V                      ; 3.07e-09 V                  ; 2.38 V             ; -0.0144 V          ; 0.227 V                             ; 0.024 V                             ; 3.14e-10 s                 ; 3.39e-10 s                 ; Yes                       ; Yes                       ;
; RD1[2]         ; 2.5 V        ; 0 s                 ; 0 s                 ; 2.32 V                       ; 3.07e-09 V                   ; 2.37 V              ; -0.00994 V          ; 0.186 V                              ; 0.028 V                              ; 4.98e-10 s                  ; 4.96e-10 s                  ; Yes                        ; Yes                        ; 2.32 V                      ; 3.07e-09 V                  ; 2.37 V             ; -0.00994 V         ; 0.186 V                             ; 0.028 V                             ; 4.98e-10 s                 ; 4.96e-10 s                 ; Yes                       ; Yes                       ;
; RD1[1]         ; 2.5 V        ; 0 s                 ; 0 s                 ; 2.32 V                       ; 3.07e-09 V                   ; 2.37 V              ; -0.00994 V          ; 0.186 V                              ; 0.028 V                              ; 4.98e-10 s                  ; 4.96e-10 s                  ; Yes                        ; Yes                        ; 2.32 V                      ; 3.07e-09 V                  ; 2.37 V             ; -0.00994 V         ; 0.186 V                             ; 0.028 V                             ; 4.98e-10 s                 ; 4.96e-10 s                 ; Yes                       ; Yes                       ;
; RD1[0]         ; 2.5 V        ; 0 s                 ; 0 s                 ; 2.32 V                       ; 3.07e-09 V                   ; 2.37 V              ; -0.00994 V          ; 0.186 V                              ; 0.028 V                              ; 4.98e-10 s                  ; 4.96e-10 s                  ; Yes                        ; Yes                        ; 2.32 V                      ; 3.07e-09 V                  ; 2.37 V             ; -0.00994 V         ; 0.186 V                             ; 0.028 V                             ; 4.98e-10 s                 ; 4.96e-10 s                 ; Yes                       ; Yes                       ;
; RD2[31]        ; 2.5 V        ; 0 s                 ; 0 s                 ; 2.32 V                       ; 4.49e-09 V                   ; 2.38 V              ; -0.00552 V          ; 0.096 V                              ; 0.019 V                              ; 4.18e-10 s                  ; 3.59e-10 s                  ; No                         ; Yes                        ; 2.32 V                      ; 4.49e-09 V                  ; 2.38 V             ; -0.00552 V         ; 0.096 V                             ; 0.019 V                             ; 4.18e-10 s                 ; 3.59e-10 s                 ; No                        ; Yes                       ;
; RD2[30]        ; 2.5 V        ; 0 s                 ; 0 s                 ; 2.32 V                       ; 4.49e-09 V                   ; 2.38 V              ; -0.00552 V          ; 0.096 V                              ; 0.019 V                              ; 4.18e-10 s                  ; 3.59e-10 s                  ; No                         ; Yes                        ; 2.32 V                      ; 4.49e-09 V                  ; 2.38 V             ; -0.00552 V         ; 0.096 V                             ; 0.019 V                             ; 4.18e-10 s                 ; 3.59e-10 s                 ; No                        ; Yes                       ;
; RD2[29]        ; 2.5 V        ; 0 s                 ; 0 s                 ; 2.32 V                       ; 4.49e-09 V                   ; 2.33 V              ; -0.00467 V          ; 0.226 V                              ; 0.087 V                              ; 2.91e-09 s                  ; 2.74e-09 s                  ; Yes                        ; Yes                        ; 2.32 V                      ; 4.49e-09 V                  ; 2.33 V             ; -0.00467 V         ; 0.226 V                             ; 0.087 V                             ; 2.91e-09 s                 ; 2.74e-09 s                 ; Yes                       ; Yes                       ;
; RD2[28]        ; 2.5 V        ; 0 s                 ; 0 s                 ; 2.32 V                       ; 4.49e-09 V                   ; 2.38 V              ; -0.00552 V          ; 0.096 V                              ; 0.019 V                              ; 4.18e-10 s                  ; 3.59e-10 s                  ; No                         ; Yes                        ; 2.32 V                      ; 4.49e-09 V                  ; 2.38 V             ; -0.00552 V         ; 0.096 V                             ; 0.019 V                             ; 4.18e-10 s                 ; 3.59e-10 s                 ; No                        ; Yes                       ;
; RD2[27]        ; 2.5 V        ; 0 s                 ; 0 s                 ; 2.32 V                       ; 3.07e-09 V                   ; 2.37 V              ; -0.00994 V          ; 0.186 V                              ; 0.028 V                              ; 4.98e-10 s                  ; 4.96e-10 s                  ; Yes                        ; Yes                        ; 2.32 V                      ; 3.07e-09 V                  ; 2.37 V             ; -0.00994 V         ; 0.186 V                             ; 0.028 V                             ; 4.98e-10 s                 ; 4.96e-10 s                 ; Yes                       ; Yes                       ;
; RD2[26]        ; 2.5 V        ; 0 s                 ; 0 s                 ; 2.32 V                       ; 4.49e-09 V                   ; 2.38 V              ; -0.00552 V          ; 0.096 V                              ; 0.019 V                              ; 4.18e-10 s                  ; 3.59e-10 s                  ; No                         ; Yes                        ; 2.32 V                      ; 4.49e-09 V                  ; 2.38 V             ; -0.00552 V         ; 0.096 V                             ; 0.019 V                             ; 4.18e-10 s                 ; 3.59e-10 s                 ; No                        ; Yes                       ;
; RD2[25]        ; 2.5 V        ; 0 s                 ; 0 s                 ; 2.32 V                       ; 4.49e-09 V                   ; 2.38 V              ; -0.00552 V          ; 0.096 V                              ; 0.019 V                              ; 4.18e-10 s                  ; 3.59e-10 s                  ; No                         ; Yes                        ; 2.32 V                      ; 4.49e-09 V                  ; 2.38 V             ; -0.00552 V         ; 0.096 V                             ; 0.019 V                             ; 4.18e-10 s                 ; 3.59e-10 s                 ; No                        ; Yes                       ;
; RD2[24]        ; 2.5 V        ; 0 s                 ; 0 s                 ; 2.32 V                       ; 3.07e-09 V                   ; 2.37 V              ; -0.00994 V          ; 0.186 V                              ; 0.028 V                              ; 4.98e-10 s                  ; 4.96e-10 s                  ; Yes                        ; Yes                        ; 2.32 V                      ; 3.07e-09 V                  ; 2.37 V             ; -0.00994 V         ; 0.186 V                             ; 0.028 V                             ; 4.98e-10 s                 ; 4.96e-10 s                 ; Yes                       ; Yes                       ;
; RD2[23]        ; 2.5 V        ; 0 s                 ; 0 s                 ; 2.32 V                       ; 4.49e-09 V                   ; 2.38 V              ; -0.00552 V          ; 0.096 V                              ; 0.019 V                              ; 4.18e-10 s                  ; 3.59e-10 s                  ; No                         ; Yes                        ; 2.32 V                      ; 4.49e-09 V                  ; 2.38 V             ; -0.00552 V         ; 0.096 V                             ; 0.019 V                             ; 4.18e-10 s                 ; 3.59e-10 s                 ; No                        ; Yes                       ;
; RD2[22]        ; 2.5 V        ; 0 s                 ; 0 s                 ; 2.32 V                       ; 4.49e-09 V                   ; 2.38 V              ; -0.00552 V          ; 0.096 V                              ; 0.019 V                              ; 4.18e-10 s                  ; 3.59e-10 s                  ; No                         ; Yes                        ; 2.32 V                      ; 4.49e-09 V                  ; 2.38 V             ; -0.00552 V         ; 0.096 V                             ; 0.019 V                             ; 4.18e-10 s                 ; 3.59e-10 s                 ; No                        ; Yes                       ;
; RD2[21]        ; 2.5 V        ; 0 s                 ; 0 s                 ; 2.32 V                       ; 3.07e-09 V                   ; 2.37 V              ; -0.00994 V          ; 0.186 V                              ; 0.028 V                              ; 4.98e-10 s                  ; 4.96e-10 s                  ; Yes                        ; Yes                        ; 2.32 V                      ; 3.07e-09 V                  ; 2.37 V             ; -0.00994 V         ; 0.186 V                             ; 0.028 V                             ; 4.98e-10 s                 ; 4.96e-10 s                 ; Yes                       ; Yes                       ;
; RD2[20]        ; 2.5 V        ; 0 s                 ; 0 s                 ; 2.32 V                       ; 4.49e-09 V                   ; 2.38 V              ; -0.00552 V          ; 0.096 V                              ; 0.019 V                              ; 4.18e-10 s                  ; 3.59e-10 s                  ; No                         ; Yes                        ; 2.32 V                      ; 4.49e-09 V                  ; 2.38 V             ; -0.00552 V         ; 0.096 V                             ; 0.019 V                             ; 4.18e-10 s                 ; 3.59e-10 s                 ; No                        ; Yes                       ;
; RD2[19]        ; 2.5 V        ; 0 s                 ; 0 s                 ; 2.32 V                       ; 3.07e-09 V                   ; 2.37 V              ; -0.00994 V          ; 0.186 V                              ; 0.028 V                              ; 4.98e-10 s                  ; 4.96e-10 s                  ; Yes                        ; Yes                        ; 2.32 V                      ; 3.07e-09 V                  ; 2.37 V             ; -0.00994 V         ; 0.186 V                             ; 0.028 V                             ; 4.98e-10 s                 ; 4.96e-10 s                 ; Yes                       ; Yes                       ;
; RD2[18]        ; 2.5 V        ; 0 s                 ; 0 s                 ; 2.32 V                       ; 4.49e-09 V                   ; 2.38 V              ; -0.00552 V          ; 0.096 V                              ; 0.019 V                              ; 4.18e-10 s                  ; 3.59e-10 s                  ; No                         ; Yes                        ; 2.32 V                      ; 4.49e-09 V                  ; 2.38 V             ; -0.00552 V         ; 0.096 V                             ; 0.019 V                             ; 4.18e-10 s                 ; 3.59e-10 s                 ; No                        ; Yes                       ;
; RD2[17]        ; 2.5 V        ; 0 s                 ; 0 s                 ; 2.32 V                       ; 3.07e-09 V                   ; 2.37 V              ; -0.00994 V          ; 0.186 V                              ; 0.028 V                              ; 4.98e-10 s                  ; 4.96e-10 s                  ; Yes                        ; Yes                        ; 2.32 V                      ; 3.07e-09 V                  ; 2.37 V             ; -0.00994 V         ; 0.186 V                             ; 0.028 V                             ; 4.98e-10 s                 ; 4.96e-10 s                 ; Yes                       ; Yes                       ;
; RD2[16]        ; 2.5 V        ; 0 s                 ; 0 s                 ; 2.32 V                       ; 4.49e-09 V                   ; 2.38 V              ; -0.00552 V          ; 0.096 V                              ; 0.019 V                              ; 4.18e-10 s                  ; 3.59e-10 s                  ; No                         ; Yes                        ; 2.32 V                      ; 4.49e-09 V                  ; 2.38 V             ; -0.00552 V         ; 0.096 V                             ; 0.019 V                             ; 4.18e-10 s                 ; 3.59e-10 s                 ; No                        ; Yes                       ;
; RD2[15]        ; 2.5 V        ; 0 s                 ; 0 s                 ; 2.32 V                       ; 4.49e-09 V                   ; 2.38 V              ; -0.00552 V          ; 0.096 V                              ; 0.019 V                              ; 4.18e-10 s                  ; 3.59e-10 s                  ; No                         ; Yes                        ; 2.32 V                      ; 4.49e-09 V                  ; 2.38 V             ; -0.00552 V         ; 0.096 V                             ; 0.019 V                             ; 4.18e-10 s                 ; 3.59e-10 s                 ; No                        ; Yes                       ;
; RD2[14]        ; 2.5 V        ; 0 s                 ; 0 s                 ; 2.32 V                       ; 4.49e-09 V                   ; 2.38 V              ; -0.00552 V          ; 0.096 V                              ; 0.019 V                              ; 4.18e-10 s                  ; 3.59e-10 s                  ; No                         ; Yes                        ; 2.32 V                      ; 4.49e-09 V                  ; 2.38 V             ; -0.00552 V         ; 0.096 V                             ; 0.019 V                             ; 4.18e-10 s                 ; 3.59e-10 s                 ; No                        ; Yes                       ;
; RD2[13]        ; 2.5 V        ; 0 s                 ; 0 s                 ; 2.32 V                       ; 4.49e-09 V                   ; 2.38 V              ; -0.00552 V          ; 0.096 V                              ; 0.019 V                              ; 4.18e-10 s                  ; 3.59e-10 s                  ; No                         ; Yes                        ; 2.32 V                      ; 4.49e-09 V                  ; 2.38 V             ; -0.00552 V         ; 0.096 V                             ; 0.019 V                             ; 4.18e-10 s                 ; 3.59e-10 s                 ; No                        ; Yes                       ;
; RD2[12]        ; 2.5 V        ; 0 s                 ; 0 s                 ; 2.32 V                       ; 3.07e-09 V                   ; 2.37 V              ; -0.00994 V          ; 0.186 V                              ; 0.028 V                              ; 4.98e-10 s                  ; 4.96e-10 s                  ; Yes                        ; Yes                        ; 2.32 V                      ; 3.07e-09 V                  ; 2.37 V             ; -0.00994 V         ; 0.186 V                             ; 0.028 V                             ; 4.98e-10 s                 ; 4.96e-10 s                 ; Yes                       ; Yes                       ;
; RD2[11]        ; 2.5 V        ; 0 s                 ; 0 s                 ; 2.32 V                       ; 3.07e-09 V                   ; 2.37 V              ; -0.00994 V          ; 0.186 V                              ; 0.028 V                              ; 4.98e-10 s                  ; 4.96e-10 s                  ; Yes                        ; Yes                        ; 2.32 V                      ; 3.07e-09 V                  ; 2.37 V             ; -0.00994 V         ; 0.186 V                             ; 0.028 V                             ; 4.98e-10 s                 ; 4.96e-10 s                 ; Yes                       ; Yes                       ;
; RD2[10]        ; 2.5 V        ; 0 s                 ; 0 s                 ; 2.32 V                       ; 3.07e-09 V                   ; 2.37 V              ; -0.00994 V          ; 0.186 V                              ; 0.028 V                              ; 4.98e-10 s                  ; 4.96e-10 s                  ; Yes                        ; Yes                        ; 2.32 V                      ; 3.07e-09 V                  ; 2.37 V             ; -0.00994 V         ; 0.186 V                             ; 0.028 V                             ; 4.98e-10 s                 ; 4.96e-10 s                 ; Yes                       ; Yes                       ;
; RD2[9]         ; 2.5 V        ; 0 s                 ; 0 s                 ; 2.32 V                       ; 3.07e-09 V                   ; 2.37 V              ; -0.00994 V          ; 0.186 V                              ; 0.028 V                              ; 4.98e-10 s                  ; 4.96e-10 s                  ; Yes                        ; Yes                        ; 2.32 V                      ; 3.07e-09 V                  ; 2.37 V             ; -0.00994 V         ; 0.186 V                             ; 0.028 V                             ; 4.98e-10 s                 ; 4.96e-10 s                 ; Yes                       ; Yes                       ;
; RD2[8]         ; 2.5 V        ; 0 s                 ; 0 s                 ; 2.32 V                       ; 3.07e-09 V                   ; 2.37 V              ; -0.00994 V          ; 0.186 V                              ; 0.028 V                              ; 4.98e-10 s                  ; 4.96e-10 s                  ; Yes                        ; Yes                        ; 2.32 V                      ; 3.07e-09 V                  ; 2.37 V             ; -0.00994 V         ; 0.186 V                             ; 0.028 V                             ; 4.98e-10 s                 ; 4.96e-10 s                 ; Yes                       ; Yes                       ;
; RD2[7]         ; 2.5 V        ; 0 s                 ; 0 s                 ; 2.32 V                       ; 3.07e-09 V                   ; 2.37 V              ; -0.00994 V          ; 0.186 V                              ; 0.028 V                              ; 4.98e-10 s                  ; 4.96e-10 s                  ; Yes                        ; Yes                        ; 2.32 V                      ; 3.07e-09 V                  ; 2.37 V             ; -0.00994 V         ; 0.186 V                             ; 0.028 V                             ; 4.98e-10 s                 ; 4.96e-10 s                 ; Yes                       ; Yes                       ;
; RD2[6]         ; 2.5 V        ; 0 s                 ; 0 s                 ; 2.32 V                       ; 3.07e-09 V                   ; 2.37 V              ; -0.00994 V          ; 0.186 V                              ; 0.028 V                              ; 4.98e-10 s                  ; 4.96e-10 s                  ; Yes                        ; Yes                        ; 2.32 V                      ; 3.07e-09 V                  ; 2.37 V             ; -0.00994 V         ; 0.186 V                             ; 0.028 V                             ; 4.98e-10 s                 ; 4.96e-10 s                 ; Yes                       ; Yes                       ;
; RD2[5]         ; 2.5 V        ; 0 s                 ; 0 s                 ; 2.32 V                       ; 3.07e-09 V                   ; 2.37 V              ; -0.00994 V          ; 0.186 V                              ; 0.028 V                              ; 4.98e-10 s                  ; 4.96e-10 s                  ; Yes                        ; Yes                        ; 2.32 V                      ; 3.07e-09 V                  ; 2.37 V             ; -0.00994 V         ; 0.186 V                             ; 0.028 V                             ; 4.98e-10 s                 ; 4.96e-10 s                 ; Yes                       ; Yes                       ;
; RD2[4]         ; 2.5 V        ; 0 s                 ; 0 s                 ; 2.32 V                       ; 3.07e-09 V                   ; 2.33 V              ; -0.00496 V          ; 0.223 V                              ; 0.086 V                              ; 2.9e-09 s                   ; 2.73e-09 s                  ; Yes                        ; Yes                        ; 2.32 V                      ; 3.07e-09 V                  ; 2.33 V             ; -0.00496 V         ; 0.223 V                             ; 0.086 V                             ; 2.9e-09 s                  ; 2.73e-09 s                 ; Yes                       ; Yes                       ;
; RD2[3]         ; 2.5 V        ; 0 s                 ; 0 s                 ; 2.32 V                       ; 3.07e-09 V                   ; 2.37 V              ; -0.00994 V          ; 0.186 V                              ; 0.028 V                              ; 4.98e-10 s                  ; 4.96e-10 s                  ; Yes                        ; Yes                        ; 2.32 V                      ; 3.07e-09 V                  ; 2.37 V             ; -0.00994 V         ; 0.186 V                             ; 0.028 V                             ; 4.98e-10 s                 ; 4.96e-10 s                 ; Yes                       ; Yes                       ;
; RD2[2]         ; 2.5 V        ; 0 s                 ; 0 s                 ; 2.32 V                       ; 3.07e-09 V                   ; 2.37 V              ; -0.00994 V          ; 0.186 V                              ; 0.028 V                              ; 4.98e-10 s                  ; 4.96e-10 s                  ; Yes                        ; Yes                        ; 2.32 V                      ; 3.07e-09 V                  ; 2.37 V             ; -0.00994 V         ; 0.186 V                             ; 0.028 V                             ; 4.98e-10 s                 ; 4.96e-10 s                 ; Yes                       ; Yes                       ;
; RD2[1]         ; 2.5 V        ; 0 s                 ; 0 s                 ; 2.32 V                       ; 3.07e-09 V                   ; 2.38 V              ; -0.0144 V           ; 0.227 V                              ; 0.024 V                              ; 3.14e-10 s                  ; 3.39e-10 s                  ; Yes                        ; Yes                        ; 2.32 V                      ; 3.07e-09 V                  ; 2.38 V             ; -0.0144 V          ; 0.227 V                             ; 0.024 V                             ; 3.14e-10 s                 ; 3.39e-10 s                 ; Yes                       ; Yes                       ;
; RD2[0]         ; 2.5 V        ; 0 s                 ; 0 s                 ; 2.32 V                       ; 4.49e-09 V                   ; 2.38 V              ; -0.00552 V          ; 0.096 V                              ; 0.019 V                              ; 4.18e-10 s                  ; 3.59e-10 s                  ; No                         ; Yes                        ; 2.32 V                      ; 4.49e-09 V                  ; 2.38 V             ; -0.00552 V         ; 0.096 V                             ; 0.019 V                             ; 4.18e-10 s                 ; 3.59e-10 s                 ; No                        ; Yes                       ;
; ~ALTERA_DCLK~  ; 2.5 V        ; 0 s                 ; 0 s                 ; 2.32 V                       ; 2.67e-09 V                   ; 2.38 V              ; -0.0485 V           ; 0.167 V                              ; 0.096 V                              ; 2.95e-10 s                  ; 2.73e-10 s                  ; Yes                        ; Yes                        ; 2.32 V                      ; 2.67e-09 V                  ; 2.38 V             ; -0.0485 V          ; 0.167 V                             ; 0.096 V                             ; 2.95e-10 s                 ; 2.73e-10 s                 ; Yes                       ; Yes                       ;
; ~ALTERA_nCEO~  ; 2.5 V        ; 0 s                 ; 0 s                 ; 2.32 V                       ; 4.18e-09 V                   ; 2.38 V              ; -0.00483 V          ; 0.152 V                              ; 0.012 V                              ; 4.81e-10 s                  ; 6.29e-10 s                  ; Yes                        ; Yes                        ; 2.32 V                      ; 4.18e-09 V                  ; 2.38 V             ; -0.00483 V         ; 0.152 V                             ; 0.012 V                             ; 4.81e-10 s                 ; 6.29e-10 s                 ; Yes                       ; Yes                       ;
+----------------+--------------+---------------------+---------------------+------------------------------+------------------------------+---------------------+---------------------+--------------------------------------+--------------------------------------+-----------------------------+-----------------------------+----------------------------+----------------------------+-----------------------------+-----------------------------+--------------------+--------------------+-------------------------------------+-------------------------------------+----------------------------+----------------------------+---------------------------+---------------------------+


+---------------------------------------------------------------------------------------------------------------------------------------------------------------------------------------------------------------------------------------------------------------------------------------------------------------------------------------------------------------------------------------------------------------------------------------------------------------------------------------------------------------------------------------------------------------------------------------------------------------------------------------------------------------------------------------------+
; Signal Integrity Metrics (Slow 1200mv 85c Model)                                                                                                                                                                                                                                                                                                                                                                                                                                                                                                                                                                                                                                            ;
+----------------+--------------+---------------------+---------------------+------------------------------+------------------------------+---------------------+---------------------+--------------------------------------+--------------------------------------+-----------------------------+-----------------------------+----------------------------+----------------------------+-----------------------------+-----------------------------+--------------------+--------------------+-------------------------------------+-------------------------------------+----------------------------+----------------------------+---------------------------+---------------------------+
; Pin            ; I/O Standard ; Board Delay on Rise ; Board Delay on Fall ; Steady State Voh at FPGA Pin ; Steady State Vol at FPGA Pin ; Voh Max at FPGA Pin ; Vol Min at FPGA Pin ; Ringback Voltage on Rise at FPGA Pin ; Ringback Voltage on Fall at FPGA Pin ; 10-90 Rise Time at FPGA Pin ; 90-10 Fall Time at FPGA Pin ; Monotonic Rise at FPGA Pin ; Monotonic Fall at FPGA Pin ; Steady State Voh at Far-end ; Steady State Vol at Far-end ; Voh Max at Far-end ; Vol Min at Far-end ; Ringback Voltage on Rise at Far-end ; Ringback Voltage on Fall at Far-end ; 10-90 Rise Time at Far-end ; 90-10 Fall Time at Far-end ; Monotonic Rise at Far-end ; Monotonic Fall at Far-end ;
+----------------+--------------+---------------------+---------------------+------------------------------+------------------------------+---------------------+---------------------+--------------------------------------+--------------------------------------+-----------------------------+-----------------------------+----------------------------+----------------------------+-----------------------------+-----------------------------+--------------------+--------------------+-------------------------------------+-------------------------------------+----------------------------+----------------------------+---------------------------+---------------------------+
; ALU_result[31] ; 2.5 V        ; 0 s                 ; 0 s                 ; 2.32 V                       ; 4.67e-07 V                   ; 2.35 V              ; -0.00942 V          ; 0.116 V                              ; 0.033 V                              ; 6.66e-10 s                  ; 6.27e-10 s                  ; Yes                        ; Yes                        ; 2.32 V                      ; 4.67e-07 V                  ; 2.35 V             ; -0.00942 V         ; 0.116 V                             ; 0.033 V                             ; 6.66e-10 s                 ; 6.27e-10 s                 ; Yes                       ; Yes                       ;
; ALU_result[30] ; 2.5 V        ; 0 s                 ; 0 s                 ; 2.32 V                       ; 4.67e-07 V                   ; 2.35 V              ; -0.00942 V          ; 0.116 V                              ; 0.033 V                              ; 6.66e-10 s                  ; 6.27e-10 s                  ; Yes                        ; Yes                        ; 2.32 V                      ; 4.67e-07 V                  ; 2.35 V             ; -0.00942 V         ; 0.116 V                             ; 0.033 V                             ; 6.66e-10 s                 ; 6.27e-10 s                 ; Yes                       ; Yes                       ;
; ALU_result[29] ; 2.5 V        ; 0 s                 ; 0 s                 ; 2.32 V                       ; 6.92e-07 V                   ; 2.35 V              ; -0.00996 V          ; 0.121 V                              ; 0.03 V                               ; 4.64e-10 s                  ; 4.47e-10 s                  ; Yes                        ; Yes                        ; 2.32 V                      ; 6.92e-07 V                  ; 2.35 V             ; -0.00996 V         ; 0.121 V                             ; 0.03 V                              ; 4.64e-10 s                 ; 4.47e-10 s                 ; Yes                       ; Yes                       ;
; ALU_result[28] ; 2.5 V        ; 0 s                 ; 0 s                 ; 2.32 V                       ; 4.67e-07 V                   ; 2.35 V              ; -0.00942 V          ; 0.116 V                              ; 0.033 V                              ; 6.66e-10 s                  ; 6.27e-10 s                  ; Yes                        ; Yes                        ; 2.32 V                      ; 4.67e-07 V                  ; 2.35 V             ; -0.00942 V         ; 0.116 V                             ; 0.033 V                             ; 6.66e-10 s                 ; 6.27e-10 s                 ; Yes                       ; Yes                       ;
; ALU_result[27] ; 2.5 V        ; 0 s                 ; 0 s                 ; 2.32 V                       ; 6.92e-07 V                   ; 2.35 V              ; -0.00996 V          ; 0.121 V                              ; 0.03 V                               ; 4.64e-10 s                  ; 4.47e-10 s                  ; Yes                        ; Yes                        ; 2.32 V                      ; 6.92e-07 V                  ; 2.35 V             ; -0.00996 V         ; 0.121 V                             ; 0.03 V                              ; 4.64e-10 s                 ; 4.47e-10 s                 ; Yes                       ; Yes                       ;
; ALU_result[26] ; 2.5 V        ; 0 s                 ; 0 s                 ; 2.32 V                       ; 4.67e-07 V                   ; 2.35 V              ; -0.00942 V          ; 0.116 V                              ; 0.033 V                              ; 6.66e-10 s                  ; 6.27e-10 s                  ; Yes                        ; Yes                        ; 2.32 V                      ; 4.67e-07 V                  ; 2.35 V             ; -0.00942 V         ; 0.116 V                             ; 0.033 V                             ; 6.66e-10 s                 ; 6.27e-10 s                 ; Yes                       ; Yes                       ;
; ALU_result[25] ; 2.5 V        ; 0 s                 ; 0 s                 ; 2.32 V                       ; 4.67e-07 V                   ; 2.35 V              ; -0.00942 V          ; 0.116 V                              ; 0.033 V                              ; 6.66e-10 s                  ; 6.27e-10 s                  ; Yes                        ; Yes                        ; 2.32 V                      ; 4.67e-07 V                  ; 2.35 V             ; -0.00942 V         ; 0.116 V                             ; 0.033 V                             ; 6.66e-10 s                 ; 6.27e-10 s                 ; Yes                       ; Yes                       ;
; ALU_result[24] ; 2.5 V        ; 0 s                 ; 0 s                 ; 2.32 V                       ; 4.67e-07 V                   ; 2.35 V              ; -0.00942 V          ; 0.116 V                              ; 0.033 V                              ; 6.66e-10 s                  ; 6.27e-10 s                  ; Yes                        ; Yes                        ; 2.32 V                      ; 4.67e-07 V                  ; 2.35 V             ; -0.00942 V         ; 0.116 V                             ; 0.033 V                             ; 6.66e-10 s                 ; 6.27e-10 s                 ; Yes                       ; Yes                       ;
; ALU_result[23] ; 2.5 V        ; 0 s                 ; 0 s                 ; 2.32 V                       ; 6.92e-07 V                   ; 2.35 V              ; -0.00996 V          ; 0.121 V                              ; 0.03 V                               ; 4.64e-10 s                  ; 4.47e-10 s                  ; Yes                        ; Yes                        ; 2.32 V                      ; 6.92e-07 V                  ; 2.35 V             ; -0.00996 V         ; 0.121 V                             ; 0.03 V                              ; 4.64e-10 s                 ; 4.47e-10 s                 ; Yes                       ; Yes                       ;
; ALU_result[22] ; 2.5 V        ; 0 s                 ; 0 s                 ; 2.32 V                       ; 6.92e-07 V                   ; 2.35 V              ; -0.00996 V          ; 0.121 V                              ; 0.03 V                               ; 4.64e-10 s                  ; 4.47e-10 s                  ; Yes                        ; Yes                        ; 2.32 V                      ; 6.92e-07 V                  ; 2.35 V             ; -0.00996 V         ; 0.121 V                             ; 0.03 V                              ; 4.64e-10 s                 ; 4.47e-10 s                 ; Yes                       ; Yes                       ;
; ALU_result[21] ; 2.5 V        ; 0 s                 ; 0 s                 ; 2.32 V                       ; 6.92e-07 V                   ; 2.35 V              ; -0.00996 V          ; 0.121 V                              ; 0.03 V                               ; 4.64e-10 s                  ; 4.47e-10 s                  ; Yes                        ; Yes                        ; 2.32 V                      ; 6.92e-07 V                  ; 2.35 V             ; -0.00996 V         ; 0.121 V                             ; 0.03 V                              ; 4.64e-10 s                 ; 4.47e-10 s                 ; Yes                       ; Yes                       ;
; ALU_result[20] ; 2.5 V        ; 0 s                 ; 0 s                 ; 2.32 V                       ; 6.92e-07 V                   ; 2.35 V              ; -0.00996 V          ; 0.121 V                              ; 0.03 V                               ; 4.64e-10 s                  ; 4.47e-10 s                  ; Yes                        ; Yes                        ; 2.32 V                      ; 6.92e-07 V                  ; 2.35 V             ; -0.00996 V         ; 0.121 V                             ; 0.03 V                              ; 4.64e-10 s                 ; 4.47e-10 s                 ; Yes                       ; Yes                       ;
; ALU_result[19] ; 2.5 V        ; 0 s                 ; 0 s                 ; 2.32 V                       ; 4.67e-07 V                   ; 2.35 V              ; -0.00942 V          ; 0.116 V                              ; 0.033 V                              ; 6.66e-10 s                  ; 6.27e-10 s                  ; Yes                        ; Yes                        ; 2.32 V                      ; 4.67e-07 V                  ; 2.35 V             ; -0.00942 V         ; 0.116 V                             ; 0.033 V                             ; 6.66e-10 s                 ; 6.27e-10 s                 ; Yes                       ; Yes                       ;
; ALU_result[18] ; 2.5 V        ; 0 s                 ; 0 s                 ; 2.32 V                       ; 6.92e-07 V                   ; 2.35 V              ; -0.00996 V          ; 0.121 V                              ; 0.03 V                               ; 4.64e-10 s                  ; 4.47e-10 s                  ; Yes                        ; Yes                        ; 2.32 V                      ; 6.92e-07 V                  ; 2.35 V             ; -0.00996 V         ; 0.121 V                             ; 0.03 V                              ; 4.64e-10 s                 ; 4.47e-10 s                 ; Yes                       ; Yes                       ;
; ALU_result[17] ; 2.5 V        ; 0 s                 ; 0 s                 ; 2.32 V                       ; 6.92e-07 V                   ; 2.35 V              ; -0.00996 V          ; 0.121 V                              ; 0.03 V                               ; 4.64e-10 s                  ; 4.47e-10 s                  ; Yes                        ; Yes                        ; 2.32 V                      ; 6.92e-07 V                  ; 2.35 V             ; -0.00996 V         ; 0.121 V                             ; 0.03 V                              ; 4.64e-10 s                 ; 4.47e-10 s                 ; Yes                       ; Yes                       ;
; ALU_result[16] ; 2.5 V        ; 0 s                 ; 0 s                 ; 2.32 V                       ; 6.92e-07 V                   ; 2.35 V              ; -0.00996 V          ; 0.121 V                              ; 0.03 V                               ; 4.64e-10 s                  ; 4.47e-10 s                  ; Yes                        ; Yes                        ; 2.32 V                      ; 6.92e-07 V                  ; 2.35 V             ; -0.00996 V         ; 0.121 V                             ; 0.03 V                              ; 4.64e-10 s                 ; 4.47e-10 s                 ; Yes                       ; Yes                       ;
; ALU_result[15] ; 2.5 V        ; 0 s                 ; 0 s                 ; 2.32 V                       ; 6.92e-07 V                   ; 2.35 V              ; -0.00996 V          ; 0.121 V                              ; 0.03 V                               ; 4.64e-10 s                  ; 4.47e-10 s                  ; Yes                        ; Yes                        ; 2.32 V                      ; 6.92e-07 V                  ; 2.35 V             ; -0.00996 V         ; 0.121 V                             ; 0.03 V                              ; 4.64e-10 s                 ; 4.47e-10 s                 ; Yes                       ; Yes                       ;
; ALU_result[14] ; 2.5 V        ; 0 s                 ; 0 s                 ; 2.32 V                       ; 6.92e-07 V                   ; 2.35 V              ; -0.00996 V          ; 0.121 V                              ; 0.03 V                               ; 4.64e-10 s                  ; 4.47e-10 s                  ; Yes                        ; Yes                        ; 2.32 V                      ; 6.92e-07 V                  ; 2.35 V             ; -0.00996 V         ; 0.121 V                             ; 0.03 V                              ; 4.64e-10 s                 ; 4.47e-10 s                 ; Yes                       ; Yes                       ;
; ALU_result[13] ; 2.5 V        ; 0 s                 ; 0 s                 ; 2.32 V                       ; 6.92e-07 V                   ; 2.35 V              ; -0.00996 V          ; 0.121 V                              ; 0.03 V                               ; 4.64e-10 s                  ; 4.47e-10 s                  ; Yes                        ; Yes                        ; 2.32 V                      ; 6.92e-07 V                  ; 2.35 V             ; -0.00996 V         ; 0.121 V                             ; 0.03 V                              ; 4.64e-10 s                 ; 4.47e-10 s                 ; Yes                       ; Yes                       ;
; ALU_result[12] ; 2.5 V        ; 0 s                 ; 0 s                 ; 2.32 V                       ; 6.92e-07 V                   ; 2.35 V              ; -0.00996 V          ; 0.121 V                              ; 0.03 V                               ; 4.64e-10 s                  ; 4.47e-10 s                  ; Yes                        ; Yes                        ; 2.32 V                      ; 6.92e-07 V                  ; 2.35 V             ; -0.00996 V         ; 0.121 V                             ; 0.03 V                              ; 4.64e-10 s                 ; 4.47e-10 s                 ; Yes                       ; Yes                       ;
; ALU_result[11] ; 2.5 V        ; 0 s                 ; 0 s                 ; 2.32 V                       ; 6.92e-07 V                   ; 2.35 V              ; -0.00996 V          ; 0.121 V                              ; 0.03 V                               ; 4.64e-10 s                  ; 4.47e-10 s                  ; Yes                        ; Yes                        ; 2.32 V                      ; 6.92e-07 V                  ; 2.35 V             ; -0.00996 V         ; 0.121 V                             ; 0.03 V                              ; 4.64e-10 s                 ; 4.47e-10 s                 ; Yes                       ; Yes                       ;
; ALU_result[10] ; 2.5 V        ; 0 s                 ; 0 s                 ; 2.32 V                       ; 4.67e-07 V                   ; 2.35 V              ; -0.00942 V          ; 0.116 V                              ; 0.033 V                              ; 6.66e-10 s                  ; 6.27e-10 s                  ; Yes                        ; Yes                        ; 2.32 V                      ; 4.67e-07 V                  ; 2.35 V             ; -0.00942 V         ; 0.116 V                             ; 0.033 V                             ; 6.66e-10 s                 ; 6.27e-10 s                 ; Yes                       ; Yes                       ;
; ALU_result[9]  ; 2.5 V        ; 0 s                 ; 0 s                 ; 2.32 V                       ; 4.67e-07 V                   ; 2.35 V              ; -0.00942 V          ; 0.116 V                              ; 0.033 V                              ; 6.66e-10 s                  ; 6.27e-10 s                  ; Yes                        ; Yes                        ; 2.32 V                      ; 4.67e-07 V                  ; 2.35 V             ; -0.00942 V         ; 0.116 V                             ; 0.033 V                             ; 6.66e-10 s                 ; 6.27e-10 s                 ; Yes                       ; Yes                       ;
; ALU_result[8]  ; 2.5 V        ; 0 s                 ; 0 s                 ; 2.32 V                       ; 6.92e-07 V                   ; 2.35 V              ; -0.00996 V          ; 0.121 V                              ; 0.03 V                               ; 4.64e-10 s                  ; 4.47e-10 s                  ; Yes                        ; Yes                        ; 2.32 V                      ; 6.92e-07 V                  ; 2.35 V             ; -0.00996 V         ; 0.121 V                             ; 0.03 V                              ; 4.64e-10 s                 ; 4.47e-10 s                 ; Yes                       ; Yes                       ;
; ALU_result[7]  ; 2.5 V        ; 0 s                 ; 0 s                 ; 2.32 V                       ; 6.92e-07 V                   ; 2.35 V              ; -0.00996 V          ; 0.121 V                              ; 0.03 V                               ; 4.64e-10 s                  ; 4.47e-10 s                  ; Yes                        ; Yes                        ; 2.32 V                      ; 6.92e-07 V                  ; 2.35 V             ; -0.00996 V         ; 0.121 V                             ; 0.03 V                              ; 4.64e-10 s                 ; 4.47e-10 s                 ; Yes                       ; Yes                       ;
; ALU_result[6]  ; 2.5 V        ; 0 s                 ; 0 s                 ; 2.32 V                       ; 6.92e-07 V                   ; 2.35 V              ; -0.00996 V          ; 0.121 V                              ; 0.03 V                               ; 4.64e-10 s                  ; 4.47e-10 s                  ; Yes                        ; Yes                        ; 2.32 V                      ; 6.92e-07 V                  ; 2.35 V             ; -0.00996 V         ; 0.121 V                             ; 0.03 V                              ; 4.64e-10 s                 ; 4.47e-10 s                 ; Yes                       ; Yes                       ;
; ALU_result[5]  ; 2.5 V        ; 0 s                 ; 0 s                 ; 2.32 V                       ; 6.92e-07 V                   ; 2.35 V              ; -0.00996 V          ; 0.121 V                              ; 0.03 V                               ; 4.64e-10 s                  ; 4.47e-10 s                  ; Yes                        ; Yes                        ; 2.32 V                      ; 6.92e-07 V                  ; 2.35 V             ; -0.00996 V         ; 0.121 V                             ; 0.03 V                              ; 4.64e-10 s                 ; 4.47e-10 s                 ; Yes                       ; Yes                       ;
; ALU_result[4]  ; 2.5 V        ; 0 s                 ; 0 s                 ; 2.32 V                       ; 6.92e-07 V                   ; 2.35 V              ; -0.00996 V          ; 0.121 V                              ; 0.03 V                               ; 4.64e-10 s                  ; 4.47e-10 s                  ; Yes                        ; Yes                        ; 2.32 V                      ; 6.92e-07 V                  ; 2.35 V             ; -0.00996 V         ; 0.121 V                             ; 0.03 V                              ; 4.64e-10 s                 ; 4.47e-10 s                 ; Yes                       ; Yes                       ;
; ALU_result[3]  ; 2.5 V        ; 0 s                 ; 0 s                 ; 2.32 V                       ; 6.92e-07 V                   ; 2.35 V              ; -0.00996 V          ; 0.121 V                              ; 0.03 V                               ; 4.64e-10 s                  ; 4.47e-10 s                  ; Yes                        ; Yes                        ; 2.32 V                      ; 6.92e-07 V                  ; 2.35 V             ; -0.00996 V         ; 0.121 V                             ; 0.03 V                              ; 4.64e-10 s                 ; 4.47e-10 s                 ; Yes                       ; Yes                       ;
; ALU_result[2]  ; 2.5 V        ; 0 s                 ; 0 s                 ; 2.32 V                       ; 4.67e-07 V                   ; 2.33 V              ; -0.00269 V          ; 0.13 V                               ; 0.055 V                              ; 3.54e-09 s                  ; 3.29e-09 s                  ; Yes                        ; Yes                        ; 2.32 V                      ; 4.67e-07 V                  ; 2.33 V             ; -0.00269 V         ; 0.13 V                              ; 0.055 V                             ; 3.54e-09 s                 ; 3.29e-09 s                 ; Yes                       ; Yes                       ;
; ALU_result[1]  ; 2.5 V        ; 0 s                 ; 0 s                 ; 2.32 V                       ; 6.92e-07 V                   ; 2.35 V              ; -0.00996 V          ; 0.121 V                              ; 0.03 V                               ; 4.64e-10 s                  ; 4.47e-10 s                  ; Yes                        ; Yes                        ; 2.32 V                      ; 6.92e-07 V                  ; 2.35 V             ; -0.00996 V         ; 0.121 V                             ; 0.03 V                              ; 4.64e-10 s                 ; 4.47e-10 s                 ; Yes                       ; Yes                       ;
; ALU_result[0]  ; 2.5 V        ; 0 s                 ; 0 s                 ; 2.32 V                       ; 4.67e-07 V                   ; 2.35 V              ; -0.00942 V          ; 0.116 V                              ; 0.033 V                              ; 6.66e-10 s                  ; 6.27e-10 s                  ; Yes                        ; Yes                        ; 2.32 V                      ; 4.67e-07 V                  ; 2.35 V             ; -0.00942 V         ; 0.116 V                             ; 0.033 V                             ; 6.66e-10 s                 ; 6.27e-10 s                 ; Yes                       ; Yes                       ;
; HEX0[6]        ; 2.5 V        ; 0 s                 ; 0 s                 ; 2.32 V                       ; 6.92e-07 V                   ; 2.35 V              ; -0.00996 V          ; 0.121 V                              ; 0.03 V                               ; 4.64e-10 s                  ; 4.47e-10 s                  ; Yes                        ; Yes                        ; 2.32 V                      ; 6.92e-07 V                  ; 2.35 V             ; -0.00996 V         ; 0.121 V                             ; 0.03 V                              ; 4.64e-10 s                 ; 4.47e-10 s                 ; Yes                       ; Yes                       ;
; HEX0[5]        ; 2.5 V        ; 0 s                 ; 0 s                 ; 2.32 V                       ; 4.67e-07 V                   ; 2.35 V              ; -0.00942 V          ; 0.116 V                              ; 0.033 V                              ; 6.66e-10 s                  ; 6.27e-10 s                  ; Yes                        ; Yes                        ; 2.32 V                      ; 4.67e-07 V                  ; 2.35 V             ; -0.00942 V         ; 0.116 V                             ; 0.033 V                             ; 6.66e-10 s                 ; 6.27e-10 s                 ; Yes                       ; Yes                       ;
; HEX0[4]        ; 2.5 V        ; 0 s                 ; 0 s                 ; 2.32 V                       ; 4.67e-07 V                   ; 2.35 V              ; -0.00942 V          ; 0.116 V                              ; 0.033 V                              ; 6.66e-10 s                  ; 6.27e-10 s                  ; Yes                        ; Yes                        ; 2.32 V                      ; 4.67e-07 V                  ; 2.35 V             ; -0.00942 V         ; 0.116 V                             ; 0.033 V                             ; 6.66e-10 s                 ; 6.27e-10 s                 ; Yes                       ; Yes                       ;
; HEX0[3]        ; 2.5 V        ; 0 s                 ; 0 s                 ; 2.32 V                       ; 6.92e-07 V                   ; 2.35 V              ; -0.00996 V          ; 0.121 V                              ; 0.03 V                               ; 4.64e-10 s                  ; 4.47e-10 s                  ; Yes                        ; Yes                        ; 2.32 V                      ; 6.92e-07 V                  ; 2.35 V             ; -0.00996 V         ; 0.121 V                             ; 0.03 V                              ; 4.64e-10 s                 ; 4.47e-10 s                 ; Yes                       ; Yes                       ;
; HEX0[2]        ; 2.5 V        ; 0 s                 ; 0 s                 ; 2.32 V                       ; 6.92e-07 V                   ; 2.33 V              ; -0.00265 V          ; 0.133 V                              ; 0.056 V                              ; 3.55e-09 s                  ; 3.31e-09 s                  ; Yes                        ; Yes                        ; 2.32 V                      ; 6.92e-07 V                  ; 2.33 V             ; -0.00265 V         ; 0.133 V                             ; 0.056 V                             ; 3.55e-09 s                 ; 3.31e-09 s                 ; Yes                       ; Yes                       ;
; HEX0[1]        ; 2.5 V        ; 0 s                 ; 0 s                 ; 2.32 V                       ; 4.67e-07 V                   ; 2.35 V              ; -0.00942 V          ; 0.116 V                              ; 0.033 V                              ; 6.66e-10 s                  ; 6.27e-10 s                  ; Yes                        ; Yes                        ; 2.32 V                      ; 4.67e-07 V                  ; 2.35 V             ; -0.00942 V         ; 0.116 V                             ; 0.033 V                             ; 6.66e-10 s                 ; 6.27e-10 s                 ; Yes                       ; Yes                       ;
; HEX0[0]        ; 2.5 V        ; 0 s                 ; 0 s                 ; 2.32 V                       ; 4.67e-07 V                   ; 2.35 V              ; -0.00942 V          ; 0.116 V                              ; 0.033 V                              ; 6.66e-10 s                  ; 6.27e-10 s                  ; Yes                        ; Yes                        ; 2.32 V                      ; 4.67e-07 V                  ; 2.35 V             ; -0.00942 V         ; 0.116 V                             ; 0.033 V                             ; 6.66e-10 s                 ; 6.27e-10 s                 ; Yes                       ; Yes                       ;
; HEX1[6]        ; 2.5 V        ; 0 s                 ; 0 s                 ; 2.32 V                       ; 6.92e-07 V                   ; 2.35 V              ; -0.00996 V          ; 0.121 V                              ; 0.03 V                               ; 4.64e-10 s                  ; 4.47e-10 s                  ; Yes                        ; Yes                        ; 2.32 V                      ; 6.92e-07 V                  ; 2.35 V             ; -0.00996 V         ; 0.121 V                             ; 0.03 V                              ; 4.64e-10 s                 ; 4.47e-10 s                 ; Yes                       ; Yes                       ;
; HEX1[5]        ; 2.5 V        ; 0 s                 ; 0 s                 ; 2.32 V                       ; 6.92e-07 V                   ; 2.35 V              ; -0.00996 V          ; 0.121 V                              ; 0.03 V                               ; 4.64e-10 s                  ; 4.47e-10 s                  ; Yes                        ; Yes                        ; 2.32 V                      ; 6.92e-07 V                  ; 2.35 V             ; -0.00996 V         ; 0.121 V                             ; 0.03 V                              ; 4.64e-10 s                 ; 4.47e-10 s                 ; Yes                       ; Yes                       ;
; HEX1[4]        ; 2.5 V        ; 0 s                 ; 0 s                 ; 2.32 V                       ; 6.92e-07 V                   ; 2.35 V              ; -0.00996 V          ; 0.121 V                              ; 0.03 V                               ; 4.64e-10 s                  ; 4.47e-10 s                  ; Yes                        ; Yes                        ; 2.32 V                      ; 6.92e-07 V                  ; 2.35 V             ; -0.00996 V         ; 0.121 V                             ; 0.03 V                              ; 4.64e-10 s                 ; 4.47e-10 s                 ; Yes                       ; Yes                       ;
; HEX1[3]        ; 2.5 V        ; 0 s                 ; 0 s                 ; 2.32 V                       ; 6.92e-07 V                   ; 2.35 V              ; -0.00996 V          ; 0.121 V                              ; 0.03 V                               ; 4.64e-10 s                  ; 4.47e-10 s                  ; Yes                        ; Yes                        ; 2.32 V                      ; 6.92e-07 V                  ; 2.35 V             ; -0.00996 V         ; 0.121 V                             ; 0.03 V                              ; 4.64e-10 s                 ; 4.47e-10 s                 ; Yes                       ; Yes                       ;
; HEX1[2]        ; 2.5 V        ; 0 s                 ; 0 s                 ; 2.32 V                       ; 6.92e-07 V                   ; 2.35 V              ; -0.00996 V          ; 0.121 V                              ; 0.03 V                               ; 4.64e-10 s                  ; 4.47e-10 s                  ; Yes                        ; Yes                        ; 2.32 V                      ; 6.92e-07 V                  ; 2.35 V             ; -0.00996 V         ; 0.121 V                             ; 0.03 V                              ; 4.64e-10 s                 ; 4.47e-10 s                 ; Yes                       ; Yes                       ;
; HEX1[1]        ; 2.5 V        ; 0 s                 ; 0 s                 ; 2.32 V                       ; 6.92e-07 V                   ; 2.35 V              ; -0.00996 V          ; 0.121 V                              ; 0.03 V                               ; 4.64e-10 s                  ; 4.47e-10 s                  ; Yes                        ; Yes                        ; 2.32 V                      ; 6.92e-07 V                  ; 2.35 V             ; -0.00996 V         ; 0.121 V                             ; 0.03 V                              ; 4.64e-10 s                 ; 4.47e-10 s                 ; Yes                       ; Yes                       ;
; HEX1[0]        ; 2.5 V        ; 0 s                 ; 0 s                 ; 2.32 V                       ; 6.92e-07 V                   ; 2.35 V              ; -0.00996 V          ; 0.121 V                              ; 0.03 V                               ; 4.64e-10 s                  ; 4.47e-10 s                  ; Yes                        ; Yes                        ; 2.32 V                      ; 6.92e-07 V                  ; 2.35 V             ; -0.00996 V         ; 0.121 V                             ; 0.03 V                              ; 4.64e-10 s                 ; 4.47e-10 s                 ; Yes                       ; Yes                       ;
; HEX2[6]        ; 2.5 V        ; 0 s                 ; 0 s                 ; 2.32 V                       ; 6.92e-07 V                   ; 2.35 V              ; -0.00996 V          ; 0.121 V                              ; 0.03 V                               ; 4.64e-10 s                  ; 4.47e-10 s                  ; Yes                        ; Yes                        ; 2.32 V                      ; 6.92e-07 V                  ; 2.35 V             ; -0.00996 V         ; 0.121 V                             ; 0.03 V                              ; 4.64e-10 s                 ; 4.47e-10 s                 ; Yes                       ; Yes                       ;
; HEX2[5]        ; 2.5 V        ; 0 s                 ; 0 s                 ; 2.32 V                       ; 6.92e-07 V                   ; 2.35 V              ; -0.00996 V          ; 0.121 V                              ; 0.03 V                               ; 4.64e-10 s                  ; 4.47e-10 s                  ; Yes                        ; Yes                        ; 2.32 V                      ; 6.92e-07 V                  ; 2.35 V             ; -0.00996 V         ; 0.121 V                             ; 0.03 V                              ; 4.64e-10 s                 ; 4.47e-10 s                 ; Yes                       ; Yes                       ;
; HEX2[4]        ; 2.5 V        ; 0 s                 ; 0 s                 ; 2.32 V                       ; 6.92e-07 V                   ; 2.35 V              ; -0.00996 V          ; 0.121 V                              ; 0.03 V                               ; 4.64e-10 s                  ; 4.47e-10 s                  ; Yes                        ; Yes                        ; 2.32 V                      ; 6.92e-07 V                  ; 2.35 V             ; -0.00996 V         ; 0.121 V                             ; 0.03 V                              ; 4.64e-10 s                 ; 4.47e-10 s                 ; Yes                       ; Yes                       ;
; HEX2[3]        ; 2.5 V        ; 0 s                 ; 0 s                 ; 2.32 V                       ; 6.92e-07 V                   ; 2.35 V              ; -0.00996 V          ; 0.121 V                              ; 0.03 V                               ; 4.64e-10 s                  ; 4.47e-10 s                  ; Yes                        ; Yes                        ; 2.32 V                      ; 6.92e-07 V                  ; 2.35 V             ; -0.00996 V         ; 0.121 V                             ; 0.03 V                              ; 4.64e-10 s                 ; 4.47e-10 s                 ; Yes                       ; Yes                       ;
; HEX2[2]        ; 2.5 V        ; 0 s                 ; 0 s                 ; 2.32 V                       ; 6.92e-07 V                   ; 2.35 V              ; -0.00996 V          ; 0.121 V                              ; 0.03 V                               ; 4.64e-10 s                  ; 4.47e-10 s                  ; Yes                        ; Yes                        ; 2.32 V                      ; 6.92e-07 V                  ; 2.35 V             ; -0.00996 V         ; 0.121 V                             ; 0.03 V                              ; 4.64e-10 s                 ; 4.47e-10 s                 ; Yes                       ; Yes                       ;
; HEX2[1]        ; 2.5 V        ; 0 s                 ; 0 s                 ; 2.32 V                       ; 6.92e-07 V                   ; 2.35 V              ; -0.00996 V          ; 0.121 V                              ; 0.03 V                               ; 4.64e-10 s                  ; 4.47e-10 s                  ; Yes                        ; Yes                        ; 2.32 V                      ; 6.92e-07 V                  ; 2.35 V             ; -0.00996 V         ; 0.121 V                             ; 0.03 V                              ; 4.64e-10 s                 ; 4.47e-10 s                 ; Yes                       ; Yes                       ;
; HEX2[0]        ; 2.5 V        ; 0 s                 ; 0 s                 ; 2.32 V                       ; 6.92e-07 V                   ; 2.35 V              ; -0.00996 V          ; 0.121 V                              ; 0.03 V                               ; 4.64e-10 s                  ; 4.47e-10 s                  ; Yes                        ; Yes                        ; 2.32 V                      ; 6.92e-07 V                  ; 2.35 V             ; -0.00996 V         ; 0.121 V                             ; 0.03 V                              ; 4.64e-10 s                 ; 4.47e-10 s                 ; Yes                       ; Yes                       ;
; HEX3[6]        ; 2.5 V        ; 0 s                 ; 0 s                 ; 2.32 V                       ; 6.92e-07 V                   ; 2.35 V              ; -0.00996 V          ; 0.121 V                              ; 0.03 V                               ; 4.64e-10 s                  ; 4.47e-10 s                  ; Yes                        ; Yes                        ; 2.32 V                      ; 6.92e-07 V                  ; 2.35 V             ; -0.00996 V         ; 0.121 V                             ; 0.03 V                              ; 4.64e-10 s                 ; 4.47e-10 s                 ; Yes                       ; Yes                       ;
; HEX3[5]        ; 2.5 V        ; 0 s                 ; 0 s                 ; 2.32 V                       ; 4.67e-07 V                   ; 2.35 V              ; -0.00942 V          ; 0.116 V                              ; 0.033 V                              ; 6.66e-10 s                  ; 6.27e-10 s                  ; Yes                        ; Yes                        ; 2.32 V                      ; 4.67e-07 V                  ; 2.35 V             ; -0.00942 V         ; 0.116 V                             ; 0.033 V                             ; 6.66e-10 s                 ; 6.27e-10 s                 ; Yes                       ; Yes                       ;
; HEX3[4]        ; 2.5 V        ; 0 s                 ; 0 s                 ; 2.32 V                       ; 6.92e-07 V                   ; 2.35 V              ; -0.00996 V          ; 0.121 V                              ; 0.03 V                               ; 4.64e-10 s                  ; 4.47e-10 s                  ; Yes                        ; Yes                        ; 2.32 V                      ; 6.92e-07 V                  ; 2.35 V             ; -0.00996 V         ; 0.121 V                             ; 0.03 V                              ; 4.64e-10 s                 ; 4.47e-10 s                 ; Yes                       ; Yes                       ;
; HEX3[3]        ; 2.5 V        ; 0 s                 ; 0 s                 ; 2.32 V                       ; 6.92e-07 V                   ; 2.33 V              ; -0.00265 V          ; 0.133 V                              ; 0.056 V                              ; 3.55e-09 s                  ; 3.31e-09 s                  ; Yes                        ; Yes                        ; 2.32 V                      ; 6.92e-07 V                  ; 2.33 V             ; -0.00265 V         ; 0.133 V                             ; 0.056 V                             ; 3.55e-09 s                 ; 3.31e-09 s                 ; Yes                       ; Yes                       ;
; HEX3[2]        ; 2.5 V        ; 0 s                 ; 0 s                 ; 2.32 V                       ; 4.67e-07 V                   ; 2.33 V              ; -0.00269 V          ; 0.13 V                               ; 0.055 V                              ; 3.54e-09 s                  ; 3.29e-09 s                  ; Yes                        ; Yes                        ; 2.32 V                      ; 4.67e-07 V                  ; 2.33 V             ; -0.00269 V         ; 0.13 V                              ; 0.055 V                             ; 3.54e-09 s                 ; 3.29e-09 s                 ; Yes                       ; Yes                       ;
; HEX3[1]        ; 2.5 V        ; 0 s                 ; 0 s                 ; 2.32 V                       ; 6.92e-07 V                   ; 2.35 V              ; -0.00996 V          ; 0.121 V                              ; 0.03 V                               ; 4.64e-10 s                  ; 4.47e-10 s                  ; Yes                        ; Yes                        ; 2.32 V                      ; 6.92e-07 V                  ; 2.35 V             ; -0.00996 V         ; 0.121 V                             ; 0.03 V                              ; 4.64e-10 s                 ; 4.47e-10 s                 ; Yes                       ; Yes                       ;
; HEX3[0]        ; 2.5 V        ; 0 s                 ; 0 s                 ; 2.32 V                       ; 6.92e-07 V                   ; 2.35 V              ; -0.00996 V          ; 0.121 V                              ; 0.03 V                               ; 4.64e-10 s                  ; 4.47e-10 s                  ; Yes                        ; Yes                        ; 2.32 V                      ; 6.92e-07 V                  ; 2.35 V             ; -0.00996 V         ; 0.121 V                             ; 0.03 V                              ; 4.64e-10 s                 ; 4.47e-10 s                 ; Yes                       ; Yes                       ;
; HEX4[6]        ; 2.5 V        ; 0 s                 ; 0 s                 ; 2.32 V                       ; 6.92e-07 V                   ; 2.35 V              ; -0.00996 V          ; 0.121 V                              ; 0.03 V                               ; 4.64e-10 s                  ; 4.47e-10 s                  ; Yes                        ; Yes                        ; 2.32 V                      ; 6.92e-07 V                  ; 2.35 V             ; -0.00996 V         ; 0.121 V                             ; 0.03 V                              ; 4.64e-10 s                 ; 4.47e-10 s                 ; Yes                       ; Yes                       ;
; HEX4[5]        ; 2.5 V        ; 0 s                 ; 0 s                 ; 2.32 V                       ; 6.92e-07 V                   ; 2.35 V              ; -0.00996 V          ; 0.121 V                              ; 0.03 V                               ; 4.64e-10 s                  ; 4.47e-10 s                  ; Yes                        ; Yes                        ; 2.32 V                      ; 6.92e-07 V                  ; 2.35 V             ; -0.00996 V         ; 0.121 V                             ; 0.03 V                              ; 4.64e-10 s                 ; 4.47e-10 s                 ; Yes                       ; Yes                       ;
; HEX4[4]        ; 2.5 V        ; 0 s                 ; 0 s                 ; 2.32 V                       ; 6.92e-07 V                   ; 2.35 V              ; -0.00996 V          ; 0.121 V                              ; 0.03 V                               ; 4.64e-10 s                  ; 4.47e-10 s                  ; Yes                        ; Yes                        ; 2.32 V                      ; 6.92e-07 V                  ; 2.35 V             ; -0.00996 V         ; 0.121 V                             ; 0.03 V                              ; 4.64e-10 s                 ; 4.47e-10 s                 ; Yes                       ; Yes                       ;
; HEX4[3]        ; 2.5 V        ; 0 s                 ; 0 s                 ; 2.32 V                       ; 6.92e-07 V                   ; 2.35 V              ; -0.00996 V          ; 0.121 V                              ; 0.03 V                               ; 4.64e-10 s                  ; 4.47e-10 s                  ; Yes                        ; Yes                        ; 2.32 V                      ; 6.92e-07 V                  ; 2.35 V             ; -0.00996 V         ; 0.121 V                             ; 0.03 V                              ; 4.64e-10 s                 ; 4.47e-10 s                 ; Yes                       ; Yes                       ;
; HEX4[2]        ; 2.5 V        ; 0 s                 ; 0 s                 ; 2.32 V                       ; 6.92e-07 V                   ; 2.35 V              ; -0.00996 V          ; 0.121 V                              ; 0.03 V                               ; 4.64e-10 s                  ; 4.47e-10 s                  ; Yes                        ; Yes                        ; 2.32 V                      ; 6.92e-07 V                  ; 2.35 V             ; -0.00996 V         ; 0.121 V                             ; 0.03 V                              ; 4.64e-10 s                 ; 4.47e-10 s                 ; Yes                       ; Yes                       ;
; HEX4[1]        ; 2.5 V        ; 0 s                 ; 0 s                 ; 2.32 V                       ; 6.92e-07 V                   ; 2.35 V              ; -0.00996 V          ; 0.121 V                              ; 0.03 V                               ; 4.64e-10 s                  ; 4.47e-10 s                  ; Yes                        ; Yes                        ; 2.32 V                      ; 6.92e-07 V                  ; 2.35 V             ; -0.00996 V         ; 0.121 V                             ; 0.03 V                              ; 4.64e-10 s                 ; 4.47e-10 s                 ; Yes                       ; Yes                       ;
; HEX4[0]        ; 2.5 V        ; 0 s                 ; 0 s                 ; 2.32 V                       ; 6.92e-07 V                   ; 2.35 V              ; -0.00996 V          ; 0.121 V                              ; 0.03 V                               ; 4.64e-10 s                  ; 4.47e-10 s                  ; Yes                        ; Yes                        ; 2.32 V                      ; 6.92e-07 V                  ; 2.35 V             ; -0.00996 V         ; 0.121 V                             ; 0.03 V                              ; 4.64e-10 s                 ; 4.47e-10 s                 ; Yes                       ; Yes                       ;
; HEX5[6]        ; 2.5 V        ; 0 s                 ; 0 s                 ; 2.32 V                       ; 6.92e-07 V                   ; 2.35 V              ; -0.00996 V          ; 0.121 V                              ; 0.03 V                               ; 4.64e-10 s                  ; 4.47e-10 s                  ; Yes                        ; Yes                        ; 2.32 V                      ; 6.92e-07 V                  ; 2.35 V             ; -0.00996 V         ; 0.121 V                             ; 0.03 V                              ; 4.64e-10 s                 ; 4.47e-10 s                 ; Yes                       ; Yes                       ;
; HEX5[5]        ; 2.5 V        ; 0 s                 ; 0 s                 ; 2.32 V                       ; 4.67e-07 V                   ; 2.36 V              ; -0.00552 V          ; 0.11 V                               ; 0.007 V                              ; 4.54e-10 s                  ; 4.35e-10 s                  ; Yes                        ; Yes                        ; 2.32 V                      ; 4.67e-07 V                  ; 2.36 V             ; -0.00552 V         ; 0.11 V                              ; 0.007 V                             ; 4.54e-10 s                 ; 4.35e-10 s                 ; Yes                       ; Yes                       ;
; HEX5[4]        ; 2.5 V        ; 0 s                 ; 0 s                 ; 2.32 V                       ; 6.92e-07 V                   ; 2.35 V              ; -0.00996 V          ; 0.121 V                              ; 0.03 V                               ; 4.64e-10 s                  ; 4.47e-10 s                  ; Yes                        ; Yes                        ; 2.32 V                      ; 6.92e-07 V                  ; 2.35 V             ; -0.00996 V         ; 0.121 V                             ; 0.03 V                              ; 4.64e-10 s                 ; 4.47e-10 s                 ; Yes                       ; Yes                       ;
; HEX5[3]        ; 2.5 V        ; 0 s                 ; 0 s                 ; 2.32 V                       ; 6.92e-07 V                   ; 2.35 V              ; -0.00996 V          ; 0.121 V                              ; 0.03 V                               ; 4.64e-10 s                  ; 4.47e-10 s                  ; Yes                        ; Yes                        ; 2.32 V                      ; 6.92e-07 V                  ; 2.35 V             ; -0.00996 V         ; 0.121 V                             ; 0.03 V                              ; 4.64e-10 s                 ; 4.47e-10 s                 ; Yes                       ; Yes                       ;
; HEX5[2]        ; 2.5 V        ; 0 s                 ; 0 s                 ; 2.32 V                       ; 6.92e-07 V                   ; 2.35 V              ; -0.00996 V          ; 0.121 V                              ; 0.03 V                               ; 4.64e-10 s                  ; 4.47e-10 s                  ; Yes                        ; Yes                        ; 2.32 V                      ; 6.92e-07 V                  ; 2.35 V             ; -0.00996 V         ; 0.121 V                             ; 0.03 V                              ; 4.64e-10 s                 ; 4.47e-10 s                 ; Yes                       ; Yes                       ;
; HEX5[1]        ; 2.5 V        ; 0 s                 ; 0 s                 ; 2.32 V                       ; 6.92e-07 V                   ; 2.35 V              ; -0.00996 V          ; 0.121 V                              ; 0.03 V                               ; 4.64e-10 s                  ; 4.47e-10 s                  ; Yes                        ; Yes                        ; 2.32 V                      ; 6.92e-07 V                  ; 2.35 V             ; -0.00996 V         ; 0.121 V                             ; 0.03 V                              ; 4.64e-10 s                 ; 4.47e-10 s                 ; Yes                       ; Yes                       ;
; HEX5[0]        ; 2.5 V        ; 0 s                 ; 0 s                 ; 2.32 V                       ; 6.92e-07 V                   ; 2.35 V              ; -0.00996 V          ; 0.121 V                              ; 0.03 V                               ; 4.64e-10 s                  ; 4.47e-10 s                  ; Yes                        ; Yes                        ; 2.32 V                      ; 6.92e-07 V                  ; 2.35 V             ; -0.00996 V         ; 0.121 V                             ; 0.03 V                              ; 4.64e-10 s                 ; 4.47e-10 s                 ; Yes                       ; Yes                       ;
; HEX6[6]        ; 2.5 V        ; 0 s                 ; 0 s                 ; 2.32 V                       ; 6.92e-07 V                   ; 2.35 V              ; -0.00996 V          ; 0.121 V                              ; 0.03 V                               ; 4.64e-10 s                  ; 4.47e-10 s                  ; Yes                        ; Yes                        ; 2.32 V                      ; 6.92e-07 V                  ; 2.35 V             ; -0.00996 V         ; 0.121 V                             ; 0.03 V                              ; 4.64e-10 s                 ; 4.47e-10 s                 ; Yes                       ; Yes                       ;
; HEX6[5]        ; 2.5 V        ; 0 s                 ; 0 s                 ; 2.32 V                       ; 6.92e-07 V                   ; 2.33 V              ; -0.00265 V          ; 0.133 V                              ; 0.056 V                              ; 3.55e-09 s                  ; 3.31e-09 s                  ; Yes                        ; Yes                        ; 2.32 V                      ; 6.92e-07 V                  ; 2.33 V             ; -0.00265 V         ; 0.133 V                             ; 0.056 V                             ; 3.55e-09 s                 ; 3.31e-09 s                 ; Yes                       ; Yes                       ;
; HEX6[4]        ; 2.5 V        ; 0 s                 ; 0 s                 ; 2.32 V                       ; 6.92e-07 V                   ; 2.35 V              ; -0.00996 V          ; 0.121 V                              ; 0.03 V                               ; 4.64e-10 s                  ; 4.47e-10 s                  ; Yes                        ; Yes                        ; 2.32 V                      ; 6.92e-07 V                  ; 2.35 V             ; -0.00996 V         ; 0.121 V                             ; 0.03 V                              ; 4.64e-10 s                 ; 4.47e-10 s                 ; Yes                       ; Yes                       ;
; HEX6[3]        ; 2.5 V        ; 0 s                 ; 0 s                 ; 2.32 V                       ; 6.92e-07 V                   ; 2.35 V              ; -0.00996 V          ; 0.121 V                              ; 0.03 V                               ; 4.64e-10 s                  ; 4.47e-10 s                  ; Yes                        ; Yes                        ; 2.32 V                      ; 6.92e-07 V                  ; 2.35 V             ; -0.00996 V         ; 0.121 V                             ; 0.03 V                              ; 4.64e-10 s                 ; 4.47e-10 s                 ; Yes                       ; Yes                       ;
; HEX6[2]        ; 2.5 V        ; 0 s                 ; 0 s                 ; 2.32 V                       ; 6.92e-07 V                   ; 2.35 V              ; -0.00996 V          ; 0.121 V                              ; 0.03 V                               ; 4.64e-10 s                  ; 4.47e-10 s                  ; Yes                        ; Yes                        ; 2.32 V                      ; 6.92e-07 V                  ; 2.35 V             ; -0.00996 V         ; 0.121 V                             ; 0.03 V                              ; 4.64e-10 s                 ; 4.47e-10 s                 ; Yes                       ; Yes                       ;
; HEX6[1]        ; 2.5 V        ; 0 s                 ; 0 s                 ; 2.32 V                       ; 6.92e-07 V                   ; 2.35 V              ; -0.00996 V          ; 0.121 V                              ; 0.03 V                               ; 4.64e-10 s                  ; 4.47e-10 s                  ; Yes                        ; Yes                        ; 2.32 V                      ; 6.92e-07 V                  ; 2.35 V             ; -0.00996 V         ; 0.121 V                             ; 0.03 V                              ; 4.64e-10 s                 ; 4.47e-10 s                 ; Yes                       ; Yes                       ;
; HEX6[0]        ; 2.5 V        ; 0 s                 ; 0 s                 ; 2.32 V                       ; 6.92e-07 V                   ; 2.35 V              ; -0.00996 V          ; 0.121 V                              ; 0.03 V                               ; 4.64e-10 s                  ; 4.47e-10 s                  ; Yes                        ; Yes                        ; 2.32 V                      ; 6.92e-07 V                  ; 2.35 V             ; -0.00996 V         ; 0.121 V                             ; 0.03 V                              ; 4.64e-10 s                 ; 4.47e-10 s                 ; Yes                       ; Yes                       ;
; HEX7[6]        ; 2.5 V        ; 0 s                 ; 0 s                 ; 2.32 V                       ; 4.67e-07 V                   ; 2.35 V              ; -0.00942 V          ; 0.116 V                              ; 0.033 V                              ; 6.66e-10 s                  ; 6.27e-10 s                  ; Yes                        ; Yes                        ; 2.32 V                      ; 4.67e-07 V                  ; 2.35 V             ; -0.00942 V         ; 0.116 V                             ; 0.033 V                             ; 6.66e-10 s                 ; 6.27e-10 s                 ; Yes                       ; Yes                       ;
; HEX7[5]        ; 2.5 V        ; 0 s                 ; 0 s                 ; 2.32 V                       ; 6.92e-07 V                   ; 2.35 V              ; -0.00996 V          ; 0.121 V                              ; 0.03 V                               ; 4.64e-10 s                  ; 4.47e-10 s                  ; Yes                        ; Yes                        ; 2.32 V                      ; 6.92e-07 V                  ; 2.35 V             ; -0.00996 V         ; 0.121 V                             ; 0.03 V                              ; 4.64e-10 s                 ; 4.47e-10 s                 ; Yes                       ; Yes                       ;
; HEX7[4]        ; 2.5 V        ; 0 s                 ; 0 s                 ; 2.32 V                       ; 6.92e-07 V                   ; 2.35 V              ; -0.00996 V          ; 0.121 V                              ; 0.03 V                               ; 4.64e-10 s                  ; 4.47e-10 s                  ; Yes                        ; Yes                        ; 2.32 V                      ; 6.92e-07 V                  ; 2.35 V             ; -0.00996 V         ; 0.121 V                             ; 0.03 V                              ; 4.64e-10 s                 ; 4.47e-10 s                 ; Yes                       ; Yes                       ;
; HEX7[3]        ; 2.5 V        ; 0 s                 ; 0 s                 ; 2.32 V                       ; 6.92e-07 V                   ; 2.35 V              ; -0.00996 V          ; 0.121 V                              ; 0.03 V                               ; 4.64e-10 s                  ; 4.47e-10 s                  ; Yes                        ; Yes                        ; 2.32 V                      ; 6.92e-07 V                  ; 2.35 V             ; -0.00996 V         ; 0.121 V                             ; 0.03 V                              ; 4.64e-10 s                 ; 4.47e-10 s                 ; Yes                       ; Yes                       ;
; HEX7[2]        ; 2.5 V        ; 0 s                 ; 0 s                 ; 2.32 V                       ; 6.92e-07 V                   ; 2.35 V              ; -0.00996 V          ; 0.121 V                              ; 0.03 V                               ; 4.64e-10 s                  ; 4.47e-10 s                  ; Yes                        ; Yes                        ; 2.32 V                      ; 6.92e-07 V                  ; 2.35 V             ; -0.00996 V         ; 0.121 V                             ; 0.03 V                              ; 4.64e-10 s                 ; 4.47e-10 s                 ; Yes                       ; Yes                       ;
; HEX7[1]        ; 2.5 V        ; 0 s                 ; 0 s                 ; 2.32 V                       ; 6.92e-07 V                   ; 2.35 V              ; -0.00996 V          ; 0.121 V                              ; 0.03 V                               ; 4.64e-10 s                  ; 4.47e-10 s                  ; Yes                        ; Yes                        ; 2.32 V                      ; 6.92e-07 V                  ; 2.35 V             ; -0.00996 V         ; 0.121 V                             ; 0.03 V                              ; 4.64e-10 s                 ; 4.47e-10 s                 ; Yes                       ; Yes                       ;
; HEX7[0]        ; 2.5 V        ; 0 s                 ; 0 s                 ; 2.32 V                       ; 6.92e-07 V                   ; 2.35 V              ; -0.00996 V          ; 0.121 V                              ; 0.03 V                               ; 4.64e-10 s                  ; 4.47e-10 s                  ; Yes                        ; Yes                        ; 2.32 V                      ; 6.92e-07 V                  ; 2.35 V             ; -0.00996 V         ; 0.121 V                             ; 0.03 V                              ; 4.64e-10 s                 ; 4.47e-10 s                 ; Yes                       ; Yes                       ;
; PC[31]         ; 2.5 V        ; 0 s                 ; 0 s                 ; 2.32 V                       ; 6.92e-07 V                   ; 2.35 V              ; -0.00996 V          ; 0.121 V                              ; 0.03 V                               ; 4.64e-10 s                  ; 4.47e-10 s                  ; Yes                        ; Yes                        ; 2.32 V                      ; 6.92e-07 V                  ; 2.35 V             ; -0.00996 V         ; 0.121 V                             ; 0.03 V                              ; 4.64e-10 s                 ; 4.47e-10 s                 ; Yes                       ; Yes                       ;
; PC[30]         ; 2.5 V        ; 0 s                 ; 0 s                 ; 2.32 V                       ; 6.92e-07 V                   ; 2.35 V              ; -0.00996 V          ; 0.121 V                              ; 0.03 V                               ; 4.64e-10 s                  ; 4.47e-10 s                  ; Yes                        ; Yes                        ; 2.32 V                      ; 6.92e-07 V                  ; 2.35 V             ; -0.00996 V         ; 0.121 V                             ; 0.03 V                              ; 4.64e-10 s                 ; 4.47e-10 s                 ; Yes                       ; Yes                       ;
; PC[29]         ; 2.5 V        ; 0 s                 ; 0 s                 ; 2.32 V                       ; 6.92e-07 V                   ; 2.35 V              ; -0.00996 V          ; 0.121 V                              ; 0.03 V                               ; 4.64e-10 s                  ; 4.47e-10 s                  ; Yes                        ; Yes                        ; 2.32 V                      ; 6.92e-07 V                  ; 2.35 V             ; -0.00996 V         ; 0.121 V                             ; 0.03 V                              ; 4.64e-10 s                 ; 4.47e-10 s                 ; Yes                       ; Yes                       ;
; PC[28]         ; 2.5 V        ; 0 s                 ; 0 s                 ; 2.32 V                       ; 4.67e-07 V                   ; 2.35 V              ; -0.00942 V          ; 0.116 V                              ; 0.033 V                              ; 6.66e-10 s                  ; 6.27e-10 s                  ; Yes                        ; Yes                        ; 2.32 V                      ; 4.67e-07 V                  ; 2.35 V             ; -0.00942 V         ; 0.116 V                             ; 0.033 V                             ; 6.66e-10 s                 ; 6.27e-10 s                 ; Yes                       ; Yes                       ;
; PC[27]         ; 2.5 V        ; 0 s                 ; 0 s                 ; 2.32 V                       ; 4.67e-07 V                   ; 2.35 V              ; -0.00942 V          ; 0.116 V                              ; 0.033 V                              ; 6.66e-10 s                  ; 6.27e-10 s                  ; Yes                        ; Yes                        ; 2.32 V                      ; 4.67e-07 V                  ; 2.35 V             ; -0.00942 V         ; 0.116 V                             ; 0.033 V                             ; 6.66e-10 s                 ; 6.27e-10 s                 ; Yes                       ; Yes                       ;
; PC[26]         ; 2.5 V        ; 0 s                 ; 0 s                 ; 2.32 V                       ; 6.92e-07 V                   ; 2.35 V              ; -0.00996 V          ; 0.121 V                              ; 0.03 V                               ; 4.64e-10 s                  ; 4.47e-10 s                  ; Yes                        ; Yes                        ; 2.32 V                      ; 6.92e-07 V                  ; 2.35 V             ; -0.00996 V         ; 0.121 V                             ; 0.03 V                              ; 4.64e-10 s                 ; 4.47e-10 s                 ; Yes                       ; Yes                       ;
; PC[25]         ; 2.5 V        ; 0 s                 ; 0 s                 ; 2.32 V                       ; 6.92e-07 V                   ; 2.35 V              ; -0.00996 V          ; 0.121 V                              ; 0.03 V                               ; 4.64e-10 s                  ; 4.47e-10 s                  ; Yes                        ; Yes                        ; 2.32 V                      ; 6.92e-07 V                  ; 2.35 V             ; -0.00996 V         ; 0.121 V                             ; 0.03 V                              ; 4.64e-10 s                 ; 4.47e-10 s                 ; Yes                       ; Yes                       ;
; PC[24]         ; 2.5 V        ; 0 s                 ; 0 s                 ; 2.32 V                       ; 4.67e-07 V                   ; 2.35 V              ; -0.00942 V          ; 0.116 V                              ; 0.033 V                              ; 6.66e-10 s                  ; 6.27e-10 s                  ; Yes                        ; Yes                        ; 2.32 V                      ; 4.67e-07 V                  ; 2.35 V             ; -0.00942 V         ; 0.116 V                             ; 0.033 V                             ; 6.66e-10 s                 ; 6.27e-10 s                 ; Yes                       ; Yes                       ;
; PC[23]         ; 2.5 V        ; 0 s                 ; 0 s                 ; 2.32 V                       ; 4.67e-07 V                   ; 2.35 V              ; -0.00942 V          ; 0.116 V                              ; 0.033 V                              ; 6.66e-10 s                  ; 6.27e-10 s                  ; Yes                        ; Yes                        ; 2.32 V                      ; 4.67e-07 V                  ; 2.35 V             ; -0.00942 V         ; 0.116 V                             ; 0.033 V                             ; 6.66e-10 s                 ; 6.27e-10 s                 ; Yes                       ; Yes                       ;
; PC[22]         ; 2.5 V        ; 0 s                 ; 0 s                 ; 2.32 V                       ; 4.67e-07 V                   ; 2.35 V              ; -0.00942 V          ; 0.116 V                              ; 0.033 V                              ; 6.66e-10 s                  ; 6.27e-10 s                  ; Yes                        ; Yes                        ; 2.32 V                      ; 4.67e-07 V                  ; 2.35 V             ; -0.00942 V         ; 0.116 V                             ; 0.033 V                             ; 6.66e-10 s                 ; 6.27e-10 s                 ; Yes                       ; Yes                       ;
; PC[21]         ; 2.5 V        ; 0 s                 ; 0 s                 ; 2.32 V                       ; 6.92e-07 V                   ; 2.35 V              ; -0.00996 V          ; 0.121 V                              ; 0.03 V                               ; 4.64e-10 s                  ; 4.47e-10 s                  ; Yes                        ; Yes                        ; 2.32 V                      ; 6.92e-07 V                  ; 2.35 V             ; -0.00996 V         ; 0.121 V                             ; 0.03 V                              ; 4.64e-10 s                 ; 4.47e-10 s                 ; Yes                       ; Yes                       ;
; PC[20]         ; 2.5 V        ; 0 s                 ; 0 s                 ; 2.32 V                       ; 4.67e-07 V                   ; 2.36 V              ; -0.00552 V          ; 0.11 V                               ; 0.007 V                              ; 4.54e-10 s                  ; 4.35e-10 s                  ; Yes                        ; Yes                        ; 2.32 V                      ; 4.67e-07 V                  ; 2.36 V             ; -0.00552 V         ; 0.11 V                              ; 0.007 V                             ; 4.54e-10 s                 ; 4.35e-10 s                 ; Yes                       ; Yes                       ;
; PC[19]         ; 2.5 V        ; 0 s                 ; 0 s                 ; 2.32 V                       ; 4.67e-07 V                   ; 2.35 V              ; -0.00942 V          ; 0.116 V                              ; 0.033 V                              ; 6.66e-10 s                  ; 6.27e-10 s                  ; Yes                        ; Yes                        ; 2.32 V                      ; 4.67e-07 V                  ; 2.35 V             ; -0.00942 V         ; 0.116 V                             ; 0.033 V                             ; 6.66e-10 s                 ; 6.27e-10 s                 ; Yes                       ; Yes                       ;
; PC[18]         ; 2.5 V        ; 0 s                 ; 0 s                 ; 2.32 V                       ; 4.67e-07 V                   ; 2.36 V              ; -0.00552 V          ; 0.11 V                               ; 0.007 V                              ; 4.54e-10 s                  ; 4.35e-10 s                  ; Yes                        ; Yes                        ; 2.32 V                      ; 4.67e-07 V                  ; 2.36 V             ; -0.00552 V         ; 0.11 V                              ; 0.007 V                             ; 4.54e-10 s                 ; 4.35e-10 s                 ; Yes                       ; Yes                       ;
; PC[17]         ; 2.5 V        ; 0 s                 ; 0 s                 ; 2.32 V                       ; 4.67e-07 V                   ; 2.35 V              ; -0.00942 V          ; 0.116 V                              ; 0.033 V                              ; 6.66e-10 s                  ; 6.27e-10 s                  ; Yes                        ; Yes                        ; 2.32 V                      ; 4.67e-07 V                  ; 2.35 V             ; -0.00942 V         ; 0.116 V                             ; 0.033 V                             ; 6.66e-10 s                 ; 6.27e-10 s                 ; Yes                       ; Yes                       ;
; PC[16]         ; 2.5 V        ; 0 s                 ; 0 s                 ; 2.32 V                       ; 6.92e-07 V                   ; 2.35 V              ; -0.00996 V          ; 0.121 V                              ; 0.03 V                               ; 4.64e-10 s                  ; 4.47e-10 s                  ; Yes                        ; Yes                        ; 2.32 V                      ; 6.92e-07 V                  ; 2.35 V             ; -0.00996 V         ; 0.121 V                             ; 0.03 V                              ; 4.64e-10 s                 ; 4.47e-10 s                 ; Yes                       ; Yes                       ;
; PC[15]         ; 2.5 V        ; 0 s                 ; 0 s                 ; 2.32 V                       ; 4.67e-07 V                   ; 2.35 V              ; -0.00942 V          ; 0.116 V                              ; 0.033 V                              ; 6.66e-10 s                  ; 6.27e-10 s                  ; Yes                        ; Yes                        ; 2.32 V                      ; 4.67e-07 V                  ; 2.35 V             ; -0.00942 V         ; 0.116 V                             ; 0.033 V                             ; 6.66e-10 s                 ; 6.27e-10 s                 ; Yes                       ; Yes                       ;
; PC[14]         ; 2.5 V        ; 0 s                 ; 0 s                 ; 2.32 V                       ; 4.67e-07 V                   ; 2.35 V              ; -0.00942 V          ; 0.116 V                              ; 0.033 V                              ; 6.66e-10 s                  ; 6.27e-10 s                  ; Yes                        ; Yes                        ; 2.32 V                      ; 4.67e-07 V                  ; 2.35 V             ; -0.00942 V         ; 0.116 V                             ; 0.033 V                             ; 6.66e-10 s                 ; 6.27e-10 s                 ; Yes                       ; Yes                       ;
; PC[13]         ; 2.5 V        ; 0 s                 ; 0 s                 ; 2.32 V                       ; 4.67e-07 V                   ; 2.35 V              ; -0.00942 V          ; 0.116 V                              ; 0.033 V                              ; 6.66e-10 s                  ; 6.27e-10 s                  ; Yes                        ; Yes                        ; 2.32 V                      ; 4.67e-07 V                  ; 2.35 V             ; -0.00942 V         ; 0.116 V                             ; 0.033 V                             ; 6.66e-10 s                 ; 6.27e-10 s                 ; Yes                       ; Yes                       ;
; PC[12]         ; 2.5 V        ; 0 s                 ; 0 s                 ; 2.32 V                       ; 6.92e-07 V                   ; 2.35 V              ; -0.00996 V          ; 0.121 V                              ; 0.03 V                               ; 4.64e-10 s                  ; 4.47e-10 s                  ; Yes                        ; Yes                        ; 2.32 V                      ; 6.92e-07 V                  ; 2.35 V             ; -0.00996 V         ; 0.121 V                             ; 0.03 V                              ; 4.64e-10 s                 ; 4.47e-10 s                 ; Yes                       ; Yes                       ;
; PC[11]         ; 2.5 V        ; 0 s                 ; 0 s                 ; 2.32 V                       ; 6.92e-07 V                   ; 2.35 V              ; -0.00996 V          ; 0.121 V                              ; 0.03 V                               ; 4.64e-10 s                  ; 4.47e-10 s                  ; Yes                        ; Yes                        ; 2.32 V                      ; 6.92e-07 V                  ; 2.35 V             ; -0.00996 V         ; 0.121 V                             ; 0.03 V                              ; 4.64e-10 s                 ; 4.47e-10 s                 ; Yes                       ; Yes                       ;
; PC[10]         ; 2.5 V        ; 0 s                 ; 0 s                 ; 2.32 V                       ; 6.92e-07 V                   ; 2.35 V              ; -0.00996 V          ; 0.121 V                              ; 0.03 V                               ; 4.64e-10 s                  ; 4.47e-10 s                  ; Yes                        ; Yes                        ; 2.32 V                      ; 6.92e-07 V                  ; 2.35 V             ; -0.00996 V         ; 0.121 V                             ; 0.03 V                              ; 4.64e-10 s                 ; 4.47e-10 s                 ; Yes                       ; Yes                       ;
; PC[9]          ; 2.5 V        ; 0 s                 ; 0 s                 ; 2.32 V                       ; 4.67e-07 V                   ; 2.35 V              ; -0.00942 V          ; 0.116 V                              ; 0.033 V                              ; 6.66e-10 s                  ; 6.27e-10 s                  ; Yes                        ; Yes                        ; 2.32 V                      ; 4.67e-07 V                  ; 2.35 V             ; -0.00942 V         ; 0.116 V                             ; 0.033 V                             ; 6.66e-10 s                 ; 6.27e-10 s                 ; Yes                       ; Yes                       ;
; PC[8]          ; 2.5 V        ; 0 s                 ; 0 s                 ; 2.32 V                       ; 6.92e-07 V                   ; 2.35 V              ; -0.00996 V          ; 0.121 V                              ; 0.03 V                               ; 4.64e-10 s                  ; 4.47e-10 s                  ; Yes                        ; Yes                        ; 2.32 V                      ; 6.92e-07 V                  ; 2.35 V             ; -0.00996 V         ; 0.121 V                             ; 0.03 V                              ; 4.64e-10 s                 ; 4.47e-10 s                 ; Yes                       ; Yes                       ;
; PC[7]          ; 2.5 V        ; 0 s                 ; 0 s                 ; 2.32 V                       ; 6.92e-07 V                   ; 2.35 V              ; -0.00996 V          ; 0.121 V                              ; 0.03 V                               ; 4.64e-10 s                  ; 4.47e-10 s                  ; Yes                        ; Yes                        ; 2.32 V                      ; 6.92e-07 V                  ; 2.35 V             ; -0.00996 V         ; 0.121 V                             ; 0.03 V                              ; 4.64e-10 s                 ; 4.47e-10 s                 ; Yes                       ; Yes                       ;
; PC[6]          ; 2.5 V        ; 0 s                 ; 0 s                 ; 2.32 V                       ; 6.92e-07 V                   ; 2.35 V              ; -0.00996 V          ; 0.121 V                              ; 0.03 V                               ; 4.64e-10 s                  ; 4.47e-10 s                  ; Yes                        ; Yes                        ; 2.32 V                      ; 6.92e-07 V                  ; 2.35 V             ; -0.00996 V         ; 0.121 V                             ; 0.03 V                              ; 4.64e-10 s                 ; 4.47e-10 s                 ; Yes                       ; Yes                       ;
; PC[5]          ; 2.5 V        ; 0 s                 ; 0 s                 ; 2.32 V                       ; 6.92e-07 V                   ; 2.35 V              ; -0.00996 V          ; 0.121 V                              ; 0.03 V                               ; 4.64e-10 s                  ; 4.47e-10 s                  ; Yes                        ; Yes                        ; 2.32 V                      ; 6.92e-07 V                  ; 2.35 V             ; -0.00996 V         ; 0.121 V                             ; 0.03 V                              ; 4.64e-10 s                 ; 4.47e-10 s                 ; Yes                       ; Yes                       ;
; PC[4]          ; 2.5 V        ; 0 s                 ; 0 s                 ; 2.32 V                       ; 6.92e-07 V                   ; 2.35 V              ; -0.00996 V          ; 0.121 V                              ; 0.03 V                               ; 4.64e-10 s                  ; 4.47e-10 s                  ; Yes                        ; Yes                        ; 2.32 V                      ; 6.92e-07 V                  ; 2.35 V             ; -0.00996 V         ; 0.121 V                             ; 0.03 V                              ; 4.64e-10 s                 ; 4.47e-10 s                 ; Yes                       ; Yes                       ;
; PC[3]          ; 2.5 V        ; 0 s                 ; 0 s                 ; 2.32 V                       ; 6.92e-07 V                   ; 2.35 V              ; -0.00996 V          ; 0.121 V                              ; 0.03 V                               ; 4.64e-10 s                  ; 4.47e-10 s                  ; Yes                        ; Yes                        ; 2.32 V                      ; 6.92e-07 V                  ; 2.35 V             ; -0.00996 V         ; 0.121 V                             ; 0.03 V                              ; 4.64e-10 s                 ; 4.47e-10 s                 ; Yes                       ; Yes                       ;
; PC[2]          ; 2.5 V        ; 0 s                 ; 0 s                 ; 2.32 V                       ; 6.92e-07 V                   ; 2.35 V              ; -0.00996 V          ; 0.121 V                              ; 0.03 V                               ; 4.64e-10 s                  ; 4.47e-10 s                  ; Yes                        ; Yes                        ; 2.32 V                      ; 6.92e-07 V                  ; 2.35 V             ; -0.00996 V         ; 0.121 V                             ; 0.03 V                              ; 4.64e-10 s                 ; 4.47e-10 s                 ; Yes                       ; Yes                       ;
; PC[1]          ; 2.5 V        ; 0 s                 ; 0 s                 ; 2.32 V                       ; 4.67e-07 V                   ; 2.35 V              ; -0.00942 V          ; 0.116 V                              ; 0.033 V                              ; 6.66e-10 s                  ; 6.27e-10 s                  ; Yes                        ; Yes                        ; 2.32 V                      ; 4.67e-07 V                  ; 2.35 V             ; -0.00942 V         ; 0.116 V                             ; 0.033 V                             ; 6.66e-10 s                 ; 6.27e-10 s                 ; Yes                       ; Yes                       ;
; PC[0]          ; 2.5 V        ; 0 s                 ; 0 s                 ; 2.32 V                       ; 6.92e-07 V                   ; 2.35 V              ; -0.00996 V          ; 0.121 V                              ; 0.03 V                               ; 4.64e-10 s                  ; 4.47e-10 s                  ; Yes                        ; Yes                        ; 2.32 V                      ; 6.92e-07 V                  ; 2.35 V             ; -0.00996 V         ; 0.121 V                             ; 0.03 V                              ; 4.64e-10 s                 ; 4.47e-10 s                 ; Yes                       ; Yes                       ;
; RD1[31]        ; 2.5 V        ; 0 s                 ; 0 s                 ; 2.32 V                       ; 4.67e-07 V                   ; 2.35 V              ; -0.00942 V          ; 0.116 V                              ; 0.033 V                              ; 6.66e-10 s                  ; 6.27e-10 s                  ; Yes                        ; Yes                        ; 2.32 V                      ; 4.67e-07 V                  ; 2.35 V             ; -0.00942 V         ; 0.116 V                             ; 0.033 V                             ; 6.66e-10 s                 ; 6.27e-10 s                 ; Yes                       ; Yes                       ;
; RD1[30]        ; 2.5 V        ; 0 s                 ; 0 s                 ; 2.32 V                       ; 4.67e-07 V                   ; 2.35 V              ; -0.00942 V          ; 0.116 V                              ; 0.033 V                              ; 6.66e-10 s                  ; 6.27e-10 s                  ; Yes                        ; Yes                        ; 2.32 V                      ; 4.67e-07 V                  ; 2.35 V             ; -0.00942 V         ; 0.116 V                             ; 0.033 V                             ; 6.66e-10 s                 ; 6.27e-10 s                 ; Yes                       ; Yes                       ;
; RD1[29]        ; 2.5 V        ; 0 s                 ; 0 s                 ; 2.32 V                       ; 6.92e-07 V                   ; 2.35 V              ; -0.00996 V          ; 0.121 V                              ; 0.03 V                               ; 4.64e-10 s                  ; 4.47e-10 s                  ; Yes                        ; Yes                        ; 2.32 V                      ; 6.92e-07 V                  ; 2.35 V             ; -0.00996 V         ; 0.121 V                             ; 0.03 V                              ; 4.64e-10 s                 ; 4.47e-10 s                 ; Yes                       ; Yes                       ;
; RD1[28]        ; 2.5 V        ; 0 s                 ; 0 s                 ; 2.32 V                       ; 4.67e-07 V                   ; 2.35 V              ; -0.00942 V          ; 0.116 V                              ; 0.033 V                              ; 6.66e-10 s                  ; 6.27e-10 s                  ; Yes                        ; Yes                        ; 2.32 V                      ; 4.67e-07 V                  ; 2.35 V             ; -0.00942 V         ; 0.116 V                             ; 0.033 V                             ; 6.66e-10 s                 ; 6.27e-10 s                 ; Yes                       ; Yes                       ;
; RD1[27]        ; 2.5 V        ; 0 s                 ; 0 s                 ; 2.32 V                       ; 6.92e-07 V                   ; 2.35 V              ; -0.00996 V          ; 0.121 V                              ; 0.03 V                               ; 4.64e-10 s                  ; 4.47e-10 s                  ; Yes                        ; Yes                        ; 2.32 V                      ; 6.92e-07 V                  ; 2.35 V             ; -0.00996 V         ; 0.121 V                             ; 0.03 V                              ; 4.64e-10 s                 ; 4.47e-10 s                 ; Yes                       ; Yes                       ;
; RD1[26]        ; 2.5 V        ; 0 s                 ; 0 s                 ; 2.32 V                       ; 4.67e-07 V                   ; 2.35 V              ; -0.00942 V          ; 0.116 V                              ; 0.033 V                              ; 6.66e-10 s                  ; 6.27e-10 s                  ; Yes                        ; Yes                        ; 2.32 V                      ; 4.67e-07 V                  ; 2.35 V             ; -0.00942 V         ; 0.116 V                             ; 0.033 V                             ; 6.66e-10 s                 ; 6.27e-10 s                 ; Yes                       ; Yes                       ;
; RD1[25]        ; 2.5 V        ; 0 s                 ; 0 s                 ; 2.32 V                       ; 6.92e-07 V                   ; 2.35 V              ; -0.00996 V          ; 0.121 V                              ; 0.03 V                               ; 4.64e-10 s                  ; 4.47e-10 s                  ; Yes                        ; Yes                        ; 2.32 V                      ; 6.92e-07 V                  ; 2.35 V             ; -0.00996 V         ; 0.121 V                             ; 0.03 V                              ; 4.64e-10 s                 ; 4.47e-10 s                 ; Yes                       ; Yes                       ;
; RD1[24]        ; 2.5 V        ; 0 s                 ; 0 s                 ; 2.32 V                       ; 4.67e-07 V                   ; 2.35 V              ; -0.00942 V          ; 0.116 V                              ; 0.033 V                              ; 6.66e-10 s                  ; 6.27e-10 s                  ; Yes                        ; Yes                        ; 2.32 V                      ; 4.67e-07 V                  ; 2.35 V             ; -0.00942 V         ; 0.116 V                             ; 0.033 V                             ; 6.66e-10 s                 ; 6.27e-10 s                 ; Yes                       ; Yes                       ;
; RD1[23]        ; 2.5 V        ; 0 s                 ; 0 s                 ; 2.32 V                       ; 4.67e-07 V                   ; 2.35 V              ; -0.00942 V          ; 0.116 V                              ; 0.033 V                              ; 6.66e-10 s                  ; 6.27e-10 s                  ; Yes                        ; Yes                        ; 2.32 V                      ; 4.67e-07 V                  ; 2.35 V             ; -0.00942 V         ; 0.116 V                             ; 0.033 V                             ; 6.66e-10 s                 ; 6.27e-10 s                 ; Yes                       ; Yes                       ;
; RD1[22]        ; 2.5 V        ; 0 s                 ; 0 s                 ; 2.32 V                       ; 4.67e-07 V                   ; 2.35 V              ; -0.00942 V          ; 0.116 V                              ; 0.033 V                              ; 6.66e-10 s                  ; 6.27e-10 s                  ; Yes                        ; Yes                        ; 2.32 V                      ; 4.67e-07 V                  ; 2.35 V             ; -0.00942 V         ; 0.116 V                             ; 0.033 V                             ; 6.66e-10 s                 ; 6.27e-10 s                 ; Yes                       ; Yes                       ;
; RD1[21]        ; 2.5 V        ; 0 s                 ; 0 s                 ; 2.32 V                       ; 4.67e-07 V                   ; 2.35 V              ; -0.00942 V          ; 0.116 V                              ; 0.033 V                              ; 6.66e-10 s                  ; 6.27e-10 s                  ; Yes                        ; Yes                        ; 2.32 V                      ; 4.67e-07 V                  ; 2.35 V             ; -0.00942 V         ; 0.116 V                             ; 0.033 V                             ; 6.66e-10 s                 ; 6.27e-10 s                 ; Yes                       ; Yes                       ;
; RD1[20]        ; 2.5 V        ; 0 s                 ; 0 s                 ; 2.32 V                       ; 4.67e-07 V                   ; 2.36 V              ; -0.00552 V          ; 0.11 V                               ; 0.007 V                              ; 4.54e-10 s                  ; 4.35e-10 s                  ; Yes                        ; Yes                        ; 2.32 V                      ; 4.67e-07 V                  ; 2.36 V             ; -0.00552 V         ; 0.11 V                              ; 0.007 V                             ; 4.54e-10 s                 ; 4.35e-10 s                 ; Yes                       ; Yes                       ;
; RD1[19]        ; 2.5 V        ; 0 s                 ; 0 s                 ; 2.32 V                       ; 6.92e-07 V                   ; 2.35 V              ; -0.00996 V          ; 0.121 V                              ; 0.03 V                               ; 4.64e-10 s                  ; 4.47e-10 s                  ; Yes                        ; Yes                        ; 2.32 V                      ; 6.92e-07 V                  ; 2.35 V             ; -0.00996 V         ; 0.121 V                             ; 0.03 V                              ; 4.64e-10 s                 ; 4.47e-10 s                 ; Yes                       ; Yes                       ;
; RD1[18]        ; 2.5 V        ; 0 s                 ; 0 s                 ; 2.32 V                       ; 4.67e-07 V                   ; 2.35 V              ; -0.00942 V          ; 0.116 V                              ; 0.033 V                              ; 6.66e-10 s                  ; 6.27e-10 s                  ; Yes                        ; Yes                        ; 2.32 V                      ; 4.67e-07 V                  ; 2.35 V             ; -0.00942 V         ; 0.116 V                             ; 0.033 V                             ; 6.66e-10 s                 ; 6.27e-10 s                 ; Yes                       ; Yes                       ;
; RD1[17]        ; 2.5 V        ; 0 s                 ; 0 s                 ; 2.32 V                       ; 4.67e-07 V                   ; 2.35 V              ; -0.00942 V          ; 0.116 V                              ; 0.033 V                              ; 6.66e-10 s                  ; 6.27e-10 s                  ; Yes                        ; Yes                        ; 2.32 V                      ; 4.67e-07 V                  ; 2.35 V             ; -0.00942 V         ; 0.116 V                             ; 0.033 V                             ; 6.66e-10 s                 ; 6.27e-10 s                 ; Yes                       ; Yes                       ;
; RD1[16]        ; 2.5 V        ; 0 s                 ; 0 s                 ; 2.32 V                       ; 4.67e-07 V                   ; 2.35 V              ; -0.00942 V          ; 0.116 V                              ; 0.033 V                              ; 6.66e-10 s                  ; 6.27e-10 s                  ; Yes                        ; Yes                        ; 2.32 V                      ; 4.67e-07 V                  ; 2.35 V             ; -0.00942 V         ; 0.116 V                             ; 0.033 V                             ; 6.66e-10 s                 ; 6.27e-10 s                 ; Yes                       ; Yes                       ;
; RD1[15]        ; 2.5 V        ; 0 s                 ; 0 s                 ; 2.32 V                       ; 4.67e-07 V                   ; 2.35 V              ; -0.00942 V          ; 0.116 V                              ; 0.033 V                              ; 6.66e-10 s                  ; 6.27e-10 s                  ; Yes                        ; Yes                        ; 2.32 V                      ; 4.67e-07 V                  ; 2.35 V             ; -0.00942 V         ; 0.116 V                             ; 0.033 V                             ; 6.66e-10 s                 ; 6.27e-10 s                 ; Yes                       ; Yes                       ;
; RD1[14]        ; 2.5 V        ; 0 s                 ; 0 s                 ; 2.32 V                       ; 4.67e-07 V                   ; 2.35 V              ; -0.00942 V          ; 0.116 V                              ; 0.033 V                              ; 6.66e-10 s                  ; 6.27e-10 s                  ; Yes                        ; Yes                        ; 2.32 V                      ; 4.67e-07 V                  ; 2.35 V             ; -0.00942 V         ; 0.116 V                             ; 0.033 V                             ; 6.66e-10 s                 ; 6.27e-10 s                 ; Yes                       ; Yes                       ;
; RD1[13]        ; 2.5 V        ; 0 s                 ; 0 s                 ; 2.32 V                       ; 4.67e-07 V                   ; 2.35 V              ; -0.00942 V          ; 0.116 V                              ; 0.033 V                              ; 6.66e-10 s                  ; 6.27e-10 s                  ; Yes                        ; Yes                        ; 2.32 V                      ; 4.67e-07 V                  ; 2.35 V             ; -0.00942 V         ; 0.116 V                             ; 0.033 V                             ; 6.66e-10 s                 ; 6.27e-10 s                 ; Yes                       ; Yes                       ;
; RD1[12]        ; 2.5 V        ; 0 s                 ; 0 s                 ; 2.32 V                       ; 4.67e-07 V                   ; 2.35 V              ; -0.00942 V          ; 0.116 V                              ; 0.033 V                              ; 6.66e-10 s                  ; 6.27e-10 s                  ; Yes                        ; Yes                        ; 2.32 V                      ; 4.67e-07 V                  ; 2.35 V             ; -0.00942 V         ; 0.116 V                             ; 0.033 V                             ; 6.66e-10 s                 ; 6.27e-10 s                 ; Yes                       ; Yes                       ;
; RD1[11]        ; 2.5 V        ; 0 s                 ; 0 s                 ; 2.32 V                       ; 4.67e-07 V                   ; 2.35 V              ; -0.00942 V          ; 0.116 V                              ; 0.033 V                              ; 6.66e-10 s                  ; 6.27e-10 s                  ; Yes                        ; Yes                        ; 2.32 V                      ; 4.67e-07 V                  ; 2.35 V             ; -0.00942 V         ; 0.116 V                             ; 0.033 V                             ; 6.66e-10 s                 ; 6.27e-10 s                 ; Yes                       ; Yes                       ;
; RD1[10]        ; 2.5 V        ; 0 s                 ; 0 s                 ; 2.32 V                       ; 4.67e-07 V                   ; 2.35 V              ; -0.00942 V          ; 0.116 V                              ; 0.033 V                              ; 6.66e-10 s                  ; 6.27e-10 s                  ; Yes                        ; Yes                        ; 2.32 V                      ; 4.67e-07 V                  ; 2.35 V             ; -0.00942 V         ; 0.116 V                             ; 0.033 V                             ; 6.66e-10 s                 ; 6.27e-10 s                 ; Yes                       ; Yes                       ;
; RD1[9]         ; 2.5 V        ; 0 s                 ; 0 s                 ; 2.32 V                       ; 4.67e-07 V                   ; 2.33 V              ; -0.00269 V          ; 0.13 V                               ; 0.055 V                              ; 3.54e-09 s                  ; 3.29e-09 s                  ; Yes                        ; Yes                        ; 2.32 V                      ; 4.67e-07 V                  ; 2.33 V             ; -0.00269 V         ; 0.13 V                              ; 0.055 V                             ; 3.54e-09 s                 ; 3.29e-09 s                 ; Yes                       ; Yes                       ;
; RD1[8]         ; 2.5 V        ; 0 s                 ; 0 s                 ; 2.32 V                       ; 4.67e-07 V                   ; 2.35 V              ; -0.00942 V          ; 0.116 V                              ; 0.033 V                              ; 6.66e-10 s                  ; 6.27e-10 s                  ; Yes                        ; Yes                        ; 2.32 V                      ; 4.67e-07 V                  ; 2.35 V             ; -0.00942 V         ; 0.116 V                             ; 0.033 V                             ; 6.66e-10 s                 ; 6.27e-10 s                 ; Yes                       ; Yes                       ;
; RD1[7]         ; 2.5 V        ; 0 s                 ; 0 s                 ; 2.32 V                       ; 4.67e-07 V                   ; 2.35 V              ; -0.00942 V          ; 0.116 V                              ; 0.033 V                              ; 6.66e-10 s                  ; 6.27e-10 s                  ; Yes                        ; Yes                        ; 2.32 V                      ; 4.67e-07 V                  ; 2.35 V             ; -0.00942 V         ; 0.116 V                             ; 0.033 V                             ; 6.66e-10 s                 ; 6.27e-10 s                 ; Yes                       ; Yes                       ;
; RD1[6]         ; 2.5 V        ; 0 s                 ; 0 s                 ; 2.32 V                       ; 6.92e-07 V                   ; 2.35 V              ; -0.00996 V          ; 0.121 V                              ; 0.03 V                               ; 4.64e-10 s                  ; 4.47e-10 s                  ; Yes                        ; Yes                        ; 2.32 V                      ; 6.92e-07 V                  ; 2.35 V             ; -0.00996 V         ; 0.121 V                             ; 0.03 V                              ; 4.64e-10 s                 ; 4.47e-10 s                 ; Yes                       ; Yes                       ;
; RD1[5]         ; 2.5 V        ; 0 s                 ; 0 s                 ; 2.32 V                       ; 4.67e-07 V                   ; 2.35 V              ; -0.00942 V          ; 0.116 V                              ; 0.033 V                              ; 6.66e-10 s                  ; 6.27e-10 s                  ; Yes                        ; Yes                        ; 2.32 V                      ; 4.67e-07 V                  ; 2.35 V             ; -0.00942 V         ; 0.116 V                             ; 0.033 V                             ; 6.66e-10 s                 ; 6.27e-10 s                 ; Yes                       ; Yes                       ;
; RD1[4]         ; 2.5 V        ; 0 s                 ; 0 s                 ; 2.32 V                       ; 4.67e-07 V                   ; 2.35 V              ; -0.00942 V          ; 0.116 V                              ; 0.033 V                              ; 6.66e-10 s                  ; 6.27e-10 s                  ; Yes                        ; Yes                        ; 2.32 V                      ; 4.67e-07 V                  ; 2.35 V             ; -0.00942 V         ; 0.116 V                             ; 0.033 V                             ; 6.66e-10 s                 ; 6.27e-10 s                 ; Yes                       ; Yes                       ;
; RD1[3]         ; 2.5 V        ; 0 s                 ; 0 s                 ; 2.32 V                       ; 4.67e-07 V                   ; 2.36 V              ; -0.00552 V          ; 0.11 V                               ; 0.007 V                              ; 4.54e-10 s                  ; 4.35e-10 s                  ; Yes                        ; Yes                        ; 2.32 V                      ; 4.67e-07 V                  ; 2.36 V             ; -0.00552 V         ; 0.11 V                              ; 0.007 V                             ; 4.54e-10 s                 ; 4.35e-10 s                 ; Yes                       ; Yes                       ;
; RD1[2]         ; 2.5 V        ; 0 s                 ; 0 s                 ; 2.32 V                       ; 4.67e-07 V                   ; 2.35 V              ; -0.00942 V          ; 0.116 V                              ; 0.033 V                              ; 6.66e-10 s                  ; 6.27e-10 s                  ; Yes                        ; Yes                        ; 2.32 V                      ; 4.67e-07 V                  ; 2.35 V             ; -0.00942 V         ; 0.116 V                             ; 0.033 V                             ; 6.66e-10 s                 ; 6.27e-10 s                 ; Yes                       ; Yes                       ;
; RD1[1]         ; 2.5 V        ; 0 s                 ; 0 s                 ; 2.32 V                       ; 4.67e-07 V                   ; 2.35 V              ; -0.00942 V          ; 0.116 V                              ; 0.033 V                              ; 6.66e-10 s                  ; 6.27e-10 s                  ; Yes                        ; Yes                        ; 2.32 V                      ; 4.67e-07 V                  ; 2.35 V             ; -0.00942 V         ; 0.116 V                             ; 0.033 V                             ; 6.66e-10 s                 ; 6.27e-10 s                 ; Yes                       ; Yes                       ;
; RD1[0]         ; 2.5 V        ; 0 s                 ; 0 s                 ; 2.32 V                       ; 4.67e-07 V                   ; 2.35 V              ; -0.00942 V          ; 0.116 V                              ; 0.033 V                              ; 6.66e-10 s                  ; 6.27e-10 s                  ; Yes                        ; Yes                        ; 2.32 V                      ; 4.67e-07 V                  ; 2.35 V             ; -0.00942 V         ; 0.116 V                             ; 0.033 V                             ; 6.66e-10 s                 ; 6.27e-10 s                 ; Yes                       ; Yes                       ;
; RD2[31]        ; 2.5 V        ; 0 s                 ; 0 s                 ; 2.32 V                       ; 6.92e-07 V                   ; 2.35 V              ; -0.00996 V          ; 0.121 V                              ; 0.03 V                               ; 4.64e-10 s                  ; 4.47e-10 s                  ; Yes                        ; Yes                        ; 2.32 V                      ; 6.92e-07 V                  ; 2.35 V             ; -0.00996 V         ; 0.121 V                             ; 0.03 V                              ; 4.64e-10 s                 ; 4.47e-10 s                 ; Yes                       ; Yes                       ;
; RD2[30]        ; 2.5 V        ; 0 s                 ; 0 s                 ; 2.32 V                       ; 6.92e-07 V                   ; 2.35 V              ; -0.00996 V          ; 0.121 V                              ; 0.03 V                               ; 4.64e-10 s                  ; 4.47e-10 s                  ; Yes                        ; Yes                        ; 2.32 V                      ; 6.92e-07 V                  ; 2.35 V             ; -0.00996 V         ; 0.121 V                             ; 0.03 V                              ; 4.64e-10 s                 ; 4.47e-10 s                 ; Yes                       ; Yes                       ;
; RD2[29]        ; 2.5 V        ; 0 s                 ; 0 s                 ; 2.32 V                       ; 6.92e-07 V                   ; 2.33 V              ; -0.00265 V          ; 0.133 V                              ; 0.056 V                              ; 3.55e-09 s                  ; 3.31e-09 s                  ; Yes                        ; Yes                        ; 2.32 V                      ; 6.92e-07 V                  ; 2.33 V             ; -0.00265 V         ; 0.133 V                             ; 0.056 V                             ; 3.55e-09 s                 ; 3.31e-09 s                 ; Yes                       ; Yes                       ;
; RD2[28]        ; 2.5 V        ; 0 s                 ; 0 s                 ; 2.32 V                       ; 6.92e-07 V                   ; 2.35 V              ; -0.00996 V          ; 0.121 V                              ; 0.03 V                               ; 4.64e-10 s                  ; 4.47e-10 s                  ; Yes                        ; Yes                        ; 2.32 V                      ; 6.92e-07 V                  ; 2.35 V             ; -0.00996 V         ; 0.121 V                             ; 0.03 V                              ; 4.64e-10 s                 ; 4.47e-10 s                 ; Yes                       ; Yes                       ;
; RD2[27]        ; 2.5 V        ; 0 s                 ; 0 s                 ; 2.32 V                       ; 4.67e-07 V                   ; 2.35 V              ; -0.00942 V          ; 0.116 V                              ; 0.033 V                              ; 6.66e-10 s                  ; 6.27e-10 s                  ; Yes                        ; Yes                        ; 2.32 V                      ; 4.67e-07 V                  ; 2.35 V             ; -0.00942 V         ; 0.116 V                             ; 0.033 V                             ; 6.66e-10 s                 ; 6.27e-10 s                 ; Yes                       ; Yes                       ;
; RD2[26]        ; 2.5 V        ; 0 s                 ; 0 s                 ; 2.32 V                       ; 6.92e-07 V                   ; 2.35 V              ; -0.00996 V          ; 0.121 V                              ; 0.03 V                               ; 4.64e-10 s                  ; 4.47e-10 s                  ; Yes                        ; Yes                        ; 2.32 V                      ; 6.92e-07 V                  ; 2.35 V             ; -0.00996 V         ; 0.121 V                             ; 0.03 V                              ; 4.64e-10 s                 ; 4.47e-10 s                 ; Yes                       ; Yes                       ;
; RD2[25]        ; 2.5 V        ; 0 s                 ; 0 s                 ; 2.32 V                       ; 6.92e-07 V                   ; 2.35 V              ; -0.00996 V          ; 0.121 V                              ; 0.03 V                               ; 4.64e-10 s                  ; 4.47e-10 s                  ; Yes                        ; Yes                        ; 2.32 V                      ; 6.92e-07 V                  ; 2.35 V             ; -0.00996 V         ; 0.121 V                             ; 0.03 V                              ; 4.64e-10 s                 ; 4.47e-10 s                 ; Yes                       ; Yes                       ;
; RD2[24]        ; 2.5 V        ; 0 s                 ; 0 s                 ; 2.32 V                       ; 4.67e-07 V                   ; 2.35 V              ; -0.00942 V          ; 0.116 V                              ; 0.033 V                              ; 6.66e-10 s                  ; 6.27e-10 s                  ; Yes                        ; Yes                        ; 2.32 V                      ; 4.67e-07 V                  ; 2.35 V             ; -0.00942 V         ; 0.116 V                             ; 0.033 V                             ; 6.66e-10 s                 ; 6.27e-10 s                 ; Yes                       ; Yes                       ;
; RD2[23]        ; 2.5 V        ; 0 s                 ; 0 s                 ; 2.32 V                       ; 6.92e-07 V                   ; 2.35 V              ; -0.00996 V          ; 0.121 V                              ; 0.03 V                               ; 4.64e-10 s                  ; 4.47e-10 s                  ; Yes                        ; Yes                        ; 2.32 V                      ; 6.92e-07 V                  ; 2.35 V             ; -0.00996 V         ; 0.121 V                             ; 0.03 V                              ; 4.64e-10 s                 ; 4.47e-10 s                 ; Yes                       ; Yes                       ;
; RD2[22]        ; 2.5 V        ; 0 s                 ; 0 s                 ; 2.32 V                       ; 6.92e-07 V                   ; 2.35 V              ; -0.00996 V          ; 0.121 V                              ; 0.03 V                               ; 4.64e-10 s                  ; 4.47e-10 s                  ; Yes                        ; Yes                        ; 2.32 V                      ; 6.92e-07 V                  ; 2.35 V             ; -0.00996 V         ; 0.121 V                             ; 0.03 V                              ; 4.64e-10 s                 ; 4.47e-10 s                 ; Yes                       ; Yes                       ;
; RD2[21]        ; 2.5 V        ; 0 s                 ; 0 s                 ; 2.32 V                       ; 4.67e-07 V                   ; 2.35 V              ; -0.00942 V          ; 0.116 V                              ; 0.033 V                              ; 6.66e-10 s                  ; 6.27e-10 s                  ; Yes                        ; Yes                        ; 2.32 V                      ; 4.67e-07 V                  ; 2.35 V             ; -0.00942 V         ; 0.116 V                             ; 0.033 V                             ; 6.66e-10 s                 ; 6.27e-10 s                 ; Yes                       ; Yes                       ;
; RD2[20]        ; 2.5 V        ; 0 s                 ; 0 s                 ; 2.32 V                       ; 6.92e-07 V                   ; 2.35 V              ; -0.00996 V          ; 0.121 V                              ; 0.03 V                               ; 4.64e-10 s                  ; 4.47e-10 s                  ; Yes                        ; Yes                        ; 2.32 V                      ; 6.92e-07 V                  ; 2.35 V             ; -0.00996 V         ; 0.121 V                             ; 0.03 V                              ; 4.64e-10 s                 ; 4.47e-10 s                 ; Yes                       ; Yes                       ;
; RD2[19]        ; 2.5 V        ; 0 s                 ; 0 s                 ; 2.32 V                       ; 4.67e-07 V                   ; 2.35 V              ; -0.00942 V          ; 0.116 V                              ; 0.033 V                              ; 6.66e-10 s                  ; 6.27e-10 s                  ; Yes                        ; Yes                        ; 2.32 V                      ; 4.67e-07 V                  ; 2.35 V             ; -0.00942 V         ; 0.116 V                             ; 0.033 V                             ; 6.66e-10 s                 ; 6.27e-10 s                 ; Yes                       ; Yes                       ;
; RD2[18]        ; 2.5 V        ; 0 s                 ; 0 s                 ; 2.32 V                       ; 6.92e-07 V                   ; 2.35 V              ; -0.00996 V          ; 0.121 V                              ; 0.03 V                               ; 4.64e-10 s                  ; 4.47e-10 s                  ; Yes                        ; Yes                        ; 2.32 V                      ; 6.92e-07 V                  ; 2.35 V             ; -0.00996 V         ; 0.121 V                             ; 0.03 V                              ; 4.64e-10 s                 ; 4.47e-10 s                 ; Yes                       ; Yes                       ;
; RD2[17]        ; 2.5 V        ; 0 s                 ; 0 s                 ; 2.32 V                       ; 4.67e-07 V                   ; 2.35 V              ; -0.00942 V          ; 0.116 V                              ; 0.033 V                              ; 6.66e-10 s                  ; 6.27e-10 s                  ; Yes                        ; Yes                        ; 2.32 V                      ; 4.67e-07 V                  ; 2.35 V             ; -0.00942 V         ; 0.116 V                             ; 0.033 V                             ; 6.66e-10 s                 ; 6.27e-10 s                 ; Yes                       ; Yes                       ;
; RD2[16]        ; 2.5 V        ; 0 s                 ; 0 s                 ; 2.32 V                       ; 6.92e-07 V                   ; 2.35 V              ; -0.00996 V          ; 0.121 V                              ; 0.03 V                               ; 4.64e-10 s                  ; 4.47e-10 s                  ; Yes                        ; Yes                        ; 2.32 V                      ; 6.92e-07 V                  ; 2.35 V             ; -0.00996 V         ; 0.121 V                             ; 0.03 V                              ; 4.64e-10 s                 ; 4.47e-10 s                 ; Yes                       ; Yes                       ;
; RD2[15]        ; 2.5 V        ; 0 s                 ; 0 s                 ; 2.32 V                       ; 6.92e-07 V                   ; 2.35 V              ; -0.00996 V          ; 0.121 V                              ; 0.03 V                               ; 4.64e-10 s                  ; 4.47e-10 s                  ; Yes                        ; Yes                        ; 2.32 V                      ; 6.92e-07 V                  ; 2.35 V             ; -0.00996 V         ; 0.121 V                             ; 0.03 V                              ; 4.64e-10 s                 ; 4.47e-10 s                 ; Yes                       ; Yes                       ;
; RD2[14]        ; 2.5 V        ; 0 s                 ; 0 s                 ; 2.32 V                       ; 6.92e-07 V                   ; 2.35 V              ; -0.00996 V          ; 0.121 V                              ; 0.03 V                               ; 4.64e-10 s                  ; 4.47e-10 s                  ; Yes                        ; Yes                        ; 2.32 V                      ; 6.92e-07 V                  ; 2.35 V             ; -0.00996 V         ; 0.121 V                             ; 0.03 V                              ; 4.64e-10 s                 ; 4.47e-10 s                 ; Yes                       ; Yes                       ;
; RD2[13]        ; 2.5 V        ; 0 s                 ; 0 s                 ; 2.32 V                       ; 6.92e-07 V                   ; 2.35 V              ; -0.00996 V          ; 0.121 V                              ; 0.03 V                               ; 4.64e-10 s                  ; 4.47e-10 s                  ; Yes                        ; Yes                        ; 2.32 V                      ; 6.92e-07 V                  ; 2.35 V             ; -0.00996 V         ; 0.121 V                             ; 0.03 V                              ; 4.64e-10 s                 ; 4.47e-10 s                 ; Yes                       ; Yes                       ;
; RD2[12]        ; 2.5 V        ; 0 s                 ; 0 s                 ; 2.32 V                       ; 4.67e-07 V                   ; 2.35 V              ; -0.00942 V          ; 0.116 V                              ; 0.033 V                              ; 6.66e-10 s                  ; 6.27e-10 s                  ; Yes                        ; Yes                        ; 2.32 V                      ; 4.67e-07 V                  ; 2.35 V             ; -0.00942 V         ; 0.116 V                             ; 0.033 V                             ; 6.66e-10 s                 ; 6.27e-10 s                 ; Yes                       ; Yes                       ;
; RD2[11]        ; 2.5 V        ; 0 s                 ; 0 s                 ; 2.32 V                       ; 4.67e-07 V                   ; 2.35 V              ; -0.00942 V          ; 0.116 V                              ; 0.033 V                              ; 6.66e-10 s                  ; 6.27e-10 s                  ; Yes                        ; Yes                        ; 2.32 V                      ; 4.67e-07 V                  ; 2.35 V             ; -0.00942 V         ; 0.116 V                             ; 0.033 V                             ; 6.66e-10 s                 ; 6.27e-10 s                 ; Yes                       ; Yes                       ;
; RD2[10]        ; 2.5 V        ; 0 s                 ; 0 s                 ; 2.32 V                       ; 4.67e-07 V                   ; 2.35 V              ; -0.00942 V          ; 0.116 V                              ; 0.033 V                              ; 6.66e-10 s                  ; 6.27e-10 s                  ; Yes                        ; Yes                        ; 2.32 V                      ; 4.67e-07 V                  ; 2.35 V             ; -0.00942 V         ; 0.116 V                             ; 0.033 V                             ; 6.66e-10 s                 ; 6.27e-10 s                 ; Yes                       ; Yes                       ;
; RD2[9]         ; 2.5 V        ; 0 s                 ; 0 s                 ; 2.32 V                       ; 4.67e-07 V                   ; 2.35 V              ; -0.00942 V          ; 0.116 V                              ; 0.033 V                              ; 6.66e-10 s                  ; 6.27e-10 s                  ; Yes                        ; Yes                        ; 2.32 V                      ; 4.67e-07 V                  ; 2.35 V             ; -0.00942 V         ; 0.116 V                             ; 0.033 V                             ; 6.66e-10 s                 ; 6.27e-10 s                 ; Yes                       ; Yes                       ;
; RD2[8]         ; 2.5 V        ; 0 s                 ; 0 s                 ; 2.32 V                       ; 4.67e-07 V                   ; 2.35 V              ; -0.00942 V          ; 0.116 V                              ; 0.033 V                              ; 6.66e-10 s                  ; 6.27e-10 s                  ; Yes                        ; Yes                        ; 2.32 V                      ; 4.67e-07 V                  ; 2.35 V             ; -0.00942 V         ; 0.116 V                             ; 0.033 V                             ; 6.66e-10 s                 ; 6.27e-10 s                 ; Yes                       ; Yes                       ;
; RD2[7]         ; 2.5 V        ; 0 s                 ; 0 s                 ; 2.32 V                       ; 4.67e-07 V                   ; 2.35 V              ; -0.00942 V          ; 0.116 V                              ; 0.033 V                              ; 6.66e-10 s                  ; 6.27e-10 s                  ; Yes                        ; Yes                        ; 2.32 V                      ; 4.67e-07 V                  ; 2.35 V             ; -0.00942 V         ; 0.116 V                             ; 0.033 V                             ; 6.66e-10 s                 ; 6.27e-10 s                 ; Yes                       ; Yes                       ;
; RD2[6]         ; 2.5 V        ; 0 s                 ; 0 s                 ; 2.32 V                       ; 4.67e-07 V                   ; 2.35 V              ; -0.00942 V          ; 0.116 V                              ; 0.033 V                              ; 6.66e-10 s                  ; 6.27e-10 s                  ; Yes                        ; Yes                        ; 2.32 V                      ; 4.67e-07 V                  ; 2.35 V             ; -0.00942 V         ; 0.116 V                             ; 0.033 V                             ; 6.66e-10 s                 ; 6.27e-10 s                 ; Yes                       ; Yes                       ;
; RD2[5]         ; 2.5 V        ; 0 s                 ; 0 s                 ; 2.32 V                       ; 4.67e-07 V                   ; 2.35 V              ; -0.00942 V          ; 0.116 V                              ; 0.033 V                              ; 6.66e-10 s                  ; 6.27e-10 s                  ; Yes                        ; Yes                        ; 2.32 V                      ; 4.67e-07 V                  ; 2.35 V             ; -0.00942 V         ; 0.116 V                             ; 0.033 V                             ; 6.66e-10 s                 ; 6.27e-10 s                 ; Yes                       ; Yes                       ;
; RD2[4]         ; 2.5 V        ; 0 s                 ; 0 s                 ; 2.32 V                       ; 4.67e-07 V                   ; 2.33 V              ; -0.00269 V          ; 0.13 V                               ; 0.055 V                              ; 3.54e-09 s                  ; 3.29e-09 s                  ; Yes                        ; Yes                        ; 2.32 V                      ; 4.67e-07 V                  ; 2.33 V             ; -0.00269 V         ; 0.13 V                              ; 0.055 V                             ; 3.54e-09 s                 ; 3.29e-09 s                 ; Yes                       ; Yes                       ;
; RD2[3]         ; 2.5 V        ; 0 s                 ; 0 s                 ; 2.32 V                       ; 4.67e-07 V                   ; 2.35 V              ; -0.00942 V          ; 0.116 V                              ; 0.033 V                              ; 6.66e-10 s                  ; 6.27e-10 s                  ; Yes                        ; Yes                        ; 2.32 V                      ; 4.67e-07 V                  ; 2.35 V             ; -0.00942 V         ; 0.116 V                             ; 0.033 V                             ; 6.66e-10 s                 ; 6.27e-10 s                 ; Yes                       ; Yes                       ;
; RD2[2]         ; 2.5 V        ; 0 s                 ; 0 s                 ; 2.32 V                       ; 4.67e-07 V                   ; 2.35 V              ; -0.00942 V          ; 0.116 V                              ; 0.033 V                              ; 6.66e-10 s                  ; 6.27e-10 s                  ; Yes                        ; Yes                        ; 2.32 V                      ; 4.67e-07 V                  ; 2.35 V             ; -0.00942 V         ; 0.116 V                             ; 0.033 V                             ; 6.66e-10 s                 ; 6.27e-10 s                 ; Yes                       ; Yes                       ;
; RD2[1]         ; 2.5 V        ; 0 s                 ; 0 s                 ; 2.32 V                       ; 4.67e-07 V                   ; 2.36 V              ; -0.00552 V          ; 0.11 V                               ; 0.007 V                              ; 4.54e-10 s                  ; 4.35e-10 s                  ; Yes                        ; Yes                        ; 2.32 V                      ; 4.67e-07 V                  ; 2.36 V             ; -0.00552 V         ; 0.11 V                              ; 0.007 V                             ; 4.54e-10 s                 ; 4.35e-10 s                 ; Yes                       ; Yes                       ;
; RD2[0]         ; 2.5 V        ; 0 s                 ; 0 s                 ; 2.32 V                       ; 6.92e-07 V                   ; 2.35 V              ; -0.00996 V          ; 0.121 V                              ; 0.03 V                               ; 4.64e-10 s                  ; 4.47e-10 s                  ; Yes                        ; Yes                        ; 2.32 V                      ; 6.92e-07 V                  ; 2.35 V             ; -0.00996 V         ; 0.121 V                             ; 0.03 V                              ; 4.64e-10 s                 ; 4.47e-10 s                 ; Yes                       ; Yes                       ;
; ~ALTERA_DCLK~  ; 2.5 V        ; 0 s                 ; 0 s                 ; 2.32 V                       ; 3.75e-07 V                   ; 2.35 V              ; -0.0109 V           ; 0.084 V                              ; 0.027 V                              ; 4.31e-10 s                  ; 3.61e-10 s                  ; Yes                        ; Yes                        ; 2.32 V                      ; 3.75e-07 V                  ; 2.35 V             ; -0.0109 V          ; 0.084 V                             ; 0.027 V                             ; 4.31e-10 s                 ; 3.61e-10 s                 ; Yes                       ; Yes                       ;
; ~ALTERA_nCEO~  ; 2.5 V        ; 0 s                 ; 0 s                 ; 2.32 V                       ; 6.15e-07 V                   ; 2.35 V              ; -0.00712 V          ; 0.093 V                              ; 0.02 V                               ; 6.21e-10 s                  ; 7.9e-10 s                   ; Yes                        ; Yes                        ; 2.32 V                      ; 6.15e-07 V                  ; 2.35 V             ; -0.00712 V         ; 0.093 V                             ; 0.02 V                              ; 6.21e-10 s                 ; 7.9e-10 s                  ; Yes                       ; Yes                       ;
+----------------+--------------+---------------------+---------------------+------------------------------+------------------------------+---------------------+---------------------+--------------------------------------+--------------------------------------+-----------------------------+-----------------------------+----------------------------+----------------------------+-----------------------------+-----------------------------+--------------------+--------------------+-------------------------------------+-------------------------------------+----------------------------+----------------------------+---------------------------+---------------------------+


+---------------------------------------------------------------------------------------------------------------------------------------------------------------------------------------------------------------------------------------------------------------------------------------------------------------------------------------------------------------------------------------------------------------------------------------------------------------------------------------------------------------------------------------------------------------------------------------------------------------------------------------------------------------------------------------------+
; Signal Integrity Metrics (Fast 1200mv 0c Model)                                                                                                                                                                                                                                                                                                                                                                                                                                                                                                                                                                                                                                             ;
+----------------+--------------+---------------------+---------------------+------------------------------+------------------------------+---------------------+---------------------+--------------------------------------+--------------------------------------+-----------------------------+-----------------------------+----------------------------+----------------------------+-----------------------------+-----------------------------+--------------------+--------------------+-------------------------------------+-------------------------------------+----------------------------+----------------------------+---------------------------+---------------------------+
; Pin            ; I/O Standard ; Board Delay on Rise ; Board Delay on Fall ; Steady State Voh at FPGA Pin ; Steady State Vol at FPGA Pin ; Voh Max at FPGA Pin ; Vol Min at FPGA Pin ; Ringback Voltage on Rise at FPGA Pin ; Ringback Voltage on Fall at FPGA Pin ; 10-90 Rise Time at FPGA Pin ; 90-10 Fall Time at FPGA Pin ; Monotonic Rise at FPGA Pin ; Monotonic Fall at FPGA Pin ; Steady State Voh at Far-end ; Steady State Vol at Far-end ; Voh Max at Far-end ; Vol Min at Far-end ; Ringback Voltage on Rise at Far-end ; Ringback Voltage on Fall at Far-end ; 10-90 Rise Time at Far-end ; 90-10 Fall Time at Far-end ; Monotonic Rise at Far-end ; Monotonic Fall at Far-end ;
+----------------+--------------+---------------------+---------------------+------------------------------+------------------------------+---------------------+---------------------+--------------------------------------+--------------------------------------+-----------------------------+-----------------------------+----------------------------+----------------------------+-----------------------------+-----------------------------+--------------------+--------------------+-------------------------------------+-------------------------------------+----------------------------+----------------------------+---------------------------+---------------------------+
; ALU_result[31] ; 2.5 V        ; 0 s                 ; 0 s                 ; 2.62 V                       ; 2.74e-08 V                   ; 2.71 V              ; -0.0317 V           ; 0.148 V                              ; 0.064 V                              ; 4.51e-10 s                  ; 4.15e-10 s                  ; No                         ; Yes                        ; 2.62 V                      ; 2.74e-08 V                  ; 2.71 V             ; -0.0317 V          ; 0.148 V                             ; 0.064 V                             ; 4.51e-10 s                 ; 4.15e-10 s                 ; No                        ; Yes                       ;
; ALU_result[30] ; 2.5 V        ; 0 s                 ; 0 s                 ; 2.62 V                       ; 2.74e-08 V                   ; 2.71 V              ; -0.0317 V           ; 0.148 V                              ; 0.064 V                              ; 4.51e-10 s                  ; 4.15e-10 s                  ; No                         ; Yes                        ; 2.62 V                      ; 2.74e-08 V                  ; 2.71 V             ; -0.0317 V          ; 0.148 V                             ; 0.064 V                             ; 4.51e-10 s                 ; 4.15e-10 s                 ; No                        ; Yes                       ;
; ALU_result[29] ; 2.5 V        ; 0 s                 ; 0 s                 ; 2.62 V                       ; 4.05e-08 V                   ; 2.72 V              ; -0.0349 V           ; 0.173 V                              ; 0.1 V                                ; 2.72e-10 s                  ; 2.69e-10 s                  ; Yes                        ; Yes                        ; 2.62 V                      ; 4.05e-08 V                  ; 2.72 V             ; -0.0349 V          ; 0.173 V                             ; 0.1 V                               ; 2.72e-10 s                 ; 2.69e-10 s                 ; Yes                       ; Yes                       ;
; ALU_result[28] ; 2.5 V        ; 0 s                 ; 0 s                 ; 2.62 V                       ; 2.74e-08 V                   ; 2.71 V              ; -0.0317 V           ; 0.148 V                              ; 0.064 V                              ; 4.51e-10 s                  ; 4.15e-10 s                  ; No                         ; Yes                        ; 2.62 V                      ; 2.74e-08 V                  ; 2.71 V             ; -0.0317 V          ; 0.148 V                             ; 0.064 V                             ; 4.51e-10 s                 ; 4.15e-10 s                 ; No                        ; Yes                       ;
; ALU_result[27] ; 2.5 V        ; 0 s                 ; 0 s                 ; 2.62 V                       ; 4.05e-08 V                   ; 2.72 V              ; -0.0349 V           ; 0.173 V                              ; 0.1 V                                ; 2.72e-10 s                  ; 2.69e-10 s                  ; Yes                        ; Yes                        ; 2.62 V                      ; 4.05e-08 V                  ; 2.72 V             ; -0.0349 V          ; 0.173 V                             ; 0.1 V                               ; 2.72e-10 s                 ; 2.69e-10 s                 ; Yes                       ; Yes                       ;
; ALU_result[26] ; 2.5 V        ; 0 s                 ; 0 s                 ; 2.62 V                       ; 2.74e-08 V                   ; 2.71 V              ; -0.0317 V           ; 0.148 V                              ; 0.064 V                              ; 4.51e-10 s                  ; 4.15e-10 s                  ; No                         ; Yes                        ; 2.62 V                      ; 2.74e-08 V                  ; 2.71 V             ; -0.0317 V          ; 0.148 V                             ; 0.064 V                             ; 4.51e-10 s                 ; 4.15e-10 s                 ; No                        ; Yes                       ;
; ALU_result[25] ; 2.5 V        ; 0 s                 ; 0 s                 ; 2.62 V                       ; 2.74e-08 V                   ; 2.71 V              ; -0.0317 V           ; 0.148 V                              ; 0.064 V                              ; 4.51e-10 s                  ; 4.15e-10 s                  ; No                         ; Yes                        ; 2.62 V                      ; 2.74e-08 V                  ; 2.71 V             ; -0.0317 V          ; 0.148 V                             ; 0.064 V                             ; 4.51e-10 s                 ; 4.15e-10 s                 ; No                        ; Yes                       ;
; ALU_result[24] ; 2.5 V        ; 0 s                 ; 0 s                 ; 2.62 V                       ; 2.74e-08 V                   ; 2.71 V              ; -0.0317 V           ; 0.148 V                              ; 0.064 V                              ; 4.51e-10 s                  ; 4.15e-10 s                  ; No                         ; Yes                        ; 2.62 V                      ; 2.74e-08 V                  ; 2.71 V             ; -0.0317 V          ; 0.148 V                             ; 0.064 V                             ; 4.51e-10 s                 ; 4.15e-10 s                 ; No                        ; Yes                       ;
; ALU_result[23] ; 2.5 V        ; 0 s                 ; 0 s                 ; 2.62 V                       ; 4.05e-08 V                   ; 2.72 V              ; -0.0349 V           ; 0.173 V                              ; 0.1 V                                ; 2.72e-10 s                  ; 2.69e-10 s                  ; Yes                        ; Yes                        ; 2.62 V                      ; 4.05e-08 V                  ; 2.72 V             ; -0.0349 V          ; 0.173 V                             ; 0.1 V                               ; 2.72e-10 s                 ; 2.69e-10 s                 ; Yes                       ; Yes                       ;
; ALU_result[22] ; 2.5 V        ; 0 s                 ; 0 s                 ; 2.62 V                       ; 4.05e-08 V                   ; 2.72 V              ; -0.0349 V           ; 0.173 V                              ; 0.1 V                                ; 2.72e-10 s                  ; 2.69e-10 s                  ; Yes                        ; Yes                        ; 2.62 V                      ; 4.05e-08 V                  ; 2.72 V             ; -0.0349 V          ; 0.173 V                             ; 0.1 V                               ; 2.72e-10 s                 ; 2.69e-10 s                 ; Yes                       ; Yes                       ;
; ALU_result[21] ; 2.5 V        ; 0 s                 ; 0 s                 ; 2.62 V                       ; 4.05e-08 V                   ; 2.72 V              ; -0.0349 V           ; 0.173 V                              ; 0.1 V                                ; 2.72e-10 s                  ; 2.69e-10 s                  ; Yes                        ; Yes                        ; 2.62 V                      ; 4.05e-08 V                  ; 2.72 V             ; -0.0349 V          ; 0.173 V                             ; 0.1 V                               ; 2.72e-10 s                 ; 2.69e-10 s                 ; Yes                       ; Yes                       ;
; ALU_result[20] ; 2.5 V        ; 0 s                 ; 0 s                 ; 2.62 V                       ; 4.05e-08 V                   ; 2.72 V              ; -0.0349 V           ; 0.173 V                              ; 0.1 V                                ; 2.72e-10 s                  ; 2.69e-10 s                  ; Yes                        ; Yes                        ; 2.62 V                      ; 4.05e-08 V                  ; 2.72 V             ; -0.0349 V          ; 0.173 V                             ; 0.1 V                               ; 2.72e-10 s                 ; 2.69e-10 s                 ; Yes                       ; Yes                       ;
; ALU_result[19] ; 2.5 V        ; 0 s                 ; 0 s                 ; 2.62 V                       ; 2.74e-08 V                   ; 2.71 V              ; -0.0317 V           ; 0.148 V                              ; 0.064 V                              ; 4.51e-10 s                  ; 4.15e-10 s                  ; No                         ; Yes                        ; 2.62 V                      ; 2.74e-08 V                  ; 2.71 V             ; -0.0317 V          ; 0.148 V                             ; 0.064 V                             ; 4.51e-10 s                 ; 4.15e-10 s                 ; No                        ; Yes                       ;
; ALU_result[18] ; 2.5 V        ; 0 s                 ; 0 s                 ; 2.62 V                       ; 4.05e-08 V                   ; 2.72 V              ; -0.0349 V           ; 0.173 V                              ; 0.1 V                                ; 2.72e-10 s                  ; 2.69e-10 s                  ; Yes                        ; Yes                        ; 2.62 V                      ; 4.05e-08 V                  ; 2.72 V             ; -0.0349 V          ; 0.173 V                             ; 0.1 V                               ; 2.72e-10 s                 ; 2.69e-10 s                 ; Yes                       ; Yes                       ;
; ALU_result[17] ; 2.5 V        ; 0 s                 ; 0 s                 ; 2.62 V                       ; 4.05e-08 V                   ; 2.72 V              ; -0.0349 V           ; 0.173 V                              ; 0.1 V                                ; 2.72e-10 s                  ; 2.69e-10 s                  ; Yes                        ; Yes                        ; 2.62 V                      ; 4.05e-08 V                  ; 2.72 V             ; -0.0349 V          ; 0.173 V                             ; 0.1 V                               ; 2.72e-10 s                 ; 2.69e-10 s                 ; Yes                       ; Yes                       ;
; ALU_result[16] ; 2.5 V        ; 0 s                 ; 0 s                 ; 2.62 V                       ; 4.05e-08 V                   ; 2.72 V              ; -0.0349 V           ; 0.173 V                              ; 0.1 V                                ; 2.72e-10 s                  ; 2.69e-10 s                  ; Yes                        ; Yes                        ; 2.62 V                      ; 4.05e-08 V                  ; 2.72 V             ; -0.0349 V          ; 0.173 V                             ; 0.1 V                               ; 2.72e-10 s                 ; 2.69e-10 s                 ; Yes                       ; Yes                       ;
; ALU_result[15] ; 2.5 V        ; 0 s                 ; 0 s                 ; 2.62 V                       ; 4.05e-08 V                   ; 2.72 V              ; -0.0349 V           ; 0.173 V                              ; 0.1 V                                ; 2.72e-10 s                  ; 2.69e-10 s                  ; Yes                        ; Yes                        ; 2.62 V                      ; 4.05e-08 V                  ; 2.72 V             ; -0.0349 V          ; 0.173 V                             ; 0.1 V                               ; 2.72e-10 s                 ; 2.69e-10 s                 ; Yes                       ; Yes                       ;
; ALU_result[14] ; 2.5 V        ; 0 s                 ; 0 s                 ; 2.62 V                       ; 4.05e-08 V                   ; 2.72 V              ; -0.0349 V           ; 0.173 V                              ; 0.1 V                                ; 2.72e-10 s                  ; 2.69e-10 s                  ; Yes                        ; Yes                        ; 2.62 V                      ; 4.05e-08 V                  ; 2.72 V             ; -0.0349 V          ; 0.173 V                             ; 0.1 V                               ; 2.72e-10 s                 ; 2.69e-10 s                 ; Yes                       ; Yes                       ;
; ALU_result[13] ; 2.5 V        ; 0 s                 ; 0 s                 ; 2.62 V                       ; 4.05e-08 V                   ; 2.72 V              ; -0.0349 V           ; 0.173 V                              ; 0.1 V                                ; 2.72e-10 s                  ; 2.69e-10 s                  ; Yes                        ; Yes                        ; 2.62 V                      ; 4.05e-08 V                  ; 2.72 V             ; -0.0349 V          ; 0.173 V                             ; 0.1 V                               ; 2.72e-10 s                 ; 2.69e-10 s                 ; Yes                       ; Yes                       ;
; ALU_result[12] ; 2.5 V        ; 0 s                 ; 0 s                 ; 2.62 V                       ; 4.05e-08 V                   ; 2.72 V              ; -0.0349 V           ; 0.173 V                              ; 0.1 V                                ; 2.72e-10 s                  ; 2.69e-10 s                  ; Yes                        ; Yes                        ; 2.62 V                      ; 4.05e-08 V                  ; 2.72 V             ; -0.0349 V          ; 0.173 V                             ; 0.1 V                               ; 2.72e-10 s                 ; 2.69e-10 s                 ; Yes                       ; Yes                       ;
; ALU_result[11] ; 2.5 V        ; 0 s                 ; 0 s                 ; 2.62 V                       ; 4.05e-08 V                   ; 2.72 V              ; -0.0349 V           ; 0.173 V                              ; 0.1 V                                ; 2.72e-10 s                  ; 2.69e-10 s                  ; Yes                        ; Yes                        ; 2.62 V                      ; 4.05e-08 V                  ; 2.72 V             ; -0.0349 V          ; 0.173 V                             ; 0.1 V                               ; 2.72e-10 s                 ; 2.69e-10 s                 ; Yes                       ; Yes                       ;
; ALU_result[10] ; 2.5 V        ; 0 s                 ; 0 s                 ; 2.62 V                       ; 2.74e-08 V                   ; 2.71 V              ; -0.0317 V           ; 0.148 V                              ; 0.064 V                              ; 4.51e-10 s                  ; 4.15e-10 s                  ; No                         ; Yes                        ; 2.62 V                      ; 2.74e-08 V                  ; 2.71 V             ; -0.0317 V          ; 0.148 V                             ; 0.064 V                             ; 4.51e-10 s                 ; 4.15e-10 s                 ; No                        ; Yes                       ;
; ALU_result[9]  ; 2.5 V        ; 0 s                 ; 0 s                 ; 2.62 V                       ; 2.74e-08 V                   ; 2.71 V              ; -0.0317 V           ; 0.148 V                              ; 0.064 V                              ; 4.51e-10 s                  ; 4.15e-10 s                  ; No                         ; Yes                        ; 2.62 V                      ; 2.74e-08 V                  ; 2.71 V             ; -0.0317 V          ; 0.148 V                             ; 0.064 V                             ; 4.51e-10 s                 ; 4.15e-10 s                 ; No                        ; Yes                       ;
; ALU_result[8]  ; 2.5 V        ; 0 s                 ; 0 s                 ; 2.62 V                       ; 4.05e-08 V                   ; 2.72 V              ; -0.0349 V           ; 0.173 V                              ; 0.1 V                                ; 2.72e-10 s                  ; 2.69e-10 s                  ; Yes                        ; Yes                        ; 2.62 V                      ; 4.05e-08 V                  ; 2.72 V             ; -0.0349 V          ; 0.173 V                             ; 0.1 V                               ; 2.72e-10 s                 ; 2.69e-10 s                 ; Yes                       ; Yes                       ;
; ALU_result[7]  ; 2.5 V        ; 0 s                 ; 0 s                 ; 2.62 V                       ; 4.05e-08 V                   ; 2.72 V              ; -0.0349 V           ; 0.173 V                              ; 0.1 V                                ; 2.72e-10 s                  ; 2.69e-10 s                  ; Yes                        ; Yes                        ; 2.62 V                      ; 4.05e-08 V                  ; 2.72 V             ; -0.0349 V          ; 0.173 V                             ; 0.1 V                               ; 2.72e-10 s                 ; 2.69e-10 s                 ; Yes                       ; Yes                       ;
; ALU_result[6]  ; 2.5 V        ; 0 s                 ; 0 s                 ; 2.62 V                       ; 4.05e-08 V                   ; 2.72 V              ; -0.0349 V           ; 0.173 V                              ; 0.1 V                                ; 2.72e-10 s                  ; 2.69e-10 s                  ; Yes                        ; Yes                        ; 2.62 V                      ; 4.05e-08 V                  ; 2.72 V             ; -0.0349 V          ; 0.173 V                             ; 0.1 V                               ; 2.72e-10 s                 ; 2.69e-10 s                 ; Yes                       ; Yes                       ;
; ALU_result[5]  ; 2.5 V        ; 0 s                 ; 0 s                 ; 2.62 V                       ; 4.05e-08 V                   ; 2.72 V              ; -0.0349 V           ; 0.173 V                              ; 0.1 V                                ; 2.72e-10 s                  ; 2.69e-10 s                  ; Yes                        ; Yes                        ; 2.62 V                      ; 4.05e-08 V                  ; 2.72 V             ; -0.0349 V          ; 0.173 V                             ; 0.1 V                               ; 2.72e-10 s                 ; 2.69e-10 s                 ; Yes                       ; Yes                       ;
; ALU_result[4]  ; 2.5 V        ; 0 s                 ; 0 s                 ; 2.62 V                       ; 4.05e-08 V                   ; 2.72 V              ; -0.0349 V           ; 0.173 V                              ; 0.1 V                                ; 2.72e-10 s                  ; 2.69e-10 s                  ; Yes                        ; Yes                        ; 2.62 V                      ; 4.05e-08 V                  ; 2.72 V             ; -0.0349 V          ; 0.173 V                             ; 0.1 V                               ; 2.72e-10 s                 ; 2.69e-10 s                 ; Yes                       ; Yes                       ;
; ALU_result[3]  ; 2.5 V        ; 0 s                 ; 0 s                 ; 2.62 V                       ; 4.05e-08 V                   ; 2.72 V              ; -0.0349 V           ; 0.173 V                              ; 0.1 V                                ; 2.72e-10 s                  ; 2.69e-10 s                  ; Yes                        ; Yes                        ; 2.62 V                      ; 4.05e-08 V                  ; 2.72 V             ; -0.0349 V          ; 0.173 V                             ; 0.1 V                               ; 2.72e-10 s                 ; 2.69e-10 s                 ; Yes                       ; Yes                       ;
; ALU_result[2]  ; 2.5 V        ; 0 s                 ; 0 s                 ; 2.62 V                       ; 2.74e-08 V                   ; 2.64 V              ; -0.0117 V           ; 0.202 V                              ; 0.176 V                              ; 2.38e-09 s                  ; 2.22e-09 s                  ; No                         ; Yes                        ; 2.62 V                      ; 2.74e-08 V                  ; 2.64 V             ; -0.0117 V          ; 0.202 V                             ; 0.176 V                             ; 2.38e-09 s                 ; 2.22e-09 s                 ; No                        ; Yes                       ;
; ALU_result[1]  ; 2.5 V        ; 0 s                 ; 0 s                 ; 2.62 V                       ; 4.05e-08 V                   ; 2.72 V              ; -0.0349 V           ; 0.173 V                              ; 0.1 V                                ; 2.72e-10 s                  ; 2.69e-10 s                  ; Yes                        ; Yes                        ; 2.62 V                      ; 4.05e-08 V                  ; 2.72 V             ; -0.0349 V          ; 0.173 V                             ; 0.1 V                               ; 2.72e-10 s                 ; 2.69e-10 s                 ; Yes                       ; Yes                       ;
; ALU_result[0]  ; 2.5 V        ; 0 s                 ; 0 s                 ; 2.62 V                       ; 2.74e-08 V                   ; 2.71 V              ; -0.0317 V           ; 0.148 V                              ; 0.064 V                              ; 4.51e-10 s                  ; 4.15e-10 s                  ; No                         ; Yes                        ; 2.62 V                      ; 2.74e-08 V                  ; 2.71 V             ; -0.0317 V          ; 0.148 V                             ; 0.064 V                             ; 4.51e-10 s                 ; 4.15e-10 s                 ; No                        ; Yes                       ;
; HEX0[6]        ; 2.5 V        ; 0 s                 ; 0 s                 ; 2.62 V                       ; 4.05e-08 V                   ; 2.72 V              ; -0.0349 V           ; 0.173 V                              ; 0.1 V                                ; 2.72e-10 s                  ; 2.69e-10 s                  ; Yes                        ; Yes                        ; 2.62 V                      ; 4.05e-08 V                  ; 2.72 V             ; -0.0349 V          ; 0.173 V                             ; 0.1 V                               ; 2.72e-10 s                 ; 2.69e-10 s                 ; Yes                       ; Yes                       ;
; HEX0[5]        ; 2.5 V        ; 0 s                 ; 0 s                 ; 2.62 V                       ; 2.74e-08 V                   ; 2.71 V              ; -0.0317 V           ; 0.148 V                              ; 0.064 V                              ; 4.51e-10 s                  ; 4.15e-10 s                  ; No                         ; Yes                        ; 2.62 V                      ; 2.74e-08 V                  ; 2.71 V             ; -0.0317 V          ; 0.148 V                             ; 0.064 V                             ; 4.51e-10 s                 ; 4.15e-10 s                 ; No                        ; Yes                       ;
; HEX0[4]        ; 2.5 V        ; 0 s                 ; 0 s                 ; 2.62 V                       ; 2.74e-08 V                   ; 2.71 V              ; -0.0317 V           ; 0.148 V                              ; 0.064 V                              ; 4.51e-10 s                  ; 4.15e-10 s                  ; No                         ; Yes                        ; 2.62 V                      ; 2.74e-08 V                  ; 2.71 V             ; -0.0317 V          ; 0.148 V                             ; 0.064 V                             ; 4.51e-10 s                 ; 4.15e-10 s                 ; No                        ; Yes                       ;
; HEX0[3]        ; 2.5 V        ; 0 s                 ; 0 s                 ; 2.62 V                       ; 4.05e-08 V                   ; 2.72 V              ; -0.0349 V           ; 0.173 V                              ; 0.1 V                                ; 2.72e-10 s                  ; 2.69e-10 s                  ; Yes                        ; Yes                        ; 2.62 V                      ; 4.05e-08 V                  ; 2.72 V             ; -0.0349 V          ; 0.173 V                             ; 0.1 V                               ; 2.72e-10 s                 ; 2.69e-10 s                 ; Yes                       ; Yes                       ;
; HEX0[2]        ; 2.5 V        ; 0 s                 ; 0 s                 ; 2.62 V                       ; 4.05e-08 V                   ; 2.64 V              ; -0.0113 V           ; 0.208 V                              ; 0.179 V                              ; 2.38e-09 s                  ; 2.23e-09 s                  ; No                         ; Yes                        ; 2.62 V                      ; 4.05e-08 V                  ; 2.64 V             ; -0.0113 V          ; 0.208 V                             ; 0.179 V                             ; 2.38e-09 s                 ; 2.23e-09 s                 ; No                        ; Yes                       ;
; HEX0[1]        ; 2.5 V        ; 0 s                 ; 0 s                 ; 2.62 V                       ; 2.74e-08 V                   ; 2.71 V              ; -0.0317 V           ; 0.148 V                              ; 0.064 V                              ; 4.51e-10 s                  ; 4.15e-10 s                  ; No                         ; Yes                        ; 2.62 V                      ; 2.74e-08 V                  ; 2.71 V             ; -0.0317 V          ; 0.148 V                             ; 0.064 V                             ; 4.51e-10 s                 ; 4.15e-10 s                 ; No                        ; Yes                       ;
; HEX0[0]        ; 2.5 V        ; 0 s                 ; 0 s                 ; 2.62 V                       ; 2.74e-08 V                   ; 2.71 V              ; -0.0317 V           ; 0.148 V                              ; 0.064 V                              ; 4.51e-10 s                  ; 4.15e-10 s                  ; No                         ; Yes                        ; 2.62 V                      ; 2.74e-08 V                  ; 2.71 V             ; -0.0317 V          ; 0.148 V                             ; 0.064 V                             ; 4.51e-10 s                 ; 4.15e-10 s                 ; No                        ; Yes                       ;
; HEX1[6]        ; 2.5 V        ; 0 s                 ; 0 s                 ; 2.62 V                       ; 4.05e-08 V                   ; 2.72 V              ; -0.0349 V           ; 0.173 V                              ; 0.1 V                                ; 2.72e-10 s                  ; 2.69e-10 s                  ; Yes                        ; Yes                        ; 2.62 V                      ; 4.05e-08 V                  ; 2.72 V             ; -0.0349 V          ; 0.173 V                             ; 0.1 V                               ; 2.72e-10 s                 ; 2.69e-10 s                 ; Yes                       ; Yes                       ;
; HEX1[5]        ; 2.5 V        ; 0 s                 ; 0 s                 ; 2.62 V                       ; 4.05e-08 V                   ; 2.72 V              ; -0.0349 V           ; 0.173 V                              ; 0.1 V                                ; 2.72e-10 s                  ; 2.69e-10 s                  ; Yes                        ; Yes                        ; 2.62 V                      ; 4.05e-08 V                  ; 2.72 V             ; -0.0349 V          ; 0.173 V                             ; 0.1 V                               ; 2.72e-10 s                 ; 2.69e-10 s                 ; Yes                       ; Yes                       ;
; HEX1[4]        ; 2.5 V        ; 0 s                 ; 0 s                 ; 2.62 V                       ; 4.05e-08 V                   ; 2.72 V              ; -0.0349 V           ; 0.173 V                              ; 0.1 V                                ; 2.72e-10 s                  ; 2.69e-10 s                  ; Yes                        ; Yes                        ; 2.62 V                      ; 4.05e-08 V                  ; 2.72 V             ; -0.0349 V          ; 0.173 V                             ; 0.1 V                               ; 2.72e-10 s                 ; 2.69e-10 s                 ; Yes                       ; Yes                       ;
; HEX1[3]        ; 2.5 V        ; 0 s                 ; 0 s                 ; 2.62 V                       ; 4.05e-08 V                   ; 2.72 V              ; -0.0349 V           ; 0.173 V                              ; 0.1 V                                ; 2.72e-10 s                  ; 2.69e-10 s                  ; Yes                        ; Yes                        ; 2.62 V                      ; 4.05e-08 V                  ; 2.72 V             ; -0.0349 V          ; 0.173 V                             ; 0.1 V                               ; 2.72e-10 s                 ; 2.69e-10 s                 ; Yes                       ; Yes                       ;
; HEX1[2]        ; 2.5 V        ; 0 s                 ; 0 s                 ; 2.62 V                       ; 4.05e-08 V                   ; 2.72 V              ; -0.0349 V           ; 0.173 V                              ; 0.1 V                                ; 2.72e-10 s                  ; 2.69e-10 s                  ; Yes                        ; Yes                        ; 2.62 V                      ; 4.05e-08 V                  ; 2.72 V             ; -0.0349 V          ; 0.173 V                             ; 0.1 V                               ; 2.72e-10 s                 ; 2.69e-10 s                 ; Yes                       ; Yes                       ;
; HEX1[1]        ; 2.5 V        ; 0 s                 ; 0 s                 ; 2.62 V                       ; 4.05e-08 V                   ; 2.72 V              ; -0.0349 V           ; 0.173 V                              ; 0.1 V                                ; 2.72e-10 s                  ; 2.69e-10 s                  ; Yes                        ; Yes                        ; 2.62 V                      ; 4.05e-08 V                  ; 2.72 V             ; -0.0349 V          ; 0.173 V                             ; 0.1 V                               ; 2.72e-10 s                 ; 2.69e-10 s                 ; Yes                       ; Yes                       ;
; HEX1[0]        ; 2.5 V        ; 0 s                 ; 0 s                 ; 2.62 V                       ; 4.05e-08 V                   ; 2.72 V              ; -0.0349 V           ; 0.173 V                              ; 0.1 V                                ; 2.72e-10 s                  ; 2.69e-10 s                  ; Yes                        ; Yes                        ; 2.62 V                      ; 4.05e-08 V                  ; 2.72 V             ; -0.0349 V          ; 0.173 V                             ; 0.1 V                               ; 2.72e-10 s                 ; 2.69e-10 s                 ; Yes                       ; Yes                       ;
; HEX2[6]        ; 2.5 V        ; 0 s                 ; 0 s                 ; 2.62 V                       ; 4.05e-08 V                   ; 2.72 V              ; -0.0349 V           ; 0.173 V                              ; 0.1 V                                ; 2.72e-10 s                  ; 2.69e-10 s                  ; Yes                        ; Yes                        ; 2.62 V                      ; 4.05e-08 V                  ; 2.72 V             ; -0.0349 V          ; 0.173 V                             ; 0.1 V                               ; 2.72e-10 s                 ; 2.69e-10 s                 ; Yes                       ; Yes                       ;
; HEX2[5]        ; 2.5 V        ; 0 s                 ; 0 s                 ; 2.62 V                       ; 4.05e-08 V                   ; 2.72 V              ; -0.0349 V           ; 0.173 V                              ; 0.1 V                                ; 2.72e-10 s                  ; 2.69e-10 s                  ; Yes                        ; Yes                        ; 2.62 V                      ; 4.05e-08 V                  ; 2.72 V             ; -0.0349 V          ; 0.173 V                             ; 0.1 V                               ; 2.72e-10 s                 ; 2.69e-10 s                 ; Yes                       ; Yes                       ;
; HEX2[4]        ; 2.5 V        ; 0 s                 ; 0 s                 ; 2.62 V                       ; 4.05e-08 V                   ; 2.72 V              ; -0.0349 V           ; 0.173 V                              ; 0.1 V                                ; 2.72e-10 s                  ; 2.69e-10 s                  ; Yes                        ; Yes                        ; 2.62 V                      ; 4.05e-08 V                  ; 2.72 V             ; -0.0349 V          ; 0.173 V                             ; 0.1 V                               ; 2.72e-10 s                 ; 2.69e-10 s                 ; Yes                       ; Yes                       ;
; HEX2[3]        ; 2.5 V        ; 0 s                 ; 0 s                 ; 2.62 V                       ; 4.05e-08 V                   ; 2.72 V              ; -0.0349 V           ; 0.173 V                              ; 0.1 V                                ; 2.72e-10 s                  ; 2.69e-10 s                  ; Yes                        ; Yes                        ; 2.62 V                      ; 4.05e-08 V                  ; 2.72 V             ; -0.0349 V          ; 0.173 V                             ; 0.1 V                               ; 2.72e-10 s                 ; 2.69e-10 s                 ; Yes                       ; Yes                       ;
; HEX2[2]        ; 2.5 V        ; 0 s                 ; 0 s                 ; 2.62 V                       ; 4.05e-08 V                   ; 2.72 V              ; -0.0349 V           ; 0.173 V                              ; 0.1 V                                ; 2.72e-10 s                  ; 2.69e-10 s                  ; Yes                        ; Yes                        ; 2.62 V                      ; 4.05e-08 V                  ; 2.72 V             ; -0.0349 V          ; 0.173 V                             ; 0.1 V                               ; 2.72e-10 s                 ; 2.69e-10 s                 ; Yes                       ; Yes                       ;
; HEX2[1]        ; 2.5 V        ; 0 s                 ; 0 s                 ; 2.62 V                       ; 4.05e-08 V                   ; 2.72 V              ; -0.0349 V           ; 0.173 V                              ; 0.1 V                                ; 2.72e-10 s                  ; 2.69e-10 s                  ; Yes                        ; Yes                        ; 2.62 V                      ; 4.05e-08 V                  ; 2.72 V             ; -0.0349 V          ; 0.173 V                             ; 0.1 V                               ; 2.72e-10 s                 ; 2.69e-10 s                 ; Yes                       ; Yes                       ;
; HEX2[0]        ; 2.5 V        ; 0 s                 ; 0 s                 ; 2.62 V                       ; 4.05e-08 V                   ; 2.72 V              ; -0.0349 V           ; 0.173 V                              ; 0.1 V                                ; 2.72e-10 s                  ; 2.69e-10 s                  ; Yes                        ; Yes                        ; 2.62 V                      ; 4.05e-08 V                  ; 2.72 V             ; -0.0349 V          ; 0.173 V                             ; 0.1 V                               ; 2.72e-10 s                 ; 2.69e-10 s                 ; Yes                       ; Yes                       ;
; HEX3[6]        ; 2.5 V        ; 0 s                 ; 0 s                 ; 2.62 V                       ; 4.05e-08 V                   ; 2.72 V              ; -0.0349 V           ; 0.173 V                              ; 0.1 V                                ; 2.72e-10 s                  ; 2.69e-10 s                  ; Yes                        ; Yes                        ; 2.62 V                      ; 4.05e-08 V                  ; 2.72 V             ; -0.0349 V          ; 0.173 V                             ; 0.1 V                               ; 2.72e-10 s                 ; 2.69e-10 s                 ; Yes                       ; Yes                       ;
; HEX3[5]        ; 2.5 V        ; 0 s                 ; 0 s                 ; 2.62 V                       ; 2.74e-08 V                   ; 2.71 V              ; -0.0317 V           ; 0.148 V                              ; 0.064 V                              ; 4.51e-10 s                  ; 4.15e-10 s                  ; No                         ; Yes                        ; 2.62 V                      ; 2.74e-08 V                  ; 2.71 V             ; -0.0317 V          ; 0.148 V                             ; 0.064 V                             ; 4.51e-10 s                 ; 4.15e-10 s                 ; No                        ; Yes                       ;
; HEX3[4]        ; 2.5 V        ; 0 s                 ; 0 s                 ; 2.62 V                       ; 4.05e-08 V                   ; 2.72 V              ; -0.0349 V           ; 0.173 V                              ; 0.1 V                                ; 2.72e-10 s                  ; 2.69e-10 s                  ; Yes                        ; Yes                        ; 2.62 V                      ; 4.05e-08 V                  ; 2.72 V             ; -0.0349 V          ; 0.173 V                             ; 0.1 V                               ; 2.72e-10 s                 ; 2.69e-10 s                 ; Yes                       ; Yes                       ;
; HEX3[3]        ; 2.5 V        ; 0 s                 ; 0 s                 ; 2.62 V                       ; 4.05e-08 V                   ; 2.64 V              ; -0.0113 V           ; 0.208 V                              ; 0.179 V                              ; 2.38e-09 s                  ; 2.23e-09 s                  ; No                         ; Yes                        ; 2.62 V                      ; 4.05e-08 V                  ; 2.64 V             ; -0.0113 V          ; 0.208 V                             ; 0.179 V                             ; 2.38e-09 s                 ; 2.23e-09 s                 ; No                        ; Yes                       ;
; HEX3[2]        ; 2.5 V        ; 0 s                 ; 0 s                 ; 2.62 V                       ; 2.74e-08 V                   ; 2.64 V              ; -0.0117 V           ; 0.202 V                              ; 0.176 V                              ; 2.38e-09 s                  ; 2.22e-09 s                  ; No                         ; Yes                        ; 2.62 V                      ; 2.74e-08 V                  ; 2.64 V             ; -0.0117 V          ; 0.202 V                             ; 0.176 V                             ; 2.38e-09 s                 ; 2.22e-09 s                 ; No                        ; Yes                       ;
; HEX3[1]        ; 2.5 V        ; 0 s                 ; 0 s                 ; 2.62 V                       ; 4.05e-08 V                   ; 2.72 V              ; -0.0349 V           ; 0.173 V                              ; 0.1 V                                ; 2.72e-10 s                  ; 2.69e-10 s                  ; Yes                        ; Yes                        ; 2.62 V                      ; 4.05e-08 V                  ; 2.72 V             ; -0.0349 V          ; 0.173 V                             ; 0.1 V                               ; 2.72e-10 s                 ; 2.69e-10 s                 ; Yes                       ; Yes                       ;
; HEX3[0]        ; 2.5 V        ; 0 s                 ; 0 s                 ; 2.62 V                       ; 4.05e-08 V                   ; 2.72 V              ; -0.0349 V           ; 0.173 V                              ; 0.1 V                                ; 2.72e-10 s                  ; 2.69e-10 s                  ; Yes                        ; Yes                        ; 2.62 V                      ; 4.05e-08 V                  ; 2.72 V             ; -0.0349 V          ; 0.173 V                             ; 0.1 V                               ; 2.72e-10 s                 ; 2.69e-10 s                 ; Yes                       ; Yes                       ;
; HEX4[6]        ; 2.5 V        ; 0 s                 ; 0 s                 ; 2.62 V                       ; 4.05e-08 V                   ; 2.72 V              ; -0.0349 V           ; 0.173 V                              ; 0.1 V                                ; 2.72e-10 s                  ; 2.69e-10 s                  ; Yes                        ; Yes                        ; 2.62 V                      ; 4.05e-08 V                  ; 2.72 V             ; -0.0349 V          ; 0.173 V                             ; 0.1 V                               ; 2.72e-10 s                 ; 2.69e-10 s                 ; Yes                       ; Yes                       ;
; HEX4[5]        ; 2.5 V        ; 0 s                 ; 0 s                 ; 2.62 V                       ; 4.05e-08 V                   ; 2.72 V              ; -0.0349 V           ; 0.173 V                              ; 0.1 V                                ; 2.72e-10 s                  ; 2.69e-10 s                  ; Yes                        ; Yes                        ; 2.62 V                      ; 4.05e-08 V                  ; 2.72 V             ; -0.0349 V          ; 0.173 V                             ; 0.1 V                               ; 2.72e-10 s                 ; 2.69e-10 s                 ; Yes                       ; Yes                       ;
; HEX4[4]        ; 2.5 V        ; 0 s                 ; 0 s                 ; 2.62 V                       ; 4.05e-08 V                   ; 2.72 V              ; -0.0349 V           ; 0.173 V                              ; 0.1 V                                ; 2.72e-10 s                  ; 2.69e-10 s                  ; Yes                        ; Yes                        ; 2.62 V                      ; 4.05e-08 V                  ; 2.72 V             ; -0.0349 V          ; 0.173 V                             ; 0.1 V                               ; 2.72e-10 s                 ; 2.69e-10 s                 ; Yes                       ; Yes                       ;
; HEX4[3]        ; 2.5 V        ; 0 s                 ; 0 s                 ; 2.62 V                       ; 4.05e-08 V                   ; 2.72 V              ; -0.0349 V           ; 0.173 V                              ; 0.1 V                                ; 2.72e-10 s                  ; 2.69e-10 s                  ; Yes                        ; Yes                        ; 2.62 V                      ; 4.05e-08 V                  ; 2.72 V             ; -0.0349 V          ; 0.173 V                             ; 0.1 V                               ; 2.72e-10 s                 ; 2.69e-10 s                 ; Yes                       ; Yes                       ;
; HEX4[2]        ; 2.5 V        ; 0 s                 ; 0 s                 ; 2.62 V                       ; 4.05e-08 V                   ; 2.72 V              ; -0.0349 V           ; 0.173 V                              ; 0.1 V                                ; 2.72e-10 s                  ; 2.69e-10 s                  ; Yes                        ; Yes                        ; 2.62 V                      ; 4.05e-08 V                  ; 2.72 V             ; -0.0349 V          ; 0.173 V                             ; 0.1 V                               ; 2.72e-10 s                 ; 2.69e-10 s                 ; Yes                       ; Yes                       ;
; HEX4[1]        ; 2.5 V        ; 0 s                 ; 0 s                 ; 2.62 V                       ; 4.05e-08 V                   ; 2.72 V              ; -0.0349 V           ; 0.173 V                              ; 0.1 V                                ; 2.72e-10 s                  ; 2.69e-10 s                  ; Yes                        ; Yes                        ; 2.62 V                      ; 4.05e-08 V                  ; 2.72 V             ; -0.0349 V          ; 0.173 V                             ; 0.1 V                               ; 2.72e-10 s                 ; 2.69e-10 s                 ; Yes                       ; Yes                       ;
; HEX4[0]        ; 2.5 V        ; 0 s                 ; 0 s                 ; 2.62 V                       ; 4.05e-08 V                   ; 2.72 V              ; -0.0349 V           ; 0.173 V                              ; 0.1 V                                ; 2.72e-10 s                  ; 2.69e-10 s                  ; Yes                        ; Yes                        ; 2.62 V                      ; 4.05e-08 V                  ; 2.72 V             ; -0.0349 V          ; 0.173 V                             ; 0.1 V                               ; 2.72e-10 s                 ; 2.69e-10 s                 ; Yes                       ; Yes                       ;
; HEX5[6]        ; 2.5 V        ; 0 s                 ; 0 s                 ; 2.62 V                       ; 4.05e-08 V                   ; 2.72 V              ; -0.0349 V           ; 0.173 V                              ; 0.1 V                                ; 2.72e-10 s                  ; 2.69e-10 s                  ; Yes                        ; Yes                        ; 2.62 V                      ; 4.05e-08 V                  ; 2.72 V             ; -0.0349 V          ; 0.173 V                             ; 0.1 V                               ; 2.72e-10 s                 ; 2.69e-10 s                 ; Yes                       ; Yes                       ;
; HEX5[5]        ; 2.5 V        ; 0 s                 ; 0 s                 ; 2.62 V                       ; 2.74e-08 V                   ; 2.73 V              ; -0.0384 V           ; 0.169 V                              ; 0.089 V                              ; 2.7e-10 s                   ; 2.62e-10 s                  ; Yes                        ; Yes                        ; 2.62 V                      ; 2.74e-08 V                  ; 2.73 V             ; -0.0384 V          ; 0.169 V                             ; 0.089 V                             ; 2.7e-10 s                  ; 2.62e-10 s                 ; Yes                       ; Yes                       ;
; HEX5[4]        ; 2.5 V        ; 0 s                 ; 0 s                 ; 2.62 V                       ; 4.05e-08 V                   ; 2.72 V              ; -0.0349 V           ; 0.173 V                              ; 0.1 V                                ; 2.72e-10 s                  ; 2.69e-10 s                  ; Yes                        ; Yes                        ; 2.62 V                      ; 4.05e-08 V                  ; 2.72 V             ; -0.0349 V          ; 0.173 V                             ; 0.1 V                               ; 2.72e-10 s                 ; 2.69e-10 s                 ; Yes                       ; Yes                       ;
; HEX5[3]        ; 2.5 V        ; 0 s                 ; 0 s                 ; 2.62 V                       ; 4.05e-08 V                   ; 2.72 V              ; -0.0349 V           ; 0.173 V                              ; 0.1 V                                ; 2.72e-10 s                  ; 2.69e-10 s                  ; Yes                        ; Yes                        ; 2.62 V                      ; 4.05e-08 V                  ; 2.72 V             ; -0.0349 V          ; 0.173 V                             ; 0.1 V                               ; 2.72e-10 s                 ; 2.69e-10 s                 ; Yes                       ; Yes                       ;
; HEX5[2]        ; 2.5 V        ; 0 s                 ; 0 s                 ; 2.62 V                       ; 4.05e-08 V                   ; 2.72 V              ; -0.0349 V           ; 0.173 V                              ; 0.1 V                                ; 2.72e-10 s                  ; 2.69e-10 s                  ; Yes                        ; Yes                        ; 2.62 V                      ; 4.05e-08 V                  ; 2.72 V             ; -0.0349 V          ; 0.173 V                             ; 0.1 V                               ; 2.72e-10 s                 ; 2.69e-10 s                 ; Yes                       ; Yes                       ;
; HEX5[1]        ; 2.5 V        ; 0 s                 ; 0 s                 ; 2.62 V                       ; 4.05e-08 V                   ; 2.72 V              ; -0.0349 V           ; 0.173 V                              ; 0.1 V                                ; 2.72e-10 s                  ; 2.69e-10 s                  ; Yes                        ; Yes                        ; 2.62 V                      ; 4.05e-08 V                  ; 2.72 V             ; -0.0349 V          ; 0.173 V                             ; 0.1 V                               ; 2.72e-10 s                 ; 2.69e-10 s                 ; Yes                       ; Yes                       ;
; HEX5[0]        ; 2.5 V        ; 0 s                 ; 0 s                 ; 2.62 V                       ; 4.05e-08 V                   ; 2.72 V              ; -0.0349 V           ; 0.173 V                              ; 0.1 V                                ; 2.72e-10 s                  ; 2.69e-10 s                  ; Yes                        ; Yes                        ; 2.62 V                      ; 4.05e-08 V                  ; 2.72 V             ; -0.0349 V          ; 0.173 V                             ; 0.1 V                               ; 2.72e-10 s                 ; 2.69e-10 s                 ; Yes                       ; Yes                       ;
; HEX6[6]        ; 2.5 V        ; 0 s                 ; 0 s                 ; 2.62 V                       ; 4.05e-08 V                   ; 2.72 V              ; -0.0349 V           ; 0.173 V                              ; 0.1 V                                ; 2.72e-10 s                  ; 2.69e-10 s                  ; Yes                        ; Yes                        ; 2.62 V                      ; 4.05e-08 V                  ; 2.72 V             ; -0.0349 V          ; 0.173 V                             ; 0.1 V                               ; 2.72e-10 s                 ; 2.69e-10 s                 ; Yes                       ; Yes                       ;
; HEX6[5]        ; 2.5 V        ; 0 s                 ; 0 s                 ; 2.62 V                       ; 4.05e-08 V                   ; 2.64 V              ; -0.0113 V           ; 0.208 V                              ; 0.179 V                              ; 2.38e-09 s                  ; 2.23e-09 s                  ; No                         ; Yes                        ; 2.62 V                      ; 4.05e-08 V                  ; 2.64 V             ; -0.0113 V          ; 0.208 V                             ; 0.179 V                             ; 2.38e-09 s                 ; 2.23e-09 s                 ; No                        ; Yes                       ;
; HEX6[4]        ; 2.5 V        ; 0 s                 ; 0 s                 ; 2.62 V                       ; 4.05e-08 V                   ; 2.72 V              ; -0.0349 V           ; 0.173 V                              ; 0.1 V                                ; 2.72e-10 s                  ; 2.69e-10 s                  ; Yes                        ; Yes                        ; 2.62 V                      ; 4.05e-08 V                  ; 2.72 V             ; -0.0349 V          ; 0.173 V                             ; 0.1 V                               ; 2.72e-10 s                 ; 2.69e-10 s                 ; Yes                       ; Yes                       ;
; HEX6[3]        ; 2.5 V        ; 0 s                 ; 0 s                 ; 2.62 V                       ; 4.05e-08 V                   ; 2.72 V              ; -0.0349 V           ; 0.173 V                              ; 0.1 V                                ; 2.72e-10 s                  ; 2.69e-10 s                  ; Yes                        ; Yes                        ; 2.62 V                      ; 4.05e-08 V                  ; 2.72 V             ; -0.0349 V          ; 0.173 V                             ; 0.1 V                               ; 2.72e-10 s                 ; 2.69e-10 s                 ; Yes                       ; Yes                       ;
; HEX6[2]        ; 2.5 V        ; 0 s                 ; 0 s                 ; 2.62 V                       ; 4.05e-08 V                   ; 2.72 V              ; -0.0349 V           ; 0.173 V                              ; 0.1 V                                ; 2.72e-10 s                  ; 2.69e-10 s                  ; Yes                        ; Yes                        ; 2.62 V                      ; 4.05e-08 V                  ; 2.72 V             ; -0.0349 V          ; 0.173 V                             ; 0.1 V                               ; 2.72e-10 s                 ; 2.69e-10 s                 ; Yes                       ; Yes                       ;
; HEX6[1]        ; 2.5 V        ; 0 s                 ; 0 s                 ; 2.62 V                       ; 4.05e-08 V                   ; 2.72 V              ; -0.0349 V           ; 0.173 V                              ; 0.1 V                                ; 2.72e-10 s                  ; 2.69e-10 s                  ; Yes                        ; Yes                        ; 2.62 V                      ; 4.05e-08 V                  ; 2.72 V             ; -0.0349 V          ; 0.173 V                             ; 0.1 V                               ; 2.72e-10 s                 ; 2.69e-10 s                 ; Yes                       ; Yes                       ;
; HEX6[0]        ; 2.5 V        ; 0 s                 ; 0 s                 ; 2.62 V                       ; 4.05e-08 V                   ; 2.72 V              ; -0.0349 V           ; 0.173 V                              ; 0.1 V                                ; 2.72e-10 s                  ; 2.69e-10 s                  ; Yes                        ; Yes                        ; 2.62 V                      ; 4.05e-08 V                  ; 2.72 V             ; -0.0349 V          ; 0.173 V                             ; 0.1 V                               ; 2.72e-10 s                 ; 2.69e-10 s                 ; Yes                       ; Yes                       ;
; HEX7[6]        ; 2.5 V        ; 0 s                 ; 0 s                 ; 2.62 V                       ; 2.74e-08 V                   ; 2.71 V              ; -0.0317 V           ; 0.148 V                              ; 0.064 V                              ; 4.51e-10 s                  ; 4.15e-10 s                  ; No                         ; Yes                        ; 2.62 V                      ; 2.74e-08 V                  ; 2.71 V             ; -0.0317 V          ; 0.148 V                             ; 0.064 V                             ; 4.51e-10 s                 ; 4.15e-10 s                 ; No                        ; Yes                       ;
; HEX7[5]        ; 2.5 V        ; 0 s                 ; 0 s                 ; 2.62 V                       ; 4.05e-08 V                   ; 2.72 V              ; -0.0349 V           ; 0.173 V                              ; 0.1 V                                ; 2.72e-10 s                  ; 2.69e-10 s                  ; Yes                        ; Yes                        ; 2.62 V                      ; 4.05e-08 V                  ; 2.72 V             ; -0.0349 V          ; 0.173 V                             ; 0.1 V                               ; 2.72e-10 s                 ; 2.69e-10 s                 ; Yes                       ; Yes                       ;
; HEX7[4]        ; 2.5 V        ; 0 s                 ; 0 s                 ; 2.62 V                       ; 4.05e-08 V                   ; 2.72 V              ; -0.0349 V           ; 0.173 V                              ; 0.1 V                                ; 2.72e-10 s                  ; 2.69e-10 s                  ; Yes                        ; Yes                        ; 2.62 V                      ; 4.05e-08 V                  ; 2.72 V             ; -0.0349 V          ; 0.173 V                             ; 0.1 V                               ; 2.72e-10 s                 ; 2.69e-10 s                 ; Yes                       ; Yes                       ;
; HEX7[3]        ; 2.5 V        ; 0 s                 ; 0 s                 ; 2.62 V                       ; 4.05e-08 V                   ; 2.72 V              ; -0.0349 V           ; 0.173 V                              ; 0.1 V                                ; 2.72e-10 s                  ; 2.69e-10 s                  ; Yes                        ; Yes                        ; 2.62 V                      ; 4.05e-08 V                  ; 2.72 V             ; -0.0349 V          ; 0.173 V                             ; 0.1 V                               ; 2.72e-10 s                 ; 2.69e-10 s                 ; Yes                       ; Yes                       ;
; HEX7[2]        ; 2.5 V        ; 0 s                 ; 0 s                 ; 2.62 V                       ; 4.05e-08 V                   ; 2.72 V              ; -0.0349 V           ; 0.173 V                              ; 0.1 V                                ; 2.72e-10 s                  ; 2.69e-10 s                  ; Yes                        ; Yes                        ; 2.62 V                      ; 4.05e-08 V                  ; 2.72 V             ; -0.0349 V          ; 0.173 V                             ; 0.1 V                               ; 2.72e-10 s                 ; 2.69e-10 s                 ; Yes                       ; Yes                       ;
; HEX7[1]        ; 2.5 V        ; 0 s                 ; 0 s                 ; 2.62 V                       ; 4.05e-08 V                   ; 2.72 V              ; -0.0349 V           ; 0.173 V                              ; 0.1 V                                ; 2.72e-10 s                  ; 2.69e-10 s                  ; Yes                        ; Yes                        ; 2.62 V                      ; 4.05e-08 V                  ; 2.72 V             ; -0.0349 V          ; 0.173 V                             ; 0.1 V                               ; 2.72e-10 s                 ; 2.69e-10 s                 ; Yes                       ; Yes                       ;
; HEX7[0]        ; 2.5 V        ; 0 s                 ; 0 s                 ; 2.62 V                       ; 4.05e-08 V                   ; 2.72 V              ; -0.0349 V           ; 0.173 V                              ; 0.1 V                                ; 2.72e-10 s                  ; 2.69e-10 s                  ; Yes                        ; Yes                        ; 2.62 V                      ; 4.05e-08 V                  ; 2.72 V             ; -0.0349 V          ; 0.173 V                             ; 0.1 V                               ; 2.72e-10 s                 ; 2.69e-10 s                 ; Yes                       ; Yes                       ;
; PC[31]         ; 2.5 V        ; 0 s                 ; 0 s                 ; 2.62 V                       ; 4.05e-08 V                   ; 2.72 V              ; -0.0349 V           ; 0.173 V                              ; 0.1 V                                ; 2.72e-10 s                  ; 2.69e-10 s                  ; Yes                        ; Yes                        ; 2.62 V                      ; 4.05e-08 V                  ; 2.72 V             ; -0.0349 V          ; 0.173 V                             ; 0.1 V                               ; 2.72e-10 s                 ; 2.69e-10 s                 ; Yes                       ; Yes                       ;
; PC[30]         ; 2.5 V        ; 0 s                 ; 0 s                 ; 2.62 V                       ; 4.05e-08 V                   ; 2.72 V              ; -0.0349 V           ; 0.173 V                              ; 0.1 V                                ; 2.72e-10 s                  ; 2.69e-10 s                  ; Yes                        ; Yes                        ; 2.62 V                      ; 4.05e-08 V                  ; 2.72 V             ; -0.0349 V          ; 0.173 V                             ; 0.1 V                               ; 2.72e-10 s                 ; 2.69e-10 s                 ; Yes                       ; Yes                       ;
; PC[29]         ; 2.5 V        ; 0 s                 ; 0 s                 ; 2.62 V                       ; 4.05e-08 V                   ; 2.72 V              ; -0.0349 V           ; 0.173 V                              ; 0.1 V                                ; 2.72e-10 s                  ; 2.69e-10 s                  ; Yes                        ; Yes                        ; 2.62 V                      ; 4.05e-08 V                  ; 2.72 V             ; -0.0349 V          ; 0.173 V                             ; 0.1 V                               ; 2.72e-10 s                 ; 2.69e-10 s                 ; Yes                       ; Yes                       ;
; PC[28]         ; 2.5 V        ; 0 s                 ; 0 s                 ; 2.62 V                       ; 2.74e-08 V                   ; 2.71 V              ; -0.0317 V           ; 0.148 V                              ; 0.064 V                              ; 4.51e-10 s                  ; 4.15e-10 s                  ; No                         ; Yes                        ; 2.62 V                      ; 2.74e-08 V                  ; 2.71 V             ; -0.0317 V          ; 0.148 V                             ; 0.064 V                             ; 4.51e-10 s                 ; 4.15e-10 s                 ; No                        ; Yes                       ;
; PC[27]         ; 2.5 V        ; 0 s                 ; 0 s                 ; 2.62 V                       ; 2.74e-08 V                   ; 2.71 V              ; -0.0317 V           ; 0.148 V                              ; 0.064 V                              ; 4.51e-10 s                  ; 4.15e-10 s                  ; No                         ; Yes                        ; 2.62 V                      ; 2.74e-08 V                  ; 2.71 V             ; -0.0317 V          ; 0.148 V                             ; 0.064 V                             ; 4.51e-10 s                 ; 4.15e-10 s                 ; No                        ; Yes                       ;
; PC[26]         ; 2.5 V        ; 0 s                 ; 0 s                 ; 2.62 V                       ; 4.05e-08 V                   ; 2.72 V              ; -0.0349 V           ; 0.173 V                              ; 0.1 V                                ; 2.72e-10 s                  ; 2.69e-10 s                  ; Yes                        ; Yes                        ; 2.62 V                      ; 4.05e-08 V                  ; 2.72 V             ; -0.0349 V          ; 0.173 V                             ; 0.1 V                               ; 2.72e-10 s                 ; 2.69e-10 s                 ; Yes                       ; Yes                       ;
; PC[25]         ; 2.5 V        ; 0 s                 ; 0 s                 ; 2.62 V                       ; 4.05e-08 V                   ; 2.72 V              ; -0.0349 V           ; 0.173 V                              ; 0.1 V                                ; 2.72e-10 s                  ; 2.69e-10 s                  ; Yes                        ; Yes                        ; 2.62 V                      ; 4.05e-08 V                  ; 2.72 V             ; -0.0349 V          ; 0.173 V                             ; 0.1 V                               ; 2.72e-10 s                 ; 2.69e-10 s                 ; Yes                       ; Yes                       ;
; PC[24]         ; 2.5 V        ; 0 s                 ; 0 s                 ; 2.62 V                       ; 2.74e-08 V                   ; 2.71 V              ; -0.0317 V           ; 0.148 V                              ; 0.064 V                              ; 4.51e-10 s                  ; 4.15e-10 s                  ; No                         ; Yes                        ; 2.62 V                      ; 2.74e-08 V                  ; 2.71 V             ; -0.0317 V          ; 0.148 V                             ; 0.064 V                             ; 4.51e-10 s                 ; 4.15e-10 s                 ; No                        ; Yes                       ;
; PC[23]         ; 2.5 V        ; 0 s                 ; 0 s                 ; 2.62 V                       ; 2.74e-08 V                   ; 2.71 V              ; -0.0317 V           ; 0.148 V                              ; 0.064 V                              ; 4.51e-10 s                  ; 4.15e-10 s                  ; No                         ; Yes                        ; 2.62 V                      ; 2.74e-08 V                  ; 2.71 V             ; -0.0317 V          ; 0.148 V                             ; 0.064 V                             ; 4.51e-10 s                 ; 4.15e-10 s                 ; No                        ; Yes                       ;
; PC[22]         ; 2.5 V        ; 0 s                 ; 0 s                 ; 2.62 V                       ; 2.74e-08 V                   ; 2.71 V              ; -0.0317 V           ; 0.148 V                              ; 0.064 V                              ; 4.51e-10 s                  ; 4.15e-10 s                  ; No                         ; Yes                        ; 2.62 V                      ; 2.74e-08 V                  ; 2.71 V             ; -0.0317 V          ; 0.148 V                             ; 0.064 V                             ; 4.51e-10 s                 ; 4.15e-10 s                 ; No                        ; Yes                       ;
; PC[21]         ; 2.5 V        ; 0 s                 ; 0 s                 ; 2.62 V                       ; 4.05e-08 V                   ; 2.72 V              ; -0.0349 V           ; 0.173 V                              ; 0.1 V                                ; 2.72e-10 s                  ; 2.69e-10 s                  ; Yes                        ; Yes                        ; 2.62 V                      ; 4.05e-08 V                  ; 2.72 V             ; -0.0349 V          ; 0.173 V                             ; 0.1 V                               ; 2.72e-10 s                 ; 2.69e-10 s                 ; Yes                       ; Yes                       ;
; PC[20]         ; 2.5 V        ; 0 s                 ; 0 s                 ; 2.62 V                       ; 2.74e-08 V                   ; 2.73 V              ; -0.0384 V           ; 0.169 V                              ; 0.089 V                              ; 2.7e-10 s                   ; 2.62e-10 s                  ; Yes                        ; Yes                        ; 2.62 V                      ; 2.74e-08 V                  ; 2.73 V             ; -0.0384 V          ; 0.169 V                             ; 0.089 V                             ; 2.7e-10 s                  ; 2.62e-10 s                 ; Yes                       ; Yes                       ;
; PC[19]         ; 2.5 V        ; 0 s                 ; 0 s                 ; 2.62 V                       ; 2.74e-08 V                   ; 2.71 V              ; -0.0317 V           ; 0.148 V                              ; 0.064 V                              ; 4.51e-10 s                  ; 4.15e-10 s                  ; No                         ; Yes                        ; 2.62 V                      ; 2.74e-08 V                  ; 2.71 V             ; -0.0317 V          ; 0.148 V                             ; 0.064 V                             ; 4.51e-10 s                 ; 4.15e-10 s                 ; No                        ; Yes                       ;
; PC[18]         ; 2.5 V        ; 0 s                 ; 0 s                 ; 2.62 V                       ; 2.74e-08 V                   ; 2.73 V              ; -0.0384 V           ; 0.169 V                              ; 0.089 V                              ; 2.7e-10 s                   ; 2.62e-10 s                  ; Yes                        ; Yes                        ; 2.62 V                      ; 2.74e-08 V                  ; 2.73 V             ; -0.0384 V          ; 0.169 V                             ; 0.089 V                             ; 2.7e-10 s                  ; 2.62e-10 s                 ; Yes                       ; Yes                       ;
; PC[17]         ; 2.5 V        ; 0 s                 ; 0 s                 ; 2.62 V                       ; 2.74e-08 V                   ; 2.71 V              ; -0.0317 V           ; 0.148 V                              ; 0.064 V                              ; 4.51e-10 s                  ; 4.15e-10 s                  ; No                         ; Yes                        ; 2.62 V                      ; 2.74e-08 V                  ; 2.71 V             ; -0.0317 V          ; 0.148 V                             ; 0.064 V                             ; 4.51e-10 s                 ; 4.15e-10 s                 ; No                        ; Yes                       ;
; PC[16]         ; 2.5 V        ; 0 s                 ; 0 s                 ; 2.62 V                       ; 4.05e-08 V                   ; 2.72 V              ; -0.0349 V           ; 0.173 V                              ; 0.1 V                                ; 2.72e-10 s                  ; 2.69e-10 s                  ; Yes                        ; Yes                        ; 2.62 V                      ; 4.05e-08 V                  ; 2.72 V             ; -0.0349 V          ; 0.173 V                             ; 0.1 V                               ; 2.72e-10 s                 ; 2.69e-10 s                 ; Yes                       ; Yes                       ;
; PC[15]         ; 2.5 V        ; 0 s                 ; 0 s                 ; 2.62 V                       ; 2.74e-08 V                   ; 2.71 V              ; -0.0317 V           ; 0.148 V                              ; 0.064 V                              ; 4.51e-10 s                  ; 4.15e-10 s                  ; No                         ; Yes                        ; 2.62 V                      ; 2.74e-08 V                  ; 2.71 V             ; -0.0317 V          ; 0.148 V                             ; 0.064 V                             ; 4.51e-10 s                 ; 4.15e-10 s                 ; No                        ; Yes                       ;
; PC[14]         ; 2.5 V        ; 0 s                 ; 0 s                 ; 2.62 V                       ; 2.74e-08 V                   ; 2.71 V              ; -0.0317 V           ; 0.148 V                              ; 0.064 V                              ; 4.51e-10 s                  ; 4.15e-10 s                  ; No                         ; Yes                        ; 2.62 V                      ; 2.74e-08 V                  ; 2.71 V             ; -0.0317 V          ; 0.148 V                             ; 0.064 V                             ; 4.51e-10 s                 ; 4.15e-10 s                 ; No                        ; Yes                       ;
; PC[13]         ; 2.5 V        ; 0 s                 ; 0 s                 ; 2.62 V                       ; 2.74e-08 V                   ; 2.71 V              ; -0.0317 V           ; 0.148 V                              ; 0.064 V                              ; 4.51e-10 s                  ; 4.15e-10 s                  ; No                         ; Yes                        ; 2.62 V                      ; 2.74e-08 V                  ; 2.71 V             ; -0.0317 V          ; 0.148 V                             ; 0.064 V                             ; 4.51e-10 s                 ; 4.15e-10 s                 ; No                        ; Yes                       ;
; PC[12]         ; 2.5 V        ; 0 s                 ; 0 s                 ; 2.62 V                       ; 4.05e-08 V                   ; 2.72 V              ; -0.0349 V           ; 0.173 V                              ; 0.1 V                                ; 2.72e-10 s                  ; 2.69e-10 s                  ; Yes                        ; Yes                        ; 2.62 V                      ; 4.05e-08 V                  ; 2.72 V             ; -0.0349 V          ; 0.173 V                             ; 0.1 V                               ; 2.72e-10 s                 ; 2.69e-10 s                 ; Yes                       ; Yes                       ;
; PC[11]         ; 2.5 V        ; 0 s                 ; 0 s                 ; 2.62 V                       ; 4.05e-08 V                   ; 2.72 V              ; -0.0349 V           ; 0.173 V                              ; 0.1 V                                ; 2.72e-10 s                  ; 2.69e-10 s                  ; Yes                        ; Yes                        ; 2.62 V                      ; 4.05e-08 V                  ; 2.72 V             ; -0.0349 V          ; 0.173 V                             ; 0.1 V                               ; 2.72e-10 s                 ; 2.69e-10 s                 ; Yes                       ; Yes                       ;
; PC[10]         ; 2.5 V        ; 0 s                 ; 0 s                 ; 2.62 V                       ; 4.05e-08 V                   ; 2.72 V              ; -0.0349 V           ; 0.173 V                              ; 0.1 V                                ; 2.72e-10 s                  ; 2.69e-10 s                  ; Yes                        ; Yes                        ; 2.62 V                      ; 4.05e-08 V                  ; 2.72 V             ; -0.0349 V          ; 0.173 V                             ; 0.1 V                               ; 2.72e-10 s                 ; 2.69e-10 s                 ; Yes                       ; Yes                       ;
; PC[9]          ; 2.5 V        ; 0 s                 ; 0 s                 ; 2.62 V                       ; 2.74e-08 V                   ; 2.71 V              ; -0.0317 V           ; 0.148 V                              ; 0.064 V                              ; 4.51e-10 s                  ; 4.15e-10 s                  ; No                         ; Yes                        ; 2.62 V                      ; 2.74e-08 V                  ; 2.71 V             ; -0.0317 V          ; 0.148 V                             ; 0.064 V                             ; 4.51e-10 s                 ; 4.15e-10 s                 ; No                        ; Yes                       ;
; PC[8]          ; 2.5 V        ; 0 s                 ; 0 s                 ; 2.62 V                       ; 4.05e-08 V                   ; 2.72 V              ; -0.0349 V           ; 0.173 V                              ; 0.1 V                                ; 2.72e-10 s                  ; 2.69e-10 s                  ; Yes                        ; Yes                        ; 2.62 V                      ; 4.05e-08 V                  ; 2.72 V             ; -0.0349 V          ; 0.173 V                             ; 0.1 V                               ; 2.72e-10 s                 ; 2.69e-10 s                 ; Yes                       ; Yes                       ;
; PC[7]          ; 2.5 V        ; 0 s                 ; 0 s                 ; 2.62 V                       ; 4.05e-08 V                   ; 2.72 V              ; -0.0349 V           ; 0.173 V                              ; 0.1 V                                ; 2.72e-10 s                  ; 2.69e-10 s                  ; Yes                        ; Yes                        ; 2.62 V                      ; 4.05e-08 V                  ; 2.72 V             ; -0.0349 V          ; 0.173 V                             ; 0.1 V                               ; 2.72e-10 s                 ; 2.69e-10 s                 ; Yes                       ; Yes                       ;
; PC[6]          ; 2.5 V        ; 0 s                 ; 0 s                 ; 2.62 V                       ; 4.05e-08 V                   ; 2.72 V              ; -0.0349 V           ; 0.173 V                              ; 0.1 V                                ; 2.72e-10 s                  ; 2.69e-10 s                  ; Yes                        ; Yes                        ; 2.62 V                      ; 4.05e-08 V                  ; 2.72 V             ; -0.0349 V          ; 0.173 V                             ; 0.1 V                               ; 2.72e-10 s                 ; 2.69e-10 s                 ; Yes                       ; Yes                       ;
; PC[5]          ; 2.5 V        ; 0 s                 ; 0 s                 ; 2.62 V                       ; 4.05e-08 V                   ; 2.72 V              ; -0.0349 V           ; 0.173 V                              ; 0.1 V                                ; 2.72e-10 s                  ; 2.69e-10 s                  ; Yes                        ; Yes                        ; 2.62 V                      ; 4.05e-08 V                  ; 2.72 V             ; -0.0349 V          ; 0.173 V                             ; 0.1 V                               ; 2.72e-10 s                 ; 2.69e-10 s                 ; Yes                       ; Yes                       ;
; PC[4]          ; 2.5 V        ; 0 s                 ; 0 s                 ; 2.62 V                       ; 4.05e-08 V                   ; 2.72 V              ; -0.0349 V           ; 0.173 V                              ; 0.1 V                                ; 2.72e-10 s                  ; 2.69e-10 s                  ; Yes                        ; Yes                        ; 2.62 V                      ; 4.05e-08 V                  ; 2.72 V             ; -0.0349 V          ; 0.173 V                             ; 0.1 V                               ; 2.72e-10 s                 ; 2.69e-10 s                 ; Yes                       ; Yes                       ;
; PC[3]          ; 2.5 V        ; 0 s                 ; 0 s                 ; 2.62 V                       ; 4.05e-08 V                   ; 2.72 V              ; -0.0349 V           ; 0.173 V                              ; 0.1 V                                ; 2.72e-10 s                  ; 2.69e-10 s                  ; Yes                        ; Yes                        ; 2.62 V                      ; 4.05e-08 V                  ; 2.72 V             ; -0.0349 V          ; 0.173 V                             ; 0.1 V                               ; 2.72e-10 s                 ; 2.69e-10 s                 ; Yes                       ; Yes                       ;
; PC[2]          ; 2.5 V        ; 0 s                 ; 0 s                 ; 2.62 V                       ; 4.05e-08 V                   ; 2.72 V              ; -0.0349 V           ; 0.173 V                              ; 0.1 V                                ; 2.72e-10 s                  ; 2.69e-10 s                  ; Yes                        ; Yes                        ; 2.62 V                      ; 4.05e-08 V                  ; 2.72 V             ; -0.0349 V          ; 0.173 V                             ; 0.1 V                               ; 2.72e-10 s                 ; 2.69e-10 s                 ; Yes                       ; Yes                       ;
; PC[1]          ; 2.5 V        ; 0 s                 ; 0 s                 ; 2.62 V                       ; 2.74e-08 V                   ; 2.71 V              ; -0.0317 V           ; 0.148 V                              ; 0.064 V                              ; 4.51e-10 s                  ; 4.15e-10 s                  ; No                         ; Yes                        ; 2.62 V                      ; 2.74e-08 V                  ; 2.71 V             ; -0.0317 V          ; 0.148 V                             ; 0.064 V                             ; 4.51e-10 s                 ; 4.15e-10 s                 ; No                        ; Yes                       ;
; PC[0]          ; 2.5 V        ; 0 s                 ; 0 s                 ; 2.62 V                       ; 4.05e-08 V                   ; 2.72 V              ; -0.0349 V           ; 0.173 V                              ; 0.1 V                                ; 2.72e-10 s                  ; 2.69e-10 s                  ; Yes                        ; Yes                        ; 2.62 V                      ; 4.05e-08 V                  ; 2.72 V             ; -0.0349 V          ; 0.173 V                             ; 0.1 V                               ; 2.72e-10 s                 ; 2.69e-10 s                 ; Yes                       ; Yes                       ;
; RD1[31]        ; 2.5 V        ; 0 s                 ; 0 s                 ; 2.62 V                       ; 2.74e-08 V                   ; 2.71 V              ; -0.0317 V           ; 0.148 V                              ; 0.064 V                              ; 4.51e-10 s                  ; 4.15e-10 s                  ; No                         ; Yes                        ; 2.62 V                      ; 2.74e-08 V                  ; 2.71 V             ; -0.0317 V          ; 0.148 V                             ; 0.064 V                             ; 4.51e-10 s                 ; 4.15e-10 s                 ; No                        ; Yes                       ;
; RD1[30]        ; 2.5 V        ; 0 s                 ; 0 s                 ; 2.62 V                       ; 2.74e-08 V                   ; 2.71 V              ; -0.0317 V           ; 0.148 V                              ; 0.064 V                              ; 4.51e-10 s                  ; 4.15e-10 s                  ; No                         ; Yes                        ; 2.62 V                      ; 2.74e-08 V                  ; 2.71 V             ; -0.0317 V          ; 0.148 V                             ; 0.064 V                             ; 4.51e-10 s                 ; 4.15e-10 s                 ; No                        ; Yes                       ;
; RD1[29]        ; 2.5 V        ; 0 s                 ; 0 s                 ; 2.62 V                       ; 4.05e-08 V                   ; 2.72 V              ; -0.0349 V           ; 0.173 V                              ; 0.1 V                                ; 2.72e-10 s                  ; 2.69e-10 s                  ; Yes                        ; Yes                        ; 2.62 V                      ; 4.05e-08 V                  ; 2.72 V             ; -0.0349 V          ; 0.173 V                             ; 0.1 V                               ; 2.72e-10 s                 ; 2.69e-10 s                 ; Yes                       ; Yes                       ;
; RD1[28]        ; 2.5 V        ; 0 s                 ; 0 s                 ; 2.62 V                       ; 2.74e-08 V                   ; 2.71 V              ; -0.0317 V           ; 0.148 V                              ; 0.064 V                              ; 4.51e-10 s                  ; 4.15e-10 s                  ; No                         ; Yes                        ; 2.62 V                      ; 2.74e-08 V                  ; 2.71 V             ; -0.0317 V          ; 0.148 V                             ; 0.064 V                             ; 4.51e-10 s                 ; 4.15e-10 s                 ; No                        ; Yes                       ;
; RD1[27]        ; 2.5 V        ; 0 s                 ; 0 s                 ; 2.62 V                       ; 4.05e-08 V                   ; 2.72 V              ; -0.0349 V           ; 0.173 V                              ; 0.1 V                                ; 2.72e-10 s                  ; 2.69e-10 s                  ; Yes                        ; Yes                        ; 2.62 V                      ; 4.05e-08 V                  ; 2.72 V             ; -0.0349 V          ; 0.173 V                             ; 0.1 V                               ; 2.72e-10 s                 ; 2.69e-10 s                 ; Yes                       ; Yes                       ;
; RD1[26]        ; 2.5 V        ; 0 s                 ; 0 s                 ; 2.62 V                       ; 2.74e-08 V                   ; 2.71 V              ; -0.0317 V           ; 0.148 V                              ; 0.064 V                              ; 4.51e-10 s                  ; 4.15e-10 s                  ; No                         ; Yes                        ; 2.62 V                      ; 2.74e-08 V                  ; 2.71 V             ; -0.0317 V          ; 0.148 V                             ; 0.064 V                             ; 4.51e-10 s                 ; 4.15e-10 s                 ; No                        ; Yes                       ;
; RD1[25]        ; 2.5 V        ; 0 s                 ; 0 s                 ; 2.62 V                       ; 4.05e-08 V                   ; 2.72 V              ; -0.0349 V           ; 0.173 V                              ; 0.1 V                                ; 2.72e-10 s                  ; 2.69e-10 s                  ; Yes                        ; Yes                        ; 2.62 V                      ; 4.05e-08 V                  ; 2.72 V             ; -0.0349 V          ; 0.173 V                             ; 0.1 V                               ; 2.72e-10 s                 ; 2.69e-10 s                 ; Yes                       ; Yes                       ;
; RD1[24]        ; 2.5 V        ; 0 s                 ; 0 s                 ; 2.62 V                       ; 2.74e-08 V                   ; 2.71 V              ; -0.0317 V           ; 0.148 V                              ; 0.064 V                              ; 4.51e-10 s                  ; 4.15e-10 s                  ; No                         ; Yes                        ; 2.62 V                      ; 2.74e-08 V                  ; 2.71 V             ; -0.0317 V          ; 0.148 V                             ; 0.064 V                             ; 4.51e-10 s                 ; 4.15e-10 s                 ; No                        ; Yes                       ;
; RD1[23]        ; 2.5 V        ; 0 s                 ; 0 s                 ; 2.62 V                       ; 2.74e-08 V                   ; 2.71 V              ; -0.0317 V           ; 0.148 V                              ; 0.064 V                              ; 4.51e-10 s                  ; 4.15e-10 s                  ; No                         ; Yes                        ; 2.62 V                      ; 2.74e-08 V                  ; 2.71 V             ; -0.0317 V          ; 0.148 V                             ; 0.064 V                             ; 4.51e-10 s                 ; 4.15e-10 s                 ; No                        ; Yes                       ;
; RD1[22]        ; 2.5 V        ; 0 s                 ; 0 s                 ; 2.62 V                       ; 2.74e-08 V                   ; 2.71 V              ; -0.0317 V           ; 0.148 V                              ; 0.064 V                              ; 4.51e-10 s                  ; 4.15e-10 s                  ; No                         ; Yes                        ; 2.62 V                      ; 2.74e-08 V                  ; 2.71 V             ; -0.0317 V          ; 0.148 V                             ; 0.064 V                             ; 4.51e-10 s                 ; 4.15e-10 s                 ; No                        ; Yes                       ;
; RD1[21]        ; 2.5 V        ; 0 s                 ; 0 s                 ; 2.62 V                       ; 2.74e-08 V                   ; 2.71 V              ; -0.0317 V           ; 0.148 V                              ; 0.064 V                              ; 4.51e-10 s                  ; 4.15e-10 s                  ; No                         ; Yes                        ; 2.62 V                      ; 2.74e-08 V                  ; 2.71 V             ; -0.0317 V          ; 0.148 V                             ; 0.064 V                             ; 4.51e-10 s                 ; 4.15e-10 s                 ; No                        ; Yes                       ;
; RD1[20]        ; 2.5 V        ; 0 s                 ; 0 s                 ; 2.62 V                       ; 2.74e-08 V                   ; 2.73 V              ; -0.0384 V           ; 0.169 V                              ; 0.089 V                              ; 2.7e-10 s                   ; 2.62e-10 s                  ; Yes                        ; Yes                        ; 2.62 V                      ; 2.74e-08 V                  ; 2.73 V             ; -0.0384 V          ; 0.169 V                             ; 0.089 V                             ; 2.7e-10 s                  ; 2.62e-10 s                 ; Yes                       ; Yes                       ;
; RD1[19]        ; 2.5 V        ; 0 s                 ; 0 s                 ; 2.62 V                       ; 4.05e-08 V                   ; 2.72 V              ; -0.0349 V           ; 0.173 V                              ; 0.1 V                                ; 2.72e-10 s                  ; 2.69e-10 s                  ; Yes                        ; Yes                        ; 2.62 V                      ; 4.05e-08 V                  ; 2.72 V             ; -0.0349 V          ; 0.173 V                             ; 0.1 V                               ; 2.72e-10 s                 ; 2.69e-10 s                 ; Yes                       ; Yes                       ;
; RD1[18]        ; 2.5 V        ; 0 s                 ; 0 s                 ; 2.62 V                       ; 2.74e-08 V                   ; 2.71 V              ; -0.0317 V           ; 0.148 V                              ; 0.064 V                              ; 4.51e-10 s                  ; 4.15e-10 s                  ; No                         ; Yes                        ; 2.62 V                      ; 2.74e-08 V                  ; 2.71 V             ; -0.0317 V          ; 0.148 V                             ; 0.064 V                             ; 4.51e-10 s                 ; 4.15e-10 s                 ; No                        ; Yes                       ;
; RD1[17]        ; 2.5 V        ; 0 s                 ; 0 s                 ; 2.62 V                       ; 2.74e-08 V                   ; 2.71 V              ; -0.0317 V           ; 0.148 V                              ; 0.064 V                              ; 4.51e-10 s                  ; 4.15e-10 s                  ; No                         ; Yes                        ; 2.62 V                      ; 2.74e-08 V                  ; 2.71 V             ; -0.0317 V          ; 0.148 V                             ; 0.064 V                             ; 4.51e-10 s                 ; 4.15e-10 s                 ; No                        ; Yes                       ;
; RD1[16]        ; 2.5 V        ; 0 s                 ; 0 s                 ; 2.62 V                       ; 2.74e-08 V                   ; 2.71 V              ; -0.0317 V           ; 0.148 V                              ; 0.064 V                              ; 4.51e-10 s                  ; 4.15e-10 s                  ; No                         ; Yes                        ; 2.62 V                      ; 2.74e-08 V                  ; 2.71 V             ; -0.0317 V          ; 0.148 V                             ; 0.064 V                             ; 4.51e-10 s                 ; 4.15e-10 s                 ; No                        ; Yes                       ;
; RD1[15]        ; 2.5 V        ; 0 s                 ; 0 s                 ; 2.62 V                       ; 2.74e-08 V                   ; 2.71 V              ; -0.0317 V           ; 0.148 V                              ; 0.064 V                              ; 4.51e-10 s                  ; 4.15e-10 s                  ; No                         ; Yes                        ; 2.62 V                      ; 2.74e-08 V                  ; 2.71 V             ; -0.0317 V          ; 0.148 V                             ; 0.064 V                             ; 4.51e-10 s                 ; 4.15e-10 s                 ; No                        ; Yes                       ;
; RD1[14]        ; 2.5 V        ; 0 s                 ; 0 s                 ; 2.62 V                       ; 2.74e-08 V                   ; 2.71 V              ; -0.0317 V           ; 0.148 V                              ; 0.064 V                              ; 4.51e-10 s                  ; 4.15e-10 s                  ; No                         ; Yes                        ; 2.62 V                      ; 2.74e-08 V                  ; 2.71 V             ; -0.0317 V          ; 0.148 V                             ; 0.064 V                             ; 4.51e-10 s                 ; 4.15e-10 s                 ; No                        ; Yes                       ;
; RD1[13]        ; 2.5 V        ; 0 s                 ; 0 s                 ; 2.62 V                       ; 2.74e-08 V                   ; 2.71 V              ; -0.0317 V           ; 0.148 V                              ; 0.064 V                              ; 4.51e-10 s                  ; 4.15e-10 s                  ; No                         ; Yes                        ; 2.62 V                      ; 2.74e-08 V                  ; 2.71 V             ; -0.0317 V          ; 0.148 V                             ; 0.064 V                             ; 4.51e-10 s                 ; 4.15e-10 s                 ; No                        ; Yes                       ;
; RD1[12]        ; 2.5 V        ; 0 s                 ; 0 s                 ; 2.62 V                       ; 2.74e-08 V                   ; 2.71 V              ; -0.0317 V           ; 0.148 V                              ; 0.064 V                              ; 4.51e-10 s                  ; 4.15e-10 s                  ; No                         ; Yes                        ; 2.62 V                      ; 2.74e-08 V                  ; 2.71 V             ; -0.0317 V          ; 0.148 V                             ; 0.064 V                             ; 4.51e-10 s                 ; 4.15e-10 s                 ; No                        ; Yes                       ;
; RD1[11]        ; 2.5 V        ; 0 s                 ; 0 s                 ; 2.62 V                       ; 2.74e-08 V                   ; 2.71 V              ; -0.0317 V           ; 0.148 V                              ; 0.064 V                              ; 4.51e-10 s                  ; 4.15e-10 s                  ; No                         ; Yes                        ; 2.62 V                      ; 2.74e-08 V                  ; 2.71 V             ; -0.0317 V          ; 0.148 V                             ; 0.064 V                             ; 4.51e-10 s                 ; 4.15e-10 s                 ; No                        ; Yes                       ;
; RD1[10]        ; 2.5 V        ; 0 s                 ; 0 s                 ; 2.62 V                       ; 2.74e-08 V                   ; 2.71 V              ; -0.0317 V           ; 0.148 V                              ; 0.064 V                              ; 4.51e-10 s                  ; 4.15e-10 s                  ; No                         ; Yes                        ; 2.62 V                      ; 2.74e-08 V                  ; 2.71 V             ; -0.0317 V          ; 0.148 V                             ; 0.064 V                             ; 4.51e-10 s                 ; 4.15e-10 s                 ; No                        ; Yes                       ;
; RD1[9]         ; 2.5 V        ; 0 s                 ; 0 s                 ; 2.62 V                       ; 2.74e-08 V                   ; 2.64 V              ; -0.0117 V           ; 0.202 V                              ; 0.176 V                              ; 2.38e-09 s                  ; 2.22e-09 s                  ; No                         ; Yes                        ; 2.62 V                      ; 2.74e-08 V                  ; 2.64 V             ; -0.0117 V          ; 0.202 V                             ; 0.176 V                             ; 2.38e-09 s                 ; 2.22e-09 s                 ; No                        ; Yes                       ;
; RD1[8]         ; 2.5 V        ; 0 s                 ; 0 s                 ; 2.62 V                       ; 2.74e-08 V                   ; 2.71 V              ; -0.0317 V           ; 0.148 V                              ; 0.064 V                              ; 4.51e-10 s                  ; 4.15e-10 s                  ; No                         ; Yes                        ; 2.62 V                      ; 2.74e-08 V                  ; 2.71 V             ; -0.0317 V          ; 0.148 V                             ; 0.064 V                             ; 4.51e-10 s                 ; 4.15e-10 s                 ; No                        ; Yes                       ;
; RD1[7]         ; 2.5 V        ; 0 s                 ; 0 s                 ; 2.62 V                       ; 2.74e-08 V                   ; 2.71 V              ; -0.0317 V           ; 0.148 V                              ; 0.064 V                              ; 4.51e-10 s                  ; 4.15e-10 s                  ; No                         ; Yes                        ; 2.62 V                      ; 2.74e-08 V                  ; 2.71 V             ; -0.0317 V          ; 0.148 V                             ; 0.064 V                             ; 4.51e-10 s                 ; 4.15e-10 s                 ; No                        ; Yes                       ;
; RD1[6]         ; 2.5 V        ; 0 s                 ; 0 s                 ; 2.62 V                       ; 4.05e-08 V                   ; 2.72 V              ; -0.0349 V           ; 0.173 V                              ; 0.1 V                                ; 2.72e-10 s                  ; 2.69e-10 s                  ; Yes                        ; Yes                        ; 2.62 V                      ; 4.05e-08 V                  ; 2.72 V             ; -0.0349 V          ; 0.173 V                             ; 0.1 V                               ; 2.72e-10 s                 ; 2.69e-10 s                 ; Yes                       ; Yes                       ;
; RD1[5]         ; 2.5 V        ; 0 s                 ; 0 s                 ; 2.62 V                       ; 2.74e-08 V                   ; 2.71 V              ; -0.0317 V           ; 0.148 V                              ; 0.064 V                              ; 4.51e-10 s                  ; 4.15e-10 s                  ; No                         ; Yes                        ; 2.62 V                      ; 2.74e-08 V                  ; 2.71 V             ; -0.0317 V          ; 0.148 V                             ; 0.064 V                             ; 4.51e-10 s                 ; 4.15e-10 s                 ; No                        ; Yes                       ;
; RD1[4]         ; 2.5 V        ; 0 s                 ; 0 s                 ; 2.62 V                       ; 2.74e-08 V                   ; 2.71 V              ; -0.0317 V           ; 0.148 V                              ; 0.064 V                              ; 4.51e-10 s                  ; 4.15e-10 s                  ; No                         ; Yes                        ; 2.62 V                      ; 2.74e-08 V                  ; 2.71 V             ; -0.0317 V          ; 0.148 V                             ; 0.064 V                             ; 4.51e-10 s                 ; 4.15e-10 s                 ; No                        ; Yes                       ;
; RD1[3]         ; 2.5 V        ; 0 s                 ; 0 s                 ; 2.62 V                       ; 2.74e-08 V                   ; 2.73 V              ; -0.0384 V           ; 0.169 V                              ; 0.089 V                              ; 2.7e-10 s                   ; 2.62e-10 s                  ; Yes                        ; Yes                        ; 2.62 V                      ; 2.74e-08 V                  ; 2.73 V             ; -0.0384 V          ; 0.169 V                             ; 0.089 V                             ; 2.7e-10 s                  ; 2.62e-10 s                 ; Yes                       ; Yes                       ;
; RD1[2]         ; 2.5 V        ; 0 s                 ; 0 s                 ; 2.62 V                       ; 2.74e-08 V                   ; 2.71 V              ; -0.0317 V           ; 0.148 V                              ; 0.064 V                              ; 4.51e-10 s                  ; 4.15e-10 s                  ; No                         ; Yes                        ; 2.62 V                      ; 2.74e-08 V                  ; 2.71 V             ; -0.0317 V          ; 0.148 V                             ; 0.064 V                             ; 4.51e-10 s                 ; 4.15e-10 s                 ; No                        ; Yes                       ;
; RD1[1]         ; 2.5 V        ; 0 s                 ; 0 s                 ; 2.62 V                       ; 2.74e-08 V                   ; 2.71 V              ; -0.0317 V           ; 0.148 V                              ; 0.064 V                              ; 4.51e-10 s                  ; 4.15e-10 s                  ; No                         ; Yes                        ; 2.62 V                      ; 2.74e-08 V                  ; 2.71 V             ; -0.0317 V          ; 0.148 V                             ; 0.064 V                             ; 4.51e-10 s                 ; 4.15e-10 s                 ; No                        ; Yes                       ;
; RD1[0]         ; 2.5 V        ; 0 s                 ; 0 s                 ; 2.62 V                       ; 2.74e-08 V                   ; 2.71 V              ; -0.0317 V           ; 0.148 V                              ; 0.064 V                              ; 4.51e-10 s                  ; 4.15e-10 s                  ; No                         ; Yes                        ; 2.62 V                      ; 2.74e-08 V                  ; 2.71 V             ; -0.0317 V          ; 0.148 V                             ; 0.064 V                             ; 4.51e-10 s                 ; 4.15e-10 s                 ; No                        ; Yes                       ;
; RD2[31]        ; 2.5 V        ; 0 s                 ; 0 s                 ; 2.62 V                       ; 4.05e-08 V                   ; 2.72 V              ; -0.0349 V           ; 0.173 V                              ; 0.1 V                                ; 2.72e-10 s                  ; 2.69e-10 s                  ; Yes                        ; Yes                        ; 2.62 V                      ; 4.05e-08 V                  ; 2.72 V             ; -0.0349 V          ; 0.173 V                             ; 0.1 V                               ; 2.72e-10 s                 ; 2.69e-10 s                 ; Yes                       ; Yes                       ;
; RD2[30]        ; 2.5 V        ; 0 s                 ; 0 s                 ; 2.62 V                       ; 4.05e-08 V                   ; 2.72 V              ; -0.0349 V           ; 0.173 V                              ; 0.1 V                                ; 2.72e-10 s                  ; 2.69e-10 s                  ; Yes                        ; Yes                        ; 2.62 V                      ; 4.05e-08 V                  ; 2.72 V             ; -0.0349 V          ; 0.173 V                             ; 0.1 V                               ; 2.72e-10 s                 ; 2.69e-10 s                 ; Yes                       ; Yes                       ;
; RD2[29]        ; 2.5 V        ; 0 s                 ; 0 s                 ; 2.62 V                       ; 4.05e-08 V                   ; 2.64 V              ; -0.0113 V           ; 0.208 V                              ; 0.179 V                              ; 2.38e-09 s                  ; 2.23e-09 s                  ; No                         ; Yes                        ; 2.62 V                      ; 4.05e-08 V                  ; 2.64 V             ; -0.0113 V          ; 0.208 V                             ; 0.179 V                             ; 2.38e-09 s                 ; 2.23e-09 s                 ; No                        ; Yes                       ;
; RD2[28]        ; 2.5 V        ; 0 s                 ; 0 s                 ; 2.62 V                       ; 4.05e-08 V                   ; 2.72 V              ; -0.0349 V           ; 0.173 V                              ; 0.1 V                                ; 2.72e-10 s                  ; 2.69e-10 s                  ; Yes                        ; Yes                        ; 2.62 V                      ; 4.05e-08 V                  ; 2.72 V             ; -0.0349 V          ; 0.173 V                             ; 0.1 V                               ; 2.72e-10 s                 ; 2.69e-10 s                 ; Yes                       ; Yes                       ;
; RD2[27]        ; 2.5 V        ; 0 s                 ; 0 s                 ; 2.62 V                       ; 2.74e-08 V                   ; 2.71 V              ; -0.0317 V           ; 0.148 V                              ; 0.064 V                              ; 4.51e-10 s                  ; 4.15e-10 s                  ; No                         ; Yes                        ; 2.62 V                      ; 2.74e-08 V                  ; 2.71 V             ; -0.0317 V          ; 0.148 V                             ; 0.064 V                             ; 4.51e-10 s                 ; 4.15e-10 s                 ; No                        ; Yes                       ;
; RD2[26]        ; 2.5 V        ; 0 s                 ; 0 s                 ; 2.62 V                       ; 4.05e-08 V                   ; 2.72 V              ; -0.0349 V           ; 0.173 V                              ; 0.1 V                                ; 2.72e-10 s                  ; 2.69e-10 s                  ; Yes                        ; Yes                        ; 2.62 V                      ; 4.05e-08 V                  ; 2.72 V             ; -0.0349 V          ; 0.173 V                             ; 0.1 V                               ; 2.72e-10 s                 ; 2.69e-10 s                 ; Yes                       ; Yes                       ;
; RD2[25]        ; 2.5 V        ; 0 s                 ; 0 s                 ; 2.62 V                       ; 4.05e-08 V                   ; 2.72 V              ; -0.0349 V           ; 0.173 V                              ; 0.1 V                                ; 2.72e-10 s                  ; 2.69e-10 s                  ; Yes                        ; Yes                        ; 2.62 V                      ; 4.05e-08 V                  ; 2.72 V             ; -0.0349 V          ; 0.173 V                             ; 0.1 V                               ; 2.72e-10 s                 ; 2.69e-10 s                 ; Yes                       ; Yes                       ;
; RD2[24]        ; 2.5 V        ; 0 s                 ; 0 s                 ; 2.62 V                       ; 2.74e-08 V                   ; 2.71 V              ; -0.0317 V           ; 0.148 V                              ; 0.064 V                              ; 4.51e-10 s                  ; 4.15e-10 s                  ; No                         ; Yes                        ; 2.62 V                      ; 2.74e-08 V                  ; 2.71 V             ; -0.0317 V          ; 0.148 V                             ; 0.064 V                             ; 4.51e-10 s                 ; 4.15e-10 s                 ; No                        ; Yes                       ;
; RD2[23]        ; 2.5 V        ; 0 s                 ; 0 s                 ; 2.62 V                       ; 4.05e-08 V                   ; 2.72 V              ; -0.0349 V           ; 0.173 V                              ; 0.1 V                                ; 2.72e-10 s                  ; 2.69e-10 s                  ; Yes                        ; Yes                        ; 2.62 V                      ; 4.05e-08 V                  ; 2.72 V             ; -0.0349 V          ; 0.173 V                             ; 0.1 V                               ; 2.72e-10 s                 ; 2.69e-10 s                 ; Yes                       ; Yes                       ;
; RD2[22]        ; 2.5 V        ; 0 s                 ; 0 s                 ; 2.62 V                       ; 4.05e-08 V                   ; 2.72 V              ; -0.0349 V           ; 0.173 V                              ; 0.1 V                                ; 2.72e-10 s                  ; 2.69e-10 s                  ; Yes                        ; Yes                        ; 2.62 V                      ; 4.05e-08 V                  ; 2.72 V             ; -0.0349 V          ; 0.173 V                             ; 0.1 V                               ; 2.72e-10 s                 ; 2.69e-10 s                 ; Yes                       ; Yes                       ;
; RD2[21]        ; 2.5 V        ; 0 s                 ; 0 s                 ; 2.62 V                       ; 2.74e-08 V                   ; 2.71 V              ; -0.0317 V           ; 0.148 V                              ; 0.064 V                              ; 4.51e-10 s                  ; 4.15e-10 s                  ; No                         ; Yes                        ; 2.62 V                      ; 2.74e-08 V                  ; 2.71 V             ; -0.0317 V          ; 0.148 V                             ; 0.064 V                             ; 4.51e-10 s                 ; 4.15e-10 s                 ; No                        ; Yes                       ;
; RD2[20]        ; 2.5 V        ; 0 s                 ; 0 s                 ; 2.62 V                       ; 4.05e-08 V                   ; 2.72 V              ; -0.0349 V           ; 0.173 V                              ; 0.1 V                                ; 2.72e-10 s                  ; 2.69e-10 s                  ; Yes                        ; Yes                        ; 2.62 V                      ; 4.05e-08 V                  ; 2.72 V             ; -0.0349 V          ; 0.173 V                             ; 0.1 V                               ; 2.72e-10 s                 ; 2.69e-10 s                 ; Yes                       ; Yes                       ;
; RD2[19]        ; 2.5 V        ; 0 s                 ; 0 s                 ; 2.62 V                       ; 2.74e-08 V                   ; 2.71 V              ; -0.0317 V           ; 0.148 V                              ; 0.064 V                              ; 4.51e-10 s                  ; 4.15e-10 s                  ; No                         ; Yes                        ; 2.62 V                      ; 2.74e-08 V                  ; 2.71 V             ; -0.0317 V          ; 0.148 V                             ; 0.064 V                             ; 4.51e-10 s                 ; 4.15e-10 s                 ; No                        ; Yes                       ;
; RD2[18]        ; 2.5 V        ; 0 s                 ; 0 s                 ; 2.62 V                       ; 4.05e-08 V                   ; 2.72 V              ; -0.0349 V           ; 0.173 V                              ; 0.1 V                                ; 2.72e-10 s                  ; 2.69e-10 s                  ; Yes                        ; Yes                        ; 2.62 V                      ; 4.05e-08 V                  ; 2.72 V             ; -0.0349 V          ; 0.173 V                             ; 0.1 V                               ; 2.72e-10 s                 ; 2.69e-10 s                 ; Yes                       ; Yes                       ;
; RD2[17]        ; 2.5 V        ; 0 s                 ; 0 s                 ; 2.62 V                       ; 2.74e-08 V                   ; 2.71 V              ; -0.0317 V           ; 0.148 V                              ; 0.064 V                              ; 4.51e-10 s                  ; 4.15e-10 s                  ; No                         ; Yes                        ; 2.62 V                      ; 2.74e-08 V                  ; 2.71 V             ; -0.0317 V          ; 0.148 V                             ; 0.064 V                             ; 4.51e-10 s                 ; 4.15e-10 s                 ; No                        ; Yes                       ;
; RD2[16]        ; 2.5 V        ; 0 s                 ; 0 s                 ; 2.62 V                       ; 4.05e-08 V                   ; 2.72 V              ; -0.0349 V           ; 0.173 V                              ; 0.1 V                                ; 2.72e-10 s                  ; 2.69e-10 s                  ; Yes                        ; Yes                        ; 2.62 V                      ; 4.05e-08 V                  ; 2.72 V             ; -0.0349 V          ; 0.173 V                             ; 0.1 V                               ; 2.72e-10 s                 ; 2.69e-10 s                 ; Yes                       ; Yes                       ;
; RD2[15]        ; 2.5 V        ; 0 s                 ; 0 s                 ; 2.62 V                       ; 4.05e-08 V                   ; 2.72 V              ; -0.0349 V           ; 0.173 V                              ; 0.1 V                                ; 2.72e-10 s                  ; 2.69e-10 s                  ; Yes                        ; Yes                        ; 2.62 V                      ; 4.05e-08 V                  ; 2.72 V             ; -0.0349 V          ; 0.173 V                             ; 0.1 V                               ; 2.72e-10 s                 ; 2.69e-10 s                 ; Yes                       ; Yes                       ;
; RD2[14]        ; 2.5 V        ; 0 s                 ; 0 s                 ; 2.62 V                       ; 4.05e-08 V                   ; 2.72 V              ; -0.0349 V           ; 0.173 V                              ; 0.1 V                                ; 2.72e-10 s                  ; 2.69e-10 s                  ; Yes                        ; Yes                        ; 2.62 V                      ; 4.05e-08 V                  ; 2.72 V             ; -0.0349 V          ; 0.173 V                             ; 0.1 V                               ; 2.72e-10 s                 ; 2.69e-10 s                 ; Yes                       ; Yes                       ;
; RD2[13]        ; 2.5 V        ; 0 s                 ; 0 s                 ; 2.62 V                       ; 4.05e-08 V                   ; 2.72 V              ; -0.0349 V           ; 0.173 V                              ; 0.1 V                                ; 2.72e-10 s                  ; 2.69e-10 s                  ; Yes                        ; Yes                        ; 2.62 V                      ; 4.05e-08 V                  ; 2.72 V             ; -0.0349 V          ; 0.173 V                             ; 0.1 V                               ; 2.72e-10 s                 ; 2.69e-10 s                 ; Yes                       ; Yes                       ;
; RD2[12]        ; 2.5 V        ; 0 s                 ; 0 s                 ; 2.62 V                       ; 2.74e-08 V                   ; 2.71 V              ; -0.0317 V           ; 0.148 V                              ; 0.064 V                              ; 4.51e-10 s                  ; 4.15e-10 s                  ; No                         ; Yes                        ; 2.62 V                      ; 2.74e-08 V                  ; 2.71 V             ; -0.0317 V          ; 0.148 V                             ; 0.064 V                             ; 4.51e-10 s                 ; 4.15e-10 s                 ; No                        ; Yes                       ;
; RD2[11]        ; 2.5 V        ; 0 s                 ; 0 s                 ; 2.62 V                       ; 2.74e-08 V                   ; 2.71 V              ; -0.0317 V           ; 0.148 V                              ; 0.064 V                              ; 4.51e-10 s                  ; 4.15e-10 s                  ; No                         ; Yes                        ; 2.62 V                      ; 2.74e-08 V                  ; 2.71 V             ; -0.0317 V          ; 0.148 V                             ; 0.064 V                             ; 4.51e-10 s                 ; 4.15e-10 s                 ; No                        ; Yes                       ;
; RD2[10]        ; 2.5 V        ; 0 s                 ; 0 s                 ; 2.62 V                       ; 2.74e-08 V                   ; 2.71 V              ; -0.0317 V           ; 0.148 V                              ; 0.064 V                              ; 4.51e-10 s                  ; 4.15e-10 s                  ; No                         ; Yes                        ; 2.62 V                      ; 2.74e-08 V                  ; 2.71 V             ; -0.0317 V          ; 0.148 V                             ; 0.064 V                             ; 4.51e-10 s                 ; 4.15e-10 s                 ; No                        ; Yes                       ;
; RD2[9]         ; 2.5 V        ; 0 s                 ; 0 s                 ; 2.62 V                       ; 2.74e-08 V                   ; 2.71 V              ; -0.0317 V           ; 0.148 V                              ; 0.064 V                              ; 4.51e-10 s                  ; 4.15e-10 s                  ; No                         ; Yes                        ; 2.62 V                      ; 2.74e-08 V                  ; 2.71 V             ; -0.0317 V          ; 0.148 V                             ; 0.064 V                             ; 4.51e-10 s                 ; 4.15e-10 s                 ; No                        ; Yes                       ;
; RD2[8]         ; 2.5 V        ; 0 s                 ; 0 s                 ; 2.62 V                       ; 2.74e-08 V                   ; 2.71 V              ; -0.0317 V           ; 0.148 V                              ; 0.064 V                              ; 4.51e-10 s                  ; 4.15e-10 s                  ; No                         ; Yes                        ; 2.62 V                      ; 2.74e-08 V                  ; 2.71 V             ; -0.0317 V          ; 0.148 V                             ; 0.064 V                             ; 4.51e-10 s                 ; 4.15e-10 s                 ; No                        ; Yes                       ;
; RD2[7]         ; 2.5 V        ; 0 s                 ; 0 s                 ; 2.62 V                       ; 2.74e-08 V                   ; 2.71 V              ; -0.0317 V           ; 0.148 V                              ; 0.064 V                              ; 4.51e-10 s                  ; 4.15e-10 s                  ; No                         ; Yes                        ; 2.62 V                      ; 2.74e-08 V                  ; 2.71 V             ; -0.0317 V          ; 0.148 V                             ; 0.064 V                             ; 4.51e-10 s                 ; 4.15e-10 s                 ; No                        ; Yes                       ;
; RD2[6]         ; 2.5 V        ; 0 s                 ; 0 s                 ; 2.62 V                       ; 2.74e-08 V                   ; 2.71 V              ; -0.0317 V           ; 0.148 V                              ; 0.064 V                              ; 4.51e-10 s                  ; 4.15e-10 s                  ; No                         ; Yes                        ; 2.62 V                      ; 2.74e-08 V                  ; 2.71 V             ; -0.0317 V          ; 0.148 V                             ; 0.064 V                             ; 4.51e-10 s                 ; 4.15e-10 s                 ; No                        ; Yes                       ;
; RD2[5]         ; 2.5 V        ; 0 s                 ; 0 s                 ; 2.62 V                       ; 2.74e-08 V                   ; 2.71 V              ; -0.0317 V           ; 0.148 V                              ; 0.064 V                              ; 4.51e-10 s                  ; 4.15e-10 s                  ; No                         ; Yes                        ; 2.62 V                      ; 2.74e-08 V                  ; 2.71 V             ; -0.0317 V          ; 0.148 V                             ; 0.064 V                             ; 4.51e-10 s                 ; 4.15e-10 s                 ; No                        ; Yes                       ;
; RD2[4]         ; 2.5 V        ; 0 s                 ; 0 s                 ; 2.62 V                       ; 2.74e-08 V                   ; 2.64 V              ; -0.0117 V           ; 0.202 V                              ; 0.176 V                              ; 2.38e-09 s                  ; 2.22e-09 s                  ; No                         ; Yes                        ; 2.62 V                      ; 2.74e-08 V                  ; 2.64 V             ; -0.0117 V          ; 0.202 V                             ; 0.176 V                             ; 2.38e-09 s                 ; 2.22e-09 s                 ; No                        ; Yes                       ;
; RD2[3]         ; 2.5 V        ; 0 s                 ; 0 s                 ; 2.62 V                       ; 2.74e-08 V                   ; 2.71 V              ; -0.0317 V           ; 0.148 V                              ; 0.064 V                              ; 4.51e-10 s                  ; 4.15e-10 s                  ; No                         ; Yes                        ; 2.62 V                      ; 2.74e-08 V                  ; 2.71 V             ; -0.0317 V          ; 0.148 V                             ; 0.064 V                             ; 4.51e-10 s                 ; 4.15e-10 s                 ; No                        ; Yes                       ;
; RD2[2]         ; 2.5 V        ; 0 s                 ; 0 s                 ; 2.62 V                       ; 2.74e-08 V                   ; 2.71 V              ; -0.0317 V           ; 0.148 V                              ; 0.064 V                              ; 4.51e-10 s                  ; 4.15e-10 s                  ; No                         ; Yes                        ; 2.62 V                      ; 2.74e-08 V                  ; 2.71 V             ; -0.0317 V          ; 0.148 V                             ; 0.064 V                             ; 4.51e-10 s                 ; 4.15e-10 s                 ; No                        ; Yes                       ;
; RD2[1]         ; 2.5 V        ; 0 s                 ; 0 s                 ; 2.62 V                       ; 2.74e-08 V                   ; 2.73 V              ; -0.0384 V           ; 0.169 V                              ; 0.089 V                              ; 2.7e-10 s                   ; 2.62e-10 s                  ; Yes                        ; Yes                        ; 2.62 V                      ; 2.74e-08 V                  ; 2.73 V             ; -0.0384 V          ; 0.169 V                             ; 0.089 V                             ; 2.7e-10 s                  ; 2.62e-10 s                 ; Yes                       ; Yes                       ;
; RD2[0]         ; 2.5 V        ; 0 s                 ; 0 s                 ; 2.62 V                       ; 4.05e-08 V                   ; 2.72 V              ; -0.0349 V           ; 0.173 V                              ; 0.1 V                                ; 2.72e-10 s                  ; 2.69e-10 s                  ; Yes                        ; Yes                        ; 2.62 V                      ; 4.05e-08 V                  ; 2.72 V             ; -0.0349 V          ; 0.173 V                             ; 0.1 V                               ; 2.72e-10 s                 ; 2.69e-10 s                 ; Yes                       ; Yes                       ;
; ~ALTERA_DCLK~  ; 2.5 V        ; 0 s                 ; 0 s                 ; 2.62 V                       ; 2.22e-08 V                   ; 2.74 V              ; -0.06 V             ; 0.158 V                              ; 0.08 V                               ; 2.68e-10 s                  ; 2.19e-10 s                  ; Yes                        ; Yes                        ; 2.62 V                      ; 2.22e-08 V                  ; 2.74 V             ; -0.06 V            ; 0.158 V                             ; 0.08 V                              ; 2.68e-10 s                 ; 2.19e-10 s                 ; Yes                       ; Yes                       ;
; ~ALTERA_nCEO~  ; 2.5 V        ; 0 s                 ; 0 s                 ; 2.62 V                       ; 3.54e-08 V                   ; 2.7 V               ; -0.00943 V          ; 0.276 V                              ; 0.035 V                              ; 3.19e-10 s                  ; 4.99e-10 s                  ; No                         ; Yes                        ; 2.62 V                      ; 3.54e-08 V                  ; 2.7 V              ; -0.00943 V         ; 0.276 V                             ; 0.035 V                             ; 3.19e-10 s                 ; 4.99e-10 s                 ; No                        ; Yes                       ;
+----------------+--------------+---------------------+---------------------+------------------------------+------------------------------+---------------------+---------------------+--------------------------------------+--------------------------------------+-----------------------------+-----------------------------+----------------------------+----------------------------+-----------------------------+-----------------------------+--------------------+--------------------+-------------------------------------+-------------------------------------+----------------------------+----------------------------+---------------------------+---------------------------+


+-------------------------------------------------------------------+
; Setup Transfers                                                   ;
+------------+----------+----------+----------+----------+----------+
; From Clock ; To Clock ; RR Paths ; FR Paths ; RF Paths ; FF Paths ;
+------------+----------+----------+----------+----------+----------+
; Clock      ; Clock    ; 0        ; 0        ; 0        ; 62681    ;
+------------+----------+----------+----------+----------+----------+
Entries labeled "false path" only account for clock-to-clock false paths and not path-based false paths. As a result, actual path counts may be lower than reported.


+-------------------------------------------------------------------+
; Hold Transfers                                                    ;
+------------+----------+----------+----------+----------+----------+
; From Clock ; To Clock ; RR Paths ; FR Paths ; RF Paths ; FF Paths ;
+------------+----------+----------+----------+----------+----------+
; Clock      ; Clock    ; 0        ; 0        ; 0        ; 62681    ;
+------------+----------+----------+----------+----------+----------+
Entries labeled "false path" only account for clock-to-clock false paths and not path-based false paths. As a result, actual path counts may be lower than reported.


---------------
; Report TCCS ;
---------------
No dedicated SERDES Transmitter circuitry present in device or used in design


---------------
; Report RSKM ;
---------------
No dedicated SERDES Receiver circuitry present in device or used in design


+------------------------------------------------+
; Unconstrained Paths                            ;
+---------------------------------+-------+------+
; Property                        ; Setup ; Hold ;
+---------------------------------+-------+------+
; Illegal Clocks                  ; 0     ; 0    ;
; Unconstrained Clocks            ; 0     ; 0    ;
; Unconstrained Input Ports       ; 1     ; 1    ;
; Unconstrained Input Port Paths  ; 13    ; 13   ;
; Unconstrained Output Ports      ; 165   ; 165  ;
; Unconstrained Output Port Paths ; 9941  ; 9941 ;
+---------------------------------+-------+------+


+------------------------------------+
; TimeQuest Timing Analyzer Messages ;
+------------------------------------+
Info: *******************************************************************
Info: Running Quartus II 64-Bit TimeQuest Timing Analyzer
    Info: Version 13.0.1 Build 232 06/12/2013 Service Pack 1 SJ Web Edition
    Info: Processing started: Wed Jun 18 16:52:51 2025
Info: Command: quartus_sta PROJETO -c PROJETO
Info: qsta_default_script.tcl version: #1
Warning (20028): Parallel compilation is not licensed and has been disabled
Info (21077): Core supply voltage is 1.2V
Info (21077): Low junction temperature is 0 degrees C
Info (21077): High junction temperature is 85 degrees C
Critical Warning (332012): Synopsys Design Constraints File file not found: 'PROJETO.sdc'. A Synopsys Design Constraints File is required by the TimeQuest Timing Analyzer to get proper timing constraints. Without it, the Compiler will not properly optimize the design.
Info (332142): No user constrained base clocks found in the design. Calling "derive_clocks -period 1.0"
Info (332105): Deriving Clocks
    Info (332105): create_clock -period 1.000 -name Clock Clock
Info (332143): No user constrained clock uncertainty found in the design. Calling "derive_clock_uncertainty"
Info (332123): Deriving Clock Uncertainty. Please refer to report_sdc in TimeQuest to see clock uncertainties.
Info: Found TIMEQUEST_REPORT_SCRIPT_INCLUDE_DEFAULT_ANALYSIS = ON
Info: Analyzing Slow 1200mV 85C Model
Critical Warning (332148): Timing requirements not met
    Info (11105): For recommendations on closing timing, run Report Timing Closure Recommendations in the TimeQuest Timing Analyzer.
Info (332146): Worst-case setup slack is -7.149
    Info (332119):     Slack End Point TNS Clock 
    Info (332119): ========= ============= =====================
    Info (332119):    -7.149      -795.160 Clock 
Info (332146): Worst-case hold slack is 0.405
    Info (332119):     Slack End Point TNS Clock 
    Info (332119): ========= ============= =====================
    Info (332119):     0.405         0.000 Clock 
Info (332140): No Recovery paths to report
Info (332140): No Removal paths to report
Info (332146): Worst-case minimum pulse width slack is -3.000
    Info (332119):     Slack End Point TNS Clock 
    Info (332119): ========= ============= =====================
    Info (332119):    -3.000      -184.185 Clock 
Info: Analyzing Slow 1200mV 0C Model
Info (334003): Started post-fitting delay annotation
Info (334004): Delay annotation completed successfully
Info (332123): Deriving Clock Uncertainty. Please refer to report_sdc in TimeQuest to see clock uncertainties.
Critical Warning (332148): Timing requirements not met
    Info (11105): For recommendations on closing timing, run Report Timing Closure Recommendations in the TimeQuest Timing Analyzer.
Info (332146): Worst-case setup slack is -6.443
    Info (332119):     Slack End Point TNS Clock 
    Info (332119): ========= ============= =====================
    Info (332119):    -6.443      -716.919 Clock 
Info (332146): Worst-case hold slack is 0.356
    Info (332119):     Slack End Point TNS Clock 
    Info (332119): ========= ============= =====================
    Info (332119):     0.356         0.000 Clock 
Info (332140): No Recovery paths to report
Info (332140): No Removal paths to report
Info (332146): Worst-case minimum pulse width slack is -3.000
    Info (332119):     Slack End Point TNS Clock 
    Info (332119): ========= ============= =====================
    Info (332119):    -3.000      -184.185 Clock 
Info: Analyzing Fast 1200mV 0C Model
Info (332123): Deriving Clock Uncertainty. Please refer to report_sdc in TimeQuest to see clock uncertainties.
Critical Warning (332148): Timing requirements not met
    Info (11105): For recommendations on closing timing, run Report Timing Closure Recommendations in the TimeQuest Timing Analyzer.
Info (332146): Worst-case setup slack is -2.990
    Info (332119):     Slack End Point TNS Clock 
    Info (332119): ========= ============= =====================
    Info (332119):    -2.990      -315.001 Clock 
Info (332146): Worst-case hold slack is 0.180
    Info (332119):     Slack End Point TNS Clock 
    Info (332119): ========= ============= =====================
    Info (332119):     0.180         0.000 Clock 
Info (332140): No Recovery paths to report
Info (332140): No Removal paths to report
Info (332146): Worst-case minimum pulse width slack is -3.000
    Info (332119):     Slack End Point TNS Clock 
    Info (332119): ========= ============= =====================
    Info (332119):    -3.000      -160.835 Clock 
Info (332102): Design is not fully constrained for setup requirements
Info (332102): Design is not fully constrained for hold requirements
Info: Quartus II 64-Bit TimeQuest Timing Analyzer was successful. 0 errors, 5 warnings
    Info: Peak virtual memory: 4824 megabytes
    Info: Processing ended: Wed Jun 18 16:52:54 2025
    Info: Elapsed time: 00:00:03
    Info: Total CPU time (on all processors): 00:00:04


